grade,book_name,lecture_no,lecture_title,section_label,section_level,page_no,question_no,star_level,ocr_confidence,has_diagram,text_length_chars,text_length_band,topic_domain,structure_signals,quality_flags,knowledge_anchor_terms,dim5_reference_band,dim5_reference_sublevel,match_safety_level,dim4_reference_level_skeleton,dim4_auto_calibration_allowed,question_text,source_pdf
3,竞赛数学导引 三年级,1,四则运算一,兴趣篇,interest,16,1,★,0.9319,False,34,short,calculation,,,四则运算一|calculation,4年级及以前高思导引拓展篇及以下难度,low,auto,L1,False,计算：（1）28+72； (2)123+177； (3）220+780.,C:\Users\admin\Desktop\试卷分析project\参考教材\奥数\竟赛数学导引 三年级.pdf
3,竞赛数学导引 三年级,1,四则运算一,兴趣篇,interest,16,2,★,0.9285,False,39,short,calculation,,,四则运算一|calculation,4年级及以前高思导引拓展篇及以下难度,low,auto,L1,False,计算：（1）15+21+25+19； (2）70+63+81+37+30+19.,C:\Users\admin\Desktop\试卷分析project\参考教材\奥数\竟赛数学导引 三年级.pdf
3,竞赛数学导引 三年级,1,四则运算一,兴趣篇,interest,16,3,★,0.9609,False,55,medium,calculation,,,四则运算一|calculation,4年级及以前高思导引拓展篇及以下难度,low,auto,L1,False,计算：(1)17+19+234+21+183+26；(2)(1+11+21+31)+(9+19+29+39).,C:\Users\admin\Desktop\试卷分析project\参考教材\奥数\竟赛数学导引 三年级.pdf
3,竞赛数学导引 三年级,1,四则运算一,兴趣篇,interest,17,4,★,0.9128,False,42,short,calculation,,,四则运算一|calculation,4年级及以前高思导引拓展篇及以下难度,low,auto,L1,False,计算：（1）35+121一35-21； (2)152-19-13+19+223-32.,C:\Users\admin\Desktop\试卷分析project\参考教材\奥数\竟赛数学导引 三年级.pdf
3,竞赛数学导引 三年级,1,四则运算一,兴趣篇,interest,17,5,★,0.9237,False,50,medium,calculation,,,四则运算一|calculation,4年级及以前高思导引拓展篇及以下难度,low,auto,L1,False,计算： (1)20—(11—7); (2)20-(11+7); (3）20—11—7; (4) 2011+7.,C:\Users\admin\Desktop\试卷分析project\参考教材\奥数\竟赛数学导引 三年级.pdf
3,竞赛数学导引 三年级,1,四则运算一,兴趣篇,interest,17,6,★★,0.8705,False,54,medium,calculation,,,四则运算一|calculation,4年级及以前高思导引拓展篇及以下难度,low,auto,L1,False,计算：（1）25—（25—14)-（14-7)； (2）57—(50—28)+(44-28)—(57—26).,C:\Users\admin\Desktop\试卷分析project\参考教材\奥数\竟赛数学导引 三年级.pdf
3,竞赛数学导引 三年级,1,四则运算一,兴趣篇,interest,17,7,★★,0.9405,False,31,short,calculation,,,四则运算一|calculation,4年级及以前高思导引拓展篇及以下难度,low,auto,L1,False,计算：(1）199+99+9； (2) 9+98+397+247.,C:\Users\admin\Desktop\试卷分析project\参考教材\奥数\竟赛数学导引 三年级.pdf
3,竞赛数学导引 三年级,1,四则运算一,兴趣篇,interest,17,8,★★,0.8947,False,28,short,calculation,,,四则运算一|calculation,4年级及以前高思导引拓展篇及以下难度,low,auto,L1,False,计算：(1）321-199； (2) 456—197-98.,C:\Users\admin\Desktop\试卷分析project\参考教材\奥数\竟赛数学导引 三年级.pdf
3,竞赛数学导引 三年级,1,四则运算一,兴趣篇,interest,18,9,★,0.9118,False,72,medium,calculation,,,四则运算一|calculation,4年级及以前高思导引拓展篇及以下难度,low,auto,L1,False,请大家先不要动笔，看能不能把下面的题目直接口算出来： （1）2580—2547； (2） 1596—1296； (3）365+97； (4) 365—97.,C:\Users\admin\Desktop\试卷分析project\参考教材\奥数\竟赛数学导引 三年级.pdf
3,竞赛数学导引 三年级,1,四则运算一,兴趣篇,interest,18,10,★,0.9071,False,35,short,calculation,,,四则运算一|计算问题|calculation,4年级及以前高思导引拓展篇及以下难度,low,auto,L1,False,计算：（1）150一85一15； (2）1450—375—203-625,C:\Users\admin\Desktop\试卷分析project\参考教材\奥数\竟赛数学导引 三年级.pdf
3,竞赛数学导引 三年级,1,四则运算一,拓展篇,extension,18,1,★,0.933,False,42,short,calculation,,,四则运算一|calculation,4年级及以前高思导引拓展篇及以下难度,mid,auto,L3,False,计算：（1）51十62+49+38； (2) 64+127+129+23+71+136.,C:\Users\admin\Desktop\试卷分析project\参考教材\奥数\竟赛数学导引 三年级.pdf
3,竞赛数学导引 三年级,1,四则运算一,拓展篇,extension,18,2,★★,0.9599,False,58,medium,calculation,,,四则运算一|calculation,4年级及以前高思导引拓展篇及以下难度,mid,auto,L3,False,计算：(1)2+13+224+3330+6670+676+87+8； (2) 73+119+231+69+381+17.,C:\Users\admin\Desktop\试卷分析project\参考教材\奥数\竟赛数学导引 三年级.pdf
3,竞赛数学导引 三年级,1,四则运算一,拓展篇,extension,18,3,★★,0.9126,False,46,medium,calculation,,,四则运算一|calculation,4年级及以前高思导引拓展篇及以下难度,mid,auto,L3,False,计算：（1）82-29-22+259； (2)375—138+247—175+139—237.,C:\Users\admin\Desktop\试卷分析project\参考教材\奥数\竟赛数学导引 三年级.pdf
3,竞赛数学导引 三年级,1,四则运算一,拓展篇,extension,19,4,★★,0.9064,False,61,medium,calculation,,,四则运算一|calculation,4年级及以前高思导引拓展篇及以下难度,mid,auto,L3,False,计算：(1）162—(162—135)—(35—19)； (2)163—(50—18)—(153—76)+(124—18).,C:\Users\admin\Desktop\试卷分析project\参考教材\奥数\竟赛数学导引 三年级.pdf
3,竞赛数学导引 三年级,1,四则运算一,拓展篇,extension,19,5,★★,0.9236,False,35,short,calculation,,,四则运算一|calculation,4年级及以前高思导引拓展篇及以下难度,mid,auto,L3,False,计算：(1）999+599+199； (2)3996+449+98+9.,C:\Users\admin\Desktop\试卷分析project\参考教材\奥数\竟赛数学导引 三年级.pdf
3,竞赛数学导引 三年级,1,四则运算一,拓展篇,extension,19,6,★★,0.9231,False,35,short,calculation,,,四则运算一|calculation,4年级及以前高思导引拓展篇及以下难度,mid,auto,L3,False,计算：(1）1365一598； (2)1206—199—297—398.,C:\Users\admin\Desktop\试卷分析project\参考教材\奥数\竟赛数学导引 三年级.pdf
3,竞赛数学导引 三年级,1,四则运算一,拓展篇,extension,19,7,★★,0.9087,False,78,medium,calculation,,,四则运算一|calculation,4年级及以前高思导引拓展篇及以下难度,mid,auto,L3,False,请大家先不要动笔，看能不能把下面的题目直接口算出来： (1) 93 570-93 534； (2) 45 235—38 235； (3) 465+197; (4) 465—197.,C:\Users\admin\Desktop\试卷分析project\参考教材\奥数\竟赛数学导引 三年级.pdf
3,竞赛数学导引 三年级,1,四则运算一,拓展篇,extension,19,8,★★,0.9066,False,47,medium,calculation,,,四则运算一|calculation,4年级及以前高思导引拓展篇及以下难度,mid,auto,L3,False,计算：（1）280-24—76-65-35； (2) 267—162+84—38—147+116.,C:\Users\admin\Desktop\试卷分析project\参考教材\奥数\竟赛数学导引 三年级.pdf
3,竞赛数学导引 三年级,1,四则运算一,拓展篇,extension,20,9,★★,0.8905,False,42,short,calculation,,,四则运算一|calculation,4年级及以前高思导引拓展篇及以下难度,mid,auto,L3,False,计算：(1)267—136+36—167； (2)325—251—34+151—66.,C:\Users\admin\Desktop\试卷分析project\参考教材\奥数\竟赛数学导引 三年级.pdf
3,竞赛数学导引 三年级,1,四则运算一,拓展篇,extension,20,10,★★,0.9779,False,74,medium,calculation,,,四则运算一|calculation,4年级及以前高思导引拓展篇及以下难度,mid,auto,L3,False,"（1）在加法算式中，如果一个加数增加10，另一个加数减少5，两数的和如何变化？ (2）在减法算式中，如果被减数增加15，差减少8,那么减数应如何变化？",C:\Users\admin\Desktop\试卷分析project\参考教材\奥数\竟赛数学导引 三年级.pdf
3,竞赛数学导引 三年级,1,四则运算一,拓展篇,extension,20,11,★★,0.9072,False,46,medium,calculation,,,四则运算一|calculation,4年级及以前高思导引拓展篇及以下难度,mid,auto,L3,False,计算：(1)38+83-55； (2) (235+523+352)—(111+333+555).,C:\Users\admin\Desktop\试卷分析project\参考教材\奥数\竟赛数学导引 三年级.pdf
3,竞赛数学导引 三年级,1,四则运算一,拓展篇,extension,20,12,,0.9409,False,48,medium,calculation,,,四则运算一|calculation,4年级及以前高思导引拓展篇及以下难度,mid,auto,L3,False,计算：(1)246+462+624-888； (2) 125—24+251—240+512—402.,C:\Users\admin\Desktop\试卷分析project\参考教材\奥数\竟赛数学导引 三年级.pdf
3,竞赛数学导引 三年级,1,四则运算一,拓展篇,extension,20,13,,0.9276,False,73,medium,calculation,,,四则运算一|calculation,4年级及以前高思导引拓展篇及以下难度,mid,auto,L3,False,计算：(1)11-10+9-8+7—6+5-4+3-2+1； (2) 100+102—104+106—108+110—112+114—116+118.,C:\Users\admin\Desktop\试卷分析project\参考教材\奥数\竟赛数学导引 三年级.pdf
3,竞赛数学导引 三年级,1,四则运算一,拓展篇,extension,"20,21",14,,0.9312,False,87,medium,calculation,,cross_page_question,四则运算一|计算问题|calculation,4年级及以前高思导引拓展篇及以下难度,mid,review,L3,False,计算：(1)21—20+19—18+17—16+15—14+13—12+11； (2)12+23—34+45—56+67—78+89—78+67—56+45-34+23+12.,C:\Users\admin\Desktop\试卷分析project\参考教材\奥数\竟赛数学导引 三年级.pdf
3,竞赛数学导引 三年级,1,四则运算一,超越篇,challenge,21,1,★,0.9493,False,90,long,calculation,,,四则运算一|calculation,高思导引超越篇难度,high,auto,L4,False,"计算下面4个算式： 1+2+1, 1+2+3+2+1， 1+2+3+4+3+2+1， 1+2+3+4+5+4+3+2+1. 观察这4个算式的结果，并找出规律，再用这个规律求出下面算式的结果：",C:\Users\admin\Desktop\试卷分析project\参考教材\奥数\竟赛数学导引 三年级.pdf
3,竞赛数学导引 三年级,1,四则运算一,超越篇,challenge,21,2,,0.9192,False,35,short,calculation,,,四则运算一|calculation,高思导引超越篇难度,high,auto,L4,False,计算：364—(476-187)+213—(324—236)—150.,C:\Users\admin\Desktop\试卷分析project\参考教材\奥数\竟赛数学导引 三年级.pdf
3,竞赛数学导引 三年级,1,四则运算一,超越篇,challenge,21,3,,0.9832,True,152,very_long,calculation,,has_diagram,四则运算一|calculation,高思导引超越篇难度,high,review,L4,False,"如图1-1，教室里有4个书柜，每个书柜里都有4 格书，图中标明了每格内书的册数.一天，老师问小高和墨 莫：“不许用加法计算，你们马上回答，这4个书柜里，哪一个 书柜里的书多一些？""两个人看了看书柜上标出的数，想了 想齐声说：“4个书柜里的书同样多！""老师高兴地说：“完全 正确！”请你说一说他们是怎样想的？ 图1-1",C:\Users\admin\Desktop\试卷分析project\参考教材\奥数\竟赛数学导引 三年级.pdf
3,竞赛数学导引 三年级,1,四则运算一,超越篇,challenge,22,4,,0.9368,False,33,short,calculation,,,四则运算一|calculation,高思导引超越篇难度,high,auto,L4,False,计算：3355+4466+9977—3366-4477—9955.,C:\Users\admin\Desktop\试卷分析project\参考教材\奥数\竟赛数学导引 三年级.pdf
3,竞赛数学导引 三年级,1,四则运算一,超越篇,challenge,22,5,★,0.9458,False,102,long,calculation,,,四则运算一|calculation,高思导引超越篇难度,high,auto,L4,False,已知1234十2345十3456十4567十5678—6543—5432—4321的计算结果是984.请 问：1244十2355十3466十4577十5688—6513—5412—4311的计算结果是多少?,C:\Users\admin\Desktop\试卷分析project\参考教材\奥数\竟赛数学导引 三年级.pdf
3,竞赛数学导引 三年级,1,四则运算一,超越篇,challenge,22,6,★,0.9768,True,53,medium,calculation,,has_diagram,四则运算一|calculation,高思导引超越篇难度,high,review,L4,False,如图1-2，除第一行外，每个圆圈中的数都等于它上面两个圆圈中数的和，请计算 最下面的圆圈中应填的数. 图1-2,C:\Users\admin\Desktop\试卷分析project\参考教材\奥数\竟赛数学导引 三年级.pdf
3,竞赛数学导引 三年级,1,四则运算一,超越篇,challenge,22,7,,0.9926,True,100,long,calculation,,has_diagram,四则运算一|calculation,高思导引超越篇难度,high,review,L4,False,如图1-3，老师将9个数写在一个九宫格里，让同学们选数，每个同学可以从中选 5个数来求和.小高选的5个数的和是120，墨莫选的5个数的和是111.如果两人选的数中只 有一个是一样的，这个数是多少？ 图1-3,C:\Users\admin\Desktop\试卷分析project\参考教材\奥数\竟赛数学导引 三年级.pdf
3,竞赛数学导引 三年级,1,四则运算一,超越篇,challenge,22,8,★,0.9196,False,47,medium,calculation,,,四则运算一|计算问题|calculation,高思导引超越篇难度,high,auto,L4,False,计算：8457—（7630—4578)十（7845—3076)—（6307—5784)—763,C:\Users\admin\Desktop\试卷分析project\参考教材\奥数\竟赛数学导引 三年级.pdf
3,竞赛数学导引 三年级,2,基本应用题,兴趣篇,interest,23,1,★,0.997,False,29,short,application,,,基本应用题|application,4年级及以前高思导引拓展篇及以下难度,low,auto,L1,False,小山羊一天吃5块巧克力蛋糕，那么它3天吃多少块巧克力蛋糕？,C:\Users\admin\Desktop\试卷分析project\参考教材\奥数\竟赛数学导引 三年级.pdf
3,竞赛数学导引 三年级,2,基本应用题,兴趣篇,interest,23,2,★,0.9946,False,27,short,application,,,基本应用题|application,4年级及以前高思导引拓展篇及以下难度,low,auto,L1,False,墨莫每天做4道数学题，那么他做28道数学题需要多少天？,C:\Users\admin\Desktop\试卷分析project\参考教材\奥数\竟赛数学导引 三年级.pdf
3,竞赛数学导引 三年级,2,基本应用题,兴趣篇,interest,23,3,★,0.9987,False,51,medium,application,,,基本应用题|application,4年级及以前高思导引拓展篇及以下难度,low,auto,L1,False,班主任老师给同学们排座位，每排都恰好有3名男生和4名女生.如果女生一共有 32名，那么男生一共有多少名？,C:\Users\admin\Desktop\试卷分析project\参考教材\奥数\竟赛数学导引 三年级.pdf
3,竞赛数学导引 三年级,2,基本应用题,兴趣篇,interest,24,4,★★,0.9844,False,56,medium,application,defined_operation,,基本应用题|application|defined_operation,4年级及以前高思导引拓展篇及以下难度,low,auto,L2,False,某班30名学生外出郊游，集体午餐时，规定：每人一碗饭，每2人一碗汤，每3人一 碗菜.这些学生一共需要使用多少个碗？,C:\Users\admin\Desktop\试卷分析project\参考教材\奥数\竟赛数学导引 三年级.pdf
3,竞赛数学导引 三年级,2,基本应用题,兴趣篇,interest,24,5,★★,0.997,False,68,medium,application,,,基本应用题|application,4年级及以前高思导引拓展篇及以下难度,low,auto,L1,False,甲仓库有大米2000千克，乙仓库有大米1000千克，如果每天将甲仓库的100千克 大米运到乙仓库，那么几天后甲仓库的大米和乙仓库的一样多？,C:\Users\admin\Desktop\试卷分析project\参考教材\奥数\竟赛数学导引 三年级.pdf
3,竞赛数学导引 三年级,2,基本应用题,兴趣篇,interest,24,6,★★,0.9881,False,77,medium,application,,,基本应用题|application,4年级及以前高思导引拓展篇及以下难度,low,auto,L1,False,墨莫在看一本总页数为150页的书.在第二周结束时他发现自已还没有看的页数 正好等于他第一周看的页数.已知墨莫在第二周看了24页，那么他在第一周看了多少页书？,C:\Users\admin\Desktop\试卷分析project\参考教材\奥数\竟赛数学导引 三年级.pdf
3,竞赛数学导引 三年级,2,基本应用题,兴趣篇,interest,24,7,★★,0.9883,False,36,short,application,,,基本应用题|application,4年级及以前高思导引拓展篇及以下难度,low,auto,L1,False,如果1个柚子能换4个苹果，2个苹果能换3个梨，那么2个柚子能换多少个梨？,C:\Users\admin\Desktop\试卷分析project\参考教材\奥数\竟赛数学导引 三年级.pdf
3,竞赛数学导引 三年级,2,基本应用题,兴趣篇,interest,24,8,★★,0.9962,False,58,medium,application,,,基本应用题|application,4年级及以前高思导引拓展篇及以下难度,low,auto,L1,False,如果买1把尺子的钱恰好可以买1块橡皮和2枝铅笔，买1枝铅笔的钱恰好可以 买2块橡皮，那么买4把尺子的钱可以买几枝铅笔？,C:\Users\admin\Desktop\试卷分析project\参考教材\奥数\竟赛数学导引 三年级.pdf
3,竞赛数学导引 三年级,2,基本应用题,兴趣篇,interest,24,9,★★,0.9895,False,55,medium,application,travel_chain,,基本应用题|application|travel_chain,4年级及以前高思导引拓展篇及以下难度,low,auto,L2,False,墨莫4个小时完成了24道题目，按照这样的速度，他7个小时可以完成多少道题 目？如果要完成96道题目需要多长时间？,C:\Users\admin\Desktop\试卷分析project\参考教材\奥数\竟赛数学导引 三年级.pdf
3,竞赛数学导引 三年级,2,基本应用题,兴趣篇,interest,24,10,★★,0.9849,False,36,short,application,,,基本应用题|application,4年级及以前高思导引拓展篇及以下难度,low,auto,L1,False,某部队的一个连有3个排，每个排有4个班，每个班有5个人.这个连一顿饭吃了,C:\Users\admin\Desktop\试卷分析project\参考教材\奥数\竟赛数学导引 三年级.pdf
3,竞赛数学导引 三年级,2,基本应用题,拓展篇,extension,25,1,★,0.9967,False,44,short,application,,,基本应用题|application,4年级及以前高思导引拓展篇及以下难度,mid,auto,L3,False,刺猬和松鼠共采了88个坚果.刺猬采了8天，每天能采2个.松鼠采了9天，松鼠每 天能采几个？,C:\Users\admin\Desktop\试卷分析project\参考教材\奥数\竟赛数学导引 三年级.pdf
3,竞赛数学导引 三年级,2,基本应用题,拓展篇,extension,25,2,★★,0.9981,False,61,medium,application,,,基本应用题|application,4年级及以前高思导引拓展篇及以下难度,mid,auto,L3,False,墨莫看一本漫画册，每天看同样多的页数，原计划5天看完.现在他每天比原计划 多看2页，结果提前一天看完.这本漫画册共有多少页？,C:\Users\admin\Desktop\试卷分析project\参考教材\奥数\竟赛数学导引 三年级.pdf
3,竞赛数学导引 三年级,2,基本应用题,拓展篇,extension,25,3,★★,0.9919,False,96,long,application,,,基本应用题|application,4年级及以前高思导引拓展篇及以下难度,mid,auto,L4,False,甲、乙、丙、丁四个小学生站成一横排，他们手中共拿着35枝花.已知站在甲右边的 学生共拿着16枝花，站在丙右边的学生共拿着4枝花，站在丁右边的学生共拿着25枝花.请 问：手中花最多的人拿着多少枝花？,C:\Users\admin\Desktop\试卷分析project\参考教材\奥数\竟赛数学导引 三年级.pdf
3,竞赛数学导引 三年级,2,基本应用题,拓展篇,extension,25,4,★,0.993,False,87,medium,application,,,基本应用题|application,4年级及以前高思导引拓展篇及以下难度,mid,auto,L3,False,有黑、白两种棋子共300枚，按每堆3枚分成100堆.其中只有1枚白子的共27堆， 有2枚或3枚黑子的共42堆，有3枚白子的与有3枚黑子的堆数相等.在全部棋子中，白子共 有多少枚？,C:\Users\admin\Desktop\试卷分析project\参考教材\奥数\竟赛数学导引 三年级.pdf
3,竞赛数学导引 三年级,2,基本应用题,拓展篇,extension,25,5,★★,0.9938,False,57,medium,application,,,基本应用题|application,4年级及以前高思导引拓展篇及以下难度,mid,auto,L3,False,如果1只小狗的重量等于3只小猫的重量，1只小猫的重量等于2只小鸭的重量， 那么24只小鸭的重量等于多少只小狗的重量？,C:\Users\admin\Desktop\试卷分析project\参考教材\奥数\竟赛数学导引 三年级.pdf
3,竞赛数学导引 三年级,2,基本应用题,拓展篇,extension,25,6,★★,0.9967,False,93,long,application,,,基本应用题|application,4年级及以前高思导引拓展篇及以下难度,mid,auto,L4,False,师傅和两个徒弟一起组装零件，师傅组装3个零件与大徒弟组装2个零件所用的 时间相同，而大徒弟组装3个零件与小徒弟组装1个零件所用的时间相同.请问：小徒弟组装 4个零件的时间师傅能组装几个零件？,C:\Users\admin\Desktop\试卷分析project\参考教材\奥数\竟赛数学导引 三年级.pdf
3,竞赛数学导引 三年级,2,基本应用题,拓展篇,extension,26,7,,0.9972,False,97,long,application,,,基本应用题|application,4年级及以前高思导引拓展篇及以下难度,mid,auto,L4,False,墨莫和卡莉娅一起到文具店买东西，两人一共带了22元钱.卡莉娅用她带的钱买 了8个作文本，墨莫用他带的钱买了6个单线本，他们的钱都刚好花完.已知买1个作文本的 买作文本，那么两人一共能买到多少个本子？,C:\Users\admin\Desktop\试卷分析project\参考教材\奥数\竟赛数学导引 三年级.pdf
3,竞赛数学导引 三年级,2,基本应用题,拓展篇,extension,26,8,★★,0.9907,False,70,medium,application,travel_chain,,基本应用题|application|travel_chain,4年级及以前高思导引拓展篇及以下难度,mid,auto,L3,False,汽车厂8名工人每天生产汽车零件48个，按照这样的速度，10名工人3天能生产 多少个零件？如果要用5天的时间生产出300个零件，需要多少名工人？,C:\Users\admin\Desktop\试卷分析project\参考教材\奥数\竟赛数学导引 三年级.pdf
3,竞赛数学导引 三年级,2,基本应用题,拓展篇,extension,26,9,★★,0.9957,False,58,medium,application,travel_chain,,基本应用题|application|travel_chain,4年级及以前高思导引拓展篇及以下难度,mid,auto,L3,False,3只老鼠5天偷吃了30个玉米.按照这样的速度，4只老鼠7天能偷吃多少个玉 米？10只老鼠要偷吃80个玉米，需要多少天？,C:\Users\admin\Desktop\试卷分析project\参考教材\奥数\竟赛数学导引 三年级.pdf
3,竞赛数学导引 三年级,2,基本应用题,拓展篇,extension,26,10,★★,0.9881,False,52,medium,application,,,基本应用题|application,4年级及以前高思导引拓展篇及以下难度,mid,auto,L3,False,若干盏相同的电灯点亮5小时要用电40千瓦时，如果把其中一半的电灯关掉，那 么120千瓦时电可以用多少小时？,C:\Users\admin\Desktop\试卷分析project\参考教材\奥数\竟赛数学导引 三年级.pdf
3,竞赛数学导引 三年级,2,基本应用题,拓展篇,extension,26,11,,0.9886,False,92,long,application,,,基本应用题|application,4年级及以前高思导引拓展篇及以下难度,mid,auto,L4,False,海洋馆里有8只海象，总共运来170千克鱼给它们吃.假定每只海象每天吃鱼的 重量相同.前两天这8只海象共吃了80千克鱼，两天后其中的2只海象被运走了.那么剩下 的鱼还可以让留下的海象吃几天？,C:\Users\admin\Desktop\试卷分析project\参考教材\奥数\竟赛数学导引 三年级.pdf
3,竞赛数学导引 三年级,2,基本应用题,拓展篇,extension,26,12,★★,0.9964,False,48,medium,application,,,基本应用题|application,4年级及以前高思导引拓展篇及以下难度,mid,auto,L3,False,一艘远洋轮船上共有30名海员，船上的淡水可供全体船员用40天.轮船离港10 供船上的人再用多少天？,C:\Users\admin\Desktop\试卷分析project\参考教材\奥数\竟赛数学导引 三年级.pdf
3,竞赛数学导引 三年级,2,基本应用题,拓展篇,extension,26,13,,0.9959,False,51,medium,application,travel_chain,,基本应用题|application|travel_chain,4年级及以前高思导引拓展篇及以下难度,mid,auto,L3,False,3只猴子3天吃了3个桃子，按照这样的速度，6只猴子6天吃了几个桃子？9只 猴子要吃9个桃子，需要多少天？,C:\Users\admin\Desktop\试卷分析project\参考教材\奥数\竟赛数学导引 三年级.pdf
3,竞赛数学导引 三年级,2,基本应用题,拓展篇,extension,27,14,,0.9995,False,55,medium,application,travel_chain,,基本应用题|application|travel_chain,4年级及以前高思导引拓展篇及以下难度,mid,auto,L3,False,9个人6天可以完成12件作品，按照这样的速度，3个人3天可以完成多少件作 品？21个人12天可以完成多少件作品？,C:\Users\admin\Desktop\试卷分析project\参考教材\奥数\竟赛数学导引 三年级.pdf
3,竞赛数学导引 三年级,2,基本应用题,超越篇,challenge,27,1,,0.995,False,75,medium,application,,,基本应用题|application,高思导引超越篇难度,high,auto,L4,False,甲、乙、丙、丁、戊五名同学站成一排.已知丙在戊右边2米处，丁在甲右边3米处， 丙在丁右边6米处，戊在乙左边3米处.请问：最左边和最右边的同学相距多少米？,C:\Users\admin\Desktop\试卷分析project\参考教材\奥数\竟赛数学导引 三年级.pdf
3,竞赛数学导引 三年级,2,基本应用题,超越篇,challenge,27,2,,0.9945,False,145,very_long,application,,,基本应用题|application,高思导引超越篇难度,high,auto,L4,False,某单位举办迎春茶话会，买来4箱同样重的苹果.从每箱取出10千克后，各箱所剩 的苹果重量之和，恰好等于原来3箱苹果的重量.原来每箱苹果重多少千克？ 150克.原来说好由每人自己付钱，可是卡莉娅没带钱.结果付款时小高付了12元钱，墨莫付 了10元钱.问：卡莉娅应该还给小高多少元钱？还给墨莫多少元钱？,C:\Users\admin\Desktop\试卷分析project\参考教材\奥数\竟赛数学导引 三年级.pdf
3,竞赛数学导引 三年级,2,基本应用题,超越篇,challenge,"27,28",4,★,0.9957,False,154,very_long,application,,cross_page_question,基本应用题|application,高思导引超越篇难度,high,review,L4,False,小强要清点盒子中的画片，他叫来小红帮忙，两人同时开始数.小强比小红动作快， 小强数5张的时间小红只能数3张，但小强数到第30张时忘了数到几，只好把数过的画片全 部放回盒中，再从头开始数.当小强数到第120张时，盒子里恰好剩下2张画片.盒子里原来 有多少张画片？ 格卖出.如果要获利180元，老李需要买进多少千克柚子？,C:\Users\admin\Desktop\试卷分析project\参考教材\奥数\竟赛数学导引 三年级.pdf
3,竞赛数学导引 三年级,2,基本应用题,超越篇,challenge,28,6,,0.9984,False,70,medium,application,,,基本应用题|application,高思导引超越篇难度,high,auto,L4,False,6辆卡车运送4趟可以运走沙石32吨，如果又开来12辆卡车，5趟可以运送沙石 多少吨？如果有400吨沙石需要10趟运完，那么一共需要多少辆卡车？,C:\Users\admin\Desktop\试卷分析project\参考教材\奥数\竟赛数学导引 三年级.pdf
3,竞赛数学导引 三年级,2,基本应用题,超越篇,challenge,28,7,,0.9925,False,213,very_long,application,,,基本应用题|application,高思导引超越篇难度,high,auto,L4,False,"已知3名模范职工和6名普通职工8小时可以生产零件420个，现在有一批生产 任务，需要6名模范职工和12名普通职工生产14小时才能完成.如果工作了4小时后，又来 了4名模范职工和8名普通职工，可以提前几小时完成任务？ 怎样？”商人想考考他，说道：“一个苹果和一个梨价格相同，而且4千克苹果加上2个梨的价 钱与3千克梨加上4个苹果的价钱相同，2千克苹果加上2个梨的价钱与2千克梨的价钱也 相同.""请问：1千克梨有多少个？1千克苹果有多少个？",C:\Users\admin\Desktop\试卷分析project\参考教材\奥数\竟赛数学导引 三年级.pdf
3,竞赛数学导引 三年级,3,枚举法一,兴趣篇,interest,29,1,★,0.9686,False,29,short,counting,,,枚举法一|counting,4年级及以前高思导引拓展篇及以下难度,low,auto,L1,False,（1)1～20共有多少个数？（2)20～40共有多少个数？,C:\Users\admin\Desktop\试卷分析project\参考教材\奥数\竟赛数学导引 三年级.pdf
3,竞赛数学导引 三年级,3,枚举法一,兴趣篇,interest,29,2,★,0.9916,True,34,short,counting,,has_diagram,枚举法一|counting,4年级及以前高思导引拓展篇及以下难度,low,review,L1,False,如图3-1所示，桌上有一些围棋子，其中有多少枚黑子？ 图3-1 图3-2,C:\Users\admin\Desktop\试卷分析project\参考教材\奥数\竟赛数学导引 三年级.pdf
3,竞赛数学导引 三年级,3,枚举法一,兴趣篇,interest,30,3,★,0.988,True,77,medium,geometry,,has_diagram,枚举法一|geometry,4年级及以前高思导引拓展篇及以下难度,low,review,L1,False,墨莫在一张纸上画了一些图形，如图3-2所示，每个图形都是由若干条线段连接组 成的.请你数一数，纸上一共有多少条线段？（最外面的大长方形是纸的边框，不算在内）,C:\Users\admin\Desktop\试卷分析project\参考教材\奥数\竟赛数学导引 三年级.pdf
3,竞赛数学导引 三年级,3,枚举法一,兴趣篇,interest,30,4,★,0.9953,False,47,medium,geometry,,,枚举法一|geometry,4年级及以前高思导引拓展篇及以下难度,low,auto,L1,False,小明决定去香山、颐和园、圆明园这三个景点旅游.要走遍这三个景点，他一共有多 少种不同的游览顺序？,C:\Users\admin\Desktop\试卷分析project\参考教材\奥数\竟赛数学导引 三年级.pdf
3,竞赛数学导引 三年级,3,枚举法一,兴趣篇,interest,30,5,★★,0.9931,False,63,medium,counting,,,枚举法一|counting,4年级及以前高思导引拓展篇及以下难度,low,auto,L1,False,小王准备从青岛、三亚、桂林、杭州这4个地方中选2个去旅游，小王有多少种不同 的选择？如果小王想去其中的3个地方，又有多少种选择？,C:\Users\admin\Desktop\试卷分析project\参考教材\奥数\竟赛数学导引 三年级.pdf
3,竞赛数学导引 三年级,3,枚举法一,兴趣篇,interest,30,6,★★,0.9918,False,53,medium,geometry,,,枚举法一|geometry,4年级及以前高思导引拓展篇及以下难度,low,auto,L1,False,小烧饼每个5角钱，大烧饼每个2元钱.墨莫一共有6元钱，如果把这些钱全部用 来买烧饼，一共有多少种不同的买法？,C:\Users\admin\Desktop\试卷分析project\参考教材\奥数\竟赛数学导引 三年级.pdf
3,竞赛数学导引 三年级,3,枚举法一,兴趣篇,interest,30,7,★★,0.9921,False,95,long,counting,,,枚举法一|counting,4年级及以前高思导引拓展篇及以下难度,low,auto,L2,False,在一次知识抢答比赛中，小高和墨莫两个人一共答对了10道题，并且每人都有答 对的题目.如果每道题答对得1分，那么小高和墨莫分别可能得多少分？请把所有的可能填 写到下面的表格里， 小高的总分 墨莫的总分,C:\Users\admin\Desktop\试卷分析project\参考教材\奥数\竟赛数学导引 三年级.pdf
3,竞赛数学导引 三年级,3,枚举法一,兴趣篇,interest,30,8,★★,0.982,False,75,medium,counting,,,枚举法一|counting,4年级及以前高思导引拓展篇及以下难度,low,auto,L1,False,两个海盗分20枚金币.请问： (1）如果每个海盗最少分到5枚金币，一共有多少种不同的分法？ （2）如果每个海盗最多分到16枚金币，一共有多少种不同的分法？,C:\Users\admin\Desktop\试卷分析project\参考教材\奥数\竟赛数学导引 三年级.pdf
3,竞赛数学导引 三年级,3,枚举法一,兴趣篇,interest,31,9,★★,0.9914,False,42,short,counting,case_analysis,,枚举法一|counting|case_analysis,4年级及以前高思导引拓展篇及以下难度,low,auto,L2,False,有15个玻璃球，要把它们分成两堆，一共有几种不同的分法？这两堆球的个数可 能相差几个？,C:\Users\admin\Desktop\试卷分析project\参考教材\奥数\竟赛数学导引 三年级.pdf
3,竞赛数学导引 三年级,3,枚举法一,兴趣篇,interest,31,10,★★,0.9944,False,62,medium,counting,case_analysis,,枚举法一|计数问题|counting|case_analysis,4年级及以前高思导引拓展篇及以下难度,low,auto,L2,False,张奶奶去超市买了12盒光明牛奶，这些牛奶需要装在2个相同的袋子里，并且每 个袋子最多只能装10盒.张奶奶一共有几种不同的装法？,C:\Users\admin\Desktop\试卷分析project\参考教材\奥数\竟赛数学导引 三年级.pdf
3,竞赛数学导引 三年级,3,枚举法一,拓展篇,extension,31,1,★★,0.9836,True,42,short,counting,,has_diagram,枚举法一|counting,4年级及以前高思导引拓展篇及以下难度,mid,review,L3,False,如图3-3，小高画了一个小房子，如果每画一笔都不能拐弯，那么她最少画了几笔？ 图3-3,C:\Users\admin\Desktop\试卷分析project\参考教材\奥数\竟赛数学导引 三年级.pdf
3,竞赛数学导引 三年级,3,枚举法一,拓展篇,extension,31,2,★★,0.9898,True,57,medium,geometry,,has_diagram,枚举法一|geometry,4年级及以前高思导引拓展篇及以下难度,mid,review,L3,False,小高把8块绿豆糕摆成如图3-4所示的图形，让墨莫挑两块挨在一起的绿豆糕. 请问：墨莫一共有多少种不同的挑法？ 图3-4,C:\Users\admin\Desktop\试卷分析project\参考教材\奥数\竟赛数学导引 三年级.pdf
3,竞赛数学导引 三年级,3,枚举法一,拓展篇,extension,32,3,★★,0.9912,True,51,medium,counting,,has_diagram,枚举法一|counting,4年级及以前高思导引拓展篇及以下难度,mid,review,L3,False,要沿着如图3-5所示的道路从A点走到B点，并且每段路最多只能经过一次，一 共有多少种不同的走法？ 图3-5,C:\Users\admin\Desktop\试卷分析project\参考教材\奥数\竟赛数学导引 三年级.pdf
3,竞赛数学导引 三年级,3,枚举法一,拓展篇,extension,32,4,★★,0.9912,False,53,medium,counting,,,枚举法一|counting,4年级及以前高思导引拓展篇及以下难度,mid,auto,L3,False,小高、萱萱、卡莉娅三个人去看电影，他们买了三张座位相邻的票.他们三人的座位 顺序一共有多少种不同的安排方法？,C:\Users\admin\Desktop\试卷分析project\参考教材\奥数\竟赛数学导引 三年级.pdf
3,竞赛数学导引 三年级,3,枚举法一,拓展篇,extension,32,5,★★,0.9822,False,52,medium,counting,,,枚举法一|counting,4年级及以前高思导引拓展篇及以下难度,mid,auto,L3,False,小李摆摊卖货，小木偶每个卖1元，大木偶每个卖2元，他今天一共卖出了5个木 偶.小李今天一共可能卖了多少钱？,C:\Users\admin\Desktop\试卷分析project\参考教材\奥数\竟赛数学导引 三年级.pdf
3,竞赛数学导引 三年级,3,枚举法一,拓展篇,extension,32,6,★★,0.995,False,104,long,counting,,,枚举法一|counting,4年级及以前高思导引拓展篇及以下难度,mid,auto,L4,False,（1）老师给小高14个相同的作业本，如果小高把这些本子全都分给墨莫和卡莉 娅，有多少种不同的分法？（可以只分给一个人） (2）老师给小高14个相同的作业本，如果小高只需要把这些本子分成2堆，又有多少种 不同的分法？,C:\Users\admin\Desktop\试卷分析project\参考教材\奥数\竟赛数学导引 三年级.pdf
3,竞赛数学导引 三年级,3,枚举法一,拓展篇,extension,32,7,★★,0.9825,False,66,medium,counting,case_analysis,,枚举法一|counting|case_analysis,4年级及以前高思导引拓展篇及以下难度,mid,auto,L3,False,盘子里一共有20颗花生，小高和墨莫一起吃.每人一口吃2颗，两个人一起把花生 吃完（每人至少吃一口).请列举出他们吃花生数量的所有情况，,C:\Users\admin\Desktop\试卷分析project\参考教材\奥数\竟赛数学导引 三年级.pdf
3,竞赛数学导引 三年级,3,枚举法一,拓展篇,extension,33,8,,0.9918,True,103,long,counting,,has_diagram,枚举法一|counting,4年级及以前高思导引拓展篇及以下难度,mid,review,L4,False,如图3-6，有7个按键，上面分别写着：1～7这7个数字.请问： （1）从中选出2个按键，使它们上面数字的差等于2，一共有多少种选法？ （2）从中选出2个按键，使它们上面数字的和大于9，一共有多少种选法？ 图3-6,C:\Users\admin\Desktop\试卷分析project\参考教材\奥数\竟赛数学导引 三年级.pdf
3,竞赛数学导引 三年级,3,枚举法一,拓展篇,extension,33,9,,0.9927,False,59,medium,counting,case_analysis,,枚举法一|counting|case_analysis,4年级及以前高思导引拓展篇及以下难度,mid,auto,L3,False,小高、墨莫、卡莉娅三个人一共有7本课外书，每个人至少有一本.小高、墨莫、卡莉 娅分别有几本课外书？请写出全部可能的情况，,C:\Users\admin\Desktop\试卷分析project\参考教材\奥数\竟赛数学导引 三年级.pdf
3,竞赛数学导引 三年级,3,枚举法一,拓展篇,extension,33,10,,0.9986,False,103,long,counting,,,枚举法一|counting,4年级及以前高思导引拓展篇及以下难度,mid,auto,L4,False,小王有5个相同的飞机模型，他要把它们放在一个3层的货架上，每层至少要放1 个.小王一共有多少种不同的放法？过了几天，他又要把18个相同的汽车模型放到另一个3 层货架上，每层最少要放5个，这时有多少种不同的放法？,C:\Users\admin\Desktop\试卷分析project\参考教材\奥数\竟赛数学导引 三年级.pdf
3,竞赛数学导引 三年级,3,枚举法一,拓展篇,extension,33,11,★,0.9939,False,104,long,counting,,,枚举法一|counting,4年级及以前高思导引拓展篇及以下难度,mid,auto,L4,False,（1）小明买回来一袋糖豆，他数了一下，一共有10个.现在他要把这些糖豆分成3 堆，一共有多少种不同的分法？ （2）如果小明有两袋糖豆，每袋10个，要把这两袋糖豆分成3堆，每堆最少要有5个，一 共有多少种不同的分法？,C:\Users\admin\Desktop\试卷分析project\参考教材\奥数\竟赛数学导引 三年级.pdf
3,竞赛数学导引 三年级,3,枚举法一,拓展篇,extension,33,12,,0.9991,False,49,medium,counting,case_analysis,,枚举法一|counting|case_analysis,4年级及以前高思导引拓展篇及以下难度,mid,auto,L3,False,A、B、C、D、E这五个人一起回答一道题目，结果只有两个人答对了.所有可能 的回答情况一共有多少种？,C:\Users\admin\Desktop\试卷分析project\参考教材\奥数\竟赛数学导引 三年级.pdf
3,竞赛数学导引 三年级,3,枚举法一,拓展篇,extension,34,13,,0.9937,False,83,medium,counting,,,枚举法一|counting,4年级及以前高思导引拓展篇及以下难度,mid,auto,L3,False,（1）有2个相同的白球和1个红球，如果把这3个小球排成一排，有多少种不同的 排法？ （2）有2个相同的白球和3个相同的红球，如果把这5个小球排成一排，有多少种不同的 排法？,C:\Users\admin\Desktop\试卷分析project\参考教材\奥数\竟赛数学导引 三年级.pdf
3,竞赛数学导引 三年级,3,枚举法一,拓展篇,extension,34,14,,0.9984,False,87,medium,counting,,,枚举法一|计数问题|counting,4年级及以前高思导引拓展篇及以下难度,mid,auto,L3,False,班主任要从甲、乙、丙、丁、戊这五个小朋友里面选出四个人参加乒乓球赛，有多少 种不同的选法？如果已经选出了甲、乙、丙、丁，现在要把他们分成两组，进行双打比赛，有多 少种不同的分法？,C:\Users\admin\Desktop\试卷分析project\参考教材\奥数\竟赛数学导引 三年级.pdf
3,竞赛数学导引 三年级,3,枚举法一,超越篇,challenge,34,1,,0.999,False,51,medium,counting,,,枚举法一|counting,高思导引超越篇难度,high,auto,L4,False,小明参加了一次小测验，每个小题2分，每个大题5分，两种题目各有3道.小明的 得分一共有多少种不同的可能？,C:\Users\admin\Desktop\试卷分析project\参考教材\奥数\竟赛数学导引 三年级.pdf
3,竞赛数学导引 三年级,3,枚举法一,超越篇,challenge,34,2,,0.9869,False,122,very_long,counting,,,枚举法一|counting,高思导引超越篇难度,high,auto,L4,False,"几个小朋友在屋子里玩石头剪子布，墨莫在门外问他们一共有几个人，其中一个小 朋友说：“不能直接告诉你人数，不过我们现在一共伸出来了22根手指，并且有3个人出石 头.""请问：屋子里可能有几个人在玩游戏？（出石头的不伸手指，出剪子的伸2根，出布的伸 5根）",C:\Users\admin\Desktop\试卷分析project\参考教材\奥数\竟赛数学导引 三年级.pdf
3,竞赛数学导引 三年级,3,枚举法一,超越篇,challenge,34,3,,0.9975,False,66,medium,counting,,,枚举法一|counting,高思导引超越篇难度,high,auto,L4,False,一次小测验一共4道题，最初每位同学都有4分的基础分，然后每答对一道题加3 分，每答错一道题扣1分，不答不扣分.同学们的得分可能是多少？,C:\Users\admin\Desktop\试卷分析project\参考教材\奥数\竟赛数学导引 三年级.pdf
3,竞赛数学导引 三年级,3,枚举法一,超越篇,challenge,35,4,,0.9941,False,42,short,geometry,,,枚举法一|geometry,高思导引超越篇难度,high,auto,L4,False,现在有1分、2分、5分的硬币各5枚，要用这些硬币凑出2角钱，一共有多少种不 同的凑法？,C:\Users\admin\Desktop\试卷分析project\参考教材\奥数\竟赛数学导引 三年级.pdf
3,竞赛数学导引 三年级,3,枚举法一,超越篇,challenge,35,5,,0.9967,True,68,medium,counting,,has_diagram,枚举法一|counting,高思导引超越篇难度,high,review,L4,False,如图3-7，妈妈在5张卡片上分别写了1、1、1、2、2这5个数字，让小明从里面挑 出3张来组成一个三位数.小明可能组成多少个不同的三位数？,C:\Users\admin\Desktop\试卷分析project\参考教材\奥数\竟赛数学导引 三年级.pdf
3,竞赛数学导引 三年级,3,枚举法一,超越篇,challenge,35,1,,0.754,False,6,short,counting,,short_question_text,枚举法一|counting,高思导引超越篇难度,high,unsafe,L4,False,22 图3-7,C:\Users\admin\Desktop\试卷分析project\参考教材\奥数\竟赛数学导引 三年级.pdf
3,竞赛数学导引 三年级,3,枚举法一,超越篇,challenge,35,6,,0.9977,False,57,medium,counting,,,枚举法一|counting,高思导引超越篇难度,high,auto,L4,False,刘老师在某一个星期中要去3次健身馆，但是为了防止运动过量，不能连续两天都 去.刘老师一共有多少种满足条件的时间安排？,C:\Users\admin\Desktop\试卷分析project\参考教材\奥数\竟赛数学导引 三年级.pdf
3,竞赛数学导引 三年级,3,枚举法一,超越篇,challenge,35,7,★,0.9752,False,24,short,counting,,,枚举法一|counting,高思导引超越篇难度,high,auto,L4,False,在算盘上，用两颗珠子可以表示多少个不同的四位数？,C:\Users\admin\Desktop\试卷分析project\参考教材\奥数\竟赛数学导引 三年级.pdf
3,竞赛数学导引 三年级,3,枚举法一,超越篇,challenge,35,8,,0.9955,True,115,long,counting,,has_diagram,枚举法一|计数问题|counting,高思导引超越篇难度,high,review,L4,False,一座99层摩天大楼的电梯上，有显示楼层的液晶屏，如图3-8，由于屏幕受到损 坏，显示左边数字的7根线段中有1根不能亮了，显示右边数字的7根线段中有3根不能亮 了.请问：电梯在运行的过程中，最多还有多少个楼层的数字显示是正确的？ 图3-8,C:\Users\admin\Desktop\试卷分析project\参考教材\奥数\竟赛数学导引 三年级.pdf
3,竞赛数学导引 三年级,4,找规律,兴趣篇,interest,36,1,★,0.8873,False,75,medium,pattern,,,找规律|pattern,4年级及以前高思导引拓展篇及以下难度,low,auto,L1,False,"找规律，填空： (1)2,6,10,14,18,22， 34； (2)97,88，79,70,61， ，34； (3) 15,24，35，48，63,80，99.",C:\Users\admin\Desktop\试卷分析project\参考教材\奥数\竟赛数学导引 三年级.pdf
3,竞赛数学导引 三年级,4,找规律,兴趣篇,interest,36,2,★,0.8989,False,58,medium,pattern,,,找规律|pattern,4年级及以前高思导引拓展篇及以下难度,low,auto,L1,False,"找规律，填空： (1）1,1,2,3,5,8,13,21， ，89； (2) 12,19,31,50,81,131,212.",C:\Users\admin\Desktop\试卷分析project\参考教材\奥数\竟赛数学导引 三年级.pdf
3,竞赛数学导引 三年级,4,找规律,兴趣篇,interest,36,3,★★,0.8761,False,41,short,pattern,,,找规律|pattern,4年级及以前高思导引拓展篇及以下难度,low,auto,L1,False,"找规律，填空： (1)1,3，9,27,81， 729； (2)1,4，9,16，25，",C:\Users\admin\Desktop\试卷分析project\参考教材\奥数\竟赛数学导引 三年级.pdf
3,竞赛数学导引 三年级,4,找规律,兴趣篇,interest,36,4,★★,0.8852,False,64,medium,pattern,,,找规律|pattern,4年级及以前高思导引拓展篇及以下难度,low,auto,L1,False,"找规律，填空： (1)40,2,37,4，34，6，31,8， 25，12； (2)1,2,2,4，3，8，4，16，5， ，64，7.",C:\Users\admin\Desktop\试卷分析project\参考教材\奥数\竟赛数学导引 三年级.pdf
3,竞赛数学导引 三年级,4,找规律,兴趣篇,interest,36,5,★,0.9457,False,31,short,pattern,,,找规律|pattern,4年级及以前高思导引拓展篇及以下难度,low,auto,L1,False,找规律，请在图4-1中的空格内填人适当的数 (1) (2) 图 4 -1,C:\Users\admin\Desktop\试卷分析project\参考教材\奥数\竟赛数学导引 三年级.pdf
3,竞赛数学导引 三年级,4,找规律,兴趣篇,interest,37,6,★★,0.9364,False,31,short,pattern,,,找规律|pattern,4年级及以前高思导引拓展篇及以下难度,low,auto,L1,False,找规律，请在图4-2中的空格内填人适当的数 (1) （2） 图4-2,C:\Users\admin\Desktop\试卷分析project\参考教材\奥数\竟赛数学导引 三年级.pdf
3,竞赛数学导引 三年级,4,找规律,兴趣篇,interest,37,7,★★,0.9908,False,34,short,pattern,,,找规律|pattern,4年级及以前高思导引拓展篇及以下难度,low,auto,L1,False,图4-3的表格中的数有一定的规律，请你按照规律填出空格中的数 图4-3,C:\Users\admin\Desktop\试卷分析project\参考教材\奥数\竟赛数学导引 三年级.pdf
3,竞赛数学导引 三年级,4,找规律,兴趣篇,interest,37,8,★★,0.7754,True,44,short,geometry,,has_diagram,找规律|geometry,4年级及以前高思导引拓展篇及以下难度,low,review,L1,False,观察图4-4中各组图形的规律，填出空格处的图形. ? 仑 ? ? (1) { ? ? ? (2) + + 图 4-4,C:\Users\admin\Desktop\试卷分析project\参考教材\奥数\竟赛数学导引 三年级.pdf
3,竞赛数学导引 三年级,4,找规律,兴趣篇,interest,37,9,★★,0.8082,True,37,short,geometry,,has_diagram,找规律|geometry,4年级及以前高思导引拓展篇及以下难度,low,review,L1,False,观察图4-5中四幅图的规律，画出D处的图形. oo （C O O O A B C D 图4-5,C:\Users\admin\Desktop\试卷分析project\参考教材\奥数\竟赛数学导引 三年级.pdf
3,竞赛数学导引 三年级,4,找规律,兴趣篇,interest,38,10,★★,0.9804,True,66,medium,geometry,,has_diagram,找规律|计算问题|geometry,4年级及以前高思导引拓展篇及以下难度,low,review,L1,False,"图4-6原本是由9个“小人""排列成的方阵，但有一个人没 有到位.请你根据图形的规律，在标有“？”的位置画出你认为合适的 “小人” 图4-6",C:\Users\admin\Desktop\试卷分析project\参考教材\奥数\竟赛数学导引 三年级.pdf
3,竞赛数学导引 三年级,4,找规律,拓展篇,extension,38,1,★★,0.8711,False,86,medium,pattern,,,找规律|pattern,4年级及以前高思导引拓展篇及以下难度,mid,auto,L3,False,"找规律，填空： (1)8,15,22,29,36， 57; (2)1,2,4，8， ，32，64； (3)3,4,6,9,13，18， ，31； (4)3,5，9,17,33， ，129.",C:\Users\admin\Desktop\试卷分析project\参考教材\奥数\竟赛数学导引 三年级.pdf
3,竞赛数学导引 三年级,4,找规律,拓展篇,extension,38,2,★★,0.9021,False,95,long,pattern,,,找规律|pattern,4年级及以前高思导引拓展篇及以下难度,mid,auto,L4,False,"找规律，填空： (1) ，76，70，64，58，52，46; (2) ，66，56，47，39，32，26，21； （3）1,2，2,4,8，32， (4)2，6，12,20,30,42， 72，90.",C:\Users\admin\Desktop\试卷分析project\参考教材\奥数\竟赛数学导引 三年级.pdf
3,竞赛数学导引 三年级,4,找规律,拓展篇,extension,38,3,★,0.8644,False,72,medium,pattern,,,找规律|pattern,4年级及以前高思导引拓展篇及以下难度,mid,auto,L3,False,"找规律，填空： (1)1,2,4,4,7,8,10,16，13，32， 19，128; (2)1,2,3,3,6,5,10,8,15，13， 28，34",C:\Users\admin\Desktop\试卷分析project\参考教材\奥数\竟赛数学导引 三年级.pdf
3,竞赛数学导引 三年级,4,找规律,拓展篇,extension,38,4,★★,0.945,False,53,medium,counting,,,找规律|counting,4年级及以前高思导引拓展篇及以下难度,mid,auto,L3,False,"图4-7和图4-8中的数都是按某种规律排列的，请分别根据规律填上“？""处的数： (1) (2) 图4-8 图4-7",C:\Users\admin\Desktop\试卷分析project\参考教材\奥数\竟赛数学导引 三年级.pdf
3,竞赛数学导引 三年级,4,找规律,拓展篇,extension,39,5,★★,0.7481,True,48,medium,geometry,,has_diagram,找规律|geometry,4年级及以前高思导引拓展篇及以下难度,mid,review,L3,False,"图4-9所示的两组图形中的数各自都有规律，请按照规律填出“？""处的数 （1） ？ (2) O O C 图4-9",C:\Users\admin\Desktop\试卷分析project\参考教材\奥数\竟赛数学导引 三年级.pdf
3,竞赛数学导引 三年级,4,找规律,拓展篇,extension,39,6,,0.8924,True,38,short,geometry,,has_diagram,找规律|geometry,4年级及以前高思导引拓展篇及以下难度,mid,review,L3,False,"观察图4-10中各组图形中数的规律，填出“？""处的数. （1） （2） 图4-10",C:\Users\admin\Desktop\试卷分析project\参考教材\奥数\竟赛数学导引 三年级.pdf
3,竞赛数学导引 三年级,4,找规律,拓展篇,extension,39,7,,0.9923,True,45,medium,pattern,,has_diagram,找规律|pattern,4年级及以前高思导引拓展篇及以下难度,mid,review,L3,False,如图4-11，5个方格表中的数有- 一定的规律，请按照规律填出第4个方格表中 的数： 图4-11,C:\Users\admin\Desktop\试卷分析project\参考教材\奥数\竟赛数学导引 三年级.pdf
3,竞赛数学导引 三年级,4,找规律,拓展篇,extension,39,8,,0.9796,True,38,short,geometry,,has_diagram,找规律|geometry,4年级及以前高思导引拓展篇及以下难度,mid,review,L3,False,观察图4-12中的规律，请按照这种规律，填出空格中的图形 A B C D E 图4-12,C:\Users\admin\Desktop\试卷分析project\参考教材\奥数\竟赛数学导引 三年级.pdf
3,竞赛数学导引 三年级,4,找规律,拓展篇,extension,40,9,,0.9837,True,37,short,geometry,,has_diagram,找规律|geometry,4年级及以前高思导引拓展篇及以下难度,mid,review,L3,False,"观察图4-13中的图形，找出它们的规律，然后填出“？""处的图形. 图4-13",C:\Users\admin\Desktop\试卷分析project\参考教材\奥数\竟赛数学导引 三年级.pdf
3,竞赛数学导引 三年级,4,找规律,拓展篇,extension,40,10,,0.9946,True,48,medium,geometry,,has_diagram,找规律|geometry,4年级及以前高思导引拓展篇及以下难度,mid,review,L3,False,根据图4-14中的规律，填出图中第5列其余3个图形. A*B C*D A*D B*C 图4-14 图4-15,C:\Users\admin\Desktop\试卷分析project\参考教材\奥数\竟赛数学导引 三年级.pdf
3,竞赛数学导引 三年级,4,找规律,拓展篇,extension,40,11,,0.9499,True,64,medium,geometry,,has_diagram,找规律|geometry,4年级及以前高思导引拓展篇及以下难度,mid,review,L3,False,图4-15中的前3个图形都是由A、B、C、D(线段或圆)中的两个组合而成，记为 A*B，C*D，A*D.请你画出B￥C表示的图形.,C:\Users\admin\Desktop\试卷分析project\参考教材\奥数\竟赛数学导引 三年级.pdf
3,竞赛数学导引 三年级,4,找规律,拓展篇,extension,40,12,,0.9812,True,37,short,geometry,,has_diagram,找规律|geometry,4年级及以前高思导引拓展篇及以下难度,mid,review,L3,False,"观察图4-16中各图形与它下面的数之间的关系，写出“？""处的数. 图4-16",C:\Users\admin\Desktop\试卷分析project\参考教材\奥数\竟赛数学导引 三年级.pdf
3,竞赛数学导引 三年级,4,找规律,拓展篇,extension,40,13,,0.9827,False,66,medium,pattern,,,找规律|pattern,4年级及以前高思导引拓展篇及以下难度,mid,auto,L3,False,有一列数组，每组由3个数组成.它们依次是(1，3，6)，(2，6，12)，(3，9，18)，. 请问：第20个数组内3个数的和是多少？,C:\Users\admin\Desktop\试卷分析project\参考教材\奥数\竟赛数学导引 三年级.pdf
3,竞赛数学导引 三年级,4,找规律,拓展篇,extension,40,14,,0.9918,False,66,medium,counting,,,找规律|计算问题|counting,4年级及以前高思导引拓展篇及以下难度,mid,auto,L3,False,下面是一串按某种规律排列的自然数：1，1，2，2，3，3，4，4，5，5，6，6，.请 问：其中第101个数至第110个数的和是多少？,C:\Users\admin\Desktop\试卷分析project\参考教材\奥数\竟赛数学导引 三年级.pdf
3,竞赛数学导引 三年级,4,找规律,超越篇,challenge,41,1,,0.8698,False,81,medium,pattern,,,找规律|pattern,高思导引超越篇难度,high,auto,L4,False,"找规律，填空： (1)1，3，4，7,1，8,9,7, 3，9,2； (2)1，2，6，24，120， 5040； (3)2，3，10，15，26，35， 63,82,99.",C:\Users\admin\Desktop\试卷分析project\参考教材\奥数\竟赛数学导引 三年级.pdf
3,竞赛数学导引 三年级,4,找规律,超越篇,challenge,41,2,,0.9547,True,29,short,geometry,,has_diagram,找规律|geometry,高思导引超越篇难度,high,review,L4,False,如图4-17，请按照已有图形的规律画出下一个图形 图 4-17,C:\Users\admin\Desktop\试卷分析project\参考教材\奥数\竟赛数学导引 三年级.pdf
3,竞赛数学导引 三年级,4,找规律,超越篇,challenge,41,3,,0.9875,True,40,short,geometry,,has_diagram,找规律|geometry,高思导引超越篇难度,high,review,L4,False,请在图4-18中的横线上填人恰当的图形，使得整幅图的构成具有某种规律. 图4-18,C:\Users\admin\Desktop\试卷分析project\参考教材\奥数\竟赛数学导引 三年级.pdf
3,竞赛数学导引 三年级,4,找规律,超越篇,challenge,41,4,,0.9204,True,56,medium,pattern,,has_diagram,找规律|pattern,高思导引超越篇难度,high,review,L4,False,观察图4－19每幅图中三个数的规律.请问：其中第几幅图的三个数之和为1234？ (1) (2) (3) (4) 图4-19,C:\Users\admin\Desktop\试卷分析project\参考教材\奥数\竟赛数学导引 三年级.pdf
3,竞赛数学导引 三年级,4,找规律,超越篇,challenge,42,5,★,0.9856,False,37,short,geometry,,,找规律|geometry,高思导引超越篇难度,high,auto,L4,False,图4－20中所填的数之间有着统一的规律，那么空白圆圈内应该填几？ 图4-20,C:\Users\admin\Desktop\试卷分析project\参考教材\奥数\竟赛数学导引 三年级.pdf
3,竞赛数学导引 三年级,4,找规律,超越篇,challenge,42,6,,0.9806,True,29,short,geometry,,has_diagram,找规律|geometry,高思导引超越篇难度,high,review,L4,False,观察图4-21中各图形的规律，画出“？”处的图形 图4-21,C:\Users\admin\Desktop\试卷分析project\参考教材\奥数\竟赛数学导引 三年级.pdf
3,竞赛数学导引 三年级,4,找规律,超越篇,challenge,42,7,,0.9808,False,27,short,pattern,,,找规律|pattern,高思导引超越篇难度,high,auto,L4,False,找规律，请在图4-22的空格中填人适当的数. 图4-22,C:\Users\admin\Desktop\试卷分析project\参考教材\奥数\竟赛数学导引 三年级.pdf
3,竞赛数学导引 三年级,4,找规律,超越篇,challenge,42,8,,0.8776,False,114,long,pattern,recursive_or_sequence,,找规律|计算问题|pattern|recursive_or_sequence,高思导引超越篇难度,high,auto,L4,False,"下面这几个数列的规律很特别，你能填出其中的数吗？ (1)1,121,2,61,3,41，4,31， 6，21； (2)1,7,12,24，31，47，50， 73，85，90,96； (3)3,6,21，42,84,69,291,483，",C:\Users\admin\Desktop\试卷分析project\参考教材\奥数\竟赛数学导引 三年级.pdf
3,竞赛数学导引 三年级,5,和差倍问题一,兴趣篇,interest,43,1,★,0.9891,False,44,short,general,,,和差倍问题一|general,4年级及以前高思导引拓展篇及以下难度,low,auto,L1,False,有甲、乙两筐苹果，甲筐苹果重15千克，乙筐苹果比甲筐的3倍多5千克.乙筐苹果 重多少千克？,C:\Users\admin\Desktop\试卷分析project\参考教材\奥数\竟赛数学导引 三年级.pdf
3,竞赛数学导引 三年级,5,和差倍问题一,兴趣篇,interest,43,2,★,0.9976,False,54,medium,general,,,和差倍问题一|general,4年级及以前高思导引拓展篇及以下难度,low,auto,L1,False,墨莫和小山羊比赛吃巧克力，小山羊吃了60块巧克力，它吃的巧克力比墨莫吃的7 倍还多4块.墨莫吃了多少块巧克力？,C:\Users\admin\Desktop\试卷分析project\参考教材\奥数\竟赛数学导引 三年级.pdf
3,竞赛数学导引 三年级,5,和差倍问题一,兴趣篇,interest,43,3,★,0.9909,False,53,medium,general,,,和差倍问题一|general,4年级及以前高思导引拓展篇及以下难度,low,auto,L1,False,小高和墨莫参加学校组织的植树活动，两人一共种了12棵树，其中墨莫种的棵数是 小高的2倍.墨莫一共种了几棵树？,C:\Users\admin\Desktop\试卷分析project\参考教材\奥数\竟赛数学导引 三年级.pdf
3,竞赛数学导引 三年级,5,和差倍问题一,兴趣篇,interest,44,4,★★,0.9931,False,46,medium,general,,,和差倍问题一|general,4年级及以前高思导引拓展篇及以下难度,low,auto,L1,False,甲、乙两堆货物一共有160件，已知甲堆货物比乙堆的3倍还多40件，甲、乙两堆 各有多少件货物？,C:\Users\admin\Desktop\试卷分析project\参考教材\奥数\竟赛数学导引 三年级.pdf
3,竞赛数学导引 三年级,5,和差倍问题一,兴趣篇,interest,44,5,★★,0.9915,False,54,medium,general,,,和差倍问题一|general,4年级及以前高思导引拓展篇及以下难度,low,auto,L1,False,书架上放着一些童话和科幻小说，一共有47本，童话的数量比科幻小说数量的4 倍少3本.书架上放着多少本科幻小说？,C:\Users\admin\Desktop\试卷分析project\参考教材\奥数\竟赛数学导引 三年级.pdf
3,竞赛数学导引 三年级,5,和差倍问题一,兴趣篇,interest,44,6,★,0.9954,False,73,medium,general,,,和差倍问题一|general,4年级及以前高思导引拓展篇及以下难度,low,auto,L1,False,小陈为找工作准备了中、英文两份简历，中文简历的字数是英文简历单词数的3倍， 而且中文简历字数比英文简历单词数多220个.请问：中文简历的字数是多少？,C:\Users\admin\Desktop\试卷分析project\参考教材\奥数\竟赛数学导引 三年级.pdf
3,竞赛数学导引 三年级,5,和差倍问题一,兴趣篇,interest,44,7,★★,0.9946,False,74,medium,general,travel_chain,,和差倍问题一|general|travel_chain,4年级及以前高思导引拓展篇及以下难度,low,auto,L2,False,卡莉娅和萱萱在操场上练习跑步，一段时间过后，萱萱跑的路程比卡莉娅跑的3倍 还多80米.如果卡莉娅比萱萱少跑了500米，那么卡莉娅和萱萱一共跑了多少米？,C:\Users\admin\Desktop\试卷分析project\参考教材\奥数\竟赛数学导引 三年级.pdf
3,竞赛数学导引 三年级,5,和差倍问题一,兴趣篇,interest,44,8,★★,0.9972,False,81,medium,general,,,和差倍问题一|general,4年级及以前高思导引拓展篇及以下难度,low,auto,L1,False,原先《花城日报》和《鹏城晚报》有同样数目的版面.后来《花城日报》扩充版面，增加 了10版，这样《花城日报》的版面比《鹏城晚报》的4倍少2版.两种报纸现在各有多少版？,C:\Users\admin\Desktop\试卷分析project\参考教材\奥数\竟赛数学导引 三年级.pdf
3,竞赛数学导引 三年级,5,和差倍问题一,兴趣篇,interest,44,9,★,0.9979,False,57,medium,general,,,和差倍问题一|general,4年级及以前高思导引拓展篇及以下难度,low,auto,L1,False,小高在玩具店看中了两件汽车模型.如果两件都买，一共需要400元.已知这两件模 型相差60元，这两件模型各要多少元钱？,C:\Users\admin\Desktop\试卷分析project\参考教材\奥数\竟赛数学导引 三年级.pdf
3,竞赛数学导引 三年级,5,和差倍问题一,兴趣篇,interest,44,10,★,0.9916,False,96,long,general,,,和差倍问题一|general,4年级及以前高思导引拓展篇及以下难度,low,auto,L2,False,甲、乙两位火炬手负责把火炬从A地传递到B地，先由甲从A地出发，并在途中将 火炬传递给乙，乙接过火炬后继续慢跑前往B地.已知A、B两地相距2400米，并且甲比乙多 跑了600米.请问：甲跑了多少米？,C:\Users\admin\Desktop\试卷分析project\参考教材\奥数\竟赛数学导引 三年级.pdf
3,竞赛数学导引 三年级,5,和差倍问题一,拓展篇,extension,45,1,★,0.9991,False,42,short,general,,,和差倍问题一|general,4年级及以前高思导引拓展篇及以下难度,mid,auto,L3,False,纺织厂有职工480人，其中女职工人数是男职工人数的3倍.请问：男、女职工各有 多少人？,C:\Users\admin\Desktop\试卷分析project\参考教材\奥数\竟赛数学导引 三年级.pdf
3,竞赛数学导引 三年级,5,和差倍问题一,拓展篇,extension,45,2,★★,0.9958,False,40,short,general,,,和差倍问题一|general,4年级及以前高思导引拓展篇及以下难度,mid,auto,L3,False,某交通协管员七月份开出78张罚单，这些罚单分为两种：一种是违章停车，另一种 少张？,C:\Users\admin\Desktop\试卷分析project\参考教材\奥数\竟赛数学导引 三年级.pdf
3,竞赛数学导引 三年级,5,和差倍问题一,拓展篇,extension,45,3,★★,0.9892,False,36,short,general,,,和差倍问题一|general,4年级及以前高思导引拓展篇及以下难度,mid,auto,L3,False,果园中梨树和苹果树共有67棵，梨树比苹果树的2倍少2棵，苹果树有多少棵？,C:\Users\admin\Desktop\试卷分析project\参考教材\奥数\竟赛数学导引 三年级.pdf
3,竞赛数学导引 三年级,5,和差倍问题一,拓展篇,extension,45,4,,0.9937,False,84,medium,general,,,和差倍问题一|general,4年级及以前高思导引拓展篇及以下难度,mid,auto,L3,False,动物园里有5座猴山，其中3座住着金丝猴，2座住着猕猴.这5座猴山上猴子的数 量分别为：10、15、30、35、70.已知金丝猴的总数是猕猴的3倍，问：哪两座山上住着猕猴？,C:\Users\admin\Desktop\试卷分析project\参考教材\奥数\竟赛数学导引 三年级.pdf
3,竞赛数学导引 三年级,5,和差倍问题一,拓展篇,extension,45,5,★★,0.9976,False,47,medium,general,,,和差倍问题一|general,4年级及以前高思导引拓展篇及以下难度,mid,auto,L3,False,学校合唱团成员中，女生人数是男生的3倍，而且女生比男生多80人.合唱团里男 生和女生各有多少人？,C:\Users\admin\Desktop\试卷分析project\参考教材\奥数\竟赛数学导引 三年级.pdf
3,竞赛数学导引 三年级,5,和差倍问题一,拓展篇,extension,45,6,,0.9923,False,96,long,general,,,和差倍问题一|general,4年级及以前高思导引拓展篇及以下难度,mid,auto,L4,False,有两款数码相机，一款是高档专业相机，一款是普通家用相机.家用相机价格较低， 比专业相机便宜了4600元.买1台专业相机的钱足够买4台家用相机，而且还能剩下100元. 请问：专业相机的价格是多少钱？,C:\Users\admin\Desktop\试卷分析project\参考教材\奥数\竟赛数学导引 三年级.pdf
3,竞赛数学导引 三年级,5,和差倍问题一,拓展篇,extension,46,7,,0.9858,False,64,medium,general,,,和差倍问题一|general,4年级及以前高思导引拓展篇及以下难度,mid,auto,L3,False,甲、乙两筐苹果重量相等，现在从甲筐拿出12千克苹果放人乙筐，结果乙筐苹果的 重量就比甲筐的3倍少2千克.两筐苹果原来各有多少千克？,C:\Users\admin\Desktop\试卷分析project\参考教材\奥数\竟赛数学导引 三年级.pdf
3,竞赛数学导引 三年级,5,和差倍问题一,拓展篇,extension,46,8,,0.9971,False,79,medium,general,,,和差倍问题一|general,4年级及以前高思导引拓展篇及以下难度,mid,auto,L3,False,亚洲杯决赛中，中国记者的人数是外国记者人数的3倍.比赛结束后中国记者有 180人离场，外国记者有40人离场，剩下的中、外记者人数相等.原来中、外记者各有多少人？,C:\Users\admin\Desktop\试卷分析project\参考教材\奥数\竟赛数学导引 三年级.pdf
3,竞赛数学导引 三年级,5,和差倍问题一,拓展篇,extension,46,9,★,0.9963,False,64,medium,general,,,和差倍问题一|general,4年级及以前高思导引拓展篇及以下难度,mid,auto,L3,False,张先生投资股票，2006年和2007年一共盈利40万元，其中2006年比2007年少盈 利14万元.张先生2007年盈利多少万元？,C:\Users\admin\Desktop\试卷分析project\参考教材\奥数\竟赛数学导引 三年级.pdf
3,竞赛数学导引 三年级,5,和差倍问题一,拓展篇,extension,46,10,★★,0.9967,False,47,medium,general,,,和差倍问题一|general,4年级及以前高思导引拓展篇及以下难度,mid,auto,L3,False,登月行动地面控制室的成员由两组专家组成，两组共有专家125名.原来第一组 来第一组有多少名专家？,C:\Users\admin\Desktop\试卷分析project\参考教材\奥数\竟赛数学导引 三年级.pdf
3,竞赛数学导引 三年级,5,和差倍问题一,拓展篇,extension,46,11,★★,0.9902,False,55,medium,general,,,和差倍问题一|general,4年级及以前高思导引拓展篇及以下难度,mid,auto,L3,False,育才小学三年级有3个班，一共有学生126人.如果一班比二班多4人，二班比三 班多4人，那么这三个班分别有多少人？,C:\Users\admin\Desktop\试卷分析project\参考教材\奥数\竟赛数学导引 三年级.pdf
3,竞赛数学导引 三年级,5,和差倍问题一,拓展篇,extension,46,12,,0.9938,False,98,long,general,,,和差倍问题一|general,4年级及以前高思导引拓展篇及以下难度,mid,auto,L4,False,三堆糖果共有105颗，其中第一堆糖果的数量是第二堆的3倍，而第三堆糖果的 数量又比第二堆的2倍少3颗.第三堆糖果有多少颗？ 多1吨，而乙粮仓的粮食总量则是丙粮仓的2倍.问：甲粮仓比丙粮仓多存粮多少吨？,C:\Users\admin\Desktop\试卷分析project\参考教材\奥数\竟赛数学导引 三年级.pdf
3,竞赛数学导引 三年级,5,和差倍问题一,拓展篇,extension,47,14,,0.9976,False,47,medium,number_theory,,,和差倍问题一|number_theory,4年级及以前高思导引拓展篇及以下难度,mid,auto,L3,False,两个自然数相除，商是4，余数是1.如果被除数、除数、商以及余数的和是56，那么 被除数等于多少？,C:\Users\admin\Desktop\试卷分析project\参考教材\奥数\竟赛数学导引 三年级.pdf
3,竞赛数学导引 三年级,5,和差倍问题一,超越篇,challenge,47,1,,0.998,False,113,long,general,,,和差倍问题一|general,高思导引超越篇难度,high,auto,L4,False,姐妹俩一起做数学、语文两科作业，姐姐花在数学作业上的时间比妹妹多10分钟， 而妹妹花在语文作业上的时间比姐姐多4分钟.已知姐姐一共花了88分钟做完作业，妹妹做 数学作业的时间比语文作业少12分钟.请问：妹妹做语文作业花了多少分钟？,C:\Users\admin\Desktop\试卷分析project\参考教材\奥数\竟赛数学导引 三年级.pdf
3,竞赛数学导引 三年级,5,和差倍问题一,超越篇,challenge,47,2,,0.9986,False,53,medium,general,,,和差倍问题一|general,高思导引超越篇难度,high,auto,L4,False,有两个炮兵营参加军事演习，他们各准备了若干枚炮弹.开始一营比二营多准备了 多3枚.一营开始时准备了几枚炮弹？,C:\Users\admin\Desktop\试卷分析project\参考教材\奥数\竟赛数学导引 三年级.pdf
3,竞赛数学导引 三年级,5,和差倍问题一,超越篇,challenge,47,3,,0.9985,False,67,medium,general,,,和差倍问题一|general,高思导引超越篇难度,high,auto,L4,False,游泳池里男生的人数比女生的6倍少11人，比女生的4倍多13人.那么男生有多 少人？ 队人数是吴国的2倍，又是蜀国的3倍.魏国军队有多少人？,C:\Users\admin\Desktop\试卷分析project\参考教材\奥数\竟赛数学导引 三年级.pdf
3,竞赛数学导引 三年级,5,和差倍问题一,超越篇,challenge,47,5,,0.9849,False,92,long,general,,,和差倍问题一|general,高思导引超越篇难度,high,auto,L4,False,红旗小学三年级有甲、乙、丙3个班，一共有学生162人.如果从甲班转出2个人到 乙班，则甲、乙两班人数相同；如果这时再从丙班转出3个人到乙班，则乙、丙两班人数相同。 请问：申班原来有多少人？,C:\Users\admin\Desktop\试卷分析project\参考教材\奥数\竟赛数学导引 三年级.pdf
3,竞赛数学导引 三年级,5,和差倍问题一,超越篇,challenge,48,6,,0.9964,False,145,very_long,general,,,和差倍问题一|general,高思导引超越篇难度,high,auto,L4,False,甲、乙两人一共带了80元钱去商店买东西，甲用自已带的钱的一半买了一本漫画 书，乙花了10元钱买了一盘磁带，这时甲剩下的钱恰好是乙剩下的3倍.那么乙带了多少 元钱？ 到1块金牌，那么金牌数就是银牌数和铜牌数之和；如果有1块金牌变成银牌，那么金牌数和 银牌数将一样多.请问：这个国家一共得到多少块金牌？,C:\Users\admin\Desktop\试卷分析project\参考教材\奥数\竟赛数学导引 三年级.pdf
3,竞赛数学导引 三年级,5,和差倍问题一,超越篇,challenge,48,8,,0.9975,False,97,long,general,,,和差倍问题一|general,高思导引超越篇难度,high,auto,L4,False,小云、小达、萱萱、卡莉娅四位小朋友去游乐园玩，一共花了154元钱，有趣的是：小 云花的钱数加上5元等于小达花的钱数减去7元，等于萱萱花的钱数乘以3，等于卡莉娅花的 钱数除以4.请问：小达花了多少钱？,C:\Users\admin\Desktop\试卷分析project\参考教材\奥数\竟赛数学导引 三年级.pdf
3,竞赛数学导引 三年级,6,简单加减法竖式,兴趣篇,interest,49,1,★,0.8913,False,47,medium,general,,,简单加减法竖式|general,4年级及以前高思导引拓展篇及以下难度,low,auto,L1,False,在口内填人适当的数字，使图6-1中的加法竖式成立， □□□ □□□ +439 -439 图6-1 图6-2,C:\Users\admin\Desktop\试卷分析project\参考教材\奥数\竟赛数学导引 三年级.pdf
3,竞赛数学导引 三年级,6,简单加减法竖式,兴趣篇,interest,49,2,★,0.9721,False,25,short,general,,,简单加减法竖式|general,4年级及以前高思导引拓展篇及以下难度,low,auto,L1,False,在口内填人适当的数字，使图6-2中的减法竖式成立.,C:\Users\admin\Desktop\试卷分析project\参考教材\奥数\竟赛数学导引 三年级.pdf
3,竞赛数学导引 三年级,6,简单加减法竖式,兴趣篇,interest,49,3,★,0.928,False,44,short,general,,,简单加减法竖式|general,4年级及以前高思导引拓展篇及以下难度,low,auto,L1,False,在口内填人适当的数字，使图6-3中的加法竖式成立， 8口 +24 +□8 □22 图6-3 图6-4,C:\Users\admin\Desktop\试卷分析project\参考教材\奥数\竟赛数学导引 三年级.pdf
3,竞赛数学导引 三年级,6,简单加减法竖式,兴趣篇,interest,49,4,★,0.9869,False,25,short,general,,,简单加减法竖式|general,4年级及以前高思导引拓展篇及以下难度,low,auto,L1,False,在口内填人适当的数字，使图6-4中的加法竖式成立.,C:\Users\admin\Desktop\试卷分析project\参考教材\奥数\竟赛数学导引 三年级.pdf
3,竞赛数学导引 三年级,6,简单加减法竖式,兴趣篇,interest,50,5,★,0.8679,False,50,medium,general,,,简单加减法竖式|general,4年级及以前高思导引拓展篇及以下难度,low,auto,L1,False,在图6-5和图6-6的口内填人适当的数字，使加法竖式成立. +5□ +口3口 94□ 2□□ 图6-5 图6-6,C:\Users\admin\Desktop\试卷分析project\参考教材\奥数\竟赛数学导引 三年级.pdf
3,竞赛数学导引 三年级,6,简单加减法竖式,兴趣篇,interest,50,6,★,0.9694,False,39,short,general,,,简单加减法竖式|general,4年级及以前高思导引拓展篇及以下难度,low,auto,L1,False,在图6-7的口内填人适当的数字，使减法竖式成立. □9□9 -19 1111 图6-7,C:\Users\admin\Desktop\试卷分析project\参考教材\奥数\竟赛数学导引 三年级.pdf
3,竞赛数学导引 三年级,6,简单加减法竖式,兴趣篇,interest,50,7,★,0.8741,False,39,short,general,,,简单加减法竖式|general,4年级及以前高思导引拓展篇及以下难度,low,auto,L1,False,在图6-8的口内填入适当的数字，使减法竖式成立， □□237 6□6 □8□ 图6-8,C:\Users\admin\Desktop\试卷分析project\参考教材\奥数\竟赛数学导引 三年级.pdf
3,竞赛数学导引 三年级,6,简单加减法竖式,兴趣篇,interest,50,8,★★,0.8283,False,49,medium,general,,,简单加减法竖式|general,4年级及以前高思导引拓展篇及以下难度,low,auto,L1,False,图6-9是一个加减混合运算的竖式，在口内填人适当的数字使竖式成立. 口1 □9□ □□ 9□ □□口 图6-9,C:\Users\admin\Desktop\试卷分析project\参考教材\奥数\竟赛数学导引 三年级.pdf
3,竞赛数学导引 三年级,6,简单加减法竖式,兴趣篇,interest,"50,51",9,★★,0.9034,False,203,very_long,general,,cross_page_question,简单加减法竖式|数字谜问题|general,4年级及以前高思导引拓展篇及以下难度,low,review,L3,False,在图6-10所示的竖式里，四张小纸片各盖住了一个数字，被盖住的4个数字的总 和是多少？ 口 口 +口口 图6-10 大的庆祝活动.在宴会最热闹的时候，哥伦布举杯说道：“今年是1492年，我们要永远记住这 哥伦布的问题是这样的：把图6－11中的竖式填写完整，使得填人的数字之和最大.答对的船 员会得到与这个最大值数量相同的金币.最后，一个聪明的船员拿到了金币.请问：这个船员 得到了多少枚金币？ □□□ +□□口 1492 图6-11,C:\Users\admin\Desktop\试卷分析project\参考教材\奥数\竟赛数学导引 三年级.pdf
3,竞赛数学导引 三年级,6,简单加减法竖式,拓展篇,extension,51,1,★,0.8978,False,41,short,general,,,简单加减法竖式|general,4年级及以前高思导引拓展篇及以下难度,mid,auto,L3,False,图6－12是一个加法竖式，请在口内填人适当的数字，使竖式成立. 3 □ +33 图6-12,C:\Users\admin\Desktop\试卷分析project\参考教材\奥数\竟赛数学导引 三年级.pdf
3,竞赛数学导引 三年级,6,简单加减法竖式,拓展篇,extension,51,2,★,0.8803,True,62,medium,general,,has_diagram,简单加减法竖式|general,4年级及以前高思导引拓展篇及以下难度,mid,review,L3,False,如图6-13，如果在口内填人合适的数字，可以使竖式成立，那么所有口内填写的数 字之和是多少？ □0□7 + 9□ 口口口78 图6-13,C:\Users\admin\Desktop\试卷分析project\参考教材\奥数\竟赛数学导引 三年级.pdf
3,竞赛数学导引 三年级,6,简单加减法竖式,拓展篇,extension,51,3,★★,0.8603,False,61,medium,general,,,简单加减法竖式|general,4年级及以前高思导引拓展篇及以下难度,mid,auto,L3,False,在图6-14和图6-15的口内填人适当的数字，使竖式分别成立. (1) (2) □□□ 5□ 十 □93□ 2□□□ 图6-14 图6-15,C:\Users\admin\Desktop\试卷分析project\参考教材\奥数\竟赛数学导引 三年级.pdf
3,竞赛数学导引 三年级,6,简单加减法竖式,拓展篇,extension,51,4,★,0.9447,False,34,short,general,,,简单加减法竖式|general,4年级及以前高思导引拓展篇及以下难度,mid,auto,L3,False,在图6-16的口内填人适当的数字，使竖式成立 -207 □9□ 图6-16,C:\Users\admin\Desktop\试卷分析project\参考教材\奥数\竟赛数学导引 三年级.pdf
3,竞赛数学导引 三年级,6,简单加减法竖式,拓展篇,extension,52,5,★★,0.8794,False,59,medium,general,,,简单加减法竖式|general,4年级及以前高思导引拓展篇及以下难度,mid,auto,L3,False,在图6-17和图6-18的口内填人适当的数字，使竖式分别成立. (1) □□ 4 (2) 口口口口 口□ □□8 图6-17 图6-18,C:\Users\admin\Desktop\试卷分析project\参考教材\奥数\竟赛数学导引 三年级.pdf
3,竞赛数学导引 三年级,6,简单加减法竖式,拓展篇,extension,52,6,★,0.7933,False,34,short,general,,,简单加减法竖式|general,4年级及以前高思导引拓展篇及以下难度,mid,auto,L3,False,在图6-19的口内填人适当的数字，使竖式成立. □□。 口□口 图6-19,C:\Users\admin\Desktop\试卷分析project\参考教材\奥数\竟赛数学导引 三年级.pdf
3,竞赛数学导引 三年级,6,简单加减法竖式,拓展篇,extension,52,7,,0.8604,False,40,short,general,,,简单加减法竖式|general,4年级及以前高思导引拓展篇及以下难度,mid,auto,L3,False,在图6-20的口内填人适当的数字，使竖式成立 □□ 9 □ 口口 口 8口 口口口口 图6-20,C:\Users\admin\Desktop\试卷分析project\参考教材\奥数\竟赛数学导引 三年级.pdf
3,竞赛数学导引 三年级,6,简单加减法竖式,拓展篇,extension,52,8,★★,0.8366,False,70,medium,general,,,简单加减法竖式|general,4年级及以前高思导引拓展篇及以下难度,mid,auto,L3,False,在图6-21的每个口内填人1、3、5、7、9这五个数字中的一个，使其成为正确的 加法竖式，那么所填的各个数字之和是多少？ □□ □ □口 口 图6-21,C:\Users\admin\Desktop\试卷分析project\参考教材\奥数\竟赛数学导引 三年级.pdf
3,竞赛数学导引 三年级,6,简单加减法竖式,拓展篇,extension,52,9,,0.8678,False,55,medium,general,,,简单加减法竖式|general,4年级及以前高思导引拓展篇及以下难度,mid,auto,L3,False,在图6-22的口内填人适当的数字，使得竖式成立，那么所有空格内数字的和最大 是多少？ □□□ 口口 口 □□ 7 图6-22,C:\Users\admin\Desktop\试卷分析project\参考教材\奥数\竟赛数学导引 三年级.pdf
3,竞赛数学导引 三年级,6,简单加减法竖式,拓展篇,extension,53,10,★★,0.7529,True,60,medium,general,,has_diagram,简单加减法竖式|general,4年级及以前高思导引拓展篇及以下难度,mid,review,L3,False,如图6-23，口、○和△分别代表三个不同的数字.请找出它们分别代表的数字， 把这个竖式补充完整. □○ + 口口 OO△ 图6-23,C:\Users\admin\Desktop\试卷分析project\参考教材\奥数\竟赛数学导引 三年级.pdf
3,竞赛数学导引 三年级,6,简单加减法竖式,拓展篇,extension,53,11,,0.8805,True,51,medium,general,,has_diagram,简单加减法竖式|general,4年级及以前高思导引拓展篇及以下难度,mid,review,L3,False,如图6-24所示，口、○和△分别表示不同的数字.请找出它们分别表示什么数字 ○□△ △ 十 △ □□△ 图6-24,C:\Users\admin\Desktop\试卷分析project\参考教材\奥数\竟赛数学导引 三年级.pdf
3,竞赛数学导引 三年级,6,简单加减法竖式,拓展篇,extension,53,12,,0.8787,False,57,medium,general,,,简单加减法竖式|general,4年级及以前高思导引拓展篇及以下难度,mid,auto,L3,False,图6-25是一个加法竖式，其中△、口和分别代表三个不同的数字，那么 △十口一等于多少？ 1□△ 2△ +3△ △□ 图6-25,C:\Users\admin\Desktop\试卷分析project\参考教材\奥数\竟赛数学导引 三年级.pdf
3,竞赛数学导引 三年级,6,简单加减法竖式,拓展篇,extension,53,13,★★,0.9251,False,58,medium,general,,,简单加减法竖式|general,4年级及以前高思导引拓展篇及以下难度,mid,auto,L3,False,请将1～5这五个数字填入图6-26的口中，把竖式补充完整.（每个数字只能用 一次） □67□9 □□□8 54321 图6-2,C:\Users\admin\Desktop\试卷分析project\参考教材\奥数\竟赛数学导引 三年级.pdf
3,竞赛数学导引 三年级,6,简单加减法竖式,拓展篇,extension,53,14,,0.8771,True,67,medium,general,,has_diagram,简单加减法竖式|数字谜问题|general,4年级及以前高思导引拓展篇及以下难度,mid,review,L3,False,如图6-27，用0～9这10个数字各一次，可组成一个正确的加法竖式.现已填好3 个数字，那么这个算式的结果是多少？ □ 4 十 □□□□ 图6-2,C:\Users\admin\Desktop\试卷分析project\参考教材\奥数\竟赛数学导引 三年级.pdf
3,竞赛数学导引 三年级,6,简单加减法竖式,超越篇,challenge,54,1,,0.9241,False,90,long,general,,,简单加减法竖式|general,高思导引超越篇难度,high,auto,L4,False,在图6－28的两个加法竖式中，相同的汉字代表相同的数字，不同的汉字代表不同 的数字.请问：奥林匹克运动会代表的七位数是什么？ 奥林匹克 克匹林奥 + 运动会 + 会动运 2008 3988 图6-28,C:\Users\admin\Desktop\试卷分析project\参考教材\奥数\竟赛数学导引 三年级.pdf
3,竞赛数学导引 三年级,6,简单加减法竖式,超越篇,challenge,54,2,,0.8395,False,73,medium,general,,,简单加减法竖式|general,高思导引超越篇难度,high,auto,L4,False,在图6-29的每个口内填人2～6这5个数字中的一个，使其成为正确的加法竖 式，那么这9个口中的数字之和是多少？ □□□ □ □ □ □ 中 口口 4664 图6-29,C:\Users\admin\Desktop\试卷分析project\参考教材\奥数\竟赛数学导引 三年级.pdf
3,竞赛数学导引 三年级,6,简单加减法竖式,超越篇,challenge,54,3,,0.97,False,79,medium,general,,,简单加减法竖式|general,高思导引超越篇难度,high,auto,L4,False,在图6－30中的竖式中，相同的汉字代表相同的数字.不同的汉字代表不同的数 字.请求出每个汉字分别代表什么数字. 学数学 用数学 学好数学 + 用好数学 数学学为用 图6-30,C:\Users\admin\Desktop\试卷分析project\参考教材\奥数\竟赛数学导引 三年级.pdf
3,竞赛数学导引 三年级,6,简单加减法竖式,超越篇,challenge,54,4,,0.8391,True,62,medium,general,,has_diagram,简单加减法竖式|general,高思导引超越篇难度,high,review,L4,False,如图6-31，用0～9这十个数字各一次，可组成一个正确的减法竖式.现已填好3 个数字，请将竖式补充完整， □□ □ □ □□ 图6-31,C:\Users\admin\Desktop\试卷分析project\参考教材\奥数\竟赛数学导引 三年级.pdf
3,竞赛数学导引 三年级,6,简单加减法竖式,超越篇,challenge,55,5,,0.8946,False,60,medium,general,,,简单加减法竖式|general,高思导引超越篇难度,high,auto,L4,False,在图6－32的口内分别填人适当的数字，可以使竖式成立.那么所填的7个数字之 和最大是多少？ □□□□ □□□ 3862 图6-32,C:\Users\admin\Desktop\试卷分析project\参考教材\奥数\竟赛数学导引 三年级.pdf
3,竞赛数学导引 三年级,6,简单加减法竖式,超越篇,challenge,55,6,★,0.882,False,100,long,counting,,,简单加减法竖式|counting,高思导引超越篇难度,high,auto,L4,False,在图633的每个口内填人4～9这6个数字中的某个数字（可以重复使用），使得 第一个加数的各位数字互不相同，并且它的四个数字与第二个加数的四个数字相同，只是排 列顺序不同， □□□□ +□□□□ 4□ 7 图6-33,C:\Users\admin\Desktop\试卷分析project\参考教材\奥数\竟赛数学导引 三年级.pdf
3,竞赛数学导引 三年级,6,简单加减法竖式,超越篇,challenge,55,7,,0.9378,True,76,medium,general,,has_diagram,简单加减法竖式|general,高思导引超越篇难度,high,review,L4,False,如图6－34，竖式中相同的汉字代表相同的数字，不同的汉字代表不同的数字，且 志=上十心，忑=下十心，请完成图中的算式 7上8下 十志忑不安 13心2意 图6-34,C:\Users\admin\Desktop\试卷分析project\参考教材\奥数\竟赛数学导引 三年级.pdf
3,竞赛数学导引 三年级,6,简单加减法竖式,超越篇,challenge,55,8,★,0.8489,False,80,medium,general,,,简单加减法竖式|数字谜问题|general,高思导引超越篇难度,high,auto,L4,False,将0、2、4、6、8各3个填人图6-35的加法算式中，使算式成立，其中3个0已经 填好.请问：算式的结果最小是多少？最大是多少？ □□□ □□ +口口口口 □。 图6-35,C:\Users\admin\Desktop\试卷分析project\参考教材\奥数\竟赛数学导引 三年级.pdf
3,竞赛数学导引 三年级,7,周期问题,兴趣篇,interest,56,2,★,0.9938,False,40,short,pattern,,,周期问题|pattern,4年级及以前高思导引拓展篇及以下难度,low,auto,L1,False,一些学生站成一排，从左向右1～3循环报数.第10个报1的学生是从左至右的第 几人？,C:\Users\admin\Desktop\试卷分析project\参考教材\奥数\竟赛数学导引 三年级.pdf
3,竞赛数学导引 三年级,7,周期问题,兴趣篇,interest,56,3,★,0.8843,True,61,medium,geometry,,has_diagram,周期问题|geometry,4年级及以前高思导引拓展篇及以下难度,low,review,L1,False,如图7-1，由一系列黑、白三角形按一定的规律排成一行.请问：第26个图形应该是 什么？ MAAAAAAAAAAAAAA 图7-1,C:\Users\admin\Desktop\试卷分析project\参考教材\奥数\竟赛数学导引 三年级.pdf
3,竞赛数学导引 三年级,7,周期问题,兴趣篇,interest,57,4,★,0.9807,True,102,long,pattern,,has_diagram,周期问题|pattern,4年级及以前高思导引拓展篇及以下难度,low,review,L2,False,在学校运动会的开幕式上，46名同学组成仪仗队站成一排.如图7-2所示，每人手 里都举着一面彩旗，从左到右颜色依次是红、黄、蓝、绿4种颜色依次循环.问：最右侧的同学 手里举的彩旗是什么颜色？ 红黄蓝绿红黄 图7-2,C:\Users\admin\Desktop\试卷分析project\参考教材\奥数\竟赛数学导引 三年级.pdf
3,竞赛数学导引 三年级,7,周期问题,兴趣篇,interest,57,5,★★,0.9934,True,57,medium,pattern,,has_diagram,周期问题|pattern,4年级及以前高思导引拓展篇及以下难度,low,review,L1,False,如图7-3所示，将自然数从1开始顺次写在A、 B、C、D、E这五个字母下面.问：208会出现在哪个字母 下面？ 图7-3,C:\Users\admin\Desktop\试卷分析project\参考教材\奥数\竟赛数学导引 三年级.pdf
3,竞赛数学导引 三年级,7,周期问题,兴趣篇,interest,57,6,★★,0.9934,False,67,medium,pattern,,,周期问题|pattern,4年级及以前高思导引拓展篇及以下难度,low,auto,L1,False,在一根绳子上依次穿2颗红珠、3颗白珠、5颗黑珠，并按此方式重复.如果从头开 始一共穿了77颗珠子，那么这77颗珠子中白珠比黑珠少多少颗？,C:\Users\admin\Desktop\试卷分析project\参考教材\奥数\竟赛数学导引 三年级.pdf
3,竞赛数学导引 三年级,7,周期问题,兴趣篇,interest,57,7,,0.9748,True,172,very_long,pattern,,has_diagram,周期问题|pattern,4年级及以前高思导引拓展篇及以下难度,low,review,L3,False,如图7-4，四只小动物不断地交换座位.一开始，小鼠坐第1号椅子，小猴坐第2号 椅子，小兔坐第3号椅子，小猫坐第4号椅子.第一次前后两排交换，第二次在第一次交换的 基础上左右两列交换，第三次又是前后两排交换，第四次再左右两列交换这样一直换下 去.第十次交换座位后，四只小动物分别坐在第几号椅子上？ 鼠 猴 猫 猫 兔 兔 猫 鼠 猴 猴 鼠 开始座次 第一次 第二次 第十次 图7-4,C:\Users\admin\Desktop\试卷分析project\参考教材\奥数\竟赛数学导引 三年级.pdf
3,竞赛数学导引 三年级,7,周期问题,兴趣篇,interest,58,8,★★,0.9881,False,96,long,pattern,recursive_or_sequence,,周期问题|pattern|recursive_or_sequence,4年级及以前高思导引拓展篇及以下难度,low,auto,L2,False,将一些自然数排成一列，其中任意相邻的五个数之和都等于15.已知第一个数等 于1，第二个数等于2，第三个数等于3，第四个数等于4.那么： （1）请写出这个数列的前10项； （2）第100个数等于多少？,C:\Users\admin\Desktop\试卷分析project\参考教材\奥数\竟赛数学导引 三年级.pdf
3,竞赛数学导引 三年级,7,周期问题,兴趣篇,interest,58,9,★★,0.9948,False,91,long,pattern,,,周期问题|pattern,4年级及以前高思导引拓展篇及以下难度,low,auto,L2,False,100位同学从左到右排成一行，然后按如下规律从左向右报数：第一位同学报1，然 后从第二位同学开始，每位同学都把前一位同学所报的数乘以7，再报出乘积的个位.请问：第 100个同学报的是几？,C:\Users\admin\Desktop\试卷分析project\参考教材\奥数\竟赛数学导引 三年级.pdf
3,竞赛数学导引 三年级,7,周期问题,兴趣篇,interest,58,10,★,0.9875,True,247,very_long,pattern,,has_diagram,周期问题|pattern,4年级及以前高思导引拓展篇及以下难度,low,review,L3,False,（1）如图7-5所示，甲、乙两只蚂蚁，分别沿正方形ABCD和AEFG按照顺时针 的方向爬行，甲2分钟能爬完正方形的一条边，乙1分钟能爬完正方形的一条边.现在两只蚂 蚁在A点同时出发，那么50分钟后甲、乙分别在什么位置？ (2）如图7-5所示，如果蚂蚁甲从C点出发，沿着C→D→ A→E→F→G>A→B→C的路线爬行，1分钟能爬完正方形的一 条边；蚂蚁乙从F点出发，沿着F→G→A→B→C→D→A→E→F 的路线爬行，2分钟能爬完正方形的一条边.它们同时出发，90分 钟后蚂蚁甲、蚂蚁乙分别在什么位置？ 图7-5,C:\Users\admin\Desktop\试卷分析project\参考教材\奥数\竟赛数学导引 三年级.pdf
3,竞赛数学导引 三年级,7,周期问题,拓展篇,extension,"58,59",1,★★,0.9905,True,43,short,geometry,,has_diagram|cross_page_question,周期问题|geometry,4年级及以前高思导引拓展篇及以下难度,mid,review,L3,False,图7-6是一行按规律排列的图形.请问：第88个图形应该是什么？ 图7-6 三角形？ 图7-7,C:\Users\admin\Desktop\试卷分析project\参考教材\奥数\竟赛数学导引 三年级.pdf
3,竞赛数学导引 三年级,7,周期问题,拓展篇,extension,59,3,★★,0.9652,True,133,very_long,pattern,,has_diagram,周期问题|pattern,4年级及以前高思导引拓展篇及以下难度,mid,review,L4,False,"如图7-8所示，表格中每行的文字都是循环出现的：第一行是“黎曼假设""4个汉字 不断重复，第二行是“庞加莱猜想”5个汉字不断重复，第三行则是“哥德巴赫猜想""6个汉字不 断重复.请问：第200列从上到下依次是哪3个汉字？ 黎曼 假 设 黎 黎 庞 加 莱 猜 想 庞 莱 猜 哥德巴赫猜想哥德巴 图7-8",C:\Users\admin\Desktop\试卷分析project\参考教材\奥数\竟赛数学导引 三年级.pdf
3,竞赛数学导引 三年级,7,周期问题,拓展篇,extension,59,4,★★,0.9913,False,97,long,geometry,,,周期问题|geometry,4年级及以前高思导引拓展篇及以下难度,mid,auto,L4,False,小高和其他5个小朋友围成一圈，圆圈中央摆放着55个乒乓球.从小高开始，小朋 友们沿逆时针方向依次拿球，每人每次拿3个，直到把乒乓球全部拿完为止（最后剩下的球不 足3个就全拿).小高总共拿到了几个球？,C:\Users\admin\Desktop\试卷分析project\参考教材\奥数\竟赛数学导引 三年级.pdf
3,竞赛数学导引 三年级,7,周期问题,拓展篇,extension,59,5,,0.9467,True,136,very_long,geometry,,has_diagram,周期问题|geometry,4年级及以前高思导引拓展篇及以下难度,mid,review,L4,False,"如图7-9，电子跳蚤每跳一步，可从一个圆圈跳到相邻的圆 圈.现在，一只红跳蚤从标有数“1""的圆圈按顺时针方向跳了100步，落 在一个圆圈里.一只黑跳蚤也从标有数“1""的圆圈起跳，但它是沿着逆 时针方向跳了200步，落在另一个圆圈里.这两个圆圈里的数的乘积是 ? 多少？ （5） 图7-9",C:\Users\admin\Desktop\试卷分析project\参考教材\奥数\竟赛数学导引 三年级.pdf
3,竞赛数学导引 三年级,7,周期问题,拓展篇,extension,60,6,★,0.9943,False,128,very_long,pattern,,,周期问题|pattern,4年级及以前高思导引拓展篇及以下难度,mid,auto,L4,False,（1）工厂的仓库里有80吨货物，这些货物都由同一辆卡车负责运输.第一天往仓 此不停地运下去.第几天的时候，仓库里的货物恰好被运完？ 出了60吨，第二天再运进50吨，第三天又运出了60吨，第四天再运进50吨如此不停地 运下去.第几天的时候，仓库里的货物恰好被运完？,C:\Users\admin\Desktop\试卷分析project\参考教材\奥数\竟赛数学导引 三年级.pdf
3,竞赛数学导引 三年级,7,周期问题,拓展篇,extension,60,7,★,0.9755,False,84,medium,pattern,,,周期问题|pattern,4年级及以前高思导引拓展篇及以下难度,mid,auto,L3,False,一只蜗牛从深30米的井底向上爬，第一天向上爬了6米；第二天休息，于是向下滑 了4米；第三天再向上爬6米；第四天又向下滑4米…按这样的规律进行下去，蜗牛第几天 才能爬到井口？,C:\Users\admin\Desktop\试卷分析project\参考教材\奥数\竟赛数学导引 三年级.pdf
3,竞赛数学导引 三年级,7,周期问题,拓展篇,extension,60,8,★,0.9223,True,67,medium,pattern,,has_diagram,周期问题|pattern,4年级及以前高思导引拓展篇及以下难度,mid,review,L3,False,如图7-10所示，16幅图按规律排成一排，其中前三幅图已经画出，请按规律画出 第16幅图的样子. ? ? 第1幅 第2幅 第3幅 第16幅 图7-10,C:\Users\admin\Desktop\试卷分析project\参考教材\奥数\竟赛数学导引 三年级.pdf
3,竞赛数学导引 三年级,7,周期问题,拓展篇,extension,60,9,,0.9986,False,132,very_long,pattern,,,周期问题|pattern,4年级及以前高思导引拓展篇及以下难度,mid,auto,L4,False,甲、乙、丙、丁兄弟四人各收藏了一些宝石，每天早上他们都要聚在一起，重新分配 宝石，分配的规则是：拥有宝石最多的人分给其他三人每人1颗.如果第1天早上分配完之 后，甲、乙、丙、丁四人分别有10、7、5、4颗宝石，那么第100天早上分配完宝石后，四个人手 中分别有几颗宝石？,C:\Users\admin\Desktop\试卷分析project\参考教材\奥数\竟赛数学导引 三年级.pdf
3,竞赛数学导引 三年级,7,周期问题,拓展篇,extension,61,10,,0.9836,False,60,medium,pattern,,,周期问题|pattern,4年级及以前高思导引拓展篇及以下难度,mid,auto,L3,False,500名士兵排成一排，第一次从左到右1～3循环报数，第二次从左到右1～4循环 报数.请问：既报过1又报过4的士兵有多少名？,C:\Users\admin\Desktop\试卷分析project\参考教材\奥数\竟赛数学导引 三年级.pdf
3,竞赛数学导引 三年级,7,周期问题,拓展篇,extension,61,11,,0.9949,True,43,short,pattern,,has_diagram,周期问题|pattern,4年级及以前高思导引拓展篇及以下难度,mid,review,L3,False,如图7-11，伸出左手，然后从大拇指起开始数数.当数到 200的时候，正好数到哪根手指？,C:\Users\admin\Desktop\试卷分析project\参考教材\奥数\竟赛数学导引 三年级.pdf
3,竞赛数学导引 三年级,7,周期问题,拓展篇,extension,61,12,★,0.9763,False,87,medium,pattern,,,周期问题|pattern,4年级及以前高思导引拓展篇及以下难度,mid,auto,L3,False,（1）今天是星期六，再过60天是星期几？ 图7-11 (2）2010年6月1日是星期二，2010年8月1日是星期几？ （3）2011年3月8日是星期二，2012年3月8日是星期几？,C:\Users\admin\Desktop\试卷分析project\参考教材\奥数\竟赛数学导引 三年级.pdf
3,竞赛数学导引 三年级,7,周期问题,拓展篇,extension,61,13,★,0.9775,False,106,long,pattern,,,周期问题|pattern,4年级及以前高思导引拓展篇及以下难度,mid,auto,L4,False,今天是2011年3月16日星期三，墨莫研究日历时，发现再过1天是2011年3月 17日星期四，再过2天则是2011年3月18日星期五请问： (1）再过多少天才是2011年的儿童节呢？ (2）2009年的儿童节是星期几？,C:\Users\admin\Desktop\试卷分析project\参考教材\奥数\竟赛数学导引 三年级.pdf
3,竞赛数学导引 三年级,7,周期问题,拓展篇,extension,61,14,★,0.9931,False,76,medium,pattern,,,周期问题|pattern,4年级及以前高思导引拓展篇及以下难度,mid,auto,L3,False,哥哥比妹妹大5岁，而且两人生日相同.如果哥哥是1982年6月17日星期四出 生的，那么妹妹是在星期几出生的？妹妹出生后第一次在星期二过生日的时候是哪一年？,C:\Users\admin\Desktop\试卷分析project\参考教材\奥数\竟赛数学导引 三年级.pdf
3,竞赛数学导引 三年级,7,周期问题,超越篇,challenge,62,1,,0.9439,True,69,medium,geometry,,has_diagram,周期问题|geometry,高思导引超越篇难度,high,review,L4,False,观察图7-12中图形的规律，第200个图形应该是下面A、B、C、D四个图形中的 哪一个？ A★ B 十★★+★+☆★+☆+★☆+ c+ D☆ 图7-12,C:\Users\admin\Desktop\试卷分析project\参考教材\奥数\竟赛数学导引 三年级.pdf
3,竞赛数学导引 三年级,7,周期问题,超越篇,challenge,62,2,★,0.9899,True,190,very_long,pattern,,has_diagram,周期问题|pattern,高思导引超越篇难度,high,review,L4,False,如图7-13所示，7个小朋友围成一圈，沿顺时针方向依次编 号为1～7.然后，按如下方法给他们发糖：先给1号小朋友1块糖；然后 沿顺时针方向隔过一个人后，给3号小朋友1块糖；再沿顺时针方向隔 过两个人后，给6号小朋友1块糖；接着又沿顺时针方向隔过一个人后， 给1号小朋友1块糖·如此反复地间隔一个人、两个人，直到1997块 糖全部分完.那么最先发到糖的那位小朋友一共得到了多少块糖？ 图7-13,C:\Users\admin\Desktop\试卷分析project\参考教材\奥数\竟赛数学导引 三年级.pdf
3,竞赛数学导引 三年级,7,周期问题,超越篇,challenge,62,3,★,0.9903,True,74,medium,pattern,,has_diagram,周期问题|pattern,高思导引超越篇难度,high,review,L4,False,如图7-14所示，用红、黄、蓝3种颜色的彩笔，按规律 红黄蓝 红 黄 给表格染色.第20行和第30列交叉处的方格所染的是什么 黄蓝红 颜色？ 红 黄 红 黄 黄 图 7-14,C:\Users\admin\Desktop\试卷分析project\参考教材\奥数\竟赛数学导引 三年级.pdf
3,竞赛数学导引 三年级,7,周期问题,超越篇,challenge,62,4,★,0.9899,False,66,medium,pattern,,,周期问题|pattern,高思导引超越篇难度,high,auto,L4,False,（1）某月有31天，有4个星期二和4个星期五，那么这个月的20日是星期几？ （2）某月的星期二比星期一多，那么这个月的25日是星期几？,C:\Users\admin\Desktop\试卷分析project\参考教材\奥数\竟赛数学导引 三年级.pdf
3,竞赛数学导引 三年级,7,周期问题,超越篇,challenge,63,5,★,0.9845,False,58,medium,pattern,,,周期问题|pattern,高思导引超越篇难度,high,auto,L4,False,500名士兵排成一排，第一次从左到右1～5循环报数，第二次从右到左1～4循环 报数.请问：既报1又报5的士兵有多少名？,C:\Users\admin\Desktop\试卷分析project\参考教材\奥数\竟赛数学导引 三年级.pdf
3,竞赛数学导引 三年级,7,周期问题,超越篇,challenge,63,6,,0.9972,False,90,long,pattern,,,周期问题|pattern,高思导引超越篇难度,high,auto,L4,False,有六十多人站成一行，从左到右由1开始按1～4依次循环报数，然后从右到左由1 开始按1～3依次循环报数，最后发现刚好有12个人既报了1又报了2.请问：这一行最少有 多少人？最多有多少人？,C:\Users\admin\Desktop\试卷分析project\参考教材\奥数\竟赛数学导引 三年级.pdf
3,竞赛数学导引 三年级,7,周期问题,超越篇,challenge,63,7,,0.9941,False,174,very_long,pattern,,,周期问题|pattern,高思导引超越篇难度,high,auto,L4,False,实验室里有两只不同的怪钟，每只钟只有一根指针，而且都是每分钟跳一次.第一 只钟一圈有12个格，格线上依次标着0～11，指针一次跳过2个格（例如从4跳到6).第二只 钟一圈有7个格，格线上依次标着0～6，指针一次跳过3个格.开始时两根指针都指向0，如果 把这看作两根指针第1次指向同一个标数，那么当两根指针第30次指向同一个标数时，它们 的指针指着哪个数字？,C:\Users\admin\Desktop\试卷分析project\参考教材\奥数\竟赛数学导引 三年级.pdf
3,竞赛数学导引 三年级,7,周期问题,超越篇,challenge,63,8,★,0.9156,True,120,very_long,pattern,travel_chain,has_diagram,周期问题|pattern|travel_chain,高思导引超越篇难度,high,review,L4,False,如图7-15，在A、B两地之间有7个车站，一辆列车不停地往返于A、B两地之 间.它从A出发，每天行驶到下一站，到达B地后的下一天又回到7号站，如此反复.已知列车 第4次驶人4号站时是星期六，那么它第20次驶入5号站时是星期几？ —：— B 图7-15,C:\Users\admin\Desktop\试卷分析project\参考教材\奥数\竟赛数学导引 三年级.pdf
3,竞赛数学导引 三年级,8,鸡兔同笼问题一,兴趣篇,interest,64,1,★,0.9959,False,44,short,general,,,鸡兔同笼问题一|general,4年级及以前高思导引拓展篇及以下难度,low,auto,L1,False,1只鸡有1个头2条腿，1只兔子有1个头4条腿.6只鸡和8只兔子一共有多少个 头？多少条腿？,C:\Users\admin\Desktop\试卷分析project\参考教材\奥数\竟赛数学导引 三年级.pdf
3,竞赛数学导引 三年级,8,鸡兔同笼问题一,兴趣篇,interest,64,2,★,0.9765,False,22,short,general,,,鸡兔同笼问题一|general,4年级及以前高思导引拓展篇及以下难度,low,auto,L1,False,鸡、兔共5只，共有14条腿.问鸡、兔各几只？,C:\Users\admin\Desktop\试卷分析project\参考教材\奥数\竟赛数学导引 三年级.pdf
3,竞赛数学导引 三年级,8,鸡兔同笼问题一,兴趣篇,interest,64,3,★,0.9917,False,58,medium,general,,,鸡兔同笼问题一|general,4年级及以前高思导引拓展篇及以下难度,low,auto,L1,False,一只鸡有1个头2条腿，一只兔子有1个头4条腿.如果笼子里的鸡和兔子共有10 个头和26条腿，你知道鸡和兔子各有几只吗？,C:\Users\admin\Desktop\试卷分析project\参考教材\奥数\竟赛数学导引 三年级.pdf
3,竞赛数学导引 三年级,8,鸡兔同笼问题一,兴趣篇,interest,65,5,★,0.9984,False,56,medium,general,,,鸡兔同笼问题一|general,4年级及以前高思导引拓展篇及以下难度,low,auto,L1,False,晨星小学有30间宿舍，其中大宿舍每间住6人，小宿舍每间住4人.如果这些宿舍 一共可以住168人，那么有几间大宿舍？,C:\Users\admin\Desktop\试卷分析project\参考教材\奥数\竟赛数学导引 三年级.pdf
3,竞赛数学导引 三年级,8,鸡兔同笼问题一,兴趣篇,interest,65,6,★,0.9976,False,79,medium,general,,,鸡兔同笼问题一|general,4年级及以前高思导引拓展篇及以下难度,low,auto,L1,False,理想小学150名教师参加新年联欢会，其中有一个趣味游戏，要求男教师2人一组， 女教师3人一组.结果共分了62组，恰好分完.请问：女教师有多少人，男教师有多少人？,C:\Users\admin\Desktop\试卷分析project\参考教材\奥数\竟赛数学导引 三年级.pdf
3,竞赛数学导引 三年级,8,鸡兔同笼问题一,兴趣篇,interest,65,7,★,0.9958,False,40,short,geometry,,,鸡兔同笼问题一|geometry,4年级及以前高思导引拓展篇及以下难度,low,auto,L1,False,墨莫的存钱罐里有5角和1元的硬币共25枚，总钱数为19元.这两种硬币各有多 少枚？,C:\Users\admin\Desktop\试卷分析project\参考教材\奥数\竟赛数学导引 三年级.pdf
3,竞赛数学导引 三年级,8,鸡兔同笼问题一,兴趣篇,interest,65,8,★★,0.9975,False,82,medium,general,,,鸡兔同笼问题一|general,4年级及以前高思导引拓展篇及以下难度,low,auto,L1,False,张老师给幼儿园两个班的孩子分水果.大班每人分得2个苹果和5个橘子，小班每人 分得2个苹果和3个橘子，张老师一共分掉了80个苹果和158个橘子.请问：小班有多少个孩子？,C:\Users\admin\Desktop\试卷分析project\参考教材\奥数\竟赛数学导引 三年级.pdf
3,竞赛数学导引 三年级,8,鸡兔同笼问题一,兴趣篇,interest,65,9,★★,0.9784,False,31,short,general,,,鸡兔同笼问题一|general,4年级及以前高思导引拓展篇及以下难度,low,auto,L1,False,鸡兔同笼，鸡和兔的数量一样多，共有48条腿，求鸡和兔各有几只。,C:\Users\admin\Desktop\试卷分析project\参考教材\奥数\竟赛数学导引 三年级.pdf
3,竞赛数学导引 三年级,8,鸡兔同笼问题一,兴趣篇,interest,65,10,,0.9659,False,61,medium,general,,,鸡兔同笼问题一|general,4年级及以前高思导引拓展篇及以下难度,low,auto,L1,False,动物园里，驼鸟和斑马生活在同一片草地上，斑马的数量是驼鸟的3倍，斑马和舵 鸟一共有140条腿，求斑马有多少匹？驼鸟有多少只？,C:\Users\admin\Desktop\试卷分析project\参考教材\奥数\竟赛数学导引 三年级.pdf
3,竞赛数学导引 三年级,8,鸡兔同笼问题一,拓展篇,extension,66,1,★,0.9726,False,115,long,geometry,,,鸡兔同笼问题一|geometry,4年级及以前高思导引拓展篇及以下难度,mid,auto,L4,False,中国古代数学著作《孙子算经》中记载了这样一道题：“今有雉兔同笼，上有三十五 头，下有九十四足，问雉兔各几何？”这四句的意思就是：有一些小鸡和兔子在同一个笼子里， 从上面看有35个头，从下面看有94条腿.请求出笼中的小鸡和兔子各有几只.,C:\Users\admin\Desktop\试卷分析project\参考教材\奥数\竟赛数学导引 三年级.pdf
3,竞赛数学导引 三年级,8,鸡兔同笼问题一,拓展篇,extension,66,2,★,0.9979,False,69,medium,general,,,鸡兔同笼问题一|general,4年级及以前高思导引拓展篇及以下难度,mid,auto,L3,False,同学们去游乐场游玩，老师用500元钱买了套票和普通票两种门票，普通票10元一 张，套票20元一张，共买了35张.请问：两种门票各买了多少张？,C:\Users\admin\Desktop\试卷分析project\参考教材\奥数\竟赛数学导引 三年级.pdf
3,竞赛数学导引 三年级,8,鸡兔同笼问题一,拓展篇,extension,66,3,★★,0.9936,False,80,medium,general,,,鸡兔同笼问题一|general,4年级及以前高思导引拓展篇及以下难度,mid,auto,L3,False,班主任黄老师和班上的50名同学在中秋晚会上一起吃月饼，黄老师吃了5块月 饼，男生每人吃4块，女生每人吃2块，最后一共吃了135块月饼.问：有几名男生？有几名 女生？,C:\Users\admin\Desktop\试卷分析project\参考教材\奥数\竟赛数学导引 三年级.pdf
3,竞赛数学导引 三年级,8,鸡兔同笼问题一,拓展篇,extension,66,4,★★,0.9919,False,69,medium,general,,,鸡兔同笼问题一|general,4年级及以前高思导引拓展篇及以下难度,mid,auto,L3,False,松鼠妈妈采松籽，晴天每天可以采20个，雨天每天只能采12个.它一连几天一共 采了112个松籽，平均每天采14个.请问：这些天里有几天是雨天？,C:\Users\admin\Desktop\试卷分析project\参考教材\奥数\竟赛数学导引 三年级.pdf
3,竞赛数学导引 三年级,8,鸡兔同笼问题一,拓展篇,extension,66,5,,0.9976,False,108,long,general,,,鸡兔同笼问题一|general,4年级及以前高思导引拓展篇及以下难度,mid,auto,L4,False,猪八戒曾卖过一段时间的牛肉和羊肉，牛肉3文钱一斤，羊肉5文钱一斤.有一天， 钱一斤，把羊肉算成3文钱一斤了，结果那人一共付了100文钱.请问：与实际的价钱相比，猪 八戒是亏了还是赚了？如果赚了，赚多少？如果亏了，亏多少？,C:\Users\admin\Desktop\试卷分析project\参考教材\奥数\竟赛数学导引 三年级.pdf
3,竞赛数学导引 三年级,8,鸡兔同笼问题一,拓展篇,extension,67,6,,0.9981,False,94,long,general,,,鸡兔同笼问题一|general,4年级及以前高思导引拓展篇及以下难度,mid,auto,L4,False,甲、乙两个班去不同的地方春游，甲班每个人需要交10元车钱和15元门票钱，乙 班每个人需要交10元车钱和20元门票钱，结果两个班共收了520元车钱和940元门票钱.问 甲、乙两个班分别有多少人？,C:\Users\admin\Desktop\试卷分析project\参考教材\奥数\竟赛数学导引 三年级.pdf
3,竞赛数学导引 三年级,8,鸡兔同笼问题一,拓展篇,extension,67,7,,0.9982,False,98,long,general,defined_operation,,鸡兔同笼问题一|general|defined_operation,4年级及以前高思导引拓展篇及以下难度,mid,auto,L4,False,墨莫去参加奥运知识竞赛抢答，按规定每答对一题得5分，答错一题倒扣1分.墨 莫答了10道题后，共得到26分.请问：墨莫答对了几道题？ 倒扣1分.小高答了全部的题，却还是20分.请问：他一共答对了几道题？,C:\Users\admin\Desktop\试卷分析project\参考教材\奥数\竟赛数学导引 三年级.pdf
3,竞赛数学导引 三年级,8,鸡兔同笼问题一,拓展篇,extension,67,9,,0.9979,False,139,very_long,general,defined_operation,,鸡兔同笼问题一|general|defined_operation,4年级及以前高思导引拓展篇及以下难度,mid,auto,L4,False,货运公司运送50箱玻璃仪器，合同规定每箱运费20元，但如果有损坏，被损坏的 那一箱不仅不给运费，还要赔偿60元.货运公司最后只得到了760元，请问：损坏了多少箱？ 不合格电视机扣10分.第一小组每天生产电视机100台，四天内共得了1850分.请问：这四 天一共生产了多少台合格电视机？,C:\Users\admin\Desktop\试卷分析project\参考教材\奥数\竟赛数学导引 三年级.pdf
3,竞赛数学导引 三年级,8,鸡兔同笼问题一,拓展篇,extension,67,11,,0.9841,False,36,short,general,,,鸡兔同笼问题一|general,4年级及以前高思导引拓展篇及以下难度,mid,auto,L3,False,鸡兔同笼，鸡比兔子多4只，兔子和鸡的腿数总和为32条.鸡和兔子各有几只？,C:\Users\admin\Desktop\试卷分析project\参考教材\奥数\竟赛数学导引 三年级.pdf
3,竞赛数学导引 三年级,8,鸡兔同笼问题一,拓展篇,extension,"67,68",12,,0.9923,False,41,short,general,,cross_page_question,鸡兔同笼问题一|general,4年级及以前高思导引拓展篇及以下难度,mid,review,L3,False,鸡兔同笼，兔子比鸡多10只，兔子和鸡的腿数总和为100条.鸡和兔子各有几只？ 几只？,C:\Users\admin\Desktop\试卷分析project\参考教材\奥数\竟赛数学导引 三年级.pdf
3,竞赛数学导引 三年级,8,鸡兔同笼问题一,拓展篇,extension,68,14,,0.9989,False,49,medium,general,,,鸡兔同笼问题一|general,4年级及以前高思导引拓展篇及以下难度,mid,auto,L3,False,河边有一群狗追一群鸭子，鸭子的数量是狗的4倍，鸭子的总腿数比狗的总腿数 多20.狗和鸭子各有多少只？,C:\Users\admin\Desktop\试卷分析project\参考教材\奥数\竟赛数学导引 三年级.pdf
3,竞赛数学导引 三年级,8,鸡兔同笼问题一,超越篇,challenge,68,1,,0.9884,False,70,medium,general,,,鸡兔同笼问题一|general,高思导引超越篇难度,high,auto,L4,False,幼儿园里，老师给大班和小班的同学发橘子，大班每人发5个，小班每人发3个.已 知小班比大班多7人，老师总共发了101个橘子，求大班和小班的人数，,C:\Users\admin\Desktop\试卷分析project\参考教材\奥数\竟赛数学导引 三年级.pdf
3,竞赛数学导引 三年级,8,鸡兔同笼问题一,超越篇,challenge,68,2,,0.9991,False,74,medium,geometry,,,鸡兔同笼问题一|geometry,高思导引超越篇难度,high,auto,L4,False,在手工课上，同学们剪出了一些三角形、四边形和五边形的纸片，所有纸片总共有 394条边，其中五边形有2个，四边形比三角形多82个.请问：四边形有多少个？,C:\Users\admin\Desktop\试卷分析project\参考教材\奥数\竟赛数学导引 三年级.pdf
3,竞赛数学导引 三年级,8,鸡兔同笼问题一,超越篇,challenge,68,3,,0.9922,False,96,long,general,,,鸡兔同笼问题一|general,高思导引超越篇难度,high,auto,L4,False,超市里，水果糖每千克卖20元，奶糖每千克卖25元，巧克力糖每千克卖30元.某 天上午，这三种糖一共卖了20千克，总收人是480元.已知奶糖和巧克力糖总共卖了300元， 请问：其中奶糖卖出多少千克？,C:\Users\admin\Desktop\试卷分析project\参考教材\奥数\竟赛数学导引 三年级.pdf
3,竞赛数学导引 三年级,8,鸡兔同笼问题一,超越篇,challenge,69,4,★,0.9923,False,87,medium,general,,,鸡兔同笼问题一|general,高思导引超越篇难度,high,auto,L4,False,蜘蛛、蜻蜓和蝉3种动物一共有21只，蜘蛛有8条腿但没有翅膀，蜻蜓有6条腿和 2对翅膀，蝉有6条腿和1对翅膀，这3种动物一共有140条腿，23对翅膀.请问：这3种动物 各有多少只？,C:\Users\admin\Desktop\试卷分析project\参考教材\奥数\竟赛数学导引 三年级.pdf
3,竞赛数学导引 三年级,8,鸡兔同笼问题一,超越篇,challenge,69,5,,0.9978,False,46,medium,general,,,鸡兔同笼问题一|general,高思导引超越篇难度,high,auto,L4,False,某杂志每期定价5元，全年共出12期.某班一些学生订半年，其余学生订全年，共 班共有多少名学生？,C:\Users\admin\Desktop\试卷分析project\参考教材\奥数\竟赛数学导引 三年级.pdf
3,竞赛数学导引 三年级,8,鸡兔同笼问题一,超越篇,challenge,69,6,,0.994,False,89,medium,general,,,鸡兔同笼问题一|general,高思导引超越篇难度,high,auto,L4,False,中秋节前夕，公司给员工发购物券，市场部每人得到3张月饼券和2张水果券，技 术部每人得到2张月饼券和3张水果券.已知共发了110张月饼券和90张水果券，问：市场部 和技术部各有多少人？,C:\Users\admin\Desktop\试卷分析project\参考教材\奥数\竟赛数学导引 三年级.pdf
3,竞赛数学导引 三年级,8,鸡兔同笼问题一,超越篇,challenge,69,7,,0.9906,False,105,long,general,,,鸡兔同笼问题一|general,高思导引超越篇难度,high,auto,L4,False,商店国庆节促销，汽水的价格由每3瓶3元改为每4瓶3元，而酸奶则是买1瓶送 1瓶.墨莫花28元按照优惠价购买汽水和酸奶若干瓶，其中汽水瓶数比酸奶瓶数的3倍少2 瓶，墨莫发现这比平时便宜了14元.求每瓶酸奶的正常价格，,C:\Users\admin\Desktop\试卷分析project\参考教材\奥数\竟赛数学导引 三年级.pdf
3,竞赛数学导引 三年级,8,鸡兔同笼问题一,超越篇,challenge,69,8,,0.9911,False,58,medium,general,,,鸡兔同笼问题一|general,高思导引超越篇难度,high,auto,L4,False,有鸡和兔子若干只，它们的总腿数比总头数的3倍多8，而鸡的只数的5倍比兔的 只数的4倍少19.问：鸡和兔子一共有多少只？,C:\Users\admin\Desktop\试卷分析project\参考教材\奥数\竟赛数学导引 三年级.pdf
3,竞赛数学导引 三年级,9,等差数列,兴趣篇,interest,70,1,★,0.9857,False,23,short,pattern,recursive_or_sequence,,等差数列|pattern|recursive_or_sequence,4年级及以前高思导引拓展篇及以下难度,low,auto,L2,False,数列2，4，6，8，10，中，50是第几个数？,C:\Users\admin\Desktop\试卷分析project\参考教材\奥数\竟赛数学导引 三年级.pdf
3,竞赛数学导引 三年级,9,等差数列,兴趣篇,interest,70,2,★,0.991,False,25,short,pattern,recursive_or_sequence,,等差数列|pattern|recursive_or_sequence,4年级及以前高思导引拓展篇及以下难度,low,auto,L2,False,数列1，3，5，7，9，11，中，第20项是多少？,C:\Users\admin\Desktop\试卷分析project\参考教材\奥数\竟赛数学导引 三年级.pdf
3,竞赛数学导引 三年级,9,等差数列,兴趣篇,interest,70,3,★,0.938,False,69,medium,counting,,,等差数列|counting,4年级及以前高思导引拓展篇及以下难度,low,auto,L1,False,（1)2，5，8，11，14， 上面是按规律排列的一串数，其中第21项是多少？ （2）把比100大的奇数从小到大排成一列，其中第21个是多少？,C:\Users\admin\Desktop\试卷分析project\参考教材\奥数\竟赛数学导引 三年级.pdf
3,竞赛数学导引 三年级,9,等差数列,兴趣篇,interest,71,4,★,0.9705,True,71,medium,pattern,,has_diagram,等差数列|pattern,4年级及以前高思导引拓展篇及以下难度,low,review,L1,False,如图9-1，有一堆按规律摆放的砖， 从上往下数，第1层有1块砖，第2层有5块 砖，第3层有9块砖·….按照这样的规律，第 19层有多少块砖？ 图9-1,C:\Users\admin\Desktop\试卷分析project\参考教材\奥数\竟赛数学导引 三年级.pdf
3,竞赛数学导引 三年级,9,等差数列,兴趣篇,interest,71,5,★,0.9931,False,47,medium,pattern,recursive_or_sequence,,等差数列|pattern|recursive_or_sequence,4年级及以前高思导引拓展篇及以下难度,low,auto,L2,False,已知一个等差数列第9项等于131，第10项等于137，这个数列的第1项是多少？第 19项是多少？,C:\Users\admin\Desktop\试卷分析project\参考教材\奥数\竟赛数学导引 三年级.pdf
3,竞赛数学导引 三年级,9,等差数列,兴趣篇,interest,71,6,★★,0.9916,False,36,short,pattern,recursive_or_sequence,,等差数列|pattern|recursive_or_sequence,4年级及以前高思导引拓展篇及以下难度,low,auto,L2,False,墨莫先在黑板上写了一个等差数列，刚写完小高就冲上讲台，擦去了其中的大部分,C:\Users\admin\Desktop\试卷分析project\参考教材\奥数\竟赛数学导引 三年级.pdf
3,竞赛数学导引 三年级,9,等差数列,兴趣篇,interest,71,7,★★,0.9926,False,84,medium,pattern,,,等差数列|pattern,4年级及以前高思导引拓展篇及以下难度,low,auto,L1,False,体育课上老师指挥大家排成一排，墨莫站排头，小高站排尾，从排头到排尾依次 报数. （1）如果墨莫报3，小高报25，每位同学报的数都比前一位多2，那么队伍里一共有多 少人？ 少人？,C:\Users\admin\Desktop\试卷分析project\参考教材\奥数\竟赛数学导引 三年级.pdf
3,竞赛数学导引 三年级,9,等差数列,兴趣篇,interest,71,8,★,0.9644,False,63,medium,calculation,,,等差数列|calculation,4年级及以前高思导引拓展篇及以下难度,low,auto,L1,False,计算： (1)1+2+3+4+5+6+7+8+9+10+11+12; (2) 11+12+13+14+15+16+17+18+19.,C:\Users\admin\Desktop\试卷分析project\参考教材\奥数\竟赛数学导引 三年级.pdf
3,竞赛数学导引 三年级,9,等差数列,兴趣篇,interest,72,9,★★,0.7861,False,54,medium,calculation,,,等差数列|calculation,4年级及以前高思导引拓展篇及以下难度,low,auto,L1,False,计算： 06+16+26+6+6+96+96+46+86+66+001（ (2)21+19+17+**+3+1.,C:\Users\admin\Desktop\试卷分析project\参考教材\奥数\竟赛数学导引 三年级.pdf
3,竞赛数学导引 三年级,9,等差数列,兴趣篇,interest,72,10,★★,0.9428,False,38,short,calculation,,,等差数列|计算问题|calculation,4年级及以前高思导引拓展篇及以下难度,low,auto,L1,False,计算： (1)2+6+10+-+90; (2) 41+44+47+***+101.,C:\Users\admin\Desktop\试卷分析project\参考教材\奥数\竟赛数学导引 三年级.pdf
3,竞赛数学导引 三年级,9,等差数列,拓展篇,extension,72,1,★★,0.9865,False,87,medium,pattern,recursive_or_sequence,,等差数列|pattern|recursive_or_sequence,4年级及以前高思导引拓展篇及以下难度,mid,auto,L3,False,（1）一个等差数列共有13项，每一项都比它的前一项大2，并且首项为23.求末项 是多少？ (2）一个等差数列共有13项，每一项都比它的前一项小7，并且末项为125.求首项是 多少？,C:\Users\admin\Desktop\试卷分析project\参考教材\奥数\竟赛数学导引 三年级.pdf
3,竞赛数学导引 三年级,9,等差数列,拓展篇,extension,72,2,★★,0.9857,False,45,medium,pattern,recursive_or_sequence,,等差数列|pattern|recursive_or_sequence,4年级及以前高思导引拓展篇及以下难度,mid,auto,L3,False,一个等差数列的首项为11，第10项为200，这个等差数列的公差等于多少？第19 项等于多少？,C:\Users\admin\Desktop\试卷分析project\参考教材\奥数\竟赛数学导引 三年级.pdf
3,竞赛数学导引 三年级,9,等差数列,拓展篇,extension,72,3,★★,0.9932,False,73,medium,pattern,,,等差数列|pattern,4年级及以前高思导引拓展篇及以下难度,mid,auto,L3,False,墨莫读一本课外书，第一天读了15页，以后每天都比前一天多读3页，最后一天读 了36页，刚好把书读完.请问：墨莫一共读了多少天？这本课外书共有多少页？,C:\Users\admin\Desktop\试卷分析project\参考教材\奥数\竟赛数学导引 三年级.pdf
3,竞赛数学导引 三年级,9,等差数列,拓展篇,extension,73,4,★★,0.9341,False,33,short,calculation,,,等差数列|calculation,4年级及以前高思导引拓展篇及以下难度,mid,auto,L3,False,计算： (1) 3+6+9+12+15+18+21+24+27+30;,C:\Users\admin\Desktop\试卷分析project\参考教材\奥数\竟赛数学导引 三年级.pdf
3,竞赛数学导引 三年级,9,等差数列,拓展篇,extension,73,5,★★,0.9102,False,44,short,calculation,,,等差数列|calculation,4年级及以前高思导引拓展篇及以下难度,mid,auto,L3,False,计算： (1)5+11+17+*+77+83; (2)193+187+181+.*+103.,C:\Users\admin\Desktop\试卷分析project\参考教材\奥数\竟赛数学导引 三年级.pdf
3,竞赛数学导引 三年级,9,等差数列,拓展篇,extension,73,6,,0.9651,True,78,medium,geometry,,has_diagram,等差数列|geometry,4年级及以前高思导引拓展篇及以下难度,mid,review,L3,False,有一堆粗细均匀的圆木， 堆成如图9-2的形状.已知最上面一 第1层 Y YY 层有6根，共堆了25层.请问：这堆圆 第2层 （XXXX 木共有多少根？ 第25层 OO: 图9-2,C:\Users\admin\Desktop\试卷分析project\参考教材\奥数\竟赛数学导引 三年级.pdf
3,竞赛数学导引 三年级,9,等差数列,拓展篇,extension,73,7,,0.9849,False,64,medium,pattern,recursive_or_sequence,,等差数列|pattern|recursive_or_sequence,4年级及以前高思导引拓展篇及以下难度,mid,auto,L3,False,已知一个等差数列第8项等于50，第15项等于71.请问： (1）这个等差数列的第1项是多少？ （2）这个等差数列前10项的和是多少？,C:\Users\admin\Desktop\试卷分析project\参考教材\奥数\竟赛数学导引 三年级.pdf
3,竞赛数学导引 三年级,9,等差数列,拓展篇,extension,73,8,,0.9885,False,37,short,pattern,recursive_or_sequence,,等差数列|pattern|recursive_or_sequence,4年级及以前高思导引拓展篇及以下难度,mid,auto,L3,False,一个等差数列的第1项是21，前7项的和为105，这个数列的第10项是多少？,C:\Users\admin\Desktop\试卷分析project\参考教材\奥数\竟赛数学导引 三年级.pdf
3,竞赛数学导引 三年级,9,等差数列,拓展篇,extension,73,9,,0.9975,False,29,short,pattern,,,等差数列|pattern,4年级及以前高思导引拓展篇及以下难度,mid,auto,L3,False,把248表示成8个连续偶数的和，其中最大的那个偶数是多少？,C:\Users\admin\Desktop\试卷分析project\参考教材\奥数\竟赛数学导引 三年级.pdf
3,竞赛数学导引 三年级,9,等差数列,拓展篇,extension,74,10,,0.9873,False,131,very_long,pattern,,,等差数列|pattern,4年级及以前高思导引拓展篇及以下难度,mid,auto,L4,False,编号为1～9的九个盒子中共放有351颗小玻璃珠，除编号为1的盒子外，每个盒 子里的小玻璃珠都比前一号盒子多同样多的颗数. （1）如果1号盒子内放了11颗小玻璃珠，那么后面的盒子比它前一号的盒子多放几颗？ （2）如果3号盒子内放了23颗小玻璃珠，那么8号盒子中放了几颗？,C:\Users\admin\Desktop\试卷分析project\参考教材\奥数\竟赛数学导引 三年级.pdf
3,竞赛数学导引 三年级,9,等差数列,拓展篇,extension,74,11,★,0.9866,False,150,very_long,pattern,,,等差数列|pattern,4年级及以前高思导引拓展篇及以下难度,mid,auto,L4,False,魔术师表演魔术，刚开始，桌上的盒子里放着3个乒乓球.第一次，他从盒子里拿 个后，又全部放回盒子里.…第十次，他从盒子里拿出10个球，把每个球变成3个后，再全部 放回盒子里.请你算一算，现在盒子里一共有多少个乒乓球？ 高第一个月得到500元工资，以后每月多得45元.两人工作一年后，所得的工资总数相差多少元？,C:\Users\admin\Desktop\试卷分析project\参考教材\奥数\竟赛数学导引 三年级.pdf
3,竞赛数学导引 三年级,9,等差数列,拓展篇,extension,74,13,,0.9923,False,95,long,calculation,recursive_or_sequence,,等差数列|calculation|recursive_or_sequence,4年级及以前高思导引拓展篇及以下难度,mid,auto,L4,False,在一次考试中，第一组同学的分数恰好构成了公差为3的等差数列，总分为609. 卡莉娅发现自己的分数算少了，找老师更正后，加了21分，这时他们的成绩还是一个等差数 列.请问：卡莉娅正确的分数是多少？,C:\Users\admin\Desktop\试卷分析project\参考教材\奥数\竟赛数学导引 三年级.pdf
3,竞赛数学导引 三年级,9,等差数列,拓展篇,extension,74,14,,0.9969,False,51,medium,pattern,recursive_or_sequence,,等差数列|计算问题|pattern|recursive_or_sequence,4年级及以前高思导引拓展篇及以下难度,mid,auto,L3,False,已知一个等差数列的前15项之和为450，前20项之和为750，请问：这个数列的 公差是多少？首项是多少？,C:\Users\admin\Desktop\试卷分析project\参考教材\奥数\竟赛数学导引 三年级.pdf
3,竞赛数学导引 三年级,9,等差数列,超越篇,challenge,75,1,,0.9458,False,74,medium,pattern,,,等差数列|pattern,高思导引超越篇难度,high,auto,L4,False,"图9-3是一个堆放铅笔的“V""形架.如果“V""形架上一共放有210枝铅笔，那么最 上层有多少枝铅笔？ 最上层—→OOO.OOO 第3层 第2层 第1层 图9-3",C:\Users\admin\Desktop\试卷分析project\参考教材\奥数\竟赛数学导引 三年级.pdf
3,竞赛数学导引 三年级,9,等差数列,超越篇,challenge,75,2,,0.9643,False,71,medium,counting,,,等差数列|counting,高思导引超越篇难度,high,auto,L4,False,"下面的各算式是按规律排列的： 1+1,2+3,3+5，1+7,2+9,3+11,1+13,2+15,3+17,, 请写出其中所有结果为98的算式.",C:\Users\admin\Desktop\试卷分析project\参考教材\奥数\竟赛数学导引 三年级.pdf
3,竞赛数学导引 三年级,9,等差数列,超越篇,challenge,75,3,,0.9969,False,71,medium,pattern,,,等差数列|pattern,高思导引超越篇难度,high,auto,L4,False,一串数共有11个，中间数最大.从中间数往前数，一个比一个小2；从中间数往后 数，一个比一个小3.已知这11个数的总和是200，那么中间数是多少？,C:\Users\admin\Desktop\试卷分析project\参考教材\奥数\竟赛数学导引 三年级.pdf
3,竞赛数学导引 三年级,9,等差数列,超越篇,challenge,75,4,,0.9928,True,109,long,geometry,,has_diagram,等差数列|geometry,高思导引超越篇难度,high,review,L4,False,如图9-4，有一个边长为1米的大等 边三角形，将它分割成许多边长为2厘米的小等 第1行 第2行 边三角形.请问： 第3行 (1)边长为2厘米的小等边三角形共有多 少个？ (2）图中所有长度为2厘米的线段的总长度 第50行 是多少？ 图9-4,C:\Users\admin\Desktop\试卷分析project\参考教材\奥数\竟赛数学导引 三年级.pdf
3,竞赛数学导引 三年级,9,等差数列,超越篇,challenge,76,5,★,0.9813,False,68,medium,pattern,,,等差数列|pattern,高思导引超越篇难度,high,auto,L4,False,按规律写出一列算式：1000—1，993一4，986—7，979-10，.如果要保证被减数 比减数大，最多能写出几个算式？请写出最后的算式,C:\Users\admin\Desktop\试卷分析project\参考教材\奥数\竟赛数学导引 三年级.pdf
3,竞赛数学导引 三年级,9,等差数列,超越篇,challenge,76,6,,0.9973,False,85,medium,calculation,recursive_or_sequence,,等差数列|calculation|recursive_or_sequence,高思导引超越篇难度,high,auto,L4,False,在一次数学竞赛中，获得一等奖的八名同学的分数恰好构成等差数列，总分为 656，且第一名的分数超过了90分（满分100分）.已知同学们的分数都是整数，那么第三名的 分数是多少？,C:\Users\admin\Desktop\试卷分析project\参考教材\奥数\竟赛数学导引 三年级.pdf
3,竞赛数学导引 三年级,9,等差数列,超越篇,challenge,76,7,★,0.9953,False,97,long,pattern,recursive_or_sequence,,等差数列|pattern|recursive_or_sequence,高思导引超越篇难度,high,auto,L4,False,三年级一班期末数学考试中，前10名的成绩恰好构成一个等差数列.已知考试满 分100分，每个同学的得分都是整数，而且第3、4、5、6名一共得了354分，又知道小高得了 96分，那么第10名得了多少分？,C:\Users\admin\Desktop\试卷分析project\参考教材\奥数\竟赛数学导引 三年级.pdf
3,竞赛数学导引 三年级,9,等差数列,超越篇,challenge,76,8,,0.9965,False,220,very_long,pattern,recursive_or_sequence,,等差数列|计算问题|pattern|recursive_or_sequence,高思导引超越篇难度,high,auto,L4,False,王老师给小区里的一些小朋友发游戏卡片，这些小朋友得到的卡片数目恰好构成 一个等差数列.小高发现自已分到的最少，于是找王老师要卡片，王老师给小高加了36张，这 时所有小朋友的卡片数也构成一个等差数列；变化后，墨莫的卡片最少，于是向王老师要来18 张，这时所有小朋友的卡片数仍构成一个等差数列.又已知在发卡片的过程中，每个小朋友手 中的卡片都没有超过100张，而且刚开始时有人拿的卡片数超过了90张.请问：王老师开始 时发给墨莫的卡片比发给小高的多几张？,C:\Users\admin\Desktop\试卷分析project\参考教材\奥数\竟赛数学导引 三年级.pdf
3,竞赛数学导引 三年级,10,几何图形的认知,兴趣篇,interest,77,1,★,0.9925,True,25,short,geometry,,has_diagram,几何图形的认知|geometry,4年级及以前高思导引拓展篇及以下难度,low,review,L1,False,正三角形、正方形和正五边形中，哪个图形的内角最大？,C:\Users\admin\Desktop\试卷分析project\参考教材\奥数\竟赛数学导引 三年级.pdf
3,竞赛数学导引 三年级,10,几何图形的认知,兴趣篇,interest,77,2,★,0.983,True,53,medium,geometry,,has_diagram,几何图形的认知|geometry,4年级及以前高思导引拓展篇及以下难度,low,review,L1,False,请在图10-1中分别画出三角形、长方形、正方形、平行四边形和梯形，其中每个图 形的两条边已经画出， 图10-1,C:\Users\admin\Desktop\试卷分析project\参考教材\奥数\竟赛数学导引 三年级.pdf
3,竞赛数学导引 三年级,10,几何图形的认知,兴趣篇,interest,77,3,★,0.9888,True,36,short,geometry,,has_diagram,几何图形的认知|geometry,4年级及以前高思导引拓展篇及以下难度,low,review,L1,False,根据图10-2中的几个图形的变化规律，在横线上画出适当的图形. 图10-2,C:\Users\admin\Desktop\试卷分析project\参考教材\奥数\竟赛数学导引 三年级.pdf
3,竞赛数学导引 三年级,10,几何图形的认知,兴趣篇,interest,78,4,★,0.9893,True,25,short,geometry,,has_diagram,几何图形的认知|geometry,4年级及以前高思导引拓展篇及以下难度,low,review,L1,False,如图10-3，数一数，图中共有多少个角？ 图10-3,C:\Users\admin\Desktop\试卷分析project\参考教材\奥数\竟赛数学导引 三年级.pdf
3,竞赛数学导引 三年级,10,几何图形的认知,兴趣篇,interest,78,5,★,0.9934,True,71,medium,geometry,,has_diagram,几何图形的认知|geometry,4年级及以前高思导引拓展篇及以下难度,low,review,L1,False,如图10-4，将一个边长为4厘米的正方形对折，再沿折线剪开，得到两个长方形.请 问：这两个长方形的周长之和比原来正方形的周长多几厘米？ 图10-4,C:\Users\admin\Desktop\试卷分析project\参考教材\奥数\竟赛数学导引 三年级.pdf
3,竞赛数学导引 三年级,10,几何图形的认知,兴趣篇,interest,78,6,★★,0.9913,False,41,short,geometry,,,几何图形的认知|geometry,4年级及以前高思导引拓展篇及以下难度,low,auto,L1,False,用7根长度都是1寸的火柴棒拼成了一个三角形.请问：这个三角形的三条边长分 别是多少？,C:\Users\admin\Desktop\试卷分析project\参考教材\奥数\竟赛数学导引 三年级.pdf
3,竞赛数学导引 三年级,10,几何图形的认知,兴趣篇,interest,78,7,★★,0.9676,False,80,medium,geometry,case_analysis|geometry_transform,,几何图形的认知|geometry|case_analysis|geometry_transform,4年级及以前高思导引拓展篇及以下难度,low,auto,L3,False,有两个相同的直角三角形纸片，三条边分别为3厘米、4厘米和5厘米.不许折叠， 用这两个直角三角形可以拼成几种平行四边形（经过旋转或翻转后相同的平行四边形算同一 种）？,C:\Users\admin\Desktop\试卷分析project\参考教材\奥数\竟赛数学导引 三年级.pdf
3,竞赛数学导引 三年级,10,几何图形的认知,兴趣篇,interest,78,8,★,0.9113,True,44,short,geometry,,has_diagram,几何图形的认知|geometry,4年级及以前高思导引拓展篇及以下难度,low,review,L1,False,图10-5中哪些是三角形？哪些是长方形？哪些是平行四边形？哪些是菱形？ ② ③ ④ ? 图10-5,C:\Users\admin\Desktop\试卷分析project\参考教材\奥数\竟赛数学导引 三年级.pdf
3,竞赛数学导引 三年级,10,几何图形的认知,兴趣篇,interest,79,9,★,0.9883,True,42,short,geometry,,has_diagram,几何图形的认知|geometry,4年级及以前高思导引拓展篇及以下难度,low,review,L1,False,图10-6的“金字塔”和图10-7的正八面体各有几条棱，几个面？ 图10-6 图10-7,C:\Users\admin\Desktop\试卷分析project\参考教材\奥数\竟赛数学导引 三年级.pdf
3,竞赛数学导引 三年级,10,几何图形的认知,兴趣篇,interest,79,10,,0.9938,True,65,medium,geometry,case_analysis,has_diagram,几何图形的认知|几何问题|geometry|case_analysis,4年级及以前高思导引拓展篇及以下难度,low,review,L2,False,一个正方体的六个面上分别写着A、B、C、D、E、F六个字母.请你根据图10-8 的三种摆放情况，判断每个字母的对面是什么？ 图10-8,C:\Users\admin\Desktop\试卷分析project\参考教材\奥数\竟赛数学导引 三年级.pdf
3,竞赛数学导引 三年级,10,几何图形的认知,拓展篇,extension,79,1,★,0.9913,True,38,short,geometry,,has_diagram,几何图形的认知|geometry,4年级及以前高思导引拓展篇及以下难度,mid,review,L3,False,如图10－9，数一数，图中共有多少个直角？多少个锐角？多少个钝角？ 图10-9,C:\Users\admin\Desktop\试卷分析project\参考教材\奥数\竟赛数学导引 三年级.pdf
3,竞赛数学导引 三年级,10,几何图形的认知,拓展篇,extension,79,2,★,0.996,True,29,short,geometry,,has_diagram,几何图形的认知|geometry,4年级及以前高思导引拓展篇及以下难度,mid,review,L3,False,如图10-10，数一数，图中共有多少个正方形？ 图10-10,C:\Users\admin\Desktop\试卷分析project\参考教材\奥数\竟赛数学导引 三年级.pdf
3,竞赛数学导引 三年级,10,几何图形的认知,拓展篇,extension,80,3,★★,0.9646,False,57,medium,geometry,,,几何图形的认知|geometry,4年级及以前高思导引拓展篇及以下难度,mid,auto,L3,False,用两个完全相同的，各边长分别为3、4、5的直角三角形纸片，可以拼成多少种不同的 （1）等腰三角形？ (2）平行四边形？,C:\Users\admin\Desktop\试卷分析project\参考教材\奥数\竟赛数学导引 三年级.pdf
3,竞赛数学导引 三年级,10,几何图形的认知,拓展篇,extension,80,4,★★,0.9954,True,92,long,geometry,,has_diagram,几何图形的认知|geometry,4年级及以前高思导引拓展篇及以下难度,mid,review,L4,False,如图10-11，一张长方形纸片，长为2，宽为1，A点是长边上的中点.沿着图中虚线 将这张纸片剪成两块，再将这两块重新组合（不能重叠），可以拼成哪些你熟悉的图形？请将 它们画出来 图10-11,C:\Users\admin\Desktop\试卷分析project\参考教材\奥数\竟赛数学导引 三年级.pdf
3,竞赛数学导引 三年级,10,几何图形的认知,拓展篇,extension,80,5,,0.9954,True,122,very_long,geometry,,has_diagram,几何图形的认知|geometry,4年级及以前高思导引拓展篇及以下难度,mid,review,L4,False,如图10-12，将正方形纸片沿对角线对折一次，得到一个等腰直角三角形；再对折 一次，得到一个较小的三角形；最后，再对折一次，然后将所得的小等腰直角形用剪刀沿斜边 上的高线剪开.那么展开后，原来的正方形纸片一共被剪成了几片？都是什么图形？ 图10-12,C:\Users\admin\Desktop\试卷分析project\参考教材\奥数\竟赛数学导引 三年级.pdf
3,竞赛数学导引 三年级,10,几何图形的认知,拓展篇,extension,80,6,★★,0.9897,False,35,short,geometry,,,几何图形的认知|geometry,4年级及以前高思导引拓展篇及以下难度,mid,auto,L3,False,用12个边长为1的小正方形拼一个大长方形，这个长方形的周长最短是多少？,C:\Users\admin\Desktop\试卷分析project\参考教材\奥数\竟赛数学导引 三年级.pdf
3,竞赛数学导引 三年级,10,几何图形的认知,拓展篇,extension,80,7,★★,0.962,True,23,short,geometry,,has_diagram,几何图形的认知|geometry,4年级及以前高思导引拓展篇及以下难度,mid,review,L3,False,如图10-13，用4个完全相同的边长分别为5、,C:\Users\admin\Desktop\试卷分析project\参考教材\奥数\竟赛数学导引 三年级.pdf
3,竞赛数学导引 三年级,10,几何图形的认知,拓展篇,extension,80,12,,0.9859,True,32,short,geometry,,has_diagram,几何图形的认知|geometry,4年级及以前高思导引拓展篇及以下难度,mid,review,L3,False,13的直角三角形拼成一个“风车”，求这个风车的周长， 图10-13,C:\Users\admin\Desktop\试卷分析project\参考教材\奥数\竟赛数学导引 三年级.pdf
3,竞赛数学导引 三年级,10,几何图形的认知,拓展篇,extension,81,8,★★,0.9968,False,74,medium,geometry,,,几何图形的认知|geometry,4年级及以前高思导引拓展篇及以下难度,mid,auto,L3,False,一个等腰三角形的两条边的长度分别是3和4，那么这个三角形的周长可能是多 少？另外一个等腰三角形的两条边的长度分别是4和9，这个三角形的周长可能是多少？,C:\Users\admin\Desktop\试卷分析project\参考教材\奥数\竟赛数学导引 三年级.pdf
3,竞赛数学导引 三年级,10,几何图形的认知,拓展篇,extension,81,9,★★,0.9972,False,30,short,geometry,case_analysis,,几何图形的认知|geometry|case_analysis,4年级及以前高思导引拓展篇及以下难度,mid,auto,L3,False,周长是12，各边长都是整数的等腰三角形有几种？长方形有几种？,C:\Users\admin\Desktop\试卷分析project\参考教材\奥数\竟赛数学导引 三年级.pdf
3,竞赛数学导引 三年级,10,几何图形的认知,拓展篇,extension,81,10,,0.9959,True,64,medium,geometry,,has_diagram,几何图形的认知|geometry,4年级及以前高思导引拓展篇及以下难度,mid,review,L3,False,图10-14中的四个正方体标字母的方式是完全相同的，请你利用图中已知的信 息，判断A、B、C的对面分别标的是哪个字母？ 图10-14,C:\Users\admin\Desktop\试卷分析project\参考教材\奥数\竟赛数学导引 三年级.pdf
3,竞赛数学导引 三年级,10,几何图形的认知,拓展篇,extension,81,11,,0.9826,True,162,very_long,geometry,,has_diagram,几何图形的认知|geometry,4年级及以前高思导引拓展篇及以下难度,mid,review,L4,False,如图10－15，第1个方格内放着一个正方体木块，木块六个面上分别写着 ABCDEF六个字母，其中A与D相对，B与E相对，C与F相对.现在将木块标有字母A的 那个面朝上，标有字母D的那个面朝下放在第1个方格内，然后让木块按照箭头指向，沿着图 中方格滚动.当木块滚到21格时，木块向上的面上写的是哪个字母？ 21/20/19 图10-15,C:\Users\admin\Desktop\试卷分析project\参考教材\奥数\竟赛数学导引 三年级.pdf
3,竞赛数学导引 三年级,10,几何图形的认知,拓展篇,extension,"81,82",12,,0.9586,True,124,very_long,geometry,,has_diagram|cross_page_question,几何图形的认知|geometry,4年级及以前高思导引拓展篇及以下难度,mid,review,L4,False,如图10-16，在一个正方体的表面上写着1～6这6个自然数，并且1对着4，2对 着5，3对着6.现在将正方体的一些棱剪开，使它的表面展开图如图10-17所示.如果只知道 1和2所在的面，那么6应该在哪个面上（写出字母代号）？ H D 图10-16 图10-17,C:\Users\admin\Desktop\试卷分析project\参考教材\奥数\竟赛数学导引 三年级.pdf
3,竞赛数学导引 三年级,10,几何图形的认知,拓展篇,extension,82,13,,0.9935,True,42,short,geometry,,has_diagram,几何图形的认知|geometry,4年级及以前高思导引拓展篇及以下难度,mid,review,L3,False,图10－18是一个立体图形的展开图，请问：原来立体图形的棱和面各有多少？ 图10-18,C:\Users\admin\Desktop\试卷分析project\参考教材\奥数\竟赛数学导引 三年级.pdf
3,竞赛数学导引 三年级,10,几何图形的认知,拓展篇,extension,82,14,,0.9833,False,136,very_long,geometry,,,几何图形的认知|几何问题|geometry,4年级及以前高思导引拓展篇及以下难度,mid,auto,L4,False,一个棱长为4厘米的正方体木块，将其6个面都涂满红漆，然后把它锯成棱长为1 厘米的小正方体.请问，在这些小正方体中： （1）3面涂上红色的有多少块？ (2）只有2面涂上红色的有多少块？ (3）只有1面涂上红色的有多少块？ （4）没有涂色的有多少块？ （5）至少有1面涂上红色的有多少块？,C:\Users\admin\Desktop\试卷分析project\参考教材\奥数\竟赛数学导引 三年级.pdf
3,竞赛数学导引 三年级,10,几何图形的认知,超越篇,challenge,"82,83",1,★★,0.9896,True,84,medium,geometry,,has_diagram|cross_page_question,几何图形的认知|geometry,高思导引超越篇难度,high,review,L4,False,图10－19是一个任意形状的三角形ABC，可以把它折叠成如图所示的长方形，使得 A、B、C都重合在BC上P这一点.请在三角形ABC中标出P点的位置，并画出折痕 图10-19,C:\Users\admin\Desktop\试卷分析project\参考教材\奥数\竟赛数学导引 三年级.pdf
3,竞赛数学导引 三年级,10,几何图形的认知,超越篇,challenge,83,2,★★,0.9833,False,68,medium,geometry,,,几何图形的认知|geometry,高思导引超越篇难度,high,auto,L4,False,请尝试：（1）把一个正方形折叠一次后变成一个二角形； （2）把一个正方形折叠一次后变成一个长方形； （3）把一个正方形折叠一次后变成一个梯形,C:\Users\admin\Desktop\试卷分析project\参考教材\奥数\竟赛数学导引 三年级.pdf
3,竞赛数学导引 三年级,10,几何图形的认知,超越篇,challenge,83,3,,0.9739,True,44,short,geometry,,has_diagram,几何图形的认知|geometry,高思导引超越篇难度,high,review,L4,False,如图10－20，有5个完全相同的般子摆成一排，5个骰子底面的点数之和是多少？ 图10-20,C:\Users\admin\Desktop\试卷分析project\参考教材\奥数\竟赛数学导引 三年级.pdf
3,竞赛数学导引 三年级,10,几何图形的认知,超越篇,challenge,83,4,,0.9868,True,122,very_long,calculation,case_analysis,has_diagram,几何图形的认知|calculation|case_analysis,高思导引超越篇难度,high,review,L4,False,如图10-21，在正方体的6个表面上写有计算机字体的1～6（虚线表示通过透视 所能看到的情况).现在将这个正方体剪开，如图10－22所示，请你在剩下的5个方格中标出 数字1～5，请注意这些数字的方向要和原来的正方体保持一致. 图10-21 图10-22,C:\Users\admin\Desktop\试卷分析project\参考教材\奥数\竟赛数学导引 三年级.pdf
3,竞赛数学导引 三年级,10,几何图形的认知,超越篇,challenge,83,5,,0.9935,True,60,medium,geometry,,has_diagram,几何图形的认知|geometry,高思导引超越篇难度,high,review,L4,False,如图10－23，一个正方体的8个顶点被截去后，得到一个新的几何体.这个新的几 何体有几个面？几个顶点？几条棱？ 图10-23,C:\Users\admin\Desktop\试卷分析project\参考教材\奥数\竟赛数学导引 三年级.pdf
3,竞赛数学导引 三年级,10,几何图形的认知,超越篇,challenge,84,6,★,0.9729,False,71,medium,geometry,,,几何图形的认知|geometry,高思导引超越篇难度,high,auto,L4,False,有一个3×4×5的长方体，先把其中相邻的两个面染红，再把它切成60个1×1×1 的小正方体.请问：这些小正方体中最多有多少个是恰有一面被染红的？,C:\Users\admin\Desktop\试卷分析project\参考教材\奥数\竟赛数学导引 三年级.pdf
3,竞赛数学导引 三年级,10,几何图形的认知,超越篇,challenge,84,7,,0.9525,True,120,very_long,geometry,geometry_transform,has_diagram,几何图形的认知|geometry|geometry_transform,高思导引超越篇难度,high,review,L4,False,婪将一个正方体纸盒的某些棱剪开后，可以将其平铺成一个“平面展开图”，也就是 由6个正方形连接起来的一整张纸片.那么正方体的平面展开图一共有多少种？请全部画出 来.（注意：如果经过旋转或者翻转后，两个展开图可以完全重合，那么只能算作一种平面 图形),C:\Users\admin\Desktop\试卷分析project\参考教材\奥数\竟赛数学导引 三年级.pdf
3,竞赛数学导引 三年级,10,几何图形的认知,超越篇,challenge,84,8,,0.9863,True,245,very_long,geometry,,has_diagram,几何图形的认知|几何问题|geometry,高思导引超越篇难度,high,review,L4,False,如图10-24所示，边长为3厘米的大正方体是由边长为1厘米的小正方体组成. 已知A、B、C、D、E、F、G、H是正方体的八个顶点，P是ABCD面上的中心，请回答下列 问题： （1）如图10-25所示，用一个通过P、E、F三点的平面将大正方体切开，这时切开的面 是什么形状？此时一共还剩下多少个完整的小正方体(边长为1厘米)？ (2）如图10-26所示，用一个通过P、A、C、F四点的平面将大正方体切开，这时切开的 面是什么形状？此时一共还剩下多少个完整的小正方体？ F 图10-24 图10-25 图10-26,C:\Users\admin\Desktop\试卷分析project\参考教材\奥数\竟赛数学导引 三年级.pdf
3,竞赛数学导引 三年级,11,盈亏问题一,兴趣篇,interest,85,1,★,0.9972,False,92,long,general,,,盈亏问题一|general,4年级及以前高思导引拓展篇及以下难度,low,auto,L2,False,绵羊村村长给羊羊们发青草丸子，每只羊分到的同样多，还剩下20个青草丸子.后 来又来了1只小山羊，村长也发给它同样多的青草丸子，这时只剩下10个青草丸子了.请问： 每只羊分到多少个青草丸子？,C:\Users\admin\Desktop\试卷分析project\参考教材\奥数\竟赛数学导引 三年级.pdf
3,竞赛数学导引 三年级,11,盈亏问题一,兴趣篇,interest,85,2,★,0.998,False,92,long,general,,,盈亏问题一|general,4年级及以前高思导引拓展篇及以下难度,low,auto,L2,False,绵羊村村长给羊羊们发青草蛋糕，每只羊分到的同样多，还剩下10块青草蛋糕.后 来又来了2只小山羊，村长也发给它们同样多的青草蛋糕，这时青草蛋糕恰好全部分完.请 问：每只羊分到多少块青草蛋糕？,C:\Users\admin\Desktop\试卷分析project\参考教材\奥数\竟赛数学导引 三年级.pdf
3,竞赛数学导引 三年级,11,盈亏问题一,兴趣篇,interest,86,3,★,0.9948,False,89,medium,general,,,盈亏问题一|general,4年级及以前高思导引拓展篇及以下难度,low,auto,L1,False,老师给同学们发作业本，每人发了同样多的作业本后，还剩下20本.后来给新来的2 个同学也发了同样数目的作业本，就只剩下12本了.请问：每个人发了几本？剩下的作业本 还能再发给几个同学？,C:\Users\admin\Desktop\试卷分析project\参考教材\奥数\竟赛数学导引 三年级.pdf
3,竞赛数学导引 三年级,11,盈亏问题一,兴趣篇,interest,86,4,★,0.9955,False,74,medium,general,,,盈亏问题一|general,4年级及以前高思导引拓展篇及以下难度,low,auto,L1,False,老师把一堆苹果分给小朋友，每人分到的同样多，如果分给9个人，那么还剩下21 个苹果；如果分给12个人，就只剩下12个苹果.请问：这堆苹果一共有多少个？,C:\Users\admin\Desktop\试卷分析project\参考教材\奥数\竟赛数学导引 三年级.pdf
3,竞赛数学导引 三年级,11,盈亏问题一,兴趣篇,interest,86,5,★,0.9908,False,73,medium,general,,,盈亏问题一|general,4年级及以前高思导引拓展篇及以下难度,low,auto,L1,False,把一些桃子分给猴子们，每只猴子分到的一样多，如果分给5只猴子，那么还剩下12 个桃子；如果分给7只猴子，就会缺4个桃子.问：每只猴子分到多少个桃子？,C:\Users\admin\Desktop\试卷分析project\参考教材\奥数\竟赛数学导引 三年级.pdf
3,竞赛数学导引 三年级,11,盈亏问题一,兴趣篇,interest,86,6,★★,0.9966,False,121,very_long,general,,,盈亏问题一|general,4年级及以前高思导引拓展篇及以下难度,low,auto,L3,False,老师拿来一些香蕉，分给每个学生5根之后，还剩下6根.于是老师又拿来了4根 香蕉，正好能给每个人再分1根.问：一共有多少个学生？开始老师拿来了多少根香蕉？ 地方住；如果每间宿舍安排6个人，那么还有3个人没地方住.请问：一共有多少间宿舍？多 少个学生？,C:\Users\admin\Desktop\试卷分析project\参考教材\奥数\竟赛数学导引 三年级.pdf
3,竞赛数学导引 三年级,11,盈亏问题一,兴趣篇,interest,86,8,★,0.9967,False,68,medium,general,,,盈亏问题一|general,4年级及以前高思导引拓展篇及以下难度,low,auto,L1,False,运动会上，班长给参赛选手发矿泉水，如果每名选手分4瓶水，那么还多5瓶；如果 每名选手分5瓶水，就会缺少3瓶.请问：有多少名选手？多少瓶水？,C:\Users\admin\Desktop\试卷分析project\参考教材\奥数\竟赛数学导引 三年级.pdf
3,竞赛数学导引 三年级,11,盈亏问题一,兴趣篇,interest,87,9,★★,0.9939,False,36,short,general,,,盈亏问题一|general,4年级及以前高思导引拓展篇及以下难度,low,auto,L1,False,某车队买回了一些新轮胎，要是把每辆车的2个前胎全部换掉，还能剩下20个轮,C:\Users\admin\Desktop\试卷分析project\参考教材\奥数\竟赛数学导引 三年级.pdf
3,竞赛数学导引 三年级,11,盈亏问题一,兴趣篇,interest,87,10,★★,0.9935,False,87,medium,general,,,盈亏问题一|general,4年级及以前高思导引拓展篇及以下难度,low,auto,L1,False,张老师拿着一些图片发给大家，开始想给每个小朋友5张图片，结果发现差了12 张，所以只能给每个小朋友3张图片，这样还能剩下4张.请问：一共有多少个小朋友？张老 师一共有多少张图片？,C:\Users\admin\Desktop\试卷分析project\参考教材\奥数\竟赛数学导引 三年级.pdf
3,竞赛数学导引 三年级,11,盈亏问题一,拓展篇,extension,87,1,★,0.9891,False,81,medium,general,,,盈亏问题一|general,4年级及以前高思导引拓展篇及以下难度,mid,auto,L3,False,老师拿来很多张剪纸，分给5个同学，每人分到的一样多，还剩下22张.后来又来了 2个同学，分给他们每人同样多的剪纸后，就只剩下6张了.请问：老师一共拿来了多少张 剪纸？,C:\Users\admin\Desktop\试卷分析project\参考教材\奥数\竟赛数学导引 三年级.pdf
3,竞赛数学导引 三年级,11,盈亏问题一,拓展篇,extension,87,2,★★,0.9827,False,59,medium,geometry,,,盈亏问题一|geometry,4年级及以前高思导引拓展篇及以下难度,mid,auto,L3,False,萱萱去文具店买水彩笔，如果买7枝，还能剩7元9角钱；后来萱萱决定买13枝， 结果只剩1角钱.请问：萱萱一共带了多少元钱？,C:\Users\admin\Desktop\试卷分析project\参考教材\奥数\竟赛数学导引 三年级.pdf
3,竞赛数学导引 三年级,11,盈亏问题一,拓展篇,extension,"87,88",3,★★,0.9976,False,143,very_long,general,,cross_page_question,盈亏问题一|general,4年级及以前高思导引拓展篇及以下难度,mid,review,L4,False,某仓库开来了几辆货车，工人们都去卸货，每辆货车分配的工人一样多，剩下30名 工人；后来又来了6辆货车要卸货，结果缺6名工人.请问：每辆货车分配了几名工人？ 片面包之后，还剩下半袋.后来又来了5个同学，老师发现还要再买两袋面包，才够给新来的 同学每人发同样多的面包.问：老师开始准备了几袋面包？,C:\Users\admin\Desktop\试卷分析project\参考教材\奥数\竟赛数学导引 三年级.pdf
3,竞赛数学导引 三年级,11,盈亏问题一,拓展篇,extension,88,5,★★,0.9874,False,72,medium,general,,,盈亏问题一|general,4年级及以前高思导引拓展篇及以下难度,mid,auto,L3,False,一个运输班有9个人，如果每个人背的钢盔数都相同，正好能够把全部钢盔背上； 不变，那么一共就能比原来再多背10个钢盔.请问：开始时一共有多少个钢盔？,C:\Users\admin\Desktop\试卷分析project\参考教材\奥数\竟赛数学导引 三年级.pdf
3,竞赛数学导引 三年级,11,盈亏问题一,拓展篇,extension,88,6,,0.9989,False,130,very_long,general,,,盈亏问题一|general,4年级及以前高思导引拓展篇及以下难度,mid,auto,L4,False,过年了，某工厂打算拿出一笔钱给表现优秀的工人发奖金，每人发同样多的钱.开 始一数，共有40名优秀的工人，按原计划发完奖之后还能剩下400元.后来发现少统计了10 名优秀工人，结果总钱数不够了，还缺500元.如果公司只有这么些奖金，那么只能给每名优 秀工人发多少元钱？,C:\Users\admin\Desktop\试卷分析project\参考教材\奥数\竟赛数学导引 三年级.pdf
3,竞赛数学导引 三年级,11,盈亏问题一,拓展篇,extension,88,7,,0.983,False,69,medium,general,,,盈亏问题一|general,4年级及以前高思导引拓展篇及以下难度,mid,auto,L3,False,老师拿来一批树苗，分给同学们去种，每人分8棵树苗，最后还剩下6棵.如果再拿 来18棵，正好可以给每个同学再分2棵.请问：原来共有多少棵树苗？,C:\Users\admin\Desktop\试卷分析project\参考教材\奥数\竟赛数学导引 三年级.pdf
3,竞赛数学导引 三年级,11,盈亏问题一,拓展篇,extension,88,8,★★,0.9978,False,52,medium,general,,,盈亏问题一|general,4年级及以前高思导引拓展篇及以下难度,mid,auto,L3,False,裁缝做衣服，他已经做好了一些西服，现在要往上面缝扣子.如果每件西服缝3个 少个扣子？他已经做好了几件西服？,C:\Users\admin\Desktop\试卷分析project\参考教材\奥数\竟赛数学导引 三年级.pdf
3,竞赛数学导引 三年级,11,盈亏问题一,拓展篇,extension,"88,89",9,★★,0.9968,False,177,very_long,general,,cross_page_question,盈亏问题一|general,4年级及以前高思导引拓展篇及以下难度,mid,review,L4,False,小张准备了一些钱买CD光盘，如果每张CD光盘的价格是30元，买完后还能剩下 10元钱.结果CD光盘的实际价格是40元一张，所以他还需回家再取50元才正好够.请问： 小张原来准备了多少钱？ 要花费2600元，需要的总钱数比奖金还多500元.于是只能改去桂林，这样每人只需要花费 2300元，结果还能剩下400元.请问：小明全家一共有多少人？爸爸一共拿了多少元奖金？,C:\Users\admin\Desktop\试卷分析project\参考教材\奥数\竟赛数学导引 三年级.pdf
3,竞赛数学导引 三年级,11,盈亏问题一,拓展篇,extension,89,11,,0.9896,False,80,medium,general,,,盈亏问题一|general,4年级及以前高思导引拓展篇及以下难度,mid,auto,L3,False,小高请三名同学一起去看电影，买完票之后还剩下一张10元、一张5元和两张1 元.这时又来了两名同学，小高想请他们一起看，可是发现还差3元钱.请问：小高一共有多 少钱？,C:\Users\admin\Desktop\试卷分析project\参考教材\奥数\竟赛数学导引 三年级.pdf
3,竞赛数学导引 三年级,11,盈亏问题一,拓展篇,extension,89,12,,0.9958,False,219,very_long,general,,,盈亏问题一|general,4年级及以前高思导引拓展篇及以下难度,mid,auto,L4,False,过年了，爷爷给小健一些压岁钱，都是10元的新钞票，小健数了一下，如果买6元 一本的普通版《加菲猫》漫画，买一整套之后，还能剩下5张新钞票；要是改买10元一本的精 装版，买一整套之后，就只剩下10元了.请问：小健一共得了多少压岁钱？（一套普通版和一 套精装版的本数一样多，只是包装不一样） （1）如果每户农家住5个学生，就会空出3个床位.这批学生一共有多少人？ （2）如果每户农家住5个学生，最后2个农家就正好空着没有学生住了.这批学生一共有 多少人？,C:\Users\admin\Desktop\试卷分析project\参考教材\奥数\竟赛数学导引 三年级.pdf
3,竞赛数学导引 三年级,11,盈亏问题一,拓展篇,extension,89,14,,0.9984,False,84,medium,general,,,盈亏问题一|general,4年级及以前高思导引拓展篇及以下难度,mid,auto,L3,False,有两堆一样多的苹果，老师将第一堆苹果分给男生，每人4个，最后剩下6个；老 师又将第二堆苹果分给女生，每人5个，最后剩下5个.已知男生比女生多1人，请问：每堆苹 果有多少个？,C:\Users\admin\Desktop\试卷分析project\参考教材\奥数\竟赛数学导引 三年级.pdf
3,竞赛数学导引 三年级,11,盈亏问题一,超越篇,challenge,90,1,★,0.9922,False,85,medium,general,,,盈亏问题一|general,高思导引超越篇难度,high,auto,L4,False,少先队员去植树，如果每人挖5个树坑，还剩下3个树坑没人挖；如果其中两人各 挖4个树坑，其余每人挖6个树坑，就恰好把所有的树坑都挖完.一共有少先队员多少人？有 多少个树坑要挖？,C:\Users\admin\Desktop\试卷分析project\参考教材\奥数\竟赛数学导引 三年级.pdf
3,竞赛数学导引 三年级,11,盈亏问题一,超越篇,challenge,90,2,,0.9982,False,83,medium,general,,,盈亏问题一|general,高思导引超越篇难度,high,auto,L4,False,小明计划在若干天内完成一本习题集，如果他每天做5道题，那么最后两天每天要 做10道题才能完成；如果他每天做6道题，恰好可以提前一天完成.请问：这本习题集中共有 多少道题？,C:\Users\admin\Desktop\试卷分析project\参考教材\奥数\竟赛数学导引 三年级.pdf
3,竞赛数学导引 三年级,11,盈亏问题一,超越篇,challenge,90,3,★,0.9917,False,89,medium,general,,,盈亏问题一|general,高思导引超越篇难度,high,auto,L4,False,幼儿园将一筐苹果分给小朋友，如果全部分给大班的小朋友，每人分5个，则余10 个；如果全部分给小班的小朋友，每人分8个，则缺2个.已知大班比小班多3个小朋友，问： 这筐苹果共有多少个？,C:\Users\admin\Desktop\试卷分析project\参考教材\奥数\竟赛数学导引 三年级.pdf
3,竞赛数学导引 三年级,11,盈亏问题一,超越篇,challenge,90,4,★,0.9913,False,95,long,general,,,盈亏问题一|general,高思导引超越篇难度,high,auto,L4,False,军训时全年级的同学一起吃午饭，教官算了一下，如果每张桌子坐6人，那么还剩 下22人没地方坐；人座时发现有3张桌子坏了，于是改为每张桌子坐8人，结果还剩下6人没 地方坐.请问：全年级一共有多少人？,C:\Users\admin\Desktop\试卷分析project\参考教材\奥数\竟赛数学导引 三年级.pdf
3,竞赛数学导引 三年级,11,盈亏问题一,超越篇,challenge,91,5,,0.9985,False,105,long,general,,,盈亏问题一|general,高思导引超越篇难度,high,auto,L4,False,一班的同学去春游，原计划乘坐小车，还空出6个座位.后来二班的38个同学决定 和一班同学一起去春游，于是两班的同学换乘大车，结果需要多派一辆车，并且还空出4个座 位.已知大车每车坐12人，小车每车坐8人，求一班的人数,C:\Users\admin\Desktop\试卷分析project\参考教材\奥数\竟赛数学导引 三年级.pdf
3,竞赛数学导引 三年级,11,盈亏问题一,超越篇,challenge,91,6,★,0.9897,False,135,very_long,general,,,盈亏问题一|general,高思导引超越篇难度,high,auto,L4,False,宿舍里4名同学原计划合买一台电脑，费用大家均摊.后来隔壁宿舍的2名同学也 加人进来一起买，并且电脑由于促销价格降低了1000元，于是每个人将比原来少出824元. 求电脑的促销价. 梨，就多出2个梨；如果给每人分7个苹果，那么还少6个苹果.问：共有多少个小朋友？共有 多少个苹果？,C:\Users\admin\Desktop\试卷分析project\参考教材\奥数\竟赛数学导引 三年级.pdf
3,竞赛数学导引 三年级,11,盈亏问题一,超越篇,challenge,91,8,,0.9985,False,132,very_long,general,,,盈亏问题一|general,高思导引超越篇难度,high,auto,L4,False,老师买了13盒铅笔分给同学们，每盒铅笔的数量都相同，每人拿到的铅笔数目也 相同，分完后发现剩了半盒.这时又来了8名同学，于是老师又买了3盒铅笔，给他们发了同 样数目的铅笔后，还剩下2枝.后来又来了10名同学，老师又买了4盒铅笔后，正好全部分 完.请问：原来有多少名同学？,C:\Users\admin\Desktop\试卷分析project\参考教材\奥数\竟赛数学导引 三年级.pdf
3,竞赛数学导引 三年级,12,智巧趣题一,兴趣篇,interest,92,1,★,0.9908,True,65,medium,general,,has_diagram,智巧趣题一|general,4年级及以前高思导引拓展篇及以下难度,low,review,L1,False,如图12-1所示，用12根火柴棒可以摆出3个正方形.如果用11根火柴棒刚好摆出 3个正方形，应该怎么摆？用10根火柴棒呢？ 图12-1,C:\Users\admin\Desktop\试卷分析project\参考教材\奥数\竟赛数学导引 三年级.pdf
3,竞赛数学导引 三年级,12,智巧趣题一,兴趣篇,interest,92,2,★★,0.9903,True,98,long,geometry,,has_diagram,智巧趣题一|geometry,4年级及以前高思导引拓展篇及以下难度,low,review,L2,False,"如图12-2所示，如果一根火柴棒长度为1,那么拼1个边长为1的小等边三角形 需要3根火柴棒，拼2个边长为1的小等边三角形需要5根火柴棒.你能用12根火柴棒拼出 6个边长为1的小等边三角形吗？ 图12-2",C:\Users\admin\Desktop\试卷分析project\参考教材\奥数\竟赛数学导引 三年级.pdf
3,竞赛数学导引 三年级,12,智巧趣题一,兴趣篇,interest,93,3,★,0.9806,True,57,medium,general,,has_diagram,智巧趣题一|general,4年级及以前高思导引拓展篇及以下难度,low,review,L1,False,如图12-3所示，我们用13根火柴棒摆放成了一头向右前进的猪.请移动1根火柴 棒，使得这头猪调头向左前进. 图12-3,C:\Users\admin\Desktop\试卷分析project\参考教材\奥数\竟赛数学导引 三年级.pdf
3,竞赛数学导引 三年级,12,智巧趣题一,兴趣篇,interest,93,4,★★,0.8357,True,29,short,geometry,,has_diagram,智巧趣题一|geometry,4年级及以前高思导引拓展篇及以下难度,low,review,L1,False,在图12-4中，哪些图形可以一笔画出？ (2 ③ ④ ? 图12-4,C:\Users\admin\Desktop\试卷分析project\参考教材\奥数\竟赛数学导引 三年级.pdf
3,竞赛数学导引 三年级,12,智巧趣题一,兴趣篇,interest,93,5,★,0.9853,True,71,medium,general,,has_diagram,智巧趣题一|general,4年级及以前高思导引拓展篇及以下难度,low,review,L1,False,如图12-5所示，两条河流的交汇处有两个小岛，有7座桥连接这两个岛及河岸。 一个散步者能不能一次走遍这7座桥，而且每座桥恰好经过1次？ 图12-5,C:\Users\admin\Desktop\试卷分析project\参考教材\奥数\竟赛数学导引 三年级.pdf
3,竞赛数学导引 三年级,12,智巧趣题一,兴趣篇,interest,93,6,★★,0.9649,True,24,short,geometry,,has_diagram,智巧趣题一|geometry,4年级及以前高思导引拓展篇及以下难度,low,review,L1,False,最少几笔可以画出如图12-6中的图形？ 图12-6,C:\Users\admin\Desktop\试卷分析project\参考教材\奥数\竟赛数学导引 三年级.pdf
3,竞赛数学导引 三年级,12,智巧趣题一,兴趣篇,interest,94,7,★★,0.9925,False,56,medium,general,,,智巧趣题一|general,4年级及以前高思导引拓展篇及以下难度,low,auto,L1,False,有一杯牛奶，卡莉娅喝了半杯后，将它加满水.然后又喝了半杯，再加满水，最后全 部喝完.问：卡莉娅喝的牛奶多还是水多？,C:\Users\admin\Desktop\试卷分析project\参考教材\奥数\竟赛数学导引 三年级.pdf
3,竞赛数学导引 三年级,12,智巧趣题一,兴趣篇,interest,94,8,★★,0.9955,False,126,very_long,general,,,智巧趣题一|general,4年级及以前高思导引拓展篇及以下难度,low,auto,L3,False,过节了，爸爸妈妈给小光和小强每人买了一盒相同数目的弹珠，打开后发现，小光 的弹珠全是红的，而小强的弹珠全是绿的.第一天玩弹珠时，小光输给小强10枚弹珠.第二天 小光又同小强玩弹珠，结果小光赢了10枚弹珠.这时，是小光盒里的绿弹珠多，还是小强盒里 的红弹珠多？,C:\Users\admin\Desktop\试卷分析project\参考教材\奥数\竟赛数学导引 三年级.pdf
3,竞赛数学导引 三年级,12,智巧趣题一,兴趣篇,interest,94,9,★★,0.8742,True,75,medium,general,,has_diagram,智巧趣题一|general,4年级及以前高思导引拓展篇及以下难度,low,review,L1,False,如图12-7，有6个杯子放成一排，前三个杯子中盛了一些水，而后三个杯子是空 的.要使得盛水的杯子和空杯子相互交叉排成一排，最少要动几个杯子？ 翼 图12-7,C:\Users\admin\Desktop\试卷分析project\参考教材\奥数\竟赛数学导引 三年级.pdf
3,竞赛数学导引 三年级,12,智巧趣题一,兴趣篇,interest,94,10,★★,0.9929,False,91,long,general,,,智巧趣题一|组合问题|general,4年级及以前高思导引拓展篇及以下难度,low,auto,L2,False,有一根粗细不均匀的绳子，如果从一端把它点燃，这根绳子能燃烧2个小时.但由 于绳子粗细不均匀，所以不能确定燃烧到绳子中点需要多长时间.但现在想用这根绳子来确 定1个小时的时间，应该怎么做？,C:\Users\admin\Desktop\试卷分析project\参考教材\奥数\竟赛数学导引 三年级.pdf
3,竞赛数学导引 三年级,12,智巧趣题一,拓展篇,extension,"94,95",1,★★,0.9376,True,115,long,general,,has_diagram|cross_page_question,智巧趣题一|general,4年级及以前高思导引拓展篇及以下难度,mid,review,L4,False,（1）如图12-8(a)所示，用8根火柴棒摆放成了一条向左游动的鱼，请移动3根火 柴棒，使得这条鱼掉头向右游动； (a) (b) 图12-8 (2）如图12-8(b)所示，用10根火柴棒摆放成了一把椅子，请移动2根火柴棒，将这把椅 子倒过来.,C:\Users\admin\Desktop\试卷分析project\参考教材\奥数\竟赛数学导引 三年级.pdf
3,竞赛数学导引 三年级,12,智巧趣题一,拓展篇,extension,95,2,★★,0.9906,True,57,medium,geometry,,has_diagram,智巧趣题一|geometry,4年级及以前高思导引拓展篇及以下难度,mid,review,L3,False,如图12-9，用9根火柴棒摆成了3个三角形.最少需要移动几根火柴棒，才能使得 它变成含有4个三角形的图形？ 图12-9,C:\Users\admin\Desktop\试卷分析project\参考教材\奥数\竟赛数学导引 三年级.pdf
3,竞赛数学导引 三年级,12,智巧趣题一,拓展篇,extension,95,3,★★,0.9861,True,90,long,general,,has_diagram,智巧趣题一|general,4年级及以前高思导引拓展篇及以下难度,mid,review,L4,False,如图12-10所示，12根火柴棒组成1大4小5个正方形. （1）请拿掉2根火柴棒，使得余下的火柴棒恰好构成2个正方形； (2）请移动3根火柴棒，使得它变成3个相同的正方形. 图12-10,C:\Users\admin\Desktop\试卷分析project\参考教材\奥数\竟赛数学导引 三年级.pdf
3,竞赛数学导引 三年级,12,智巧趣题一,拓展篇,extension,"95,96",4,,0.9694,True,69,medium,general,,has_diagram|cross_page_question,智巧趣题一|general,4年级及以前高思导引拓展篇及以下难度,mid,review,L3,False,图12-11是一座博物馆的示意图，游客从人口进人博物馆.是否能找到一条参观 路线，每扇门恰好经过一次？ 入口 图12-11 几笔？ ③ ? 图12-12,C:\Users\admin\Desktop\试卷分析project\参考教材\奥数\竟赛数学导引 三年级.pdf
3,竞赛数学导引 三年级,12,智巧趣题一,拓展篇,extension,96,6,,0.8887,True,74,medium,general,,has_diagram,智巧趣题一|general,4年级及以前高思导引拓展篇及以下难度,mid,review,L3,False,如图12-13，现在有7个满杯的果汁，7个半杯的果汁和7个空杯，要想把它们平 分给三个人，使得每人都分到同样多的果汁和杯子，应该怎么分？ 主 图12-13,C:\Users\admin\Desktop\试卷分析project\参考教材\奥数\竟赛数学导引 三年级.pdf
3,竞赛数学导引 三年级,12,智巧趣题一,拓展篇,extension,96,7,★★,0.9974,False,134,very_long,general,,,智巧趣题一|general,4年级及以前高思导引拓展篇及以下难度,mid,auto,L4,False,足球队有18名队员，其中有10人穿大号球衣，有8人穿小号球衣.小马虎将10件 大号球衣和8件小号球衣领回来后，一人一件随便地发给了每个队员，结果有的大个队员领 到了小号球衣，有的小个队员领到了大号球衣.问：大个队员领到了小号球衣的人数与小个队 员领到了大号球衣的人数哪个多？,C:\Users\admin\Desktop\试卷分析project\参考教材\奥数\竟赛数学导引 三年级.pdf
3,竞赛数学导引 三年级,12,智巧趣题一,拓展篇,extension,97,8,★★,0.8472,True,70,medium,number_theory,,has_diagram,智巧趣题一|number_theory,4年级及以前高思导引拓展篇及以下难度,mid,review,L3,False,如图12-14所示，桌子上有3张卡片，每张卡片上写着一个数字.请你用这3张卡 片组成一个三位数，使得这个三位数除以9以后没有余数 V 图 12 -14,C:\Users\admin\Desktop\试卷分析project\参考教材\奥数\竟赛数学导引 三年级.pdf
3,竞赛数学导引 三年级,12,智巧趣题一,拓展篇,extension,97,9,,0.9943,False,82,medium,general,,,智巧趣题一|general,4年级及以前高思导引拓展篇及以下难度,mid,auto,L3,False,小吃店需要制作3个煎饼，每制作一个煎饼必须把这个煎饼正反两面各煎3分钟. 现在有2个炉子，每个炉子每次只能煎1个煎饼的某一面.要想煎好所有的煎饼，最少需要花 多少时间？,C:\Users\admin\Desktop\试卷分析project\参考教材\奥数\竟赛数学导引 三年级.pdf
3,竞赛数学导引 三年级,12,智巧趣题一,拓展篇,extension,97,10,,0.9968,False,95,long,general,,,智巧趣题一|general,4年级及以前高思导引拓展篇及以下难度,mid,auto,L4,False,商场举行促销活动，在购买商品时，每消费50元现金就可以得到一张20元的购 物券，每消费100元现金就能得到一张50元的购物券.现在小明要买37件10元的商品，他该 怎样去买才能让花出去的钱最少？,C:\Users\admin\Desktop\试卷分析project\参考教材\奥数\竟赛数学导引 三年级.pdf
3,竞赛数学导引 三年级,12,智巧趣题一,拓展篇,extension,97,11,★★,0.9939,False,75,medium,general,,,智巧趣题一|general,4年级及以前高思导引拓展篇及以下难度,mid,auto,L3,False,池塘里生长着一种浮萍，这种植物在水面上繁殖，每天都能增长一倍.如果10天 后，池塘里刚好长满这种浮萍，那么多少天后，池塘里的浮萍会正好占据了一半的水面？,C:\Users\admin\Desktop\试卷分析project\参考教材\奥数\竟赛数学导引 三年级.pdf
3,竞赛数学导引 三年级,12,智巧趣题一,拓展篇,extension,97,12,★,0.995,False,54,medium,general,,,智巧趣题一|general,4年级及以前高思导引拓展篇及以下难度,mid,auto,L3,False,一休去河边打水.他有两个桶，大桶能装9升水，小桶能装4升水.要想恰好从河 中打上6升的水带回去，他应该怎么办？,C:\Users\admin\Desktop\试卷分析project\参考教材\奥数\竟赛数学导引 三年级.pdf
3,竞赛数学导引 三年级,12,智巧趣题一,拓展篇,extension,97,13,,0.995,False,96,long,general,,,智巧趣题一|general,4年级及以前高思导引拓展篇及以下难度,mid,auto,L4,False,有大、中、小3个瓶子，分别可以装水1000克、700克和300克.现在大瓶中装满 水，希望利用3个瓶子相互间倒水，使得在中瓶和小瓶上能够标出装100克水的刻度线，但是 水不能洒到地上，可以怎么办？,C:\Users\admin\Desktop\试卷分析project\参考教材\奥数\竟赛数学导引 三年级.pdf
3,竞赛数学导引 三年级,12,智巧趣题一,拓展篇,extension,98,14,,0.9632,True,116,long,general,,has_diagram,智巧趣题一|组合问题|general,4年级及以前高思导引拓展篇及以下难度,mid,review,L4,False,如图12-15，有一个院子里住着A、B、C三户人家，中间B户人家想修一条专用 路通向中间院门F.A户人家要修一条专用路到右边院门G.C户人家要修一条专用路到左边 院门E.如果这三条专用路彼此不能交叉，那么应该怎么修？ A B C G 图12-15,C:\Users\admin\Desktop\试卷分析project\参考教材\奥数\竟赛数学导引 三年级.pdf
3,竞赛数学导引 三年级,12,智巧趣题一,超越篇,challenge,98,1,,0.9257,True,144,very_long,geometry,,has_diagram,智巧趣题一|geometry,高思导引超越篇难度,high,review,L4,False,用4根火柴棒可以组成小杯子的形状，图12-16给出了两种不同的组成方式，而且 两个杯子里各放了一颗五角星。 (a) （b) 图12-16 (1）请移动图(a)中的两根火柴棒，使得五角星在杯子外面，但杯子的形状不得改变； (2）请移动图（b)中的两根火柴棒，使得五角星在杯子外面，但杯子的形状不得改变.,C:\Users\admin\Desktop\试卷分析project\参考教材\奥数\竟赛数学导引 三年级.pdf
3,竞赛数学导引 三年级,12,智巧趣题一,超越篇,challenge,98,2,,0.9905,True,59,medium,general,,has_diagram,智巧趣题一|general,高思导引超越篇难度,high,review,L4,False,如图12-17是用24根火柴棒摆成的两个正方形，请你只移动其中的4根火柴棒， 使它变成两个完全相同的正方形. 图12-17,C:\Users\admin\Desktop\试卷分析project\参考教材\奥数\竟赛数学导引 三年级.pdf
3,竞赛数学导引 三年级,12,智巧趣题一,超越篇,challenge,99,3,,0.735,True,117,long,general,,has_diagram,智巧趣题一|general,高思导引超越篇难度,high,review,L4,False,如图12-18，黑板上画了9个点，我们可以用5条线段把它们串联起来，而这5条 线段是可以用一笔画成的.实际上我们可以做得更好：用4条线段就能把这9个点串联起来， 而且这4条线段仍然是用一笔画成的.请大家找出这种画法， ? ? ? ? ? 图12-18,C:\Users\admin\Desktop\试卷分析project\参考教材\奥数\竟赛数学导引 三年级.pdf
3,竞赛数学导引 三年级,12,智巧趣题一,超越篇,challenge,99,4,,0.9921,True,110,long,geometry,,has_diagram,智巧趣题一|geometry,高思导引超越篇难度,high,review,L4,False,在国际象棋中，皇后可以沿横线、竖线、斜线吃子.如图12-19，我们在棋盘上放置 一个皇后（图中的五角星），可以吃掉对应8个方向的棋子.要想在一个4×4的棋盘中放下4 个皇后，同时它们相互之间不能吃子，可以怎么放？ 图12-19,C:\Users\admin\Desktop\试卷分析project\参考教材\奥数\竟赛数学导引 三年级.pdf
3,竞赛数学导引 三年级,12,智巧趣题一,超越篇,challenge,99,5,,0.998,False,231,very_long,general,,,智巧趣题一|general,高思导引超越篇难度,high,auto,L4,False,3个朋友去旅馆住宿，每人交了10元押金.第二天老板发现他们一共消费了25元， 于是从押金中扣除后，让服务员将剩余的5元送回给房客.服务员在路上想：反正客人也不知 道他们花了多少钱，5元钱3个人也没法分，不如我藏起2元钱算了.于是他就找给了客人3 元，相当于每人找回了1元钱.请大家想一想：3个人每人交了10元，又找回了1元，相当于花 了9元，3个人一共花了27元，如果加上服务员藏的2元一共是29元.可一开始三个人总共 交了30元，这之间相差了1元！那这1元钱哪儿去了呢？,C:\Users\admin\Desktop\试卷分析project\参考教材\奥数\竟赛数学导引 三年级.pdf
3,竞赛数学导引 三年级,12,智巧趣题一,超越篇,challenge,99,6,,0.9982,False,110,long,general,,,智巧趣题一|general,高思导引超越篇难度,high,auto,L4,False,玩具加工厂要把小正方体形状积木的六个面染色，两个面染红色，两个面染蓝色， 另两个面染黄色.厂里的机器可以同时给6个小正方体的一面染上相同的颜色，每次需要5 分钟.现在有8个积木要加工，那么用这种机器最少需要多少分钟才能完成？,C:\Users\admin\Desktop\试卷分析project\参考教材\奥数\竟赛数学导引 三年级.pdf
3,竞赛数学导引 三年级,12,智巧趣题一,超越篇,challenge,100,7,★,0.992,True,235,very_long,general,,has_diagram,智巧趣题一|general,高思导引超越篇难度,high,review,L4,False,哈利·波特的魔杖被敌人藏在了魔法迷宫中.如图12-20，迷宫共有25个房间，分 别标有号码，魔杖就在13号房间中.在这座迷宫中有如下的机关：每次走进一个房间，就会立 刻被转移到标有相同号码的那个房间，然后再走进相邻的一个房间（有公共边的房间是相邻 的），立刻又会被转移，如此继续.如果哈利·波特先走人了1号房间，并要走进最中间的13 如果偶数号房间是陷阱，哈利·波特要从1号房间开始不重复地经过所有的奇数号房间，最 终到达13号房间，有多少种不同的可能路线？ 21012 图12-20,C:\Users\admin\Desktop\试卷分析project\参考教材\奥数\竟赛数学导引 三年级.pdf
3,竞赛数学导引 三年级,12,智巧趣题一,超越篇,challenge,100,8,,0.9942,True,164,very_long,general,,has_diagram,智巧趣题一|组合问题|general,高思导引超越篇难度,high,review,L4,False,如图12-21所示，水面上有7块石头，除了中间的1块空石头外，左侧蹲着3只青 蛙，只能往右跳；右侧蹲着3只青蛙，只能往左跳.跳跃的规则是：必须按照特定的方向，跳到 与之相邻的空石头上，或者越过相邻的1只青蛙跳到紧挨着的空石头上.请设计一个合理的 的三块石头上.（注：每次只能有1只青蛙跳跃，每块石头上最多只能有1只青蛙.） 图12-21,C:\Users\admin\Desktop\试卷分析project\参考教材\奥数\竟赛数学导引 三年级.pdf
3,竞赛数学导引 三年级,13,四则运算二,兴趣篇,interest,101,1,★,0.9416,False,20,short,calculation,,,四则运算二|calculation,4年级及以前高思导引拓展篇及以下难度,low,auto,L1,False,口算：(1）9×30； (2)800X7.,C:\Users\admin\Desktop\试卷分析project\参考教材\奥数\竟赛数学导引 三年级.pdf
3,竞赛数学导引 三年级,13,四则运算二,兴趣篇,interest,101,2,★,0.893,False,26,short,calculation,,,四则运算二|calculation,4年级及以前高思导引拓展篇及以下难度,low,auto,L1,False,口算：（1）2×6×100； (2)6X7X1000.,C:\Users\admin\Desktop\试卷分析project\参考教材\奥数\竟赛数学导引 三年级.pdf
3,竞赛数学导引 三年级,13,四则运算二,兴趣篇,interest,101,3,★,0.8834,False,22,short,calculation,,,四则运算二|calculation,4年级及以前高思导引拓展篇及以下难度,low,auto,L1,False,口算：(1）2×7×5； (2)4×17÷4.,C:\Users\admin\Desktop\试卷分析project\参考教材\奥数\竟赛数学导引 三年级.pdf
3,竞赛数学导引 三年级,13,四则运算二,兴趣篇,interest,101,4,★,0.888,False,22,short,calculation,,,四则运算二|calculation,4年级及以前高思导引拓展篇及以下难度,low,auto,L1,False,口算：(1）4×3×25； (2）8X125.,C:\Users\admin\Desktop\试卷分析project\参考教材\奥数\竟赛数学导引 三年级.pdf
3,竞赛数学导引 三年级,13,四则运算二,兴趣篇,interest,102,5,★,0.9253,False,22,short,calculation,,,四则运算二|calculation,4年级及以前高思导引拓展篇及以下难度,low,auto,L1,False,口算：（1）12×25； (2) 125×16.,C:\Users\admin\Desktop\试卷分析project\参考教材\奥数\竟赛数学导引 三年级.pdf
3,竞赛数学导引 三年级,13,四则运算二,兴趣篇,interest,102,6,★,0.9063,False,19,short,calculation,,,四则运算二|calculation,4年级及以前高思导引拓展篇及以下难度,low,auto,L1,False,口算：（1）24×5； (2）5X38.,C:\Users\admin\Desktop\试卷分析project\参考教材\奥数\竟赛数学导引 三年级.pdf
3,竞赛数学导引 三年级,13,四则运算二,兴趣篇,interest,102,7,★★,0.8819,False,39,short,calculation,,,四则运算二|calculation,4年级及以前高思导引拓展篇及以下难度,low,auto,L1,False,计算：（1）25×25； (2) 65X65； (3）13×17; (4)32X38.,C:\Users\admin\Desktop\试卷分析project\参考教材\奥数\竟赛数学导引 三年级.pdf
3,竞赛数学导引 三年级,13,四则运算二,兴趣篇,interest,102,8,★,0.8956,False,48,medium,calculation,,,四则运算二|calculation,4年级及以前高思导引拓展篇及以下难度,low,auto,L1,False,计算：(1）（96÷8)×(8÷4)×(4÷1)； (2）(6×21)÷(21÷7)÷(7÷1).,C:\Users\admin\Desktop\试卷分析project\参考教材\奥数\竟赛数学导引 三年级.pdf
3,竞赛数学导引 三年级,13,四则运算二,兴趣篇,interest,102,9,★★,0.8973,False,29,short,calculation,,,四则运算二|calculation,4年级及以前高思导引拓展篇及以下难度,low,auto,L1,False,计算：（1）4×16×25×3； (2）35×12÷7÷4.,C:\Users\admin\Desktop\试卷分析project\参考教材\奥数\竟赛数学导引 三年级.pdf
3,竞赛数学导引 三年级,13,四则运算二,兴趣篇,interest,102,10,★★,0.8902,False,55,medium,calculation,,,四则运算二|计算问题|calculation,4年级及以前高思导引拓展篇及以下难度,low,auto,L1,False,先把下面算式中的括号去掉，再计算： (1）(20+3)×5； (2）4×(25—1); (3) 5×(20-4+1).,C:\Users\admin\Desktop\试卷分析project\参考教材\奥数\竟赛数学导引 三年级.pdf
3,竞赛数学导引 三年级,13,四则运算二,拓展篇,extension,102,1,★,0.9078,False,40,short,calculation,,,四则运算二|calculation,4年级及以前高思导引拓展篇及以下难度,mid,auto,L3,False,计算：（1）2×13×5； (2）51÷17×17÷51; (3）12×7÷3÷7.,C:\Users\admin\Desktop\试卷分析project\参考教材\奥数\竟赛数学导引 三年级.pdf
3,竞赛数学导引 三年级,13,四则运算二,拓展篇,extension,102,2,★,0.8913,False,41,short,calculation,,,四则运算二|calculation,4年级及以前高思导引拓展篇及以下难度,mid,auto,L3,False,计算：（1）25×13×4； (2）3×125×7×8； (3）25×2×3×4×5.,C:\Users\admin\Desktop\试卷分析project\参考教材\奥数\竟赛数学导引 三年级.pdf
3,竞赛数学导引 三年级,13,四则运算二,拓展篇,extension,103,3,★★,0.9165,False,44,short,calculation,,,四则运算二|calculation,4年级及以前高思导引拓展篇及以下难度,mid,auto,L3,False,计算：(1）25×28； (2) 125×24; (3）300÷25； (4）8000÷125.,C:\Users\admin\Desktop\试卷分析project\参考教材\奥数\竟赛数学导引 三年级.pdf
3,竞赛数学导引 三年级,13,四则运算二,拓展篇,extension,103,4,★★,0.8675,False,38,short,calculation,,,四则运算二|calculation,4年级及以前高思导引拓展篇及以下难度,mid,auto,L3,False,计算：(1）36×5； (2)5×122； (3)8X15; (4）15×222.,C:\Users\admin\Desktop\试卷分析project\参考教材\奥数\竟赛数学导引 三年级.pdf
3,竞赛数学导引 三年级,13,四则运算二,拓展篇,extension,103,5,★★,0.8798,False,39,short,calculation,,,四则运算二|calculation,4年级及以前高思导引拓展篇及以下难度,mid,auto,L3,False,计算：（1）45×45； (2)95X95； (3）23×27； (4) 41×49.,C:\Users\admin\Desktop\试卷分析project\参考教材\奥数\竟赛数学导引 三年级.pdf
3,竞赛数学导引 三年级,13,四则运算二,拓展篇,extension,103,6,,0.8828,False,44,short,calculation,,,四则运算二|calculation,4年级及以前高思导引拓展篇及以下难度,mid,auto,L3,False,计算：(1）（126÷9)×(9÷3)÷（6÷3)； (2）512÷(512÷16×8).,C:\Users\admin\Desktop\试卷分析project\参考教材\奥数\竟赛数学导引 三年级.pdf
3,竞赛数学导引 三年级,13,四则运算二,拓展篇,extension,103,7,,0.9395,False,35,short,calculation,,,四则运算二|calculation,4年级及以前高思导引拓展篇及以下难度,mid,auto,L3,False,计算：（1）23×70×22÷11÷7； (2）300×13÷4÷25.,C:\Users\admin\Desktop\试卷分析project\参考教材\奥数\竟赛数学导引 三年级.pdf
3,竞赛数学导引 三年级,13,四则运算二,拓展篇,extension,103,8,,0.9214,False,17,short,calculation,,,四则运算二|calculation,4年级及以前高思导引拓展篇及以下难度,mid,auto,L3,False,计算：168×25÷14×7÷5.,C:\Users\admin\Desktop\试卷分析project\参考教材\奥数\竟赛数学导引 三年级.pdf
3,竞赛数学导引 三年级,13,四则运算二,拓展篇,extension,103,9,★★,0.9126,False,58,medium,calculation,,,四则运算二|calculation,4年级及以前高思导引拓展篇及以下难度,mid,auto,L3,False,先把下面算式中的括号去掉，再计算： (1）(20+3)×25； (2)8×(125-7); (3)4×(90+4—25).,C:\Users\admin\Desktop\试卷分析project\参考教材\奥数\竟赛数学导引 三年级.pdf
3,竞赛数学导引 三年级,13,四则运算二,拓展篇,extension,103,10,,0.904,False,43,short,calculation,,,四则运算二|calculation,4年级及以前高思导引拓展篇及以下难度,mid,auto,L3,False,计算：(1）(48+66)÷6； (2)(126—48)÷6； (3)48÷(8+16).,C:\Users\admin\Desktop\试卷分析project\参考教材\奥数\竟赛数学导引 三年级.pdf
3,竞赛数学导引 三年级,13,四则运算二,拓展篇,extension,104,11,★★,0.8813,False,32,short,calculation,,,四则运算二|calculation,4年级及以前高思导引拓展篇及以下难度,mid,auto,L3,False,计算：（1）23×101； (2）34×102； (3）13X99.,C:\Users\admin\Desktop\试卷分析project\参考教材\奥数\竟赛数学导引 三年级.pdf
3,竞赛数学导引 三年级,13,四则运算二,拓展篇,extension,104,12,,0.9167,False,32,short,calculation,,,四则运算二|calculation,4年级及以前高思导引拓展篇及以下难度,mid,auto,L3,False,计算：(1）48X102； (2)37×99； (3)1016÷8.,C:\Users\admin\Desktop\试卷分析project\参考教材\奥数\竟赛数学导引 三年级.pdf
3,竞赛数学导引 三年级,13,四则运算二,拓展篇,extension,104,13,,0.9388,False,19,short,calculation,,,四则运算二|calculation,4年级及以前高思导引拓展篇及以下难度,mid,auto,L3,False,计算：(27×23+9)×99÷70.,C:\Users\admin\Desktop\试卷分析project\参考教材\奥数\竟赛数学导引 三年级.pdf
3,竞赛数学导引 三年级,13,四则运算二,拓展篇,extension,104,14,★,0.9542,False,31,short,calculation,,,四则运算二|calculation,4年级及以前高思导引拓展篇及以下难度,mid,auto,L3,False,计算：29×(1008÷8一49×18÷7÷6)÷40×8. 篇,C:\Users\admin\Desktop\试卷分析project\参考教材\奥数\竟赛数学导引 三年级.pdf
3,竞赛数学导引 三年级,13,四则运算二,拓展篇,extension,104,1,,0.9192,False,65,medium,calculation,,,四则运算二|calculation,4年级及以前高思导引拓展篇及以下难度,mid,auto,L3,False,计算：（1）5÷（7÷11)÷（11÷15)÷（15÷21)； (2)(26÷25)×(27÷17)×(25÷9)×(17÷39).,C:\Users\admin\Desktop\试卷分析project\参考教材\奥数\竟赛数学导引 三年级.pdf
3,竞赛数学导引 三年级,13,四则运算二,拓展篇,extension,104,2,★,0.8961,False,41,short,calculation,,,四则运算二|calculation,4年级及以前高思导引拓展篇及以下难度,mid,auto,L3,False,计算：11×10×9×8×7×6×5×4×3×2×1÷(22×24×25×27).,C:\Users\admin\Desktop\试卷分析project\参考教材\奥数\竟赛数学导引 三年级.pdf
3,竞赛数学导引 三年级,13,四则运算二,拓展篇,extension,105,4,,0.9401,False,39,short,calculation,,,四则运算二|calculation,4年级及以前高思导引拓展篇及以下难度,mid,auto,L3,False,计算：85×85-84×86+83×87-82×88+81×89-80×90.,C:\Users\admin\Desktop\试卷分析project\参考教材\奥数\竟赛数学导引 三年级.pdf
3,竞赛数学导引 三年级,13,四则运算二,拓展篇,extension,105,5,★,0.9107,False,65,medium,calculation,,,四则运算二|calculation,4年级及以前高思导引拓展篇及以下难度,mid,auto,L3,False,计算：62×102+52×101—48×99-38×98. (2）已知7×11×13=1001，请问：14×33×39的结果是多少？,C:\Users\admin\Desktop\试卷分析project\参考教材\奥数\竟赛数学导引 三年级.pdf
3,竞赛数学导引 三年级,13,四则运算二,拓展篇,extension,105,7,★,0.9965,False,99,long,calculation,,,四则运算二|calculation,4年级及以前高思导引拓展篇及以下难度,mid,auto,L4,False,9张扑克牌，点数分别为1，1，1，2，2，3，4，5，10.墨莫从中取了4张，发现乘积 是80.小高也从中取了4张，发现乘积是120.如果两人所取的扑克牌只有一张是相同的，那 么这张扑克牌的点数是多少？,C:\Users\admin\Desktop\试卷分析project\参考教材\奥数\竟赛数学导引 三年级.pdf
3,竞赛数学导引 三年级,13,四则运算二,拓展篇,extension,105,8,★,0.9912,False,80,medium,calculation,,,四则运算二|计算问题|calculation,4年级及以前高思导引拓展篇及以下难度,mid,auto,L3,False,"墨莫和几个好朋友去老师家玩，吃午饭时，老师想考考大家的计算能力，于是提出 能得到一份神秘的礼物.""其他小朋友马上找出纸笔开始演算，而墨莫眼珠一转，稍作思考就 多少？",C:\Users\admin\Desktop\试卷分析project\参考教材\奥数\竟赛数学导引 三年级.pdf
3,竞赛数学导引 三年级,14,枚举法二,兴趣篇,interest,106,1,★,0.9908,False,34,short,counting,,,枚举法二|counting,4年级及以前高思导引拓展篇及以下难度,low,auto,L1,False,老师把9颗糖分给阿呆和阿瓜，使得他俩每人都有糖.有多少种不同的分法？,C:\Users\admin\Desktop\试卷分析project\参考教材\奥数\竟赛数学导引 三年级.pdf
3,竞赛数学导引 三年级,14,枚举法二,兴趣篇,interest,106,2,★,0.9865,False,25,short,counting,,,枚举法二|counting,4年级及以前高思导引拓展篇及以下难度,low,auto,L1,False,用1、2、3这三个数字各一次可以组成多少个三位数？,C:\Users\admin\Desktop\试卷分析project\参考教材\奥数\竟赛数学导引 三年级.pdf
3,竞赛数学导引 三年级,14,枚举法二,兴趣篇,interest,106,3,★,0.9936,False,38,short,counting,,,枚举法二|counting,4年级及以前高思导引拓展篇及以下难度,low,auto,L1,False,有一些三位数的各位数字都不是0，且各位数字之和为6.这样的三位数共有多 少个？,C:\Users\admin\Desktop\试卷分析project\参考教材\奥数\竟赛数学导引 三年级.pdf
3,竞赛数学导引 三年级,14,枚举法二,兴趣篇,interest,"106,107",4,★★,0.9918,False,107,long,counting,case_analysis,cross_page_question,枚举法二|counting|case_analysis,4年级及以前高思导引拓展篇及以下难度,low,review,L2,False,汤姆、杰瑞和德鲁比都有蛀牙，他们一起去牙医诊所看病，医生发现他们一共有8 颗蛀牙.他们三人的蛀牙数量有多少种情况？ 一种写法，例如1十2十6、2十1十6还有6十1十2都算是同一种写法.请问：小明一共有多少种 不同的写法？,C:\Users\admin\Desktop\试卷分析project\参考教材\奥数\竟赛数学导引 三年级.pdf
3,竞赛数学导引 三年级,14,枚举法二,兴趣篇,interest,107,6,★★,0.9944,False,71,medium,counting,,,枚举法二|counting,4年级及以前高思导引拓展篇及以下难度,low,auto,L1,False,生物老师让大家观察蚂蚁的习性，小悦在小区的广场上发现了12只黑蚂蚁，这12 只蚂蚁恰好凑成了3堆，每堆至少有2只.请问：这3堆蚂蚁可能各有几只？,C:\Users\admin\Desktop\试卷分析project\参考教材\奥数\竟赛数学导引 三年级.pdf
3,竞赛数学导引 三年级,14,枚举法二,兴趣篇,interest,107,7,★★,0.9923,False,54,medium,counting,,,枚举法二|counting,4年级及以前高思导引拓展篇及以下难度,low,auto,L1,False,一个三位数，每一位上的数字都是1、2、3中的某一个，并且相邻的两个数字不相 同，一共有多少个满足条件的三位数？,C:\Users\admin\Desktop\试卷分析project\参考教材\奥数\竟赛数学导引 三年级.pdf
3,竞赛数学导引 三年级,14,枚举法二,兴趣篇,interest,107,8,★★,0.9899,True,87,medium,counting,,has_diagram,枚举法二|counting,4年级及以前高思导引拓展篇及以下难度,low,review,L1,False,如图14-1，一只小蚂蚁要从一个正四面体的顶点A出发，沿着这个正四面体的棱 依次不重复地走遍4个顶点再回到顶点A.请问：这只小蚂蚁一共有多少种不同的走法？ D 图14-1 图14-2,C:\Users\admin\Desktop\试卷分析project\参考教材\奥数\竟赛数学导引 三年级.pdf
3,竞赛数学导引 三年级,14,枚举法二,兴趣篇,interest,107,9,★★,0.9456,True,27,short,geometry,,has_diagram,枚举法二|geometry,4年级及以前高思导引拓展篇及以下难度,low,review,L1,False,在图14-2中，一共能找出多少个长方形（包括正方形）？,C:\Users\admin\Desktop\试卷分析project\参考教材\奥数\竟赛数学导引 三年级.pdf
3,竞赛数学导引 三年级,14,枚举法二,兴趣篇,interest,107,10,★★,0.9929,False,57,medium,counting,case_analysis,,枚举法二|计数问题|counting|case_analysis,4年级及以前高思导引拓展篇及以下难度,low,auto,L2,False,如果只能用1元、2元、5元的纸币付款，那么要买价格是13元的东西，一共有多 少种不同的付款办法？（不考虑找钱的情况）,C:\Users\admin\Desktop\试卷分析project\参考教材\奥数\竟赛数学导引 三年级.pdf
3,竞赛数学导引 三年级,14,枚举法二,拓展篇,extension,108,1,★,0.9945,False,55,medium,counting,case_analysis,,枚举法二|counting|case_analysis,4年级及以前高思导引拓展篇及以下难度,mid,auto,L3,False,小高、墨莫、卡莉娅三个人去游乐园玩，三人在藏宝屋中一共发现了5件宝物，这三 个人找到的宝物数量可能有多少种情况？,C:\Users\admin\Desktop\试卷分析project\参考教材\奥数\竟赛数学导引 三年级.pdf
3,竞赛数学导引 三年级,14,枚举法二,拓展篇,extension,108,2,★★,0.9922,False,67,medium,counting,case_analysis,,枚举法二|counting|case_analysis,4年级及以前高思导引拓展篇及以下难度,mid,auto,L3,False,小高、墨莫和卡莉娅三个人一起吃完了一盘薯条，这盘薯条总共有20根，并且每个 人吃的薯条都比5根多.请问：每个人吃的薯条数量有多少种情况？,C:\Users\admin\Desktop\试卷分析project\参考教材\奥数\竟赛数学导引 三年级.pdf
3,竞赛数学导引 三年级,14,枚举法二,拓展篇,extension,108,3,★★,0.997,False,83,medium,counting,,,枚举法二|counting,4年级及以前高思导引拓展篇及以下难度,mid,auto,L3,False,老师要求每个同学写出3个自然数，并且要求这3个数的和是8.如果两个同学写 出的3个自然数相同，只是顺序不一样，就算是同一种写法.试问：同学们最多能给出多少种 不同的写法？,C:\Users\admin\Desktop\试卷分析project\参考教材\奥数\竟赛数学导引 三年级.pdf
3,竞赛数学导引 三年级,14,枚举法二,拓展篇,extension,108,4,★,0.994,False,82,medium,counting,,,枚举法二|counting,4年级及以前高思导引拓展篇及以下难度,mid,auto,L3,False,王老师准备去打羽毛球，他拿了3个一模一样的球桶，每个球桶最多能装8个羽毛 球.他数了一下，发现3个球桶里面一共有16个羽毛球.请问：3个球桶里面可能分别有几个 羽毛球？,C:\Users\admin\Desktop\试卷分析project\参考教材\奥数\竟赛数学导引 三年级.pdf
3,竞赛数学导引 三年级,14,枚举法二,拓展篇,extension,108,5,★,0.9924,False,80,medium,counting,,,枚举法二|counting,4年级及以前高思导引拓展篇及以下难度,mid,auto,L3,False,商店里有12种不同的签字笔，价格分别是1，2，3，4，，11，12元.小高准备买3枝 不同价格的签字笔，并且希望恰好花掉15元.请问：小高一共有多少种不同的买法？,C:\Users\admin\Desktop\试卷分析project\参考教材\奥数\竟赛数学导引 三年级.pdf
3,竞赛数学导引 三年级,14,枚举法二,拓展篇,extension,108,6,,0.9974,False,103,long,counting,,,枚举法二|counting,4年级及以前高思导引拓展篇及以下难度,mid,auto,L4,False,王老师提着一个带密码锁的公文包，但是他忘记了密码，只记得密码是一个三位 数，这个三位数的个位数字比十位数字大，十位数字比百位数字大，并且没有比5大的数字， 试问：王老师最多只需要试多少次就肯定能打开这个公文包？,C:\Users\admin\Desktop\试卷分析project\参考教材\奥数\竟赛数学导引 三年级.pdf
3,竞赛数学导引 三年级,14,枚举法二,拓展篇,extension,109,7,,0.9914,False,53,medium,counting,,,枚举法二|counting,4年级及以前高思导引拓展篇及以下难度,mid,auto,L3,False,常吴与古力两人进行围棋赛，谁先胜三局谁就会取得比赛的胜利.如果最后常昊获 胜了，那么比赛的进程有多少种可能？,C:\Users\admin\Desktop\试卷分析project\参考教材\奥数\竟赛数学导引 三年级.pdf
3,竞赛数学导引 三年级,14,枚举法二,拓展篇,extension,109,8,★,0.9891,True,144,very_long,counting,,has_diagram,枚举法二|counting,4年级及以前高思导引拓展篇及以下难度,mid,review,L4,False,5块六边形的地毯拼成了图14-3中的形状，每块地毯上都 有一个编号.现在墨莫站在1号地毯上，他想要走到5号地毯上，如果墨 莫每次都只能走到和他相邻的地毯上（两个六边形如果有公共边就称 为相邻)，并且只能向右边走，例如1→2→3→5就是一种可能的走法， 请问：墨莫一共有多少种不同的走法？ 图14-3,C:\Users\admin\Desktop\试卷分析project\参考教材\奥数\竟赛数学导引 三年级.pdf
3,竞赛数学导引 三年级,14,枚举法二,拓展篇,extension,109,9,★,0.9708,True,91,long,geometry,,has_diagram,枚举法二|geometry,4年级及以前高思导引拓展篇及以下难度,mid,review,L4,False,从图14-4的左下角的A点走到右上角的B点，如果要求 只能向上或者向右走，一共有多少种不同的走法？如果要求只要不走 重复的路线就可以，那么从A点走到B点一共有多少种不同的走法？ 图14 -4,C:\Users\admin\Desktop\试卷分析project\参考教材\奥数\竟赛数学导引 三年级.pdf
3,竞赛数学导引 三年级,14,枚举法二,拓展篇,extension,109,10,,0.998,False,41,short,counting,,,枚举法二|counting,4年级及以前高思导引拓展篇及以下难度,mid,auto,L3,False,妈妈买来7个鸡蛋，每天至少吃2个，吃完为止.如果天数不限，可能的吃法一共 有多少种？,C:\Users\admin\Desktop\试卷分析project\参考教材\奥数\竟赛数学导引 三年级.pdf
3,竞赛数学导引 三年级,14,枚举法二,拓展篇,extension,109,11,★,0.9871,False,61,medium,counting,,,枚举法二|counting,4年级及以前高思导引拓展篇及以下难度,mid,auto,L3,False,有一类小于1000的自然数，每个数都由若干个1和若干个2组成，并且在每个数 中，1的个数比2的个数多.这样的数一共有多少个？,C:\Users\admin\Desktop\试卷分析project\参考教材\奥数\竟赛数学导引 三年级.pdf
3,竞赛数学导引 三年级,14,枚举法二,拓展篇,extension,109,12,,0.9986,False,42,short,counting,,,枚举法二|counting,4年级及以前高思导引拓展篇及以下难度,mid,auto,L3,False,老师拿来三块木板，上面分别写着数字1、2、3.墨莫可以用这些木板拼出多少个 不同的数？,C:\Users\admin\Desktop\试卷分析project\参考教材\奥数\竟赛数学导引 三年级.pdf
3,竞赛数学导引 三年级,14,枚举法二,拓展篇,extension,110,13,★,0.9904,False,60,medium,counting,,,枚举法二|counting,4年级及以前高思导引拓展篇及以下难度,mid,auto,L3,False,午餐的时候，食堂给同学们准备了苹果、香蕉和橘子这3种水果，每种都有很多 个.小高想要挑3个水果吃，请问：一共有多少种选择？,C:\Users\admin\Desktop\试卷分析project\参考教材\奥数\竟赛数学导引 三年级.pdf
3,竞赛数学导引 三年级,14,枚举法二,拓展篇,extension,110,14,★,0.9675,True,202,very_long,counting,,has_diagram,枚举法二|计数问题|counting,4年级及以前高思导引拓展篇及以下难度,mid,review,L4,False,（1）如图14-5(a)，方格纸的黑点位置上有一只小蚂蚁，它沿着方格纸上的横线 和竖线爬行，方格纸上每一小段的长度都是1厘米.试问：小蚂蚁爬了2厘米之后，可能在哪 些位置？把可能的位置在图上标出来.（不包括出发点） (a) (b) 图14-5 (2）如图14-5(b)，方格纸上每一小段的长度也是1厘米，黑点的位置上有一只小蚂蚁， 如果它爬了3厘米之后，恰好在黑线上.请问：这只小蚂蚁爬行的路线一共有多少种不同的 可能？,C:\Users\admin\Desktop\试卷分析project\参考教材\奥数\竟赛数学导引 三年级.pdf
3,竞赛数学导引 三年级,14,枚举法二,超越篇,challenge,110,1,,0.9969,False,57,medium,counting,case_analysis,,枚举法二|counting|case_analysis,高思导引超越篇难度,high,auto,L4,False,萱萱买了一些大福娃和小福娃，一共不到10个，且两种福娃的个数不一样多.请 问：两种福娃的个数可能有多少种不同的情况？,C:\Users\admin\Desktop\试卷分析project\参考教材\奥数\竟赛数学导引 三年级.pdf
3,竞赛数学导引 三年级,14,枚举法二,超越篇,challenge,111,2,,0.9987,False,35,short,geometry,,,枚举法二|geometry,高思导引超越篇难度,high,auto,L4,False,三条边的边长均为整数，且最长边的边长是8厘米，这样的三角形共有多少种？,C:\Users\admin\Desktop\试卷分析project\参考教材\奥数\竟赛数学导引 三年级.pdf
3,竞赛数学导引 三年级,14,枚举法二,超越篇,challenge,111,3,★,0.9918,False,42,short,counting,,,枚举法二|counting,高思导引超越篇难度,high,auto,L4,False,有19本书，分成5份.如果每份至少有一本书，且每份的本数都不相同，一共有多 少种分法？,C:\Users\admin\Desktop\试卷分析project\参考教材\奥数\竟赛数学导引 三年级.pdf
3,竞赛数学导引 三年级,14,枚举法二,超越篇,challenge,111,4,★,0.9943,False,73,medium,counting,case_analysis,,枚举法二|counting|case_analysis,高思导引超越篇难度,high,auto,L4,False,在NBA总决赛中，由洛杉矶湖人队对阵底特律活塞队.比赛采用7场4胜制，每胜 中，湖人队的积分从来没有落后过.问：比赛过程中的胜负情况共有多少种可能？,C:\Users\admin\Desktop\试卷分析project\参考教材\奥数\竟赛数学导引 三年级.pdf
3,竞赛数学导引 三年级,14,枚举法二,超越篇,challenge,111,5,,0.9979,False,62,medium,counting,,,枚举法二|counting,高思导引超越篇难度,high,auto,L4,False,甲、乙、丙三个人传球，第一次传球是由甲开始，将球传给乙或丙经过4次传球 后，球正好回到甲手中.那么一共有多少种不同的传球方式？,C:\Users\admin\Desktop\试卷分析project\参考教材\奥数\竟赛数学导引 三年级.pdf
3,竞赛数学导引 三年级,14,枚举法二,超越篇,challenge,111,6,★,0.9866,True,54,medium,counting,,has_diagram,枚举法二|counting,高思导引超越篇难度,high,review,L4,False,如图14-6，现在要从图中的A点走到B点，如果每个点最多只能经过一次，那么 一共有多少种不同的走法？ 图14-6,C:\Users\admin\Desktop\试卷分析project\参考教材\奥数\竟赛数学导引 三年级.pdf
3,竞赛数学导引 三年级,14,枚举法二,超越篇,challenge,112,7,,0.9418,True,166,very_long,counting,,has_diagram,枚举法二|counting,高思导引超越篇难度,high,review,L4,False,（1）刚开学时，甲、乙、丙、丁、戊五位同学的座位表如图14-7所示.一段时间后， 每人都想要换到与原来座位不相邻的位置上.那么有多少种换座位的方法？ （2）甲、乙、丙、丁、戊、已六位同学的座位如图14-8所示，如果每人都要换座位，而且每 人都要换到与原来座位不相邻的位置上(没有公共边).那么有多少种换座位的方法？ 丙 戌 图 14 - 7 图14-8,C:\Users\admin\Desktop\试卷分析project\参考教材\奥数\竟赛数学导引 三年级.pdf
3,竞赛数学导引 三年级,14,枚举法二,超越篇,challenge,112,8,,0.9348,True,60,medium,counting,,has_diagram,枚举法二|计数问题|counting,高思导引超越篇难度,high,review,L4,False,如图14-9，一只蚂蚁从A点出发，沿着八面体的棱行进，要求恰好经过每个顶点 各一次.一共有多少种不同的走法？ ） A 图14-9,C:\Users\admin\Desktop\试卷分析project\参考教材\奥数\竟赛数学导引 三年级.pdf
3,竞赛数学导引 三年级,15,和差倍问题二,兴趣篇,interest,113,1,★,0.9952,False,52,medium,general,,,和差倍问题二|general,4年级及以前高思导引拓展篇及以下难度,low,auto,L1,False,开始时阿呆有20张游戏卡，阿瓜有16张游戏卡.阿呆送给阿瓜2张游戏卡，这时阿 呆和阿瓜一共有多少张游戏卡？,C:\Users\admin\Desktop\试卷分析project\参考教材\奥数\竟赛数学导引 三年级.pdf
3,竞赛数学导引 三年级,15,和差倍问题二,兴趣篇,interest,113,2,★,0.9949,False,64,medium,general,,,和差倍问题二|general,4年级及以前高思导引拓展篇及以下难度,low,auto,L1,False,开始时阿呆有20张游戏卡，阿瓜有16张游戏卡.阿呆送给阿瓜一些游戏卡，这时阿 呆只有12张游戏卡了.请问：现在阿瓜有多少张游戏卡？,C:\Users\admin\Desktop\试卷分析project\参考教材\奥数\竟赛数学导引 三年级.pdf
3,竞赛数学导引 三年级,15,和差倍问题二,兴趣篇,interest,113,3,★★,0.9868,False,53,medium,general,,,和差倍问题二|general,4年级及以前高思导引拓展篇及以下难度,low,auto,L1,False,甲班和乙班一共有60人，如果从甲班调6人到乙班，那么甲班的人数就是乙班人 数的2倍.求甲、乙两班原来的人数.,C:\Users\admin\Desktop\试卷分析project\参考教材\奥数\竟赛数学导引 三年级.pdf
3,竞赛数学导引 三年级,15,和差倍问题二,兴趣篇,interest,114,4,★★,0.9962,False,86,medium,general,,,和差倍问题二|general,4年级及以前高思导引拓展篇及以下难度,low,auto,L1,False,甲、乙两位学生原计划每周做同样数量的练习题，实际上甲每周多做了18道题，而 乙偷懒每周少做了14道题，结果乙三周的做题量只相当于甲一周的做题量.请问：他们原计 划每周做几道题？,C:\Users\admin\Desktop\试卷分析project\参考教材\奥数\竟赛数学导引 三年级.pdf
3,竞赛数学导引 三年级,15,和差倍问题二,兴趣篇,interest,114,5,★★,0.9931,False,94,long,general,,,和差倍问题二|general,4年级及以前高思导引拓展篇及以下难度,low,auto,L2,False,一辆公共汽车出发时有48人，到达第一站时有若干人下车，而且下车的比留下的 多8人.到达第二站时，又有人下车，这次下车的比留下的少8人.请问：最后有几个人留在了 车上？（注：每个车站都无人上车）,C:\Users\admin\Desktop\试卷分析project\参考教材\奥数\竟赛数学导引 三年级.pdf
3,竞赛数学导引 三年级,15,和差倍问题二,兴趣篇,interest,114,6,★★,0.9955,False,80,medium,general,,,和差倍问题二|general,4年级及以前高思导引拓展篇及以下难度,low,auto,L1,False,刘老师给大家布置了若干道数学题作为寒假作业，寒假快结束的时候，墨莫已经做 完48道，萱萱则做完40道.如果萱萱未做的题数是墨莫的3倍，那么老师一共布置了多少 道题？,C:\Users\admin\Desktop\试卷分析project\参考教材\奥数\竟赛数学导引 三年级.pdf
3,竞赛数学导引 三年级,15,和差倍问题二,兴趣篇,interest,114,7,★★,0.9969,False,87,medium,general,,,和差倍问题二|general,4年级及以前高思导引拓展篇及以下难度,low,auto,L1,False,甲房地产公司有资金100亿元，乙房地产公司有资金40亿元，两公司联合投资一 块地皮，用去同样多的资金后，甲公司剩下的资金是乙公司的5倍.请问：两公司投资这块地 皮共用去多少亿元？,C:\Users\admin\Desktop\试卷分析project\参考教材\奥数\竟赛数学导引 三年级.pdf
3,竞赛数学导引 三年级,15,和差倍问题二,兴趣篇,interest,114,8,★★,0.9916,False,39,short,general,,,和差倍问题二|general,4年级及以前高思导引拓展篇及以下难度,low,auto,L1,False,在一个减法算式里，被减数、减数与差的和是240，减数是差的5倍.则减数是多少？,C:\Users\admin\Desktop\试卷分析project\参考教材\奥数\竟赛数学导引 三年级.pdf
3,竞赛数学导引 三年级,15,和差倍问题二,兴趣篇,interest,114,9,★★,0.9964,False,68,medium,general,,,和差倍问题二|general,4年级及以前高思导引拓展篇及以下难度,low,auto,L1,False,王老师买来三箱水果，总重100千克，其中前两箱重量相差11千克，且前两箱的总 重量是第三箱的3倍.请问：这三箱水果中最重的那箱重多少千克？,C:\Users\admin\Desktop\试卷分析project\参考教材\奥数\竟赛数学导引 三年级.pdf
3,竞赛数学导引 三年级,15,和差倍问题二,兴趣篇,interest,115,10,★,0.9919,False,72,medium,general,,,和差倍问题二|general,4年级及以前高思导引拓展篇及以下难度,low,auto,L1,False,甲、乙、丙三个物体的总重量是93千克，甲物体比乙、丙两个物体的重量之和轻1 千克，乙物体比丙物体重量的2倍还重2千克.那么甲、乙、丙各重多少千克？,C:\Users\admin\Desktop\试卷分析project\参考教材\奥数\竟赛数学导引 三年级.pdf
3,竞赛数学导引 三年级,15,和差倍问题二,拓展篇,extension,115,1,★★,0.9885,False,84,medium,general,,,和差倍问题二|general,4年级及以前高思导引拓展篇及以下难度,mid,auto,L3,False,卡莉娅和萱萱一起去书店买书，一共买了15本数学书和22本语文书，其中卡莉娅 买的数学书是萱萱的4倍，萱萱买的语文书比卡莉娅的3倍多2本.请问：萱萱买的书比卡莉 娅多多少本？,C:\Users\admin\Desktop\试卷分析project\参考教材\奥数\竟赛数学导引 三年级.pdf
3,竞赛数学导引 三年级,15,和差倍问题二,拓展篇,extension,115,2,★★,0.9903,False,86,medium,general,,,和差倍问题二|general,4年级及以前高思导引拓展篇及以下难度,mid,auto,L3,False,卡莉娅和萱萱玩游戏，每玩一局，输的就要给赢的1枚棋子.一开始卡莉娅有18枚 棋子，萱萱有22枚，玩了若干局之后，卡莉娅反而比萱萱多了10枚棋子.请问：此时卡莉娅有 多少枚棋子？,C:\Users\admin\Desktop\试卷分析project\参考教材\奥数\竟赛数学导引 三年级.pdf
3,竞赛数学导引 三年级,15,和差倍问题二,拓展篇,extension,115,3,★★,0.9938,False,62,medium,general,,,和差倍问题二|general,4年级及以前高思导引拓展篇及以下难度,mid,auto,L3,False,甲水库有43亿立方米水，乙水库有37亿立方米水.请问：需要从甲水库调多少亿 立方米水到乙水库，才能使乙水库的水比甲水库多两倍？,C:\Users\admin\Desktop\试卷分析project\参考教材\奥数\竟赛数学导引 三年级.pdf
3,竞赛数学导引 三年级,15,和差倍问题二,拓展篇,extension,115,4,★★,0.9942,False,76,medium,general,,,和差倍问题二|general,4年级及以前高思导引拓展篇及以下难度,mid,auto,L3,False,小高家有两根绳子，长的有163米，短的有97米，他把两根绳子剪去同样长的一 段，结果长绳所剩长度比短绳所剩长度的7倍还多6米.那么两根绳子都剪去了多少米？,C:\Users\admin\Desktop\试卷分析project\参考教材\奥数\竟赛数学导引 三年级.pdf
3,竞赛数学导引 三年级,15,和差倍问题二,拓展篇,extension,115,5,★★,0.9871,False,53,medium,general,,,和差倍问题二|general,4年级及以前高思导引拓展篇及以下难度,mid,auto,L3,False,用杯子往一个空瓶里倒水，如果倒进6杯水，连瓶共重680克；如果倒进9杯水，连 瓶共重920克.求空瓶的重量，,C:\Users\admin\Desktop\试卷分析project\参考教材\奥数\竟赛数学导引 三年级.pdf
3,竞赛数学导引 三年级,15,和差倍问题二,拓展篇,extension,116,6,★,0.9917,False,40,short,general,,,和差倍问题二|general,4年级及以前高思导引拓展篇及以下难度,mid,auto,L3,False,有两根粗细不同但长度相同的蜡烛，把它们同时点燃，1小时后细蜡烛缩短了15 烧多久？,C:\Users\admin\Desktop\试卷分析project\参考教材\奥数\竟赛数学导引 三年级.pdf
3,竞赛数学导引 三年级,15,和差倍问题二,拓展篇,extension,116,7,,0.9981,False,75,medium,general,,,和差倍问题二|general,4年级及以前高思导引拓展篇及以下难度,mid,auto,L3,False,甲、乙两人一起参加吃汉堡包大赛，在30分钟的限时内，甲吃的汉堡包个数是乙的 一半，而乙吃的汉堡包比甲的5倍少12个.请问：甲、乙两人一共吃了几个汉堡包？,C:\Users\admin\Desktop\试卷分析project\参考教材\奥数\竟赛数学导引 三年级.pdf
3,竞赛数学导引 三年级,15,和差倍问题二,拓展篇,extension,116,8,,0.995,False,72,medium,general,,,和差倍问题二|general,4年级及以前高思导引拓展篇及以下难度,mid,auto,L3,False,拍卖行卖出了两件艺术品，第一件的拍卖价格比第二件的3倍多3万元，而第二件 的拍卖价格比第一件的3倍少73万元.请问：这两件艺术品一共卖了多少万元？,C:\Users\admin\Desktop\试卷分析project\参考教材\奥数\竟赛数学导引 三年级.pdf
3,竞赛数学导引 三年级,15,和差倍问题二,拓展篇,extension,116,9,,0.9985,False,76,medium,general,,,和差倍问题二|general,4年级及以前高思导引拓展篇及以下难度,mid,auto,L3,False,小华有数学书、语文书和英语书一共70本，其中数学书和语文书的数量之和是英 语书的4倍，数学书和英语书的数量之和比语文书的3倍少2本.那么小华有几本数学书？,C:\Users\admin\Desktop\试卷分析project\参考教材\奥数\竟赛数学导引 三年级.pdf
3,竞赛数学导引 三年级,15,和差倍问题二,拓展篇,extension,116,10,,0.9985,False,65,medium,general,,,和差倍问题二|general,4年级及以前高思导引拓展篇及以下难度,mid,auto,L3,False,四个人的年龄之和等于77，其中年龄最小的是10岁，他与年龄最大的人的年龄之 和比另外两人的年龄之和大7岁.那么年龄最大的人是多少岁？,C:\Users\admin\Desktop\试卷分析project\参考教材\奥数\竟赛数学导引 三年级.pdf
3,竞赛数学导引 三年级,15,和差倍问题二,拓展篇,extension,116,11,,0.9973,False,77,medium,general,,,和差倍问题二|general,4年级及以前高思导引拓展篇及以下难度,mid,auto,L3,False,一堆苹果分给甲、乙、丙三人，三人分得的数量一样多.后来，甲给了乙2个，乙给 了丙6个，丙又给了甲8个，此时甲的苹果数恰好是丙的2倍.那么此时乙有多少个苹果？,C:\Users\admin\Desktop\试卷分析project\参考教材\奥数\竟赛数学导引 三年级.pdf
3,竞赛数学导引 三年级,15,和差倍问题二,拓展篇,extension,"116,117",12,,0.9988,False,83,medium,general,,cross_page_question,和差倍问题二|general,4年级及以前高思导引拓展篇及以下难度,mid,review,L3,False,某驻军有三个坦克连，共有115辆坦克，一连坦克数量比二连的2倍多2辆，而二 连的坦克数量比三连的3倍多1辆.请问：一连比三连多几辆坦克？ 人.问：三个赛区各有多少人报名？,C:\Users\admin\Desktop\试卷分析project\参考教材\奥数\竟赛数学导引 三年级.pdf
3,竞赛数学导引 三年级,15,和差倍问题二,拓展篇,extension,117,14,★,0.9913,False,77,medium,general,,,和差倍问题二|general,4年级及以前高思导引拓展篇及以下难度,mid,auto,L3,False,小明、小红、小玲共有73块糖，如果小玲吃掉3块，那么小红与小玲的糖就一样 多；如果小红给小明2块，那么小明的糖就是小红的糖的2倍.问：开始时小红有多少块糖？,C:\Users\admin\Desktop\试卷分析project\参考教材\奥数\竟赛数学导引 三年级.pdf
3,竞赛数学导引 三年级,15,和差倍问题二,超越篇,challenge,118,4,,0.9981,False,104,long,general,,,和差倍问题二|general,高思导引超越篇难度,high,auto,L4,False,有50名学生参加联欢会，第一名到会的女生同全部男生握过手，第二名到会的女 生只差1名男生没握过手，第三名到会的女生只差2名男生没握过手，依次类推，最后一名到 会的女生同7名男生握过手.问：这些学生中有多少名男生？,C:\Users\admin\Desktop\试卷分析project\参考教材\奥数\竟赛数学导引 三年级.pdf
3,竞赛数学导引 三年级,15,和差倍问题二,超越篇,challenge,118,5,,0.9977,False,122,very_long,general,,,和差倍问题二|general,高思导引超越篇难度,high,auto,L4,False,小高、墨莫和萱萱三个人各有一些钱，其中小高的钱数是墨莫的两倍，小高和墨莫 的钱数总和是萱萱的6倍.老师给了小高一些钱，现在小高一共有56元，然后小高把老师给 他的钱全部分给了墨莫和萱萱，这时墨莫有36元，萱萱有16元.那么老师一共给了小高多少 元钱？,C:\Users\admin\Desktop\试卷分析project\参考教材\奥数\竟赛数学导引 三年级.pdf
3,竞赛数学导引 三年级,15,和差倍问题二,超越篇,challenge,118,6,,0.9806,False,107,long,general,,,和差倍问题二|general,高思导引超越篇难度,high,auto,L4,False,有甲、乙、丙三堆石子，从甲堆中取8个给乙堆后，甲、乙两堆石子个数就相等了；此 时再从乙堆中取6个给丙堆，乙、丙两堆石子个数就相等了；接着再从丙堆中取2个给甲堆， 这样甲堆石子正好是丙堆的2倍.问：原来甲堆有多少个右子？,C:\Users\admin\Desktop\试卷分析project\参考教材\奥数\竟赛数学导引 三年级.pdf
3,竞赛数学导引 三年级,15,和差倍问题二,超越篇,challenge,118,7,,0.9909,False,106,long,general,,,和差倍问题二|general,高思导引超越篇难度,high,auto,L4,False,超市同时运进甲、乙两个品种的苹果，甲比乙的重量少210千克.一开始卖这两种 苹果进行降价促销，结果乙种苹果的销量变为原来的4倍，甲的销量不变，这样又过了两周后 两种苹果全部售完.请问：甲、乙两种苹果原来共有多少千克？,C:\Users\admin\Desktop\试卷分析project\参考教材\奥数\竟赛数学导引 三年级.pdf
3,竞赛数学导引 三年级,15,和差倍问题二,超越篇,challenge,118,8,★,0.9928,False,69,medium,general,,,和差倍问题二|general,高思导引超越篇难度,high,auto,L4,False,一条鱼分为鱼头、鱼身、鱼尾三段，如果鱼尾重4千克，鱼头重量等于鱼身的一半加 上鱼尾的重量，鱼身重量等于鱼头加鱼尾的重量.请问：这条鱼有多重？,C:\Users\admin\Desktop\试卷分析project\参考教材\奥数\竟赛数学导引 三年级.pdf
3,竞赛数学导引 三年级,16,简单乘除法竖式,兴趣篇,interest,119,1,★,0.8626,True,58,medium,general,,has_diagram,简单乘除法竖式|general,4年级及以前高思导引拓展篇及以下难度,low,review,L1,False,请在图16-1中的口内填入合适的数字，使乘法竖式成立. □□□□ □7□6□ × X 9801 3口29口6 图16-1 图16-2,C:\Users\admin\Desktop\试卷分析project\参考教材\奥数\竟赛数学导引 三年级.pdf
3,竞赛数学导引 三年级,16,简单乘除法竖式,兴趣篇,interest,119,2,★,0.948,True,30,short,general,,has_diagram,简单乘除法竖式|general,4年级及以前高思导引拓展篇及以下难度,low,review,L1,False,如图16-2，请在图中的口内填人合适的数字，使乘法竖式成立，,C:\Users\admin\Desktop\试卷分析project\参考教材\奥数\竟赛数学导引 三年级.pdf
3,竞赛数学导引 三年级,16,简单乘除法竖式,兴趣篇,interest,119,3,★,0.8194,True,57,medium,general,,has_diagram,简单乘除法竖式|general,4年级及以前高思导引拓展篇及以下难度,low,review,L1,False,图16-3是一个残缺的乘法竖式，这个算式的结果是多少？ 口1 口口 2□ 4口 口口 X 3口 □□□ 2 □1□ 图16-3 图16-4,C:\Users\admin\Desktop\试卷分析project\参考教材\奥数\竟赛数学导引 三年级.pdf
3,竞赛数学导引 三年级,16,简单乘除法竖式,兴趣篇,interest,120,4,★,0.9762,True,70,medium,general,,has_diagram,简单乘除法竖式|general,4年级及以前高思导引拓展篇及以下难度,low,review,L1,False,如图16－4，在图中的口内填人合适的数字后，能使乘法竖式成立（其中的3表示两 个乘数的个位数字相乘时向十位进3).请问：这个算式的结果是多少？,C:\Users\admin\Desktop\试卷分析project\参考教材\奥数\竟赛数学导引 三年级.pdf
3,竞赛数学导引 三年级,16,简单乘除法竖式,兴趣篇,interest,120,5,★★,0.8151,True,68,medium,general,,has_diagram,简单乘除法竖式|general,4年级及以前高思导引拓展篇及以下难度,low,review,L1,False,如图16-5，在图中的口内填人合适的数字，使乘法竖式成立. 4□ 口口 □6 X 8口 1□□0 □□口 □□ 5 口口 8□□□ 口口口口 图16-5 图16-6,C:\Users\admin\Desktop\试卷分析project\参考教材\奥数\竟赛数学导引 三年级.pdf
3,竞赛数学导引 三年级,16,简单乘除法竖式,兴趣篇,interest,120,6,★★,0.9821,True,45,medium,general,,has_diagram,简单乘除法竖式|general,4年级及以前高思导引拓展篇及以下难度,low,review,L1,False,如图16-6是一个残缺的乘法竖式，现在知道其中一个位置上的数字为8，这个竖 式的结果是多少？,C:\Users\admin\Desktop\试卷分析project\参考教材\奥数\竟赛数学导引 三年级.pdf
3,竞赛数学导引 三年级,16,简单乘除法竖式,兴趣篇,interest,120,7,★,0.7968,True,59,medium,general,,has_diagram,简单乘除法竖式|general,4年级及以前高思导引拓展篇及以下难度,low,review,L1,False,请在图16-7中的口内填入合适的数字，使除法竖式成立， 8口 9□□□ □□□ □ 口口 5口 口口 口口 口口 3□ 图16-7 图16-8,C:\Users\admin\Desktop\试卷分析project\参考教材\奥数\竟赛数学导引 三年级.pdf
3,竞赛数学导引 三年级,16,简单乘除法竖式,兴趣篇,interest,120,8,★★,0.9311,True,29,short,general,,has_diagram,简单乘除法竖式|general,4年级及以前高思导引拓展篇及以下难度,low,review,L1,False,如图16－8，在图中的口内填人合适的数字，使除法竖式成立.,C:\Users\admin\Desktop\试卷分析project\参考教材\奥数\竟赛数学导引 三年级.pdf
3,竞赛数学导引 三年级,16,简单乘除法竖式,兴趣篇,interest,120,9,★★,0.8194,True,71,medium,general,,has_diagram,简单乘除法竖式|general,4年级及以前高思导引拓展篇及以下难度,low,review,L1,False,如图16-9，在图中的口内填入合适的数字，使除法竖式成立. □□ 口 口口 口口口口口 2714□□ 口 口口 □□ 5 口 口口 5口 口1 口口 图16-9 图16-10,C:\Users\admin\Desktop\试卷分析project\参考教材\奥数\竟赛数学导引 三年级.pdf
3,竞赛数学导引 三年级,16,简单乘除法竖式,兴趣篇,interest,120,10,,0.9553,True,30,short,general,,has_diagram,简单乘除法竖式|数字谜问题|general,4年级及以前高思导引拓展篇及以下难度,low,review,L1,False,如图16-10，在图中的口内填人合适的数字，使除法竖式成立，,C:\Users\admin\Desktop\试卷分析project\参考教材\奥数\竟赛数学导引 三年级.pdf
3,竞赛数学导引 三年级,16,简单乘除法竖式,拓展篇,extension,121,1,★,0.9073,True,63,medium,general,,has_diagram,简单乘除法竖式|general,4年级及以前高思导引拓展篇及以下难度,mid,review,L3,False,如图16-11，在图中的口内填人合适的数字，使乘法竖式成立。 口4口8口 9□2 口 X 口 4口8口71 6□5□ 图16-11 图16-12,C:\Users\admin\Desktop\试卷分析project\参考教材\奥数\竟赛数学导引 三年级.pdf
3,竞赛数学导引 三年级,16,简单乘除法竖式,拓展篇,extension,121,2,★,0.9582,True,31,short,general,,has_diagram,简单乘除法竖式|general,4年级及以前高思导引拓展篇及以下难度,mid,review,L3,False,如图16-.12，在图中的口内填入合适的数字，使乘法竖式成立.,C:\Users\admin\Desktop\试卷分析project\参考教材\奥数\竟赛数学导引 三年级.pdf
3,竞赛数学导引 三年级,16,简单乘除法竖式,拓展篇,extension,121,3,★★,0.7774,True,75,medium,general,,has_diagram,简单乘除法竖式|general,4年级及以前高思导引拓展篇及以下难度,mid,review,L3,False,如图16-13，在图中的口内填人合适的数字，使乘法竖式成立. □1□ □7 X + 口口 □ 3□ 口口 3□2□ 口口口 2□ 5 □。□ 1□8□30 图16-13 图16-14,C:\Users\admin\Desktop\试卷分析project\参考教材\奥数\竟赛数学导引 三年级.pdf
3,竞赛数学导引 三年级,16,简单乘除法竖式,拓展篇,extension,121,4,★★,0.9568,True,30,short,general,,has_diagram,简单乘除法竖式|general,4年级及以前高思导引拓展篇及以下难度,mid,review,L3,False,如图16-14，在图中的口内填人合适的数字，使乘法竖式成立.,C:\Users\admin\Desktop\试卷分析project\参考教材\奥数\竟赛数学导引 三年级.pdf
3,竞赛数学导引 三年级,16,简单乘除法竖式,拓展篇,extension,121,5,★★,0.8297,True,77,medium,general,,has_diagram,简单乘除法竖式|general,4年级及以前高思导引拓展篇及以下难度,mid,review,L3,False,在如图16-15所示的乘法竖式中，△、口、○、分别代表不同的数字.问：口○ 这个三位数是多少？ △△ X △2 △□O △△△ △8 44□ △5△ 图16-15 图16-16,C:\Users\admin\Desktop\试卷分析project\参考教材\奥数\竟赛数学导引 三年级.pdf
3,竞赛数学导引 三年级,16,简单乘除法竖式,拓展篇,extension,121,6,★★,0.9903,True,42,short,geometry,,has_diagram,简单乘除法竖式|geometry,4年级及以前高思导引拓展篇及以下难度,mid,review,L3,False,在图16-16所示的乘法竖式中，有些数字被三角形纸片盖住了.请问：算式的结果 是多少？,C:\Users\admin\Desktop\试卷分析project\参考教材\奥数\竟赛数学导引 三年级.pdf
3,竞赛数学导引 三年级,16,简单乘除法竖式,拓展篇,extension,122,7,★,0.8506,True,69,medium,general,,has_diagram,简单乘除法竖式|general,4年级及以前高思导引拓展篇及以下难度,mid,review,L3,False,图16－17是一个残缺的乘法算式，请补充完整并求出这个算式的结果. 口口 车 X 口口 X车马 □□ 炮车 口口 马炮 □8□□ 马车车 图16-17 图16-18,C:\Users\admin\Desktop\试卷分析project\参考教材\奥数\竟赛数学导引 三年级.pdf
3,竞赛数学导引 三年级,16,简单乘除法竖式,拓展篇,extension,122,8,,0.9853,True,49,medium,general,,has_diagram,简单乘除法竖式|general,4年级及以前高思导引拓展篇及以下难度,mid,review,L3,False,如图16-18所示的竖式中，不同的汉字代表不同的数字.请问：“车”、“马”、炮”分 别代表什么数字？,C:\Users\admin\Desktop\试卷分析project\参考教材\奥数\竟赛数学导引 三年级.pdf
3,竞赛数学导引 三年级,16,简单乘除法竖式,拓展篇,extension,122,9,★★,0.7816,True,74,medium,general,,has_diagram,简单乘除法竖式|general,4年级及以前高思导引拓展篇及以下难度,mid,review,L3,False,如图16-19，在图中的口内填人合适的数字，使除法竖式成立. □□9 2口 6□□□□7 □□□□□口 口口 □□ 6 □□口 口口 □□口 7口 图16-19 图16-20,C:\Users\admin\Desktop\试卷分析project\参考教材\奥数\竟赛数学导引 三年级.pdf
3,竞赛数学导引 三年级,16,简单乘除法竖式,拓展篇,extension,122,10,★★,0.9742,True,29,short,general,,has_diagram,简单乘除法竖式|general,4年级及以前高思导引拓展篇及以下难度,mid,review,L3,False,如图16-20，在图中的口内填人合适的数字，使除法竖式成立,C:\Users\admin\Desktop\试卷分析project\参考教材\奥数\竟赛数学导引 三年级.pdf
3,竞赛数学导引 三年级,16,简单乘除法竖式,拓展篇,extension,122,11,,0.808,True,81,medium,general,,has_diagram,简单乘除法竖式|general,4年级及以前高思导引拓展篇及以下难度,mid,review,L3,False,如图16-21，在图中的口内填入合适的数字，使除法竖式成立. □□ 2 □8□7 □□口□口 □ □□ □ □ □ □ □ 口 □□□ 口口 口口 口 口口 口口 口口 口口 口口 图16-21 图16-22,C:\Users\admin\Desktop\试卷分析project\参考教材\奥数\竟赛数学导引 三年级.pdf
3,竞赛数学导引 三年级,16,简单乘除法竖式,拓展篇,extension,122,12,,0.9712,True,30,short,general,,has_diagram,简单乘除法竖式|general,4年级及以前高思导引拓展篇及以下难度,mid,review,L3,False,如图16-22，在图中的口内填人合适的数字，使除法竖式成立.,C:\Users\admin\Desktop\试卷分析project\参考教材\奥数\竟赛数学导引 三年级.pdf
3,竞赛数学导引 三年级,16,简单乘除法竖式,拓展篇,extension,123,13,★,0.8582,True,75,medium,general,,has_diagram,简单乘除法竖式|general,4年级及以前高思导引拓展篇及以下难度,mid,review,L3,False,图16-23是一个残缺的除法竖式，这个算式中的被除数是多少？ □□□ 口口口口口 口口 喝茶 □□口 喝上好茶 口口 请喝 □□□ 上茶 口口 上茶 好 图16-23 图16-24,C:\Users\admin\Desktop\试卷分析project\参考教材\奥数\竟赛数学导引 三年级.pdf
3,竞赛数学导引 三年级,16,简单乘除法竖式,拓展篇,extension,123,14,,0.9796,True,52,medium,general,,has_diagram,简单乘除法竖式|数字谜问题|general,4年级及以前高思导引拓展篇及以下难度,mid,review,L3,False,在如图16-24所示的竖式中，不同的汉字代表不同的数字.请找出每一个汉字对 应的数字，并把这个竖式写出来.,C:\Users\admin\Desktop\试卷分析project\参考教材\奥数\竟赛数学导引 三年级.pdf
3,竞赛数学导引 三年级,16,简单乘除法竖式,超越篇,challenge,123,1,,0.8115,True,94,long,general,,has_diagram,简单乘除法竖式|general,高思导引超越篇难度,high,review,L4,False,如图16-25，在图中的口内填人1、2、3、4、5、6、8这7个数字（其中2已经填 好），每个数字使用一次，使竖式成立 □口口 口口 □□口 □□ □ □ 口 □□口 □□ 2 □88□8 图16-25 图16-26,C:\Users\admin\Desktop\试卷分析project\参考教材\奥数\竟赛数学导引 三年级.pdf
3,竞赛数学导引 三年级,16,简单乘除法竖式,超越篇,challenge,123,2,,0.9567,True,30,short,general,,has_diagram,简单乘除法竖式|general,高思导引超越篇难度,high,review,L4,False,如图16-26，在图中的口内填人合适的数字，使乘法竖式成立.,C:\Users\admin\Desktop\试卷分析project\参考教材\奥数\竟赛数学导引 三年级.pdf
3,竞赛数学导引 三年级,16,简单乘除法竖式,超越篇,challenge,123,3,,0.7824,True,70,medium,general,,has_diagram,简单乘除法竖式|general,高思导引超越篇难度,high,review,L4,False,如图16-27，在图中的口内填入合适的数字，使乘法竖式成立. 1口 4口 口口 口口 □ 5□ 4□□ □□□ □□口 □8□□ □□ 4□ 图16-27 图16-28,C:\Users\admin\Desktop\试卷分析project\参考教材\奥数\竟赛数学导引 三年级.pdf
3,竞赛数学导引 三年级,16,简单乘除法竖式,超越篇,challenge,124,4,★,0.9558,True,30,short,general,,has_diagram,简单乘除法竖式|general,高思导引超越篇难度,high,review,L4,False,如图16-28，在图中的口内填人合适的数字，使乘法竖式成立.,C:\Users\admin\Desktop\试卷分析project\参考教材\奥数\竟赛数学导引 三年级.pdf
3,竞赛数学导引 三年级,16,简单乘除法竖式,超越篇,challenge,124,5,★,0.7895,True,88,medium,general,,has_diagram,简单乘除法竖式|general,高思导引超越篇难度,high,review,L4,False,如图16－29所示的竖式中，不同的符号代表不同的数字.请找出每一个符号对应 的数字，并把这个竖式写出来. 口○ 口口 □□口 △O □口口 △ □口 口 △ 22□ □□□ □ □ 图16-29 图16-30,C:\Users\admin\Desktop\试卷分析project\参考教材\奥数\竟赛数学导引 三年级.pdf
3,竞赛数学导引 三年级,16,简单乘除法竖式,超越篇,challenge,124,6,,0.9921,True,43,short,general,,has_diagram,简单乘除法竖式|general,高思导引超越篇难度,high,review,L4,False,如图16-30，在图中的口内填人一个不是2的数字，可以使其成为正确的算式，求 所得的乘积,C:\Users\admin\Desktop\试卷分析project\参考教材\奥数\竟赛数学导引 三年级.pdf
3,竞赛数学导引 三年级,16,简单乘除法竖式,超越篇,challenge,124,7,,0.7853,True,109,long,general,,has_diagram,简单乘除法竖式|general,高思导引超越篇难度,high,review,L4,False,如图16－31的除法竖式中，除了给出的数字4外，口内的数字都不是4，求算式的 被除数. □□ □ □□ 口 □ □ □ □ □ +□ □ 4 口 □□□ □□□ □ 口口 □□□□口 □ 4 口 口口 4□口 口口 口口 4□口 口口 口口 图16-31 图16-32 图16-33,C:\Users\admin\Desktop\试卷分析project\参考教材\奥数\竟赛数学导引 三年级.pdf
3,竞赛数学导引 三年级,16,简单乘除法竖式,超越篇,challenge,124,8,★,0.9846,True,59,medium,general,,has_diagram,简单乘除法竖式|数字谜问题|general,高思导引超越篇难度,high,review,L4,False,如图16-32是一个四位数除以一个一位数的除法竖式，图16-33是这个四位数除 以另一个一位数的除法竖式，求这个四位数.,C:\Users\admin\Desktop\试卷分析project\参考教材\奥数\竟赛数学导引 三年级.pdf
3,竞赛数学导引 三年级,17,鸡兔同笼问题二,兴趣篇,interest,125,1,★,0.9875,False,38,short,general,,,鸡兔同笼问题二|general,4年级及以前高思导引拓展篇及以下难度,low,auto,L1,False,笼子里有一些3腿鸡和6腿兔，共有8个头，30条腿.请问：其中有多少只3腿鸡？,C:\Users\admin\Desktop\试卷分析project\参考教材\奥数\竟赛数学导引 三年级.pdf
3,竞赛数学导引 三年级,17,鸡兔同笼问题二,兴趣篇,interest,125,2,★,0.9963,False,72,medium,general,,,鸡兔同笼问题二|general,4年级及以前高思导引拓展篇及以下难度,low,auto,L1,False,因生存环境的变化，出现了3条腿的变异青蛙.现在捕到4条腿的正常青蛙和3条 腿的变异青蛙共30只，总共115条腿.请问：捕到多少只3条腿的变异青蛙？,C:\Users\admin\Desktop\试卷分析project\参考教材\奥数\竟赛数学导引 三年级.pdf
3,竞赛数学导引 三年级,17,鸡兔同笼问题二,兴趣篇,interest,125,3,★,0.9964,False,57,medium,general,,,鸡兔同笼问题二|general,4年级及以前高思导引拓展篇及以下难度,low,auto,L1,False,大卡车一次能运7吨土，小卡车一次能运4吨土，现在有大、小卡车70辆，一次恰好 能运土400吨.请问：大卡车有多少辆？,C:\Users\admin\Desktop\试卷分析project\参考教材\奥数\竟赛数学导引 三年级.pdf
3,竞赛数学导引 三年级,17,鸡兔同笼问题二,兴趣篇,interest,126,4,★★,0.9921,False,70,medium,general,,,鸡兔同笼问题二|general,4年级及以前高思导引拓展篇及以下难度,low,auto,L1,False,一辆卡车运粮食，每次能运5吨，晴天时每天能运8次，雨天时每天只能运3次.这 辆卡车10天共运了325吨粮食，在这10天中，晴天和雨天各有几天？,C:\Users\admin\Desktop\试卷分析project\参考教材\奥数\竟赛数学导引 三年级.pdf
3,竞赛数学导引 三年级,17,鸡兔同笼问题二,兴趣篇,interest,126,5,★★,0.9806,False,38,short,general,,,鸡兔同笼问题二|general,4年级及以前高思导引拓展篇及以下难度,low,auto,L1,False,有若干只鸡和兔，其中鸡比兔多12只，它们一共有84条腿，问鸡和兔各有多少只？,C:\Users\admin\Desktop\试卷分析project\参考教材\奥数\竟赛数学导引 三年级.pdf
3,竞赛数学导引 三年级,17,鸡兔同笼问题二,兴趣篇,interest,126,6,,0.9958,False,65,medium,general,,,鸡兔同笼问题二|general,4年级及以前高思导引拓展篇及以下难度,low,auto,L1,False,北京大学乒乓球馆内，一共有34人正在进行乒乓球比赛，其中单打比赛的球台比 双打比赛的球台多2张.请问：一共有多少张球台正在进行比赛？,C:\Users\admin\Desktop\试卷分析project\参考教材\奥数\竟赛数学导引 三年级.pdf
3,竞赛数学导引 三年级,17,鸡兔同笼问题二,兴趣篇,interest,126,7,★★,0.9758,False,48,medium,general,,,鸡兔同笼问题二|general,4年级及以前高思导引拓展篇及以下难度,low,auto,L1,False,有若干只鸡和兔，其中鸡和兔的数量一样多，兔的总腿数比鸡的总腿数多30条.请 问：鸡、兔各有多少只？,C:\Users\admin\Desktop\试卷分析project\参考教材\奥数\竟赛数学导引 三年级.pdf
3,竞赛数学导引 三年级,17,鸡兔同笼问题二,兴趣篇,interest,126,8,★★,0.957,False,53,medium,general,,,鸡兔同笼问题二|general,4年级及以前高思导引拓展篇及以下难度,low,auto,L1,False,癫蛤蟆和天鹅一块玩游戏，癫蛤比天鹅多12只，癫蛤的总腿数比天鹅的总腿 数多68条.那么癫蛤和天鹅各有多少只？,C:\Users\admin\Desktop\试卷分析project\参考教材\奥数\竟赛数学导引 三年级.pdf
3,竞赛数学导引 三年级,17,鸡兔同笼问题二,兴趣篇,interest,126,9,★★,0.949,False,54,medium,general,,,鸡兔同笼问题二|general,4年级及以前高思导引拓展篇及以下难度,low,auto,L1,False,癫蛤蟆和天鹅一块玩游戏，天鹅比癫蛤多15只，癫蛤的总腿数比天鹅的总腿 数多36条.那么癫蛤蟆和天鹅各有多少只？,C:\Users\admin\Desktop\试卷分析project\参考教材\奥数\竟赛数学导引 三年级.pdf
3,竞赛数学导引 三年级,17,鸡兔同笼问题二,兴趣篇,interest,126,10,★,0.9852,False,39,short,general,,,鸡兔同笼问题二|general,4年级及以前高思导引拓展篇及以下难度,low,auto,L1,False,鸡兔同笼，鸡和兔共30只，鸡的总腿数和兔的总腿数一样多.那么鸡和兔各有多 少只？,C:\Users\admin\Desktop\试卷分析project\参考教材\奥数\竟赛数学导引 三年级.pdf
3,竞赛数学导引 三年级,17,鸡兔同笼问题二,拓展篇,extension,127,1,★★,0.9961,False,70,medium,general,,,鸡兔同笼问题二|general,4年级及以前高思导引拓展篇及以下难度,mid,auto,L3,False,体育课上，三年级一班的46名同学都在操场上玩球，每个篮球有6名同学玩，每个 排球有8名同学玩，篮球和排球一共有7个.问：玩排球的同学有多少名？,C:\Users\admin\Desktop\试卷分析project\参考教材\奥数\竟赛数学导引 三年级.pdf
3,竞赛数学导引 三年级,17,鸡兔同笼问题二,拓展篇,extension,127,2,★★,0.9908,False,76,medium,general,,,鸡兔同笼问题二|general,4年级及以前高思导引拓展篇及以下难度,mid,auto,L3,False,集体劳动时，女生拾土，每2名女生用1根扁担拾1个筐，男生挑土，每1名男生用 1根扁担挑2个筐，结果共用了27根扁担和44个筐.请问：女生和男生各有多少名？,C:\Users\admin\Desktop\试卷分析project\参考教材\奥数\竟赛数学导引 三年级.pdf
3,竞赛数学导引 三年级,17,鸡兔同笼问题二,拓展篇,extension,127,3,★,0.9932,False,149,very_long,general,,,鸡兔同笼问题二|general,4年级及以前高思导引拓展篇及以下难度,mid,auto,L4,False,有大、小猴共15只，它们一起去摘水蜜桃.猴王在场监督的时候（猴王不摘，也不算 在15只猴子内），一只大猴子每小时摘25个，一只小猴子每小时摘22个；猴王不在的时候， 每只猴子每小时都会少摘10个.某天猴子们共摘了8小时，最后2小时猴王才到场监督，结 果共摘了1980个水蜜桃.请问：大、小猴子各有多少只？,C:\Users\admin\Desktop\试卷分析project\参考教材\奥数\竟赛数学导引 三年级.pdf
3,竞赛数学导引 三年级,17,鸡兔同笼问题二,拓展篇,extension,127,4,★,0.9956,False,102,long,general,,,鸡兔同笼问题二|general,4年级及以前高思导引拓展篇及以下难度,mid,auto,L4,False,天上一群九头鸟和地上一群九尾狐商量去吃唐僧，九头鸟有九头一尾，九尾狐有九 尾一头，孙悟空将它们抓起来关进了笼子，猪八戒在笼子外数出了134个头和166条尾巴.请 同学们算一算：共有多少只九头鸟？多少只九尾狐？,C:\Users\admin\Desktop\试卷分析project\参考教材\奥数\竟赛数学导引 三年级.pdf
3,竞赛数学导引 三年级,17,鸡兔同笼问题二,拓展篇,extension,127,5,★,0.991,False,51,medium,general,,,鸡兔同笼问题二|general,4年级及以前高思导引拓展篇及以下难度,mid,auto,L3,False,一群黄鼠狼给鸡拜年，黄鼠狼和鸡一共有24只，鸡的总腿数比黄鼠狼的总腿数多 18条.求黄鼠狼和鸡各有几只？,C:\Users\admin\Desktop\试卷分析project\参考教材\奥数\竟赛数学导引 三年级.pdf
3,竞赛数学导引 三年级,17,鸡兔同笼问题二,拓展篇,extension,128,6,★,0.9925,False,51,medium,general,,,鸡兔同笼问题二|general,4年级及以前高思导引拓展篇及以下难度,mid,auto,L3,False,一群黄鼠狼给鸡拜年，黄鼠狼和鸡一共有24只，黄鼠狼的总腿数比鸡的总腿数多 54条.求黄鼠狼和鸡各有儿只？,C:\Users\admin\Desktop\试卷分析project\参考教材\奥数\竟赛数学导引 三年级.pdf
3,竞赛数学导引 三年级,17,鸡兔同笼问题二,拓展篇,extension,128,7,★★,0.994,False,74,medium,general,,,鸡兔同笼问题二|general,4年级及以前高思导引拓展篇及以下难度,mid,auto,L3,False,宿舍楼的大、小寝室一共有20间，已知大寝室每间住了6人，小寝室每间住了4 人，并且大寝室的总人数比小寝室的总人数多30人.请问：大、小寝室各有多少间？,C:\Users\admin\Desktop\试卷分析project\参考教材\奥数\竟赛数学导引 三年级.pdf
3,竞赛数学导引 三年级,17,鸡兔同笼问题二,拓展篇,extension,128,8,★★,0.9434,False,90,long,general,,,鸡兔同笼问题二|general,4年级及以前高思导引拓展篇及以下难度,mid,auto,L4,False,书店一天内卖出《哈利·波特》和《魔戒》共40本，其中《哈利·波特》每本30元， 《魔戒》每本25元.经统计，卖《哈利·波特》的收人比《魔戒》多650元.这天卖出多少本《哈利· 波特》？,C:\Users\admin\Desktop\试卷分析project\参考教材\奥数\竟赛数学导引 三年级.pdf
3,竞赛数学导引 三年级,17,鸡兔同笼问题二,拓展篇,extension,128,9,★,0.9745,False,37,short,general,,,鸡兔同笼问题二|general,4年级及以前高思导引拓展篇及以下难度,mid,auto,L3,False,鸡兔同笼，兔比鸡的3倍少6只，而鸡和兔共有116条腿.求鸡和兔各有多少只？,C:\Users\admin\Desktop\试卷分析project\参考教材\奥数\竟赛数学导引 三年级.pdf
3,竞赛数学导引 三年级,17,鸡兔同笼问题二,拓展篇,extension,128,10,★★,0.9935,False,54,medium,geometry,,,鸡兔同笼问题二|geometry,4年级及以前高思导引拓展篇及以下难度,mid,auto,L3,False,墨莫的存钱罐里，5角硬币比1角硬币多18枚，5角硬币的总值比1角硬币的总 值多21元.存钱罐里共有多少枚硬币？,C:\Users\admin\Desktop\试卷分析project\参考教材\奥数\竟赛数学导引 三年级.pdf
3,竞赛数学导引 三年级,17,鸡兔同笼问题二,拓展篇,extension,128,11,★,0.9907,False,114,long,general,,,鸡兔同笼问题二|general,4年级及以前高思导引拓展篇及以下难度,mid,auto,L4,False,小高、墨莫、卡莉娅三人每人脚上绑了一些气球，玩踩气球的游戏，踩破别人的一个 气球得8分，被别人踩破一个气球就倒扣5分，没有人踩破自己的气球.最后墨莫得了36分，并 且他踩破的气球比他被踩破的气球多3个.请问：墨莫有几个气球被踩破了？,C:\Users\admin\Desktop\试卷分析project\参考教材\奥数\竟赛数学导引 三年级.pdf
3,竞赛数学导引 三年级,17,鸡兔同笼问题二,拓展篇,extension,128,12,,0.9938,False,52,medium,general,,,鸡兔同笼问题二|general,4年级及以前高思导引拓展篇及以下难度,mid,auto,L3,False,鸡兔同笼，鸡和兔共有46条腿，如果将鸡与兔的数量互换，那么总腿数变为38 条.请问：原来鸡和兔各有多少只？,C:\Users\admin\Desktop\试卷分析project\参考教材\奥数\竟赛数学导引 三年级.pdf
3,竞赛数学导引 三年级,17,鸡兔同笼问题二,拓展篇,extension,129,13,★,0.9512,False,45,medium,general,,,鸡兔同笼问题二|general,4年级及以前高思导引拓展篇及以下难度,mid,auto,L3,False,鸡、龟、兔一共有20只，它们总共有72条腿，龟的数量是兔的3倍.请问：鸡、龟、 免各有几只？,C:\Users\admin\Desktop\试卷分析project\参考教材\奥数\竟赛数学导引 三年级.pdf
3,竞赛数学导引 三年级,17,鸡兔同笼问题二,拓展篇,extension,129,14,★,0.9934,False,79,medium,general,,,鸡兔同笼问题二|general,4年级及以前高思导引拓展篇及以下难度,mid,auto,L3,False,香蕉、苹果和梨三种水果共40千克，其中苹果和梨的重量相等.如果香蕉每千克3 元，苹果每千克2元，梨每千克6元，这些水果共花了146元.问：三种水果各有多少千克？,C:\Users\admin\Desktop\试卷分析project\参考教材\奥数\竟赛数学导引 三年级.pdf
3,竞赛数学导引 三年级,17,鸡兔同笼问题二,超越篇,challenge,129,1,★,0.9934,False,56,medium,general,,,鸡兔同笼问题二|general,高思导引超越篇难度,high,auto,L4,False,1个大人一餐吃2个面包，2个小孩一餐吃1个面包，大人和小孩共有33人，一餐 刚好吃了33个面包.问：有多少个小孩？,C:\Users\admin\Desktop\试卷分析project\参考教材\奥数\竟赛数学导引 三年级.pdf
3,竞赛数学导引 三年级,17,鸡兔同笼问题二,超越篇,challenge,129,2,,0.9895,False,146,very_long,general,,,鸡兔同笼问题二|general,高思导引超越篇难度,high,auto,L4,False,八臂一头号夜叉，三头六臂是哪吒；两处争强来斗胜，不相胜负正交加；三十六头齐 出动，一百八手乱相抓；旁边看者殷勤问，几个哪吒几夜叉？（本题的意思是：一个夜叉有1个 头、8条臂，一个哪吒有3个头、6条臂.有一些夜叉和哪吒正打得不分胜负，数一数，共有36 个头、108条臂.问：有几个夜叉？有几个哪吒？）,C:\Users\admin\Desktop\试卷分析project\参考教材\奥数\竟赛数学导引 三年级.pdf
3,竞赛数学导引 三年级,17,鸡兔同笼问题二,超越篇,challenge,129,3,★,0.9928,False,77,medium,general,,,鸡兔同笼问题二|general,高思导引超越篇难度,high,auto,L4,False,在一次考试中，萱萱做完了所有的题，做对的题目数量比做错的3倍多5道.已知 做对一题得5分，做错一题不但不给分还倒扣2分，萱萱最后得了90分.她做对了几道题？,C:\Users\admin\Desktop\试卷分析project\参考教材\奥数\竟赛数学导引 三年级.pdf
3,竞赛数学导引 三年级,17,鸡兔同笼问题二,超越篇,challenge,"129,130",4,★,0.9964,False,161,very_long,calculation,,cross_page_question,鸡兔同笼问题二|calculation,高思导引超越篇难度,high,review,L4,False,一次考试共有100道选择题，答对一题得3分，不答不得分，答错一题倒扣1分.墨 莫最后得了244分，而且他不答的题目数量和答错的题目数量一样多.那么他答对了几道题？ 卡片的两面上分别写有1和3，绿色卡片的两面上分别写有2和3.现在把这些卡片放在桌子 上，让每张卡片写有较大的数字的那面朝上显示出来.经计算，各卡片所显示的数字之和为,C:\Users\admin\Desktop\试卷分析project\参考教材\奥数\竟赛数学导引 三年级.pdf
3,竞赛数学导引 三年级,17,鸡兔同笼问题二,超越篇,challenge,130,56,,0.9987,False,45,medium,general,,,鸡兔同笼问题二|general,高思导引超越篇难度,high,auto,L4,False,如果把所有卡片的正反面翻转一下，那么各卡片所显示的数字之和为31.请问：黄色卡片 有多少张？,C:\Users\admin\Desktop\试卷分析project\参考教材\奥数\竟赛数学导引 三年级.pdf
3,竞赛数学导引 三年级,17,鸡兔同笼问题二,超越篇,challenge,130,6,,0.9862,False,174,very_long,general,,,鸡兔同笼问题二|general,高思导引超越篇难度,high,auto,L4,False,有蜘蛛、蜻蜓和蝉三种动物各若干只，蜘蛛有8条腿但没有翅膀，蜻蜓有6条腿和 2对翅膀，蝉有6条腿和1对翅膀.蜘蛛比蜻蜓多5只，三种动物一共有182条腿、22对翅膀， 请问：三种动物各有多少只？ 只脚）、三脚猫（1个头、3只脚)和四脚蛇(1个头、4只脚)这四种动物.如果它们共有58个头、 160只脚，且四脚蛇的数量恰好是双头龙的2倍，那么其中独脚兽有多少只？,C:\Users\admin\Desktop\试卷分析project\参考教材\奥数\竟赛数学导引 三年级.pdf
3,竞赛数学导引 三年级,17,鸡兔同笼问题二,超越篇,challenge,130,8,,0.9982,False,115,long,general,,,鸡兔同笼问题二|general,高思导引超越篇难度,high,auto,L4,False,给四年级一班的小朋友分苹果，第一组每人3个，第二组每人4个，第三组每人5 个，第四组每人6个.已知第二组和第三组共有19个小朋友，第一组人数是第二组的2倍，第 三组和第四组人数相等，总共分出去201个苹果.问：该班一共有多少个小朋友？,C:\Users\admin\Desktop\试卷分析project\参考教材\奥数\竟赛数学导引 三年级.pdf
3,竞赛数学导引 三年级,18,四则运算三,兴趣篇,interest,131,1,★,0.9233,False,18,short,calculation,,,四则运算三|calculation,4年级及以前高思导引拓展篇及以下难度,low,auto,L1,False,计算：27+29+30+31+33.,C:\Users\admin\Desktop\试卷分析project\参考教材\奥数\竟赛数学导引 三年级.pdf
3,竞赛数学导引 三年级,18,四则运算三,兴趣篇,interest,131,2,★,0.9522,False,27,short,calculation,,,四则运算三|calculation,4年级及以前高思导引拓展篇及以下难度,low,auto,L1,False,计算：49+52+49+50+47+54+48+55.,C:\Users\admin\Desktop\试卷分析project\参考教材\奥数\竟赛数学导引 三年级.pdf
3,竞赛数学导引 三年级,18,四则运算三,兴趣篇,interest,131,3,★,0.921,False,26,short,calculation,,,四则运算三|calculation,4年级及以前高思导引拓展篇及以下难度,low,auto,L1,False,计算：（1）72×7÷9； (2）900÷(9×4).,C:\Users\admin\Desktop\试卷分析project\参考教材\奥数\竟赛数学导引 三年级.pdf
3,竞赛数学导引 三年级,18,四则运算三,兴趣篇,interest,131,4,★,0.9558,False,14,short,calculation,,,四则运算三|calculation,4年级及以前高思导引拓展篇及以下难度,low,auto,L1,False,计算：800×9÷4÷25.,C:\Users\admin\Desktop\试卷分析project\参考教材\奥数\竟赛数学导引 三年级.pdf
3,竞赛数学导引 三年级,18,四则运算三,兴趣篇,interest,131,5,★,0.9428,False,25,short,calculation,,,四则运算三|calculation,4年级及以前高思导引拓展篇及以下难度,low,auto,L1,False,计算：（1）96÷12×4； (2)84×7÷14.,C:\Users\admin\Desktop\试卷分析project\参考教材\奥数\竟赛数学导引 三年级.pdf
3,竞赛数学导引 三年级,18,四则运算三,兴趣篇,interest,132,6,★★,0.8862,False,31,short,calculation,,,四则运算三|calculation,4年级及以前高思导引拓展篇及以下难度,low,auto,L1,False,计算：(1)26×7+26×3； (2）18×22-18X10.,C:\Users\admin\Desktop\试卷分析project\参考教材\奥数\竟赛数学导引 三年级.pdf
3,竞赛数学导引 三年级,18,四则运算三,兴趣篇,interest,132,7,★★,0.8801,False,39,short,calculation,,,四则运算三|calculation,4年级及以前高思导引拓展篇及以下难度,low,auto,L1,False,计算：(1）7×13+7×6+4×19； (2)17×12+9×17-21×7.,C:\Users\admin\Desktop\试卷分析project\参考教材\奥数\竟赛数学导引 三年级.pdf
3,竞赛数学导引 三年级,18,四则运算三,兴趣篇,interest,132,8,★★,0.8921,False,38,short,calculation,,,四则运算三|calculation,4年级及以前高思导引拓展篇及以下难度,low,auto,L1,False,计算：（1）11×5+11×7+22×4； (2）12×6+24×4-36×2,C:\Users\admin\Desktop\试卷分析project\参考教材\奥数\竟赛数学导引 三年级.pdf
3,竞赛数学导引 三年级,18,四则运算三,兴趣篇,interest,132,9,★,0.9375,False,15,short,calculation,,,四则运算三|calculation,4年级及以前高思导引拓展篇及以下难度,low,auto,L1,False,计算：27×88+28×12.,C:\Users\admin\Desktop\试卷分析project\参考教材\奥数\竟赛数学导引 三年级.pdf
3,竞赛数学导引 三年级,18,四则运算三,兴趣篇,interest,132,10,★★,0.8535,False,42,short,calculation,,,四则运算三|calculation,4年级及以前高思导引拓展篇及以下难度,low,auto,L1,False,计算：(1）[3+（11-9)×9]÷7； (2）21+63÷[9-（17-3×5）],C:\Users\admin\Desktop\试卷分析project\参考教材\奥数\竟赛数学导引 三年级.pdf
3,竞赛数学导引 三年级,18,四则运算三,拓展篇,extension,132,1,★★,0.952,False,59,medium,calculation,,,四则运算三|calculation,4年级及以前高思导引拓展篇及以下难度,mid,auto,L3,False,计算：(1)91+85+87+106+115+94+113+101； (2)123+119×2+121×3+120×4.,C:\Users\admin\Desktop\试卷分析project\参考教材\奥数\竟赛数学导引 三年级.pdf
3,竞赛数学导引 三年级,18,四则运算三,拓展篇,extension,132,2,★★,0.9085,False,50,medium,calculation,,,四则运算三|calculation,4年级及以前高思导引拓展篇及以下难度,mid,auto,L3,False,计算：(1）(1231+2312+3123)÷6； (2)(12+23+34+45+56+61)÷7.,C:\Users\admin\Desktop\试卷分析project\参考教材\奥数\竟赛数学导引 三年级.pdf
3,竞赛数学导引 三年级,18,四则运算三,拓展篇,extension,132,3,★★,0.891,False,54,medium,calculation,,,四则运算三|calculation,4年级及以前高思导引拓展篇及以下难度,mid,auto,L3,False,计算：(1)34×77+34×23；(2)42×37-42×17；(3)28×32-28×17+28×84.,C:\Users\admin\Desktop\试卷分析project\参考教材\奥数\竟赛数学导引 三年级.pdf
3,竞赛数学导引 三年级,18,四则运算三,拓展篇,extension,133,4,★★,0.9102,False,43,short,calculation,,,四则运算三|calculation,4年级及以前高思导引拓展篇及以下难度,mid,auto,L3,False,计算：(1）26×14+26×8+22×4； (2）132×31+18×24-7×132,C:\Users\admin\Desktop\试卷分析project\参考教材\奥数\竟赛数学导引 三年级.pdf
3,竞赛数学导引 三年级,18,四则运算三,拓展篇,extension,133,5,★,0.892,False,60,medium,calculation,,,四则运算三|calculation,4年级及以前高思导引拓展篇及以下难度,mid,auto,L3,False,计算：(1）92×49+108×51+92×51+49×108； (2)127×42—58×38+74×58-42×91.,C:\Users\admin\Desktop\试卷分析project\参考教材\奥数\竟赛数学导引 三年级.pdf
3,竞赛数学导引 三年级,18,四则运算三,拓展篇,extension,133,6,★,0.9142,False,44,short,calculation,,,四则运算三|calculation,4年级及以前高思导引拓展篇及以下难度,mid,auto,L3,False,计算：(1）11×13+22×8+33×7； (2) 123×36+246×17+3690.,C:\Users\admin\Desktop\试卷分析project\参考教材\奥数\竟赛数学导引 三年级.pdf
3,竞赛数学导引 三年级,18,四则运算三,拓展篇,extension,133,7,★,0.9268,False,22,short,calculation,,,四则运算三|calculation,4年级及以前高思导引拓展篇及以下难度,mid,auto,L3,False,计算：126×3+12×125-124×7.,C:\Users\admin\Desktop\试卷分析project\参考教材\奥数\竟赛数学导引 三年级.pdf
3,竞赛数学导引 三年级,18,四则运算三,拓展篇,extension,133,8,,0.9062,False,52,medium,calculation,,,四则运算三|calculation,4年级及以前高思导引拓展篇及以下难度,mid,auto,L3,False,计算：(1）88×35-87×23-86×12； (2)121×6+120×5+119×3-118×14.,C:\Users\admin\Desktop\试卷分析project\参考教材\奥数\竟赛数学导引 三年级.pdf
3,竞赛数学导引 三年级,18,四则运算三,拓展篇,extension,133,9,,0.9522,False,33,short,calculation,,,四则运算三|calculation,4年级及以前高思导引拓展篇及以下难度,mid,auto,L3,False,计算：11×22+22×33+33×44+44×55+55×66.,C:\Users\admin\Desktop\试卷分析project\参考教材\奥数\竟赛数学导引 三年级.pdf
3,竞赛数学导引 三年级,18,四则运算三,拓展篇,extension,133,10,★★,0.9293,False,40,short,calculation,,,四则运算三|calculation,4年级及以前高思导引拓展篇及以下难度,mid,auto,L3,False,计算：（1）399÷7+91÷7； (2）25÷4+25÷6+35÷4+35÷6.,C:\Users\admin\Desktop\试卷分析project\参考教材\奥数\竟赛数学导引 三年级.pdf
3,竞赛数学导引 三年级,18,四则运算三,拓展篇,extension,133,11,★★,0.9307,False,39,short,calculation,,,四则运算三|calculation,4年级及以前高思导引拓展篇及以下难度,mid,auto,L3,False,计算：（1）39÷7+62÷14； (2）78÷17+83÷34+202÷68.,C:\Users\admin\Desktop\试卷分析project\参考教材\奥数\竟赛数学导引 三年级.pdf
3,竞赛数学导引 三年级,18,四则运算三,拓展篇,extension,133,12,,0.8986,False,52,medium,calculation,,,四则运算三|calculation,4年级及以前高思导引拓展篇及以下难度,mid,auto,L3,False,计算：(1）75÷[9×6—3×(13+4)]； (2)12×[34×2+(34+5)×8]+34×80.,C:\Users\admin\Desktop\试卷分析project\参考教材\奥数\竟赛数学导引 三年级.pdf
3,竞赛数学导引 三年级,18,四则运算三,拓展篇,extension,134,13,,0.9854,True,128,very_long,calculation,,has_diagram,四则运算三|calculation,4年级及以前高思导引拓展篇及以下难度,mid,review,L4,False,图18-1中已经填出5个自然数，其余6个空格，每个空格 中所填的数分别等于它最左侧的自然数乘以它最上面的自然数，比如△ 所在的位子就应该填23与11的乘积，★所在的位子就应该填27与19 △ 的乘积.按这种方法将表格填满，这张表格中所有数的总和是多少？ ★ 图18-1,C:\Users\admin\Desktop\试卷分析project\参考教材\奥数\竟赛数学导引 三年级.pdf
3,竞赛数学导引 三年级,18,四则运算三,拓展篇,extension,134,14,★,0.9888,True,115,long,calculation,,has_diagram,四则运算三|calculation,4年级及以前高思导引拓展篇及以下难度,mid,review,L4,False,图18-2的30个格子中各有一个数，其中最上面一行 和最左面一列中的数已经填好，其余每个格子中的数等于同一行 101113151719 最左面数与同一列最上面数之和（例如a=14十17=31).请问：这 30个数的总和等于多少？ 图18-2,C:\Users\admin\Desktop\试卷分析project\参考教材\奥数\竟赛数学导引 三年级.pdf
3,竞赛数学导引 三年级,18,四则运算三,超越篇,challenge,134,1,,0.9823,False,51,medium,calculation,,,四则运算三|calculation,高思导引超越篇难度,high,auto,L4,False,计算:76+137+80+139+74+143+83+137+84+87+137+78+75+142.,C:\Users\admin\Desktop\试卷分析project\参考教材\奥数\竟赛数学导引 三年级.pdf
3,竞赛数学导引 三年级,18,四则运算三,超越篇,challenge,134,2,,0.9173,False,27,short,calculation,,,四则运算三|calculation,高思导引超越篇难度,high,auto,L4,False,计算：[(83+33)×13+66]×2+83×24.,C:\Users\admin\Desktop\试卷分析project\参考教材\奥数\竟赛数学导引 三年级.pdf
3,竞赛数学导引 三年级,18,四则运算三,超越篇,challenge,134,3,★,0.9388,False,24,short,calculation,,,四则运算三|calculation,高思导引超越篇难度,high,auto,L4,False,计算：787×53+213×71+187×18.,C:\Users\admin\Desktop\试卷分析project\参考教材\奥数\竟赛数学导引 三年级.pdf
3,竞赛数学导引 三年级,18,四则运算三,超越篇,challenge,134,4,★,0.9152,False,28,short,calculation,,,四则运算三|calculation,高思导引超越篇难度,high,auto,L4,False,计算：13X125-25×27+75×21+175×3.,C:\Users\admin\Desktop\试卷分析project\参考教材\奥数\竟赛数学导引 三年级.pdf
3,竞赛数学导引 三年级,18,四则运算三,超越篇,challenge,134,5,★,0.8966,False,39,short,calculation,,,四则运算三|calculation,高思导引超越篇难度,high,auto,L4,False,计算：12×29×13+31×11×17-12×13×18-11×17×19.,C:\Users\admin\Desktop\试卷分析project\参考教材\奥数\竟赛数学导引 三年级.pdf
3,竞赛数学导引 三年级,18,四则运算三,超越篇,challenge,135,6,,0.9935,False,112,long,calculation,,,四则运算三|calculation,高思导引超越篇难度,high,auto,L4,False,桌子上有16张纸，每张纸的正面用红色铅笔任意写1、3、5、7中的某个数字，在 反面用蓝色铅笔写2、4、6、8中的某个数字，其中任意两张纸上所写的红色数和蓝色数不会 都相同.现在把每张纸上的红、蓝两个整数相乘，求这16个乘积的和.,C:\Users\admin\Desktop\试卷分析project\参考教材\奥数\竟赛数学导引 三年级.pdf
3,竞赛数学导引 三年级,18,四则运算三,超越篇,challenge,135,7,★,0.9927,False,47,medium,calculation,,,四则运算三|calculation,高思导引超越篇难度,high,auto,L4,False,桌上放有10张卡片，卡片背面分别写了10个数：61、61、62、63、64、65、65、65、,C:\Users\admin\Desktop\试卷分析project\参考教材\奥数\竟赛数学导引 三年级.pdf
3,竞赛数学导引 三年级,18,四则运算三,超越篇,challenge,135,68,,0.9975,False,119,long,calculation,,,四则运算三|calculation,高思导引超越篇难度,high,auto,L4,False,萱萱从中挑出了6张卡片，计算出这6张卡片背面写的数的和为394，然后萱萱将卡 片放回.接着卡莉娅从中挑出了4张卡片，计算出这4张卡片背面写的数的和为257，而且她 们挑出的卡片中恰有2张是相同的.那么卡莉娅挑出的卡片背面写的4个数分别是多少？,C:\Users\admin\Desktop\试卷分析project\参考教材\奥数\竟赛数学导引 三年级.pdf
3,竞赛数学导引 三年级,18,四则运算三,超越篇,challenge,135,8,,0.9126,True,186,very_long,calculation,,has_diagram,四则运算三|calculation,高思导引超越篇难度,high,review,L4,False,爱思考的墨莫设计了一个游戏，这个游戏由两个转盘组成，如图18-3.玩游戏时， 每次转动这两个转盘，等转盘完全停下来后， 记下箭头正对的两个数的乘积.已知卡莉娅和 萱萱各玩了五次，一共记下了10个乘积.卡莉 娅记下的五个乘积互不相同，总和为110；萱萱 的五个乘积也互不相同，总和为133.如果卡莉 娅和萱萱的所有10个乘积里面只有一对是相 同的，那么这对相同的乘积是多少？ ← ↑ 图18-3,C:\Users\admin\Desktop\试卷分析project\参考教材\奥数\竟赛数学导引 三年级.pdf
3,竞赛数学导引 三年级,19,间隔与阵列,兴趣篇,interest,136,1,★,0.9939,False,41,short,general,,,间隔与阵列|general,4年级及以前高思导引拓展篇及以下难度,low,auto,L1,False,在长为10米的小桥一侧每隔1米插一面彩旗，小桥两端都要有彩旗.一共需要多少 面彩旗？,C:\Users\admin\Desktop\试卷分析project\参考教材\奥数\竟赛数学导引 三年级.pdf
3,竞赛数学导引 三年级,19,间隔与阵列,兴趣篇,interest,136,2,★,0.9943,False,44,short,general,,,间隔与阵列|general,4年级及以前高思导引拓展篇及以下难度,low,auto,L1,False,10名学生从左至右站成一排，相邻两名学生的间隔都是1米.请问：排头和排尾的距 离是多少米？,C:\Users\admin\Desktop\试卷分析project\参考教材\奥数\竟赛数学导引 三年级.pdf
3,竞赛数学导引 三年级,19,间隔与阵列,兴趣篇,interest,136,3,★,0.9972,False,61,medium,general,,,间隔与阵列|general,4年级及以前高思导引拓展篇及以下难度,low,auto,L1,False,社区门口有一条长为100米的马路，现在要在这条马路的一侧种树，每隔10米种一 棵，而且马路的两端都要种.一共需要种多少棵树？,C:\Users\admin\Desktop\试卷分析project\参考教材\奥数\竟赛数学导引 三年级.pdf
3,竞赛数学导引 三年级,19,间隔与阵列,兴趣篇,interest,137,4,★,0.9909,False,72,medium,general,,,间隔与阵列|general,4年级及以前高思导引拓展篇及以下难度,low,auto,L1,False,学校门前有条长100米的马路，马路两侧一共种了42棵树，每侧相邻两棵树之间的 距离都相等，而且马路的两端都种了.请问：相邻两棵树之间的距离是多大？,C:\Users\admin\Desktop\试卷分析project\参考教材\奥数\竟赛数学导引 三年级.pdf
3,竞赛数学导引 三年级,19,间隔与阵列,兴趣篇,interest,137,5,★★,0.9944,False,61,medium,general,,,间隔与阵列|general,4年级及以前高思导引拓展篇及以下难度,low,auto,L1,False,萱萱上楼，从第一层走到第三层需要上36级台阶，如果各层楼之间的台阶数相同， 那么萱萱从第一层走到第六层一共需要上多少级台阶？,C:\Users\admin\Desktop\试卷分析project\参考教材\奥数\竟赛数学导引 三年级.pdf
3,竞赛数学导引 三年级,19,间隔与阵列,兴趣篇,interest,137,6,★★,0.9881,False,105,long,general,,,间隔与阵列|general,4年级及以前高思导引拓展篇及以下难度,low,auto,L2,False,学校组织军训，教官让男生站一排，女生站一排.请问： （1）萱萱和女生站成一排，她发现自已的左侧有7人、右侧有8人，女生一共有多少人？ （2）墨莫和男生站成一排，他发现自己是左起第7个、右起第9个，男生一共有多少人？,C:\Users\admin\Desktop\试卷分析project\参考教材\奥数\竟赛数学导引 三年级.pdf
3,竞赛数学导引 三年级,19,间隔与阵列,兴趣篇,interest,137,7,★★,0.9908,False,108,long,general,,,间隔与阵列|general,4年级及以前高思导引拓展篇及以下难度,low,auto,L2,False,学校运动会闭幕式结束后，班长萱萱让全班同学站成一行清点人数（她自已并不在 队伍中).她先从左往右数，发现墨莫是第25个；然后她又从右往左数，发现小高正好是第29 个.如果队伍里一共有31个人，那么墨莫和小高之间有几个人？,C:\Users\admin\Desktop\试卷分析project\参考教材\奥数\竟赛数学导引 三年级.pdf
3,竞赛数学导引 三年级,19,间隔与阵列,兴趣篇,interest,137,8,★★,0.9668,False,43,short,geometry,,,间隔与阵列|geometry,4年级及以前高思导引拓展篇及以下难度,low,auto,L1,False,学校有一个圆形水池，水池的周长为40米.如果绕着水池每隔4米种一棵树，一共 要种几棵树？,C:\Users\admin\Desktop\试卷分析project\参考教材\奥数\竟赛数学导引 三年级.pdf
3,竞赛数学导引 三年级,19,间隔与阵列,兴趣篇,interest,137,9,★★,0.9954,False,104,long,general,,,间隔与阵列|general,4年级及以前高思导引拓展篇及以下难度,low,auto,L2,False,50个男生沿着300米的跑道站成一圈，并且相邻两人之间的距离都相等.现在，每 相邻两个男生之间又加人了两个女生，相邻两人之间的距离还是相等.请问：一共加人了多少 个女生？加人女生后，相邻两人之间的距离又是多少米？,C:\Users\admin\Desktop\试卷分析project\参考教材\奥数\竟赛数学导引 三年级.pdf
3,竞赛数学导引 三年级,19,间隔与阵列,兴趣篇,interest,138,10,,0.9971,False,60,medium,general,,,间隔与阵列|general,4年级及以前高思导引拓展篇及以下难度,low,auto,L1,False,有100人站成一个实心方阵，那么这个方阵的最外层共有多少人？从外向里算起 的第二层有多少人？从里向外算起的第三层有多少人？,C:\Users\admin\Desktop\试卷分析project\参考教材\奥数\竟赛数学导引 三年级.pdf
3,竞赛数学导引 三年级,19,间隔与阵列,拓展篇,extension,138,1,★★,0.9854,False,68,medium,general,,,间隔与阵列|general,4年级及以前高思导引拓展篇及以下难度,mid,auto,L3,False,王老师想做一张木凳，他先把一根木头锯成4段，用了12分钟.如果要把另一根木 头锯成8段，需要几分钟？（假设王老师每锯断一次所花的时间相同）,C:\Users\admin\Desktop\试卷分析project\参考教材\奥数\竟赛数学导引 三年级.pdf
3,竞赛数学导引 三年级,19,间隔与阵列,拓展篇,extension,138,2,★★,0.9955,False,88,medium,general,travel_chain,,间隔与阵列|general|travel_chain,4年级及以前高思导引拓展篇及以下难度,mid,auto,L3,False,小高和墨莫去王老师家玩，王老师住在15层，两人同时从一楼往上走，速度都保持 不变，当小高走到第3层的时候，墨莫恰好走到了第5层.请问：当墨莫走到王老师家的时候， 小高走到了第几层？,C:\Users\admin\Desktop\试卷分析project\参考教材\奥数\竟赛数学导引 三年级.pdf
3,竞赛数学导引 三年级,19,间隔与阵列,拓展篇,extension,138,3,★★,0.9909,False,70,medium,geometry,,,间隔与阵列|geometry,4年级及以前高思导引拓展篇及以下难度,mid,auto,L3,False,有一块三角形土地，三条边的长度分别为120米、150米、80米.如果在边界上每隔 10米种一棵树，三角形的每个顶点都必须种，一共要种多少棵树？,C:\Users\admin\Desktop\试卷分析project\参考教材\奥数\竟赛数学导引 三年级.pdf
3,竞赛数学导引 三年级,19,间隔与阵列,拓展篇,extension,138,4,★★,0.9859,False,66,medium,general,,,间隔与阵列|general,4年级及以前高思导引拓展篇及以下难度,mid,auto,L3,False,体育课上老师让42个同学站成一行，卡莉娅发现有一半人站在她的左边；萱萱发 现自已是从右往左数的第12个.卡莉娅和萱萱之间有多少个同学？,C:\Users\admin\Desktop\试卷分析project\参考教材\奥数\竟赛数学导引 三年级.pdf
3,竞赛数学导引 三年级,19,间隔与阵列,拓展篇,extension,139,5,,0.9934,False,157,very_long,general,,,间隔与阵列|general,4年级及以前高思导引拓展篇及以下难度,mid,auto,L4,False,班里一共有42名学生，站成一圈做游戏.现在从小高开始数，请问： （1）如果墨莫是顺时针数第26个，萱萱是顺时针数第17个，墨莫与萱萱之间有几名 同学？ (2）如果墨莫是顺时针数第22个，萱萱是逆时针数第13个，墨莫与萱萱之间有几名 同学？ （3）如果墨莫是顺时针数第27个，萱萱是逆时针数第31个，墨莫与萱萱之间有几名 同学？,C:\Users\admin\Desktop\试卷分析project\参考教材\奥数\竟赛数学导引 三年级.pdf
3,竞赛数学导引 三年级,19,间隔与阵列,拓展篇,extension,139,6,,0.9972,False,103,long,general,,,间隔与阵列|general,4年级及以前高思导引拓展篇及以下难度,mid,auto,L4,False,一整块大豆腐长40厘米，宽20厘米，厨师准备把它切成一些长5厘米，宽4厘米 的小块，而且每次只能沿着直线切.如果不允许移动豆腐的位置，那么厨师至少要切几次？ 方阵一共有多少层？从里向外算起的第七层有多少名同学？,C:\Users\admin\Desktop\试卷分析project\参考教材\奥数\竟赛数学导引 三年级.pdf
3,竞赛数学导引 三年级,19,间隔与阵列,拓展篇,extension,139,8,,0.9925,False,99,long,general,,,间隔与阵列|general,4年级及以前高思导引拓展篇及以下难度,mid,auto,L4,False,一个实心方阵，最外层一共有20人.请问： （1）最外层每边有多少人？这个方阵一共有多少人？ （2）如果要组成一个更大的方阵，至少需要增加多少人？ （3）如果给这个方阵最外面再增加一层，那么需要增加多少人？,C:\Users\admin\Desktop\试卷分析project\参考教材\奥数\竟赛数学导引 三年级.pdf
3,竞赛数学导引 三年级,19,间隔与阵列,拓展篇,extension,139,9,,0.9897,False,57,medium,general,,,间隔与阵列|general,4年级及以前高思导引拓展篇及以下难度,mid,auto,L3,False,一个实心方阵，最外层共有44人.请问： （1）这个方阵共有多少人？ （2）要让这个方阵减少一行一列，一共要减少多少人？,C:\Users\admin\Desktop\试卷分析project\参考教材\奥数\竟赛数学导引 三年级.pdf
3,竞赛数学导引 三年级,19,间隔与阵列,拓展篇,extension,140,10,,0.9951,False,121,very_long,general,,,间隔与阵列|general,4年级及以前高思导引拓展篇及以下难度,mid,auto,L4,False,红领巾小学三年级有120个学生，他们排成一个三层的空心方阵.请问： （1）这个方阵最外层每边有多少个学生？ （2）如果在外面加一层，变成一个四层的空心方阵，应该增加几个学生？ （3）如果在内部再加一层，变成一个五层的空心方阵，还需要再增加几个学生？,C:\Users\admin\Desktop\试卷分析project\参考教材\奥数\竟赛数学导引 三年级.pdf
3,竞赛数学导引 三年级,19,间隔与阵列,拓展篇,extension,140,11,,0.9879,False,119,long,general,,,间隔与阵列|general,4年级及以前高思导引拓展篇及以下难度,mid,auto,L4,False,用红、绿两种颜色的小正方形瓷砖铺一块正方形墙面：由外到内算起，这个墙面最 外层铺的是红色瓷砖，第二层是绿色瓷砖，第三层是红色瓷砖，第四层是绿色瓷砖.…依次铺 下去，一共用了400块瓷砖.请问：这个墙面上哪种颜色的瓷砖更多？两种瓷砖相差多少块？,C:\Users\admin\Desktop\试卷分析project\参考教材\奥数\竟赛数学导引 三年级.pdf
3,竞赛数学导引 三年级,19,间隔与阵列,拓展篇,extension,140,12,,0.9798,False,78,medium,general,,,间隔与阵列|general,4年级及以前高思导引拓展篇及以下难度,mid,auto,L3,False,王老师把一些树苗栽种成一个尽量大的实心方阵，结果还多出了6棵树苗；后来 又运来了34棵树苗，恰好能补成一个更大的实心方阵.那么后来的方阵最外层每边有多少 棵树？,C:\Users\admin\Desktop\试卷分析project\参考教材\奥数\竟赛数学导引 三年级.pdf
3,竞赛数学导引 三年级,19,间隔与阵列,拓展篇,extension,140,13,,0.9937,True,142,very_long,geometry,,has_diagram,间隔与阵列|geometry,4年级及以前高思导引拓展篇及以下难度,mid,review,L4,False,如图19-1，一块绿地由3块相同的等边三角形草 地和一个水池构成，现在要在草地上种花，要求在草地与草地 的公共点处种上花（即图中的A、B、C点），且每块草地上的 草地 花朵排成一个三角形实心点阵，每块草地上最外层的每条边 B 上有10朵花.请问：整个绿地一共要种多少朵花？ 水池 草地 草地 C 图19-1,C:\Users\admin\Desktop\试卷分析project\参考教材\奥数\竟赛数学导引 三年级.pdf
3,竞赛数学导引 三年级,19,间隔与阵列,拓展篇,extension,140,14,★,0.9965,False,83,medium,general,,,间隔与阵列|general,4年级及以前高思导引拓展篇及以下难度,mid,auto,L3,False,有10000人参加国庆节游行庆祝活动，这些人被平均分成25队，每队以20人为 一排.前进过程中，排与排之间相隔1米，队与队之间相隔6米.那么这支游行队伍的长度为 多少米？,C:\Users\admin\Desktop\试卷分析project\参考教材\奥数\竟赛数学导引 三年级.pdf
3,竞赛数学导引 三年级,19,间隔与阵列,超越篇,challenge,141,1,★,0.9799,True,107,long,geometry,,has_diagram,间隔与阵列|geometry,高思导引超越篇难度,high,review,L4,False,如图19-2，有一个长方形的“田”字道路，整个长方形的 长为100米，宽为70米.现在要在所有道路上种树，相邻两棵树之间 的距离都相等，而且拐弯的地点（顶点或中点）都要种上树.那么最35 中 少要种多少棵树？ 中点 图19-2,C:\Users\admin\Desktop\试卷分析project\参考教材\奥数\竟赛数学导引 三年级.pdf
3,竞赛数学导引 三年级,19,间隔与阵列,超越篇,challenge,141,2,,0.9864,True,184,very_long,general,,has_diagram,间隔与阵列|general,高思导引超越篇难度,high,review,L4,False,在学校的运动会上，同学们集体表演一个节目，站成了一个空心的正六边形阵列， 与图19-3中的阵列类似.从外向内一共8层，依次站着两层六年级的同学、两层五年级的同 学、两层四年级的同学以及两层三年级的同学.已知参加表演 的六年级同学有126人，请问： (1）最外层有多少人？ （2）现在阵列中一共有多少人？ （3）如果想要让一、二年级的同学把这个空心阵列填满， 还需要多少人？ 图19-3,C:\Users\admin\Desktop\试卷分析project\参考教材\奥数\竟赛数学导引 三年级.pdf
3,竞赛数学导引 三年级,19,间隔与阵列,超越篇,challenge,141,3,,0.9868,False,138,very_long,general,,,间隔与阵列|general,高思导引超越篇难度,high,auto,L4,False,若干名男生站成一排，站好后墨莫的左侧有15人，小高恰好在整个队伍的正中间， 而且他们两人之间（不包括他们自己）一共有3人.队伍可能有多少人？（写出所有可能的 答案） 把这根绳子对折3次，再从中间剪2刀，绳子会被剪成几段？如果墨莫把这根绳子对折4次， 再从中间剪3刀，绳子会被剪成几段？,C:\Users\admin\Desktop\试卷分析project\参考教材\奥数\竟赛数学导引 三年级.pdf
3,竞赛数学导引 三年级,19,间隔与阵列,超越篇,challenge,142,5,,0.9943,False,105,long,general,,,间隔与阵列|general,高思导引超越篇难度,high,auto,L4,False,水池周围种了一些树，墨莫和卡莉娅沿顺时针方向绕水池散步，边走边数树的棵 数.由于两人的出发地点不同，因此墨莫数的第20棵在卡莉娅那儿是第7棵，墨莫数的第7 棵在卡莉娅那儿是第94棵.请问：水池四周一共种了多少棵树？,C:\Users\admin\Desktop\试卷分析project\参考教材\奥数\竟赛数学导引 三年级.pdf
3,竞赛数学导引 三年级,19,间隔与阵列,超越篇,challenge,142,6,,0.9945,True,65,medium,geometry,,has_diagram,间隔与阵列|geometry,高思导引超越篇难度,high,review,L4,False,小高用一些棋子摆成了一个两层的空心方阵，后来他又多摆上去28个棋子，使得 图形变成一个三层的空心方阵.开始时小高可能摆了多少个棋子？,C:\Users\admin\Desktop\试卷分析project\参考教材\奥数\竟赛数学导引 三年级.pdf
3,竞赛数学导引 三年级,19,间隔与阵列,超越篇,challenge,142,7,★,0.9938,False,94,long,general,,,间隔与阵列|general,高思导引超越篇难度,high,auto,L4,False,阳光小学的学生在操场上排成一个方阵，方阵的行距和列距都相等.已知方阵最外 面一圈都是男生，往内一圈都是女生，然后是男生如此下去直到最里面.如果男生总数比 女生总数多52人，那么共有学生多少人？,C:\Users\admin\Desktop\试卷分析project\参考教材\奥数\竟赛数学导引 三年级.pdf
3,竞赛数学导引 三年级,19,间隔与阵列,超越篇,challenge,142,8,,0.9928,True,216,very_long,geometry,,has_diagram,间隔与阵列|geometry,高思导引超越篇难度,high,review,L4,False,"如图19-4，这是一些棋子摆成的正三角形点阵，和“空心方阵""类似，也可以有“空 心三角阵” （1）如果有一个5层的空心三角阵，最外层每边有20枚棋 子，那么一共有多少枚棋子？ （2）如果一个空心三角阵共有294枚棋子，那么它最多有 多少层？ （3）如果一个空心三角阵共有294枚棋子，不止一层，那么 它的最外层最多有多少枚棋子？ （4）已知一个空心三角阵共有108枚棋子，如果增加42枚 棋子后可以让它增加一层，请问：如何增加这42枚棋子？ 图19-4",C:\Users\admin\Desktop\试卷分析project\参考教材\奥数\竟赛数学导引 三年级.pdf
3,竞赛数学导引 三年级,20,算符与数字,兴趣篇,interest,143,1,★,0.9327,False,44,short,general,,,算符与数字|general,4年级及以前高思导引拓展篇及以下难度,low,auto,L1,False,在下面各题中填上适当的运算符号和括号，使等式成立. (1)2045=0； (2）246=1.,C:\Users\admin\Desktop\试卷分析project\参考教材\奥数\竟赛数学导引 三年级.pdf
3,竞赛数学导引 三年级,20,算符与数字,兴趣篇,interest,143,2,★,0.9692,False,32,short,general,,,算符与数字|general,4年级及以前高思导引拓展篇及以下难度,low,auto,L1,False,"在下面相邻两数之间，填上“十""或“一”，使等式成立. 6543=0",C:\Users\admin\Desktop\试卷分析project\参考教材\奥数\竟赛数学导引 三年级.pdf
3,竞赛数学导引 三年级,20,算符与数字,兴趣篇,interest,"143,144",3,★,0.979,False,56,medium,general,,cross_page_question,算符与数字|general,4年级及以前高思导引拓展篇及以下难度,low,review,L1,False,"在下面相邻两数之间，填上“十""或“一”，使等式成立. 654321=11 并成多位数），使等式成立. 54321=27",C:\Users\admin\Desktop\试卷分析project\参考教材\奥数\竟赛数学导引 三年级.pdf
3,竞赛数学导引 三年级,20,算符与数字,兴趣篇,interest,144,5,★★,0.9711,False,32,short,general,,,算符与数字|general,4年级及以前高思导引拓展篇及以下难度,low,auto,L1,False,在下面相邻两数之间，填上“×”或“÷”，使等式成立 3456=10,C:\Users\admin\Desktop\试卷分析project\参考教材\奥数\竟赛数学导引 三年级.pdf
3,竞赛数学导引 三年级,20,算符与数字,兴趣篇,interest,144,6,★★,0.9467,False,53,medium,general,,,算符与数字|general,4年级及以前高思导引拓展篇及以下难度,low,auto,L1,False,在下面各题的相邻两数之间，填上适当的运算符号和括号，使等式成立， (1）3333=10； (2)6666=4.,C:\Users\admin\Desktop\试卷分析project\参考教材\奥数\竟赛数学导引 三年级.pdf
3,竞赛数学导引 三年级,20,算符与数字,兴趣篇,interest,144,7,★★,0.8741,False,82,medium,general,,,算符与数字|general,4年级及以前高思导引拓展篇及以下难度,low,auto,L1,False,"让我们来玩“24点游戏”，游戏规则是：用给定的4个数凑24，数可以打乱顺序，每 个数仅用一次，可用“十、一、×、÷或（）” (1)3，4，5，8； (2)5，6，7,8.",C:\Users\admin\Desktop\试卷分析project\参考教材\奥数\竟赛数学导引 三年级.pdf
3,竞赛数学导引 三年级,20,算符与数字,兴趣篇,interest,144,8,★★,0.9906,False,55,medium,general,,,算符与数字|general,4年级及以前高思导引拓展篇及以下难度,low,auto,L1,False,我们可以在算式8×3十12÷4中添加括号来改变原有的运算顺序，如果只能添加 一对括号，那么算式的结果最小是多少？,C:\Users\admin\Desktop\试卷分析project\参考教材\奥数\竟赛数学导引 三年级.pdf
3,竞赛数学导引 三年级,20,算符与数字,兴趣篇,interest,144,9,,0.9615,False,49,medium,calculation,,,算符与数字|calculation,4年级及以前高思导引拓展篇及以下难度,low,auto,L1,False,在下面的口中填入“十、一、×、一”各一个，要使计算的结果最大，那么算式的结 果最大是多少？ 5555 5,C:\Users\admin\Desktop\试卷分析project\参考教材\奥数\竟赛数学导引 三年级.pdf
3,竞赛数学导引 三年级,20,算符与数字,兴趣篇,interest,144,10,★★,0.9972,False,46,medium,general,,,算符与数字|数字谜问题|general,4年级及以前高思导引拓展篇及以下难度,low,auto,L1,False,有一类三位数，各数位上的数字之积是18，在所有这样的三位数中，最大的数与 最小的数的差是多少？,C:\Users\admin\Desktop\试卷分析project\参考教材\奥数\竟赛数学导引 三年级.pdf
3,竞赛数学导引 三年级,20,算符与数字,拓展篇,extension,145,1,★★,0.9322,True,102,long,calculation,,has_diagram,算符与数字|calculation,4年级及以前高思导引拓展篇及以下难度,mid,review,L4,False,"把“十、一、×、÷""这4个运算符号不重复地填入图20-1的4个口内，使得这些 算式的结果中最大数与最小数的和是15.那么含有加号和乘号的那两个算式的结果的乘积是 多少？ 51 =— 62=_ 73=_ 84 = 图20-1",C:\Users\admin\Desktop\试卷分析project\参考教材\奥数\竟赛数学导引 三年级.pdf
3,竞赛数学导引 三年级,20,算符与数字,拓展篇,extension,145,2,★,0.9665,False,74,medium,general,,,算符与数字|general,4年级及以前高思导引拓展篇及以下难度,mid,auto,L3,False,"下面有9个数，在相邻两个数之间都填上一个""十""或“一”，使得结果为31.请问：所 有减数（即前面为减号的数)的乘积最大是多少？ 987654321=31",C:\Users\admin\Desktop\试卷分析project\参考教材\奥数\竟赛数学导引 三年级.pdf
3,竞赛数学导引 三年级,20,算符与数字,拓展篇,extension,145,3,★★,0.8826,False,82,medium,general,,,算符与数字|general,4年级及以前高思导引拓展篇及以下难度,mid,auto,L3,False,"让我们来玩“24点游戏”，游戏规则是：用给定的4个数凑24，数可以打乱顺序，每 个数仅用一次，可用“十、一、×、÷或（）” (1)2,4,6,8； (2)4，5，7，9.",C:\Users\admin\Desktop\试卷分析project\参考教材\奥数\竟赛数学导引 三年级.pdf
3,竞赛数学导引 三年级,20,算符与数字,拓展篇,extension,145,4,★★,0.9395,False,48,medium,general,,,算符与数字|general,4年级及以前高思导引拓展篇及以下难度,mid,auto,L3,False,在下面各题中填上适当的运算符号和括号，使等式成立， (1）12345=20； (2)5555=30.,C:\Users\admin\Desktop\试卷分析project\参考教材\奥数\竟赛数学导引 三年级.pdf
3,竞赛数学导引 三年级,20,算符与数字,拓展篇,extension,145,5,★,0.9439,False,76,medium,general,,,算符与数字|general,4年级及以前高思导引拓展篇及以下难度,mid,auto,L3,False,在下面各题中填上适当的运算符号和括号（两个数之间可以不填，不填则前后数合 并成多位数），使等式成立， (1)444444=10; (2)555555=100.,C:\Users\admin\Desktop\试卷分析project\参考教材\奥数\竟赛数学导引 三年级.pdf
3,竞赛数学导引 三年级,20,算符与数字,拓展篇,extension,145,6,★,0.9225,False,60,medium,general,,,算符与数字|general,4年级及以前高思导引拓展篇及以下难度,mid,auto,L3,False,在下面的算式中合适的地方填入小括号，使等式成立. (1）48-12×3÷2+1=7; （2）30+20÷10÷5×2=50.,C:\Users\admin\Desktop\试卷分析project\参考教材\奥数\竟赛数学导引 三年级.pdf
3,竞赛数学导引 三年级,20,算符与数字,拓展篇,extension,146,7,,0.9352,False,36,short,general,,,算符与数字|general,4年级及以前高思导引拓展篇及以下难度,mid,auto,L3,False,在下面的算式中填人一对括号，使得算式的结果最大 2+3×4+5×4+3×2,C:\Users\admin\Desktop\试卷分析project\参考教材\奥数\竟赛数学导引 三年级.pdf
3,竞赛数学导引 三年级,20,算符与数字,拓展篇,extension,146,8,★★,0.8753,False,77,medium,general,,,算符与数字|general,4年级及以前高思导引拓展篇及以下难度,mid,auto,L3,False,把“十、一、×、÷”这四个运算符号，分别填人下面四个○内，使等式成立， (1) (4 ○12○6)○(17 ○ 9)=48; (2)(6○18○3)○(7○2)=12,C:\Users\admin\Desktop\试卷分析project\参考教材\奥数\竟赛数学导引 三年级.pdf
3,竞赛数学导引 三年级,20,算符与数字,拓展篇,extension,146,9,,0.9074,False,89,medium,calculation,,,算符与数字|calculation,4年级及以前高思导引拓展篇及以下难度,mid,auto,L3,False,（1）把“十、一、×、÷”各一个填入下面的口内，要使得算式的结果最大，那么能得 到的最大的结果是多少？ 5 4 321 (2）如果再允许添上一对括号，那么计算的结果最大是多少？ 5□ 4 3 21,C:\Users\admin\Desktop\试卷分析project\参考教材\奥数\竟赛数学导引 三年级.pdf
3,竞赛数学导引 三年级,20,算符与数字,拓展篇,extension,146,10,★★,0.9938,False,107,long,general,travel_chain,,算符与数字|general|travel_chain,4年级及以前高思导引拓展篇及以下难度,mid,auto,L4,False,有一辆速度不超过每小时100千米的汽车，它的里程表显示这辆汽车已行驶了 15951千米，这个数从左往右读与从右往左读是一样的.又开了两小时后，里程表上的数从左 往右读与从右往左读仍然是一样的.问：汽车每小时行多少千米？,C:\Users\admin\Desktop\试卷分析project\参考教材\奥数\竟赛数学导引 三年级.pdf
3,竞赛数学导引 三年级,20,算符与数字,拓展篇,extension,146,11,,0.9958,False,59,medium,general,,,算符与数字|general,4年级及以前高思导引拓展篇及以下难度,mid,auto,L3,False,有一类自然数，从第三个数字开始，每个数字都恰好是它前面两个数字之和，如： 246，1347.这类数中最大的自然数是多少？,C:\Users\admin\Desktop\试卷分析project\参考教材\奥数\竟赛数学导引 三年级.pdf
3,竞赛数学导引 三年级,20,算符与数字,拓展篇,extension,146,12,,0.999,False,116,long,general,,,算符与数字|general,4年级及以前高思导引拓展篇及以下难度,mid,auto,L4,False,12345678910111213是从1开始的连续自然数按顺序写下的一个多位数，在这 个多位数中，从左向右数，当4、3两个数字第一回依次出现时，接下来的两个数字应该是什 么？当3、1、2三个数字第一回依次出现时，接下来的三个数字是什么？,C:\Users\admin\Desktop\试卷分析project\参考教材\奥数\竟赛数学导引 三年级.pdf
3,竞赛数学导引 三年级,20,算符与数字,拓展篇,extension,147,13,,0.9976,False,152,very_long,number_theory,,,算符与数字|数字谜问题|number_theory,4年级及以前高思导引拓展篇及以下难度,mid,auto,L4,False,玲玲发现：将家里的电话号码从左到右，相邻的两个数字依次相加，得到的和分别 是9，7，9，2，8，11.请你推算一下玲玲家的电话号码是多少？ 其余数字倒过来都没有意义.在一张纸片上写出一个两位数，把纸片倒过来看，恰好与原数相同， 这样的两位数有几个？如果写的是一个三位数，倒过来看与原数相同，这样的三位数有几个？,C:\Users\admin\Desktop\试卷分析project\参考教材\奥数\竟赛数学导引 三年级.pdf
3,竞赛数学导引 三年级,20,算符与数字,超越篇,challenge,147,1,★,0.9934,False,79,medium,general,,,算符与数字|general,高思导引超越篇难度,high,auto,L4,False,康夫、小静和大雄三个人家里的电话号码都是八位的，并且每个电话号码任意相邻 三位数字的和都是26.如果康夫和小静家的电话号码首位是相同的，那么大雄家的号码是多少？,C:\Users\admin\Desktop\试卷分析project\参考教材\奥数\竟赛数学导引 三年级.pdf
3,竞赛数学导引 三年级,20,算符与数字,超越篇,challenge,147,2,,0.9948,False,36,short,calculation,,,算符与数字|calculation,高思导引超越篇难度,high,auto,L4,False,甲、乙二人同时计算一个加法算式，甲把第一个加数的个位抄成了8，得到答案为,C:\Users\admin\Desktop\试卷分析project\参考教材\奥数\竟赛数学导引 三年级.pdf
3,竞赛数学导引 三年级,20,算符与数字,超越篇,challenge,147,3,,0.9258,False,85,medium,general,,,算符与数字|general,高思导引超越篇难度,high,auto,L4,False,"让我们来玩“24点游戏”，游戏规则是：用给定的4个数凑24，数可以打乱顺序，每 个数仅用一次，可用“十、一、×、÷或（）” (1)3，4，4,10; (2) 11, 11, 5, 1.",C:\Users\admin\Desktop\试卷分析project\参考教材\奥数\竟赛数学导引 三年级.pdf
3,竞赛数学导引 三年级,20,算符与数字,超越篇,challenge,147,4,★,0.9367,False,74,medium,general,,,算符与数字|general,高思导引超越篇难度,high,auto,L4,False,在下面算式中合适的地方填入“十、一、×、÷或（）”，使等式成立. (1)88.8.888888888=2008; (2)12.3456789=2008.,C:\Users\admin\Desktop\试卷分析project\参考教材\奥数\竟赛数学导引 三年级.pdf
3,竞赛数学导引 三年级,20,算符与数字,超越篇,challenge,148,5,,0.953,False,92,long,calculation,,,算符与数字|calculation,高思导引超越篇难度,high,auto,L4,False,（1）在下面的算式中填人一对括号，使计算出来的结果最大，应该怎么填？ 12+4X5+15-6+8 （2）如果允许填人两对括号，要使计算出来的结果最大，应该怎么填？ 12+4×5+15-6+8,C:\Users\admin\Desktop\试卷分析project\参考教材\奥数\竟赛数学导引 三年级.pdf
3,竞赛数学导引 三年级,20,算符与数字,超越篇,challenge,148,6,★,0.9868,False,93,long,calculation,,,算符与数字|calculation,高思导引超越篇难度,high,auto,L4,False,桌上放着这样一道算术题：89十16十69十6A十B8十88.甲、乙两位同学面对面坐在 桌子两侧，看到这个算式的各数字都有意义，而且他们计算这道题的结果恰好相同，则A和B 表示的数字分别是几？,C:\Users\admin\Desktop\试卷分析project\参考教材\奥数\竟赛数学导引 三年级.pdf
3,竞赛数学导引 三年级,20,算符与数字,超越篇,challenge,148,7,,0.9665,False,173,very_long,calculation,,,算符与数字|calculation,高思导引超越篇难度,high,auto,L4,False,老师在黑板上写了1～9中的4个不同的数字：△△△△，其中每个△代表一个数 字，并给前两个数字加上括号，给后两个数字也加上括号：（△△）（△△).老师让学生在这4 个数字之间添上3个互不相同的四则运算符号（即加、减、乘、除中的3个）：（△O△） （△O△），其中○表示运算符号.结果发现无论怎样添运算符号，计算结果都是整数，请按 顺序写出这4个△代表的数字,C:\Users\admin\Desktop\试卷分析project\参考教材\奥数\竟赛数学导引 三年级.pdf
3,竞赛数学导引 三年级,20,算符与数字,超越篇,challenge,148,8,,0.9466,False,90,long,general,,,算符与数字|数字谜问题|general,高思导引超越篇难度,high,auto,L4,False,在下面算式中合适的地方填人“十、一、×、÷或（）”(两个数之间可以不填，不 填则前后数合并成多位数），使等式成立， (1)20080808=1000； (2)88888888=2008.,C:\Users\admin\Desktop\试卷分析project\参考教材\奥数\竟赛数学导引 三年级.pdf
3,竞赛数学导引 三年级,21,盈亏问题二,兴趣篇,interest,149,1,★,0.9969,False,92,long,general,,,盈亏问题二|general,4年级及以前高思导引拓展篇及以下难度,low,auto,L2,False,绵羊村村长给羊羊们发青草丸子，每只羊分到的同样多，还剩下5个青草丸子.后来 又来了1只小山羊，村长也想发给它同样多的青草丸子，这样就缺少10个青草丸子了.请问： 每只羊分到多少个青草丸子？,C:\Users\admin\Desktop\试卷分析project\参考教材\奥数\竟赛数学导引 三年级.pdf
3,竞赛数学导引 三年级,21,盈亏问题二,兴趣篇,interest,149,2,★,0.9969,False,92,long,general,,,盈亏问题二|general,4年级及以前高思导引拓展篇及以下难度,low,auto,L2,False,绵羊村村长给羊羊们发青草蛋糕，每只羊分到的同样多，还缺少5块青草蛋糕.后来 又来了1只小山羊，村长也想发给它同样多的青草蛋糕，这时就会缺少10块青草蛋糕.请问： 每只羊分到多少块青草蛋糕？,C:\Users\admin\Desktop\试卷分析project\参考教材\奥数\竟赛数学导引 三年级.pdf
3,竞赛数学导引 三年级,21,盈亏问题二,兴趣篇,interest,149,3,★,0.9979,False,77,medium,general,,,盈亏问题二|general,4年级及以前高思导引拓展篇及以下难度,low,auto,L1,False,新学期开始了，妈妈给了旺仔一些钱，让他去买作业本.旺仔买了几个本子后，还剩 下10元钱，这时他还想再买3个本子，结果发现缺2元钱.每个作业本的价格是几元钱？,C:\Users\admin\Desktop\试卷分析project\参考教材\奥数\竟赛数学导引 三年级.pdf
3,竞赛数学导引 三年级,21,盈亏问题二,兴趣篇,interest,150,4,★,0.998,False,73,medium,general,,,盈亏问题二|general,4年级及以前高思导引拓展篇及以下难度,low,auto,L1,False,工会给大家发牛奶，每人发5袋，结果还缺3袋.如果还要再给2个人发，那么一共 会缺多少袋牛奶？如果最后发现一共缺少23袋牛奶，那么比开始增加了几个人？,C:\Users\admin\Desktop\试卷分析project\参考教材\奥数\竟赛数学导引 三年级.pdf
3,竞赛数学导引 三年级,21,盈亏问题二,兴趣篇,interest,150,5,★,0.9946,False,58,medium,general,,,盈亏问题二|general,4年级及以前高思导引拓展篇及以下难度,low,auto,L1,False,王老师给同学们买习题集，如果买7本缺3元钱；如果买10本缺12元.那么一本习 题集的价格是多少元？王老师一共有多少钱？,C:\Users\admin\Desktop\试卷分析project\参考教材\奥数\竟赛数学导引 三年级.pdf
3,竞赛数学导引 三年级,21,盈亏问题二,兴趣篇,interest,150,6,★★,0.9871,False,96,long,general,,,盈亏问题二|general,4年级及以前高思导引拓展篇及以下难度,low,auto,L2,False,同学们买了几袋馒头当午餐，每袋有5个.结果发现：如果每人一顿吃2个，还剩下 3袋；如果每人一顿吃4个，就只剩下1袋了.一共有多少名同学？他们总共买了多少个馒头？ 个，最后会缺7个.一共有几名学生？,C:\Users\admin\Desktop\试卷分析project\参考教材\奥数\竟赛数学导引 三年级.pdf
3,竞赛数学导引 三年级,21,盈亏问题二,兴趣篇,interest,150,8,★★,0.9869,False,95,long,general,,,盈亏问题二|general,4年级及以前高思导引拓展篇及以下难度,low,auto,L2,False,图画小组的同学们拿着一些钱去买彩笔，如果每个同学买一套5元钱的彩笔，就会 剩下一张10元、一张5元和两张1元的钱；如果每个同学买一套7元钱的彩笔，就缺少一张5 元的钱.这些同学一开始拿了多少钱？,C:\Users\admin\Desktop\试卷分析project\参考教材\奥数\竟赛数学导引 三年级.pdf
3,竞赛数学导引 三年级,21,盈亏问题二,兴趣篇,interest,150,9,★★,0.9875,False,75,medium,general,,,盈亏问题二|general,4年级及以前高思导引拓展篇及以下难度,low,auto,L1,False,老师带着几个学生去吃冰淇淋，如果给每个学生买一个碎碎冰和一个2元钱的小 甜筒，一共缺15元钱；如果只给每个学生买一个碎碎冰，还缺5元钱.一共有几个学生？,C:\Users\admin\Desktop\试卷分析project\参考教材\奥数\竟赛数学导引 三年级.pdf
3,竞赛数学导引 三年级,21,盈亏问题二,兴趣篇,interest,150,10,★★,0.9777,False,92,long,general,,,盈亏问题二|general,4年级及以前高思导引拓展篇及以下难度,low,auto,L2,False,某生产队要给麦由喷洒农药，每公顷麦由喷洒的数量相同，原计划每公顷麦由喷 洒农药2千克，还缺10千克；后来计划每公顷麦田喷洒农药3千克，结果农药缺了20千克.一 共要给多少公顷麦田喷洒农药？,C:\Users\admin\Desktop\试卷分析project\参考教材\奥数\竟赛数学导引 三年级.pdf
3,竞赛数学导引 三年级,21,盈亏问题二,拓展篇,extension,151,1,★,0.9963,False,133,very_long,general,,,盈亏问题二|general,4年级及以前高思导引拓展篇及以下难度,mid,auto,L4,False,学校把一笔钱发给教师当奖金，发给每位教师的钱数相同，最后还剩下2000元；后 来又转来了3个教师，学校本来也想给他们发同样多的奖金，结果发现还缺400元.原来每个 教师发了多少奖金？ 战士，也想发给他们每人同样多的子弹，结果发现一共缺少30颗子弹.每个战士应该发几颗 子弹？,C:\Users\admin\Desktop\试卷分析project\参考教材\奥数\竟赛数学导引 三年级.pdf
3,竞赛数学导引 三年级,21,盈亏问题二,拓展篇,extension,151,3,★,0.9943,False,71,medium,general,,,盈亏问题二|general,4年级及以前高思导引拓展篇及以下难度,mid,auto,L3,False,护士给几名大夫准备手术刀，开始准备给每人4把，结果缺3把；后来每名大夫都要 求再加3把，这样就会缺15把.那么开始时一共有多少名大夫？多少把刀？,C:\Users\admin\Desktop\试卷分析project\参考教材\奥数\竟赛数学导引 三年级.pdf
3,竞赛数学导引 三年级,21,盈亏问题二,拓展篇,extension,151,4,★★,0.9941,False,63,medium,general,,,盈亏问题二|general,4年级及以前高思导引拓展篇及以下难度,mid,auto,L3,False,一个旅店里，每层的房间数相同，如果每层有7间住人，一共空出6间房；如果每层 只有5间住人，就会空出18间房.请问：每层有几间房？,C:\Users\admin\Desktop\试卷分析project\参考教材\奥数\竟赛数学导引 三年级.pdf
3,竞赛数学导引 三年级,21,盈亏问题二,拓展篇,extension,151,5,★★,0.9953,False,74,medium,general,,,盈亏问题二|general,4年级及以前高思导引拓展篇及以下难度,mid,auto,L3,False,服务员小王在饭桌上放碟子，开始时每张桌子放5个碟子，结果发现缺3个碟子； 后来每张桌子放8个碟子，这样就会缺24个碟子.请问：这个饭店一共有几张桌子？,C:\Users\admin\Desktop\试卷分析project\参考教材\奥数\竟赛数学导引 三年级.pdf
3,竞赛数学导引 三年级,21,盈亏问题二,拓展篇,extension,151,6,,0.9982,False,64,medium,general,,,盈亏问题二|general,4年级及以前高思导引拓展篇及以下难度,mid,auto,L3,False,小明计划在若干天内做完一章习题，如果每天做5道题，恰好提前1天做完；如果 每天做7道题，恰好提前3天做完.这章习题一共有多少道题？,C:\Users\admin\Desktop\试卷分析project\参考教材\奥数\竟赛数学导引 三年级.pdf
3,竞赛数学导引 三年级,21,盈亏问题二,拓展篇,extension,152,7,,0.9965,False,83,medium,general,,,盈亏问题二|general,4年级及以前高思导引拓展篇及以下难度,mid,auto,L3,False,学校安排学生到会议室听报告，如果每3人坐一条长椅，就会有16人没有座位；如 果每5人坐一条长椅，就会空出1条长椅，还有一条长椅上只坐了2个人.一共有多少个学生 去听报告？,C:\Users\admin\Desktop\试卷分析project\参考教材\奥数\竟赛数学导引 三年级.pdf
3,竞赛数学导引 三年级,21,盈亏问题二,拓展篇,extension,152,8,★★,0.9976,False,73,medium,general,,,盈亏问题二|general,4年级及以前高思导引拓展篇及以下难度,mid,auto,L3,False,有一些老师和学生，如果一个老师教2个学生，会剩下10个学生没有老师教；如果 一个老师教3个学生，就会有2个老师没有学生可教.请问：一共有多少个学生？,C:\Users\admin\Desktop\试卷分析project\参考教材\奥数\竟赛数学导引 三年级.pdf
3,竞赛数学导引 三年级,21,盈亏问题二,拓展篇,extension,152,9,,0.9877,False,114,long,general,,,盈亏问题二|general,4年级及以前高思导引拓展篇及以下难度,mid,auto,L4,False,鞭炮厂买回了几盒火药，每一盒分成6包，用3包火药能制作一个小礼花，用4包 火药能制作一个大礼花.现在鞭炮厂想要生产几个大礼花，发现还缺3盒火药；如果改成生产 同样数量的小礼花，仍然会缺少6包火药.鞭炮厂一共买回了几盒火药？ 少名士兵？,C:\Users\admin\Desktop\试卷分析project\参考教材\奥数\竟赛数学导引 三年级.pdf
3,竞赛数学导引 三年级,21,盈亏问题二,拓展篇,extension,"152,153",11,★★,0.9926,False,161,very_long,geometry,,cross_page_question,盈亏问题二|geometry,4年级及以前高思导引拓展篇及以下难度,mid,review,L4,False,几个朋友一起去超市采购，超市里一包牛筋3元钱，一袋酱牛肉8元钱.如果每人 买4包牛筋、2袋酱牛肉，还能剩下8元钱；如果每人买2包牛筋、3袋酱牛肉，就会缺少4元 钱.请问：一起去超市的共有几人？ 12个大面包，剩下1元6角.已知每个大面包比小面包贵2角，大面包多少钱一个？ 和2个梨后，还剩下10个苹果和2个梨.原来一共有多少个梨？,C:\Users\admin\Desktop\试卷分析project\参考教材\奥数\竟赛数学导引 三年级.pdf
3,竞赛数学导引 三年级,21,盈亏问题二,拓展篇,extension,153,14,,0.9953,False,102,long,general,,,盈亏问题二|general,4年级及以前高思导引拓展篇及以下难度,mid,auto,L4,False,一些小朋友参加绘画兴趣小组，老师给大家发专用的图画纸用来画画，如果每个 人画7张画，老师还能剩下11张纸；如果一半的小朋友每人画8张，另一半小朋友每人画10 张，最后就会缺13张纸.请问：一共有多少个小朋友？,C:\Users\admin\Desktop\试卷分析project\参考教材\奥数\竟赛数学导引 三年级.pdf
3,竞赛数学导引 三年级,21,盈亏问题二,超越篇,challenge,153,1,,0.9898,False,77,medium,general,,,盈亏问题二|general,高思导引超越篇难度,high,auto,L4,False,花店老板要把一些玫瑰花插到花瓶里，如果每瓶插入6朵玫瑰，那么剩下的玫瑰花 正好还能插3瓶；如果每瓶多插人2朵玫瑰，就会有3个瓶子是空的.一共有多少朵玫瑰花？,C:\Users\admin\Desktop\试卷分析project\参考教材\奥数\竟赛数学导引 三年级.pdf
3,竞赛数学导引 三年级,21,盈亏问题二,超越篇,challenge,153,2,★,0.9887,False,72,medium,general,,,盈亏问题二|general,高思导引超越篇难度,high,auto,L4,False,老师准备给同学们发一些糖果，如果给每个人分12块，还会剩下14块；如果学生 人数增加了一倍，并给每个人分7块，就会缺8块.请问：一共有多少块糖果？,C:\Users\admin\Desktop\试卷分析project\参考教材\奥数\竟赛数学导引 三年级.pdf
3,竞赛数学导引 三年级,21,盈亏问题二,超越篇,challenge,153,3,,0.9851,False,70,medium,general,,,盈亏问题二|general,高思导引超越篇难度,high,auto,L4,False,有若千名学生需要住宿，如果每间宿舍住4人，就会有10个人没宿舍住；如果每间 宿舍住6人，就会有一间宿舍住不满.需要住宿的学生最多可能有多少名？,C:\Users\admin\Desktop\试卷分析project\参考教材\奥数\竟赛数学导引 三年级.pdf
3,竞赛数学导引 三年级,21,盈亏问题二,超越篇,challenge,153,4,★,0.9946,False,80,medium,general,,,盈亏问题二|general,高思导引超越篇难度,high,auto,L4,False,幼儿园阿姨给小朋友们分水果，大班每人分到3个桃子和1个苹果，小班每人分到 2个桃子和1个苹果，大班比小班总共多分到8个桃子，少分到2个苹果.大班共有多少个小 朋友？,C:\Users\admin\Desktop\试卷分析project\参考教材\奥数\竟赛数学导引 三年级.pdf
3,竞赛数学导引 三年级,21,盈亏问题二,超越篇,challenge,154,5,,0.9979,False,88,medium,general,,,盈亏问题二|general,高思导引超越篇难度,high,auto,L4,False,小强做一本习题集，原计划30天完成.按计划做了4天后，他每天比原计划多做2 道题，这样做了10天后，他每天又多做2道题目，结果恰好提前6天做完了全部习题.这本书 中共有多少道习题？,C:\Users\admin\Desktop\试卷分析project\参考教材\奥数\竟赛数学导引 三年级.pdf
3,竞赛数学导引 三年级,21,盈亏问题二,超越篇,challenge,154,6,★,0.9849,False,72,medium,general,,,盈亏问题二|general,高思导引超越篇难度,high,auto,L4,False,张宇上午7时20分从家里出发到校上课，如果他每分钟走50步，到达学校时离上 课还有7分钟；如果他每分钟走35步，就要迟到5分钟.求学校的上课时间，,C:\Users\admin\Desktop\试卷分析project\参考教材\奥数\竟赛数学导引 三年级.pdf
3,竞赛数学导引 三年级,21,盈亏问题二,超越篇,challenge,154,7,,0.9974,False,112,long,general,,,盈亏问题二|general,高思导引超越篇难度,high,auto,L4,False,幼儿园分水果，如果把苹果都分给小班的小朋友，每人恰好分7个；如果把梨都分 给大班的小朋友，每人恰好分5个.现在把这些水果分给两个班的小朋友，每人分得4个苹果 和2个梨，并且苹果恰好分完，梨还剩4个.请问：两个班共有多少个小朋友？,C:\Users\admin\Desktop\试卷分析project\参考教材\奥数\竟赛数学导引 三年级.pdf
3,竞赛数学导引 三年级,21,盈亏问题二,超越篇,challenge,154,8,,0.9982,False,105,long,general,,,盈亏问题二|general,高思导引超越篇难度,high,auto,L4,False,一盒咖啡中有若干袋，一包方糖中有若干块.小唐喝前两盒咖啡时每袋咖啡都放 3块方糖，结果共用了1包方糖和第2包中的24块；小唐喝后三盒咖啡时每袋咖啡都只放1 块方糖，最后第3包方糖还剩下36块.那么每盒咖啡有多少袋？,C:\Users\admin\Desktop\试卷分析project\参考教材\奥数\竟赛数学导引 三年级.pdf
3,竞赛数学导引 三年级,22,长度与角度的计算,兴趣篇,interest,155,1,★,0.9945,True,39,short,calculation,,has_diagram,长度与角度的计算|calculation,4年级及以前高思导引拓展篇及以下难度,low,review,L1,False,根据长方形长、宽与周长的关系，把图22-1填完整。 长 宽 周长 图22-1 图22-2,C:\Users\admin\Desktop\试卷分析project\参考教材\奥数\竟赛数学导引 三年级.pdf
3,竞赛数学导引 三年级,22,长度与角度的计算,兴趣篇,interest,155,2,★,0.9803,True,45,medium,calculation,,has_diagram,长度与角度的计算|calculation,4年级及以前高思导引拓展篇及以下难度,low,review,L1,False,如图22－2，用16个周长为8厘米的小正方形拼成了一个大正方形，大正方形的周 长是多少厘米？,C:\Users\admin\Desktop\试卷分析project\参考教材\奥数\竟赛数学导引 三年级.pdf
3,竞赛数学导引 三年级,22,长度与角度的计算,兴趣篇,interest,155,3,★,0.9945,True,57,medium,calculation,,has_diagram,长度与角度的计算|calculation,4年级及以前高思导引拓展篇及以下难度,low,review,L1,False,20个边长为3厘米的小正三角形按如 图22-3中的方式拼成一个平行四边形，这个平 行四边形的周长是多少厘米？ 图22-3,C:\Users\admin\Desktop\试卷分析project\参考教材\奥数\竟赛数学导引 三年级.pdf
3,竞赛数学导引 三年级,22,长度与角度的计算,兴趣篇,interest,156,4,★★,0.9871,True,59,medium,calculation,,has_diagram,长度与角度的计算|calculation,4年级及以前高思导引拓展篇及以下难度,low,review,L1,False,如图22-4所示，内部正方形的周长为24厘米.请根据图中给出的数，求出长方形 的周长.（单位：厘米） 图22-4 图22-5,C:\Users\admin\Desktop\试卷分析project\参考教材\奥数\竟赛数学导引 三年级.pdf
3,竞赛数学导引 三年级,22,长度与角度的计算,兴趣篇,interest,156,5,★★,0.9826,True,66,medium,calculation,case_analysis,has_diagram,长度与角度的计算|calculation|case_analysis,4年级及以前高思导引拓展篇及以下难度,low,review,L2,False,"长方形的院子里有一条“6""字形的小路，路宽1米，具体情况如图22－5所示.现要 在小路上铺满砖，其余地方种草，那么砖地的周长是多少米？",C:\Users\admin\Desktop\试卷分析project\参考教材\奥数\竟赛数学导引 三年级.pdf
3,竞赛数学导引 三年级,22,长度与角度的计算,兴趣篇,interest,156,6,★,0.9947,True,89,medium,calculation,,has_diagram,长度与角度的计算|calculation,4年级及以前高思导引拓展篇及以下难度,low,review,L1,False,如图22－6所示，在一个大长方形的右上角挖去一个小长方形，如果大长方形的长 是7厘米，宽是5厘米；小长方形的长是5厘米，宽是3厘米.那么该图形的周长是多少厘米？ 图22-6 图22-7,C:\Users\admin\Desktop\试卷分析project\参考教材\奥数\竟赛数学导引 三年级.pdf
3,竞赛数学导引 三年级,22,长度与角度的计算,兴趣篇,interest,156,7,★,0.9943,True,57,medium,calculation,,has_diagram,长度与角度的计算|calculation,4年级及以前高思导引拓展篇及以下难度,low,review,L1,False,如图22-7所示，这个多边形任意相邻的两条边都互相垂直，请根据图中所给出的 数，求出这个多边形的周长.（单位：厘米）,C:\Users\admin\Desktop\试卷分析project\参考教材\奥数\竟赛数学导引 三年级.pdf
3,竞赛数学导引 三年级,22,长度与角度的计算,兴趣篇,interest,156,8,★,0.9904,True,32,short,calculation,,has_diagram,长度与角度的计算|calculation,4年级及以前高思导引拓展篇及以下难度,low,review,L1,False,图22-8中有几个锐角？几个直角？几个钝角？ 图22-8 图22-9,C:\Users\admin\Desktop\试卷分析project\参考教材\奥数\竟赛数学导引 三年级.pdf
3,竞赛数学导引 三年级,22,长度与角度的计算,兴趣篇,interest,156,9,★,0.976,True,33,short,calculation,,has_diagram,长度与角度的计算|calculation,4年级及以前高思导引拓展篇及以下难度,low,review,L1,False,如图22-9所示，1等于130°，2等于110°，那么3等于多少？,C:\Users\admin\Desktop\试卷分析project\参考教材\奥数\竟赛数学导引 三年级.pdf
3,竞赛数学导引 三年级,22,长度与角度的计算,兴趣篇,interest,157,10,★★,0.9895,True,81,medium,calculation,,has_diagram,长度与角度的计算|几何问题|calculation,4年级及以前高思导引拓展篇及以下难度,low,review,L1,False,如图22-10所示，在长方形ABCD中，ACB等于34°，现在将其沿对角线AC折 起，形成如图22-11所示的图形.那么OCD的度数是多少？ 图22-10 图22-11,C:\Users\admin\Desktop\试卷分析project\参考教材\奥数\竟赛数学导引 三年级.pdf
3,竞赛数学导引 三年级,22,长度与角度的计算,拓展篇,extension,157,1,★★,0.9824,True,66,medium,calculation,,has_diagram,长度与角度的计算|calculation,4年级及以前高思导引拓展篇及以下难度,mid,review,L3,False,如图22－12所示，5个同样大小的小长方形拼成了一个大长方形.已知小长方形的 长是12厘米，求大长方形的周长， 图22-12 图22-13,C:\Users\admin\Desktop\试卷分析project\参考教材\奥数\竟赛数学导引 三年级.pdf
3,竞赛数学导引 三年级,22,长度与角度的计算,拓展篇,extension,157,2,★,0.9863,True,69,medium,calculation,,has_diagram,长度与角度的计算|calculation,4年级及以前高思导引拓展篇及以下难度,mid,review,L3,False,如图22－13，用一个边长是4厘米的小正方形和4个相同的长方形，一起拼成一个 边长是20厘米的大正方形.请问：长方形的长和宽分别是多少厘米？,C:\Users\admin\Desktop\试卷分析project\参考教材\奥数\竟赛数学导引 三年级.pdf
3,竞赛数学导引 三年级,22,长度与角度的计算,拓展篇,extension,157,3,★★,0.9663,True,113,long,calculation,,has_diagram,长度与角度的计算|calculation,4年级及以前高思导引拓展篇及以下难度,mid,review,L4,False,如图22-14所示，在一个长为8厘米、宽为6厘米的长方形纸片上剪去一个边长为 3厘米的正方形。 （1）如果剪去的正方形在右上角，那么剩下的图形周长是多少厘米？ (2）如果剪去的正方形在右边，那么剩下的图形周长是多少厘米？ 图 22-14,C:\Users\admin\Desktop\试卷分析project\参考教材\奥数\竟赛数学导引 三年级.pdf
3,竞赛数学导引 三年级,22,长度与角度的计算,拓展篇,extension,158,4,★★,0.9974,True,117,long,calculation,,has_diagram,长度与角度的计算|calculation,4年级及以前高思导引拓展篇及以下难度,mid,review,L4,False,如图22-15，正方形树林边长1000米，树林中种 1000米 有白杨树和榆树.小明从树林的西南角走人树林，向正东方 前进.他每碰见一株白杨树就往正北走，每碰到一株榆树就 往正东走，最后他走到了东北角上.问小明一共走了多少米？ 北 东 图22-15,C:\Users\admin\Desktop\试卷分析project\参考教材\奥数\竟赛数学导引 三年级.pdf
3,竞赛数学导引 三年级,22,长度与角度的计算,拓展篇,extension,158,5,★★,0.9862,True,50,medium,calculation,,has_diagram,长度与角度的计算|calculation,4年级及以前高思导引拓展篇及以下难度,mid,review,L3,False,如图22-16，把长为2厘米、宽为1厘米的6个长方形摆成3层.摆成的图形周长 是多少厘米？ 图22-16,C:\Users\admin\Desktop\试卷分析project\参考教材\奥数\竟赛数学导引 三年级.pdf
3,竞赛数学导引 三年级,22,长度与角度的计算,拓展篇,extension,158,6,★★,0.9887,True,77,medium,calculation,,has_diagram,长度与角度的计算|calculation,4年级及以前高思导引拓展篇及以下难度,mid,review,L3,False,如图22-17所示，将3个边长为8厘米的正方形叠放在一起，后一个正方形的顶点 恰好落在前一个正方形的正中心.那么它们覆盖住的图形周长是多少厘米？ 图22-17,C:\Users\admin\Desktop\试卷分析project\参考教材\奥数\竟赛数学导引 三年级.pdf
3,竞赛数学导引 三年级,22,长度与角度的计算,拓展篇,extension,158,7,,0.9915,True,67,medium,calculation,,has_diagram,长度与角度的计算|calculation,4年级及以前高思导引拓展篇及以下难度,mid,review,L3,False,如图22－18，有一个八边形，任意相邻的两条边都互相垂直.已知其中3条边的长 度，这个八边形的周长是多少厘米？（单位：厘米） 图22-18,C:\Users\admin\Desktop\试卷分析project\参考教材\奥数\竟赛数学导引 三年级.pdf
3,竞赛数学导引 三年级,22,长度与角度的计算,拓展篇,extension,159,8,,0.9915,True,150,very_long,calculation,,has_diagram,长度与角度的计算|calculation,4年级及以前高思导引拓展篇及以下难度,mid,review,L4,False,（1）如图22-19所示，从一个大长方形的边上挖去一个正方形得到一个多边形.大 长方形的长是6厘米，宽是4厘米，正方形的边长是2厘米.这个图形的周长是多少厘米？ (2）如图22-20所示，四个长方形组成了一个多边形，如果图中所标数值的单位都是厘 米，那么这个多边形的周长是多少厘米？ 图22-19 图22-20,C:\Users\admin\Desktop\试卷分析project\参考教材\奥数\竟赛数学导引 三年级.pdf
3,竞赛数学导引 三年级,22,长度与角度的计算,拓展篇,extension,159,9,,0.9946,True,51,medium,calculation,,has_diagram,长度与角度的计算|calculation,4年级及以前高思导引拓展篇及以下难度,mid,review,L3,False,如图22-21，这个多边形任意相邻的两条边都互相垂直.这个多边形的周长是 多少？ 图22-21 图22-22,C:\Users\admin\Desktop\试卷分析project\参考教材\奥数\竟赛数学导引 三年级.pdf
3,竞赛数学导引 三年级,22,长度与角度的计算,拓展篇,extension,159,10,,0.9928,True,72,medium,calculation,,has_diagram,长度与角度的计算|calculation,4年级及以前高思导引拓展篇及以下难度,mid,review,L3,False,如图22-22所示，一张边长为10厘米的正方形纸片，被横着剪了一刀，竖着剪了 两刀，分成了6块小长方形纸片.这6个小长方形的周长总和等于多少厘米？,C:\Users\admin\Desktop\试卷分析project\参考教材\奥数\竟赛数学导引 三年级.pdf
3,竞赛数学导引 三年级,22,长度与角度的计算,拓展篇,extension,160,11,★★,0.9853,True,47,medium,calculation,,has_diagram,长度与角度的计算|calculation,4年级及以前高思导引拓展篇及以下难度,mid,review,L3,False,如图22-23所示，1=40°，2=50°，3=60°.4等于多少度？ 图22-23 图22-24,C:\Users\admin\Desktop\试卷分析project\参考教材\奥数\竟赛数学导引 三年级.pdf
3,竞赛数学导引 三年级,22,长度与角度的计算,拓展篇,extension,160,12,★★,0.9625,True,36,short,calculation,,has_diagram,长度与角度的计算|calculation,4年级及以前高思导引拓展篇及以下难度,mid,review,L3,False,如图22-24所示，1=100°，2=60°，3=90°.4等于多少度？,C:\Users\admin\Desktop\试卷分析project\参考教材\奥数\竟赛数学导引 三年级.pdf
3,竞赛数学导引 三年级,22,长度与角度的计算,拓展篇,extension,160,13,,0.9935,True,56,medium,calculation,,has_diagram,长度与角度的计算|calculation,4年级及以前高思导引拓展篇及以下难度,mid,review,L3,False,如图22-25所示，在三角形ABC中，1=2，3=4，5=130°.A等于 多少度？ 60% 图22-25 图22-26,C:\Users\admin\Desktop\试卷分析project\参考教材\奥数\竟赛数学导引 三年级.pdf
3,竞赛数学导引 三年级,22,长度与角度的计算,拓展篇,extension,160,14,,0.9706,True,46,medium,calculation,,has_diagram,长度与角度的计算|几何问题|calculation,4年级及以前高思导引拓展篇及以下难度,mid,review,L3,False,如图22-26所示，纸上已经画有一个正方形，请你用一块三角板做工具，在纸上 画出一个75的角.,C:\Users\admin\Desktop\试卷分析project\参考教材\奥数\竟赛数学导引 三年级.pdf
3,竞赛数学导引 三年级,22,长度与角度的计算,超越篇,challenge,161,1,★★,0.9783,False,120,very_long,calculation,,,长度与角度的计算|calculation,高思导引超越篇难度,high,auto,L5,False,从一张长15厘米、宽9厘米的长方形纸片上剪下一个边长尽可能大的正方形，剩 下了一块长方形.然后从剩下的长方形中再剪下一个边长尽可能大的正方形..按此方式不 断重复，直到剩下一个正方形无法再继续剪为止.请问：所有剪下的正方形的周长之和是多少 厘米？,C:\Users\admin\Desktop\试卷分析project\参考教材\奥数\竟赛数学导引 三年级.pdf
3,竞赛数学导引 三年级,22,长度与角度的计算,超越篇,challenge,161,2,★,0.9927,False,68,medium,calculation,,,长度与角度的计算|calculation,高思导引超越篇难度,high,auto,L4,False,有一个长20厘米、宽15厘米的长方形，用2条平行于长方形边界的直线可以将其 划分成3个或4个小长方形.这些小长方形周长之和最大是多少厘米？,C:\Users\admin\Desktop\试卷分析project\参考教材\奥数\竟赛数学导引 三年级.pdf
3,竞赛数学导引 三年级,22,长度与角度的计算,超越篇,challenge,161,3,,0.9708,True,66,medium,calculation,,has_diagram,长度与角度的计算|calculation,高思导引超越篇难度,high,review,L4,False,如图22-27，在一个长方形中有一段阴影部分，如果 一6厘米 阴影部分恰好是正方形，那么图中大长方形的周长是多少厘米？ 9厘米 图22-27,C:\Users\admin\Desktop\试卷分析project\参考教材\奥数\竟赛数学导引 三年级.pdf
3,竞赛数学导引 三年级,22,长度与角度的计算,超越篇,challenge,161,4,,0.9975,True,51,medium,calculation,,has_diagram,长度与角度的计算|calculation,高思导引超越篇难度,high,review,L4,False,如图22-28所示，在正方形ABCD中有一个点E，使三角形BCE是正三角形.求 EAB的大小 图22-28,C:\Users\admin\Desktop\试卷分析project\参考教材\奥数\竟赛数学导引 三年级.pdf
3,竞赛数学导引 三年级,22,长度与角度的计算,超越篇,challenge,162,5,,0.982,True,59,medium,calculation,,has_diagram,长度与角度的计算|calculation,高思导引超越篇难度,high,review,L4,False,如图22-29所示，五条线段依次首尾相连组成了一个五角星.问：1十Z2十 3十4十5等于多少度？ 图22-29 图22-30,C:\Users\admin\Desktop\试卷分析project\参考教材\奥数\竟赛数学导引 三年级.pdf
3,竞赛数学导引 三年级,22,长度与角度的计算,超越篇,challenge,162,6,,0.9949,True,50,medium,calculation,,has_diagram,长度与角度的计算|calculation,高思导引超越篇难度,high,review,L4,False,用9个相同的直角三角形可以拼成如图22－30所示的图形.请问：这种直角三角 形的两个锐角分别是多少度？,C:\Users\admin\Desktop\试卷分析project\参考教材\奥数\竟赛数学导引 三年级.pdf
3,竞赛数学导引 三年级,22,长度与角度的计算,超越篇,challenge,162,7,,0.9873,True,54,medium,calculation,,has_diagram,长度与角度的计算|calculation,高思导引超越篇难度,high,review,L4,False,如图22-31，在一个正六边形的内部有一个正五边形，请求出三角形ABC中角A 的度数. 图22-31 图22-32,C:\Users\admin\Desktop\试卷分析project\参考教材\奥数\竟赛数学导引 三年级.pdf
3,竞赛数学导引 三年级,22,长度与角度的计算,超越篇,challenge,162,8,★,0.9861,True,80,medium,calculation,,has_diagram,长度与角度的计算|几何问题|calculation,高思导引超越篇难度,high,review,L4,False,如图22-32，有一个长22米、宽18米的迷宫，其中每条道路的宽度都是2米.从A 点出发，沿道路的中心线向里走去，一直走到B点.请问：所走过的路线的长度是多少米？,C:\Users\admin\Desktop\试卷分析project\参考教材\奥数\竟赛数学导引 三年级.pdf
3,竞赛数学导引 三年级,23,智巧趣题二,兴趣篇,interest,163,1,★★,0.9892,False,69,medium,general,,,智巧趣题二|general,4年级及以前高思导引拓展篇及以下难度,low,auto,L1,False,把算式152十58十1用火柴棒摆在桌子上，可以摆成下面的样子.我们从镜子中看 过去，在镜子里面出现的算式是什么？结果是多少？ 152+58+1,C:\Users\admin\Desktop\试卷分析project\参考教材\奥数\竟赛数学导引 三年级.pdf
3,竞赛数学导引 三年级,23,智巧趣题二,兴趣篇,interest,163,2,,0.9618,False,19,short,general,,,智巧趣题二|general,4年级及以前高思导引拓展篇及以下难度,low,auto,L1,False,请移动一根火柴棒，使下列算式成立. -=,C:\Users\admin\Desktop\试卷分析project\参考教材\奥数\竟赛数学导引 三年级.pdf
3,竞赛数学导引 三年级,23,智巧趣题二,兴趣篇,interest,163,3,,0.7486,False,30,short,general,,,智巧趣题二|general,4年级及以前高思导引拓展篇及以下难度,low,auto,L1,False,请移动一根火柴棒，使下列算式成立. |-|=| e|+l+|=l,C:\Users\admin\Desktop\试卷分析project\参考教材\奥数\竟赛数学导引 三年级.pdf
3,竞赛数学导引 三年级,23,智巧趣题二,兴趣篇,interest,164,4,★★,0.9736,True,65,medium,geometry,,has_diagram,智巧趣题二|geometry,4年级及以前高思导引拓展篇及以下难度,low,review,L1,False,图23－1是一个由火柴棒组成的图形，最少要从中拿走几根火柴棒，才能使余下的 图案中没有三角形？ 图 23-1 图23-2 案中不包含正方形？,C:\Users\admin\Desktop\试卷分析project\参考教材\奥数\竟赛数学导引 三年级.pdf
3,竞赛数学导引 三年级,23,智巧趣题二,兴趣篇,interest,164,6,★★,0.9905,True,64,medium,geometry,,has_diagram,智巧趣题二|geometry,4年级及以前高思导引拓展篇及以下难度,low,review,L1,False,图23－3中的两个图形都不能只用一笔画出来，现在要求在这两个图形中各去掉 一条线段，使它们都能用一笔画出来，应该怎么办？ 图23-3,C:\Users\admin\Desktop\试卷分析project\参考教材\奥数\竟赛数学导引 三年级.pdf
3,竞赛数学导引 三年级,23,智巧趣题二,兴趣篇,interest,164,7,★★,0.9767,False,34,short,geometry,,,智巧趣题二|geometry,4年级及以前高思导引拓展篇及以下难度,low,auto,L1,False,把一张正方形纸沿直线剪掉一个角，还剩下几个角？请写出所有可能的结果.,C:\Users\admin\Desktop\试卷分析project\参考教材\奥数\竟赛数学导引 三年级.pdf
3,竞赛数学导引 三年级,23,智巧趣题二,兴趣篇,interest,164,8,★,0.9909,False,54,medium,general,,,智巧趣题二|general,4年级及以前高思导引拓展篇及以下难度,low,auto,L1,False,小高开始买了64瓶汽水，如果4个空瓶可以换1瓶汽水，那么他最多能喝到多少 瓶汽水？如果他开始买了67瓶汽水呢？,C:\Users\admin\Desktop\试卷分析project\参考教材\奥数\竟赛数学导引 三年级.pdf
3,竞赛数学导引 三年级,23,智巧趣题二,兴趣篇,interest,164,9,★★,0.9966,False,91,long,general,,,智巧趣题二|general,4年级及以前高思导引拓展篇及以下难度,low,auto,L2,False,一个大和尚带着两个小和尚过河，大和尚重量为50千克，小和尚重量为25千克. 河上没有桥，他们又不会游泳，只能找到一只最大载重量为50千克的小船.你能通过合理的 安排让他们三人全部过河吗？,C:\Users\admin\Desktop\试卷分析project\参考教材\奥数\竟赛数学导引 三年级.pdf
3,竞赛数学导引 三年级,23,智巧趣题二,兴趣篇,interest,165,10,★,0.9915,False,76,medium,general,,,智巧趣题二|组合问题|general,4年级及以前高思导引拓展篇及以下难度,low,auto,L1,False,三年级一班共有49名同学，他们要渡过一条河，只有一条可乘7人的橡皮船，每 过一次河需要3分钟.请问：用这条橡皮艇把全班同学都运到河对岸，最少需要多少分钟？,C:\Users\admin\Desktop\试卷分析project\参考教材\奥数\竟赛数学导引 三年级.pdf
3,竞赛数学导引 三年级,23,智巧趣题二,拓展篇,extension,165,1,★,0.8447,False,31,short,general,,,智巧趣题二|general,4年级及以前高思导引拓展篇及以下难度,mid,auto,L3,False,请移动一根火柴棒，使下列算式成立， |4+7-4=丨 -I7-7=,C:\Users\admin\Desktop\试卷分析project\参考教材\奥数\竟赛数学导引 三年级.pdf
3,竞赛数学导引 三年级,23,智巧趣题二,拓展篇,extension,165,2,,0.8184,False,31,short,general,,,智巧趣题二|general,4年级及以前高思导引拓展篇及以下难度,mid,auto,L3,False,请移动一根火柴棒，使下列算式成立. -+7=I 44-Z7=1Z1,C:\Users\admin\Desktop\试卷分析project\参考教材\奥数\竟赛数学导引 三年级.pdf
3,竞赛数学导引 三年级,23,智巧趣题二,拓展篇,extension,165,3,,0.7617,False,36,short,general,,,智巧趣题二|general,4年级及以前高思导引拓展篇及以下难度,mid,auto,L3,False,请移动一根火柴棒，使下列算式成立. —NN-l-|=IN |+7-lN=44,C:\Users\admin\Desktop\试卷分析project\参考教材\奥数\竟赛数学导引 三年级.pdf
3,竞赛数学导引 三年级,23,智巧趣题二,拓展篇,extension,165,4,,0.9825,True,56,medium,geometry,,has_diagram,智巧趣题二|geometry,4年级及以前高思导引拓展篇及以下难度,mid,review,L3,False,图23-4是一个用22根木棍组成的图形，最少要去掉几根木棍，才能使余下的图 案中不包含正方形. 图23-4 图23-5,C:\Users\admin\Desktop\试卷分析project\参考教材\奥数\竟赛数学导引 三年级.pdf
3,竞赛数学导引 三年级,23,智巧趣题二,拓展篇,extension,166,5,★,0.9906,True,77,medium,geometry,,has_diagram,智巧趣题二|geometry,4年级及以前高思导引拓展篇及以下难度,mid,review,L3,False,图23-5是一个由火柴棒组成的图形，最少要从中拿走几根火柴棒，才能使余下的 图案中没有三角形 段，使它们都能用一笔画出来.现在最少各要去掉几条线段？ 图23-6,C:\Users\admin\Desktop\试卷分析project\参考教材\奥数\竟赛数学导引 三年级.pdf
3,竞赛数学导引 三年级,23,智巧趣题二,拓展篇,extension,166,7,,0.9941,True,65,medium,general,,has_diagram,智巧趣题二|general,4年级及以前高思导引拓展篇及以下难度,mid,review,L3,False,图23-7中每个小正方形的边长都是1米，现在要从某一点 出发，沿着小正方形的边前进.如果每条线只能走一次，最多能走多 少米？ 图23-7,C:\Users\admin\Desktop\试卷分析project\参考教材\奥数\竟赛数学导引 三年级.pdf
3,竞赛数学导引 三年级,23,智巧趣题二,拓展篇,extension,166,8,,0.9932,False,93,long,general,,,智巧趣题二|general,4年级及以前高思导引拓展篇及以下难度,mid,auto,L4,False,一个农夫带着一条狗、一只兔子和一筐白菜要过河，现在只有一条小船，农夫一次 最多带一样东西过河.农夫不在的时候，狗会咬兔子，兔子会吃白菜.请问：农夫用什么办法可 以将这三样东西安全地带过河呢？,C:\Users\admin\Desktop\试卷分析project\参考教材\奥数\竟赛数学导引 三年级.pdf
3,竞赛数学导引 三年级,23,智巧趣题二,拓展篇,extension,166,9,★,0.9945,False,79,medium,general,,,智巧趣题二|general,4年级及以前高思导引拓展篇及以下难度,mid,auto,L3,False,河边有一条空船，现在有3个大人和4个小孩要过河.这条船最多能坐2个大人， 或1个大人和2个小孩，或4个小孩.请问：这些人要全部到达河对面，最少需要划船过河 几次？,C:\Users\admin\Desktop\试卷分析project\参考教材\奥数\竟赛数学导引 三年级.pdf
3,竞赛数学导引 三年级,23,智巧趣题二,拓展篇,extension,166,10,★,0.9934,False,62,medium,general,,,智巧趣题二|general,4年级及以前高思导引拓展篇及以下难度,mid,auto,L3,False,某班同学开始买了64瓶汽水，如果5个空瓶可以换1瓶汽水，并且他们会把喝剩 下的空瓶换汽水喝.那么他们最后一共能喝到多少瓶汽水？,C:\Users\admin\Desktop\试卷分析project\参考教材\奥数\竟赛数学导引 三年级.pdf
3,竞赛数学导引 三年级,23,智巧趣题二,拓展篇,extension,167,11,,0.995,False,137,very_long,general,,,智巧趣题二|general,4年级及以前高思导引拓展篇及以下难度,mid,auto,L4,False,4个相同的盒子排成一排，卡莉娅把6个相同的棋子分装在这些盒子中，其中恰 有一个盒子没有装棋子，然后她外出了.萱萱从三个有棋子的盒子里各拿1个棋子放在空盒 内，再把盒子重新排了一下.卡莉娅回来后查看了一番，没有发现有人动过这些盒子和棋子， 请问：开始时这4个盒子中分别有多少颗棋子？,C:\Users\admin\Desktop\试卷分析project\参考教材\奥数\竟赛数学导引 三年级.pdf
3,竞赛数学导引 三年级,23,智巧趣题二,拓展篇,extension,167,12,,0.9939,True,77,medium,general,,has_diagram,智巧趣题二|general,4年级及以前高思导引拓展篇及以下难度,mid,review,L3,False,如图23-8，有4条铁链，每条有2个环.已知打开一个环要用2分钟，闭封一个打 开的环要用3分钟.现在要把4条铁链连成一条长铁链，至少要用多少分钟？ 图23-8,C:\Users\admin\Desktop\试卷分析project\参考教材\奥数\竟赛数学导引 三年级.pdf
3,竞赛数学导引 三年级,23,智巧趣题二,拓展篇,extension,167,13,,0.9942,False,148,very_long,general,,,智巧趣题二|组合问题|general,4年级及以前高思导引拓展篇及以下难度,mid,auto,L4,False,有3枚外表完全相同的硬币，已知其中有一枚假币，它和真币的重量不一样，但是 不知道假币比真币轻还是重.现有一台无砝码的天平.请问：至少要称几次才能保证找出这枚 假币，并且推断出假币比真币轻还是重？ 同，但是不知道伪币比真币轻还是重.现在只有一架没有砝码的天平.请问：怎样利用这架天 平称两次，找出那枚伪币？,C:\Users\admin\Desktop\试卷分析project\参考教材\奥数\竟赛数学导引 三年级.pdf
3,竞赛数学导引 三年级,23,智巧趣题二,超越篇,challenge,168,1,,0.9796,True,79,medium,general,travel_chain,has_diagram,智巧趣题二|general|travel_chain,高思导引超越篇难度,high,review,L4,False,如图23-9，在六面体的顶点A和B处各有一只蚂蚁，它们比赛看谁能最快爬完所 有的棱线，最先到达终点C.如果它们的爬行速度相同，那么哪只蚂蚁能获胜？ C A 图23-9,C:\Users\admin\Desktop\试卷分析project\参考教材\奥数\竟赛数学导引 三年级.pdf
3,竞赛数学导引 三年级,23,智巧趣题二,超越篇,challenge,168,2,,0.99,False,159,very_long,general,,,智巧趣题二|general,高思导引超越篇难度,high,auto,L4,False,（1）植树节到了，老师带着同学们去种树，他要求大家把6棵树种成3行，每行都有 3棵树，这下可把大家难住了.你知道怎么种才能满足老师的要求吗？ （2）萱萱突然发现可以改变一棵树的位置，可以让6棵树变成4行，每行3棵，你知道萱 萱是怎么做的吗？ （3）墨莫发现再种一棵树后，可以让7棵树变成6行，每行3棵，你知道墨莫是怎么做的吗？,C:\Users\admin\Desktop\试卷分析project\参考教材\奥数\竟赛数学导引 三年级.pdf
3,竞赛数学导引 三年级,23,智巧趣题二,超越篇,challenge,168,3,★,0.9926,False,69,medium,general,defined_operation,,智巧趣题二|general|defined_operation,高思导引超越篇难度,high,auto,L4,False,商店规定，用5个空瓶就可以换1瓶汽水.某班同学一共喝了100瓶汽水，其中有 一些是用喝剩下的空瓶换的.请问：他们开始至少掏钱买了多少瓶汽水？,C:\Users\admin\Desktop\试卷分析project\参考教材\奥数\竟赛数学导引 三年级.pdf
3,竞赛数学导引 三年级,23,智巧趣题二,超越篇,challenge,168,4,,0.9929,True,121,very_long,general,,has_diagram,智巧趣题二|general,高思导引超越篇难度,high,review,L4,False,如图23-10，一个钥匙圈上挂着5个分别编有号码1，2，3，4，5的铁片，现在把其 中一个铁片解下来，接着将钥匙圈转一转，再把那个铁片绕上去，钥匙圈上的铁片就可以排成 如图23-11所示的情形.问：取下的铁片的编号是多少？ 图23-10 图23-11,C:\Users\admin\Desktop\试卷分析project\参考教材\奥数\竟赛数学导引 三年级.pdf
3,竞赛数学导引 三年级,23,智巧趣题二,超越篇,challenge,169,5,,0.8822,False,45,medium,general,,,智巧趣题二|general,高思导引超越篇难度,high,auto,L4,False,下面用火柴棒拼成的算式显然是错误的，请你移动其中两根火柴棒，使等式成立， Z---7-Z=4,C:\Users\admin\Desktop\试卷分析project\参考教材\奥数\竟赛数学导引 三年级.pdf
3,竞赛数学导引 三年级,23,智巧趣题二,超越篇,challenge,169,6,★,0.9914,True,136,very_long,geometry,,has_diagram,智巧趣题二|geometry,高思导引超越篇难度,high,review,L4,False,如图23-12，将正方形纸片由下往上对折，再由左向右对折，称为完成一次操作.按 上述方法完成4次操作以后，请问： 图23-12 （1）如果在所得小正方形的中间打穿一个洞，那么展开之后纸片上会有多少个洞？ （2）如果剪去所得小正方形的左下角，当展开这张正方形纸片后，会出现多少个洞？,C:\Users\admin\Desktop\试卷分析project\参考教材\奥数\竟赛数学导引 三年级.pdf
3,竞赛数学导引 三年级,23,智巧趣题二,超越篇,challenge,169,7,,0.9945,False,150,very_long,general,,,智巧趣题二|general,高思导引超越篇难度,high,auto,L4,False,甲、乙、丙、丁四个人在晚上过一座桥，桥每次最多容纳两个人一起通过.过桥需要 手电筒，而四人只有1支手电筒.甲、乙、丙、丁单独过桥需要的时间分别为1分钟、2分钟、5 分钟、10分钟.请问：怎样安排过桥顺序，才能使四个人过桥的总时间最短？这个最短时间是 多少分钟？（不允许过桥后将手电筒扔回，只能让人携带回来）,C:\Users\admin\Desktop\试卷分析project\参考教材\奥数\竟赛数学导引 三年级.pdf
3,竞赛数学导引 三年级,23,智巧趣题二,超越篇,challenge,169,8,★,0.9909,True,107,long,geometry,,has_diagram,智巧趣题二|组合问题|geometry,高思导引超越篇难度,high,review,L4,False,如图23-13，在一个圆周上放了1枚黑色的和666枚白色的围棋子，一个同学进行 这样的操作：从黑子开始，按顺时针方向，每隔1枚，取走1枚（从2号白子开始取）.请问：当 他取到黑子时，圆周上还剩下多少枚白子？ 图23-13,C:\Users\admin\Desktop\试卷分析project\参考教材\奥数\竟赛数学导引 三年级.pdf
4,竞赛数学导引 四年级,1,整数计算综合,兴趣篇,interest,16,1,★,0.8929,False,44,short,calculation,,,整数计算综合|calculation,4年级及以前高思导引拓展篇及以下难度,low,auto,L1,False,计算：(1）121×32÷8； (2）4×(250÷8)； (3）25×83×32×125.,C:\Users\admin\Desktop\试卷分析project\参考教材\奥数\竟赛数学导引 四年级.pdf
4,竞赛数学导引 四年级,1,整数计算综合,兴趣篇,interest,16,2,★★,0.9294,False,41,short,calculation,,,整数计算综合|calculation,4年级及以前高思导引拓展篇及以下难度,low,auto,L1,False,计算：(1）56×22+56×33+56×44； (2)222X33+889X66.,C:\Users\admin\Desktop\试卷分析project\参考教材\奥数\竟赛数学导引 四年级.pdf
4,竞赛数学导引 四年级,1,整数计算综合,兴趣篇,interest,16,3,★★,0.9197,False,20,short,calculation,,,整数计算综合|calculation,4年级及以前高思导引拓展篇及以下难度,low,auto,L1,False,计算：（25×3+75+5×15)÷3.,C:\Users\admin\Desktop\试卷分析project\参考教材\奥数\竟赛数学导引 四年级.pdf
4,竞赛数学导引 四年级,1,整数计算综合,兴趣篇,interest,16,4,★,0.9062,False,33,short,calculation,,,整数计算综合|calculation,4年级及以前高思导引拓展篇及以下难度,low,auto,L1,False,计算：100-99+98—97+96—95+-+12—11+10.,C:\Users\admin\Desktop\试卷分析project\参考教材\奥数\竟赛数学导引 四年级.pdf
4,竞赛数学导引 四年级,1,整数计算综合,兴趣篇,interest,17,5,★,0.8812,False,38,short,calculation,,,整数计算综合|calculation,4年级及以前高思导引拓展篇及以下难度,low,auto,L1,False,计算:50+49-48-47+46+45-44-43+.*-4-3+2+1.,C:\Users\admin\Desktop\试卷分析project\参考教材\奥数\竟赛数学导引 四年级.pdf
4,竞赛数学导引 四年级,1,整数计算综合,兴趣篇,interest,17,6,★,0.9101,False,43,short,calculation,,,整数计算综合|calculation,4年级及以前高思导引拓展篇及以下难度,low,auto,L1,False,计算：(1+3+5+7+*+199+201)-(2+4+6+8+…+198+200).,C:\Users\admin\Desktop\试卷分析project\参考教材\奥数\竟赛数学导引 四年级.pdf
4,竞赛数学导引 四年级,1,整数计算综合,兴趣篇,interest,17,7,★★,0.9658,False,19,short,calculation,,,整数计算综合|calculation,4年级及以前高思导引拓展篇及以下难度,low,auto,L1,False,从1开始的100个连续奇数的和是多少？,C:\Users\admin\Desktop\试卷分析project\参考教材\奥数\竟赛数学导引 四年级.pdf
4,竞赛数学导引 四年级,1,整数计算综合,兴趣篇,interest,17,8,,0.9528,False,40,short,calculation,,,整数计算综合|calculation,4年级及以前高思导引拓展篇及以下难度,low,auto,L1,False,计算：1+2+3+4+***+48+49+50+49+48+*+4+3+2+1.,C:\Users\admin\Desktop\试卷分析project\参考教材\奥数\竟赛数学导引 四年级.pdf
4,竞赛数学导引 四年级,1,整数计算综合,兴趣篇,interest,17,9,★★,0.8522,False,45,medium,calculation,defined_operation,,整数计算综合|calculation|defined_operation,4年级及以前高思导引拓展篇及以下难度,low,auto,L2,False,规定运算“V”为：αVb=（a+1)×(b-1).请计算： (1)8V10; (2）10V8.,C:\Users\admin\Desktop\试卷分析project\参考教材\奥数\竟赛数学导引 四年级.pdf
4,竞赛数学导引 四年级,1,整数计算综合,兴趣篇,interest,17,10,★★,0.8831,False,54,medium,calculation,defined_operation,,整数计算综合|计算问题|calculation|defined_operation,4年级及以前高思导引拓展篇及以下难度,low,auto,L2,False,"规定运算“""为：αb=a×b-（a十b).请计算： (1)58； (2)85； (3)65)4； (4) 6(5 4).",C:\Users\admin\Desktop\试卷分析project\参考教材\奥数\竟赛数学导引 四年级.pdf
4,竞赛数学导引 四年级,1,整数计算综合,拓展篇,extension,17,1,★★,0.8992,False,53,medium,calculation,,,整数计算综合|calculation,4年级及以前高思导引拓展篇及以下难度,mid,auto,L3,False,计算：(1)72×27×88÷(9×11×12)；(2)31×121-88×125÷（1000÷121).,C:\Users\admin\Desktop\试卷分析project\参考教材\奥数\竟赛数学导引 四年级.pdf
4,竞赛数学导引 四年级,1,整数计算综合,拓展篇,extension,18,2,,0.8937,False,51,medium,calculation,,,整数计算综合|calculation,4年级及以前高思导引拓展篇及以下难度,mid,auto,L3,False,计算：(1）555×445-556×444； （2）42×137-80÷15+58×138-70÷15.,C:\Users\admin\Desktop\试卷分析project\参考教材\奥数\竟赛数学导引 四年级.pdf
4,竞赛数学导引 四年级,1,整数计算综合,拓展篇,extension,18,3,★★,0.9537,False,39,short,calculation,,,整数计算综合|calculation,4年级及以前高思导引拓展篇及以下难度,mid,auto,L3,False,计算：20092009×2009-20092008×2008-20092008,C:\Users\admin\Desktop\试卷分析project\参考教材\奥数\竟赛数学导引 四年级.pdf
4,竞赛数学导引 四年级,1,整数计算综合,拓展篇,extension,18,4,,0.8839,False,35,short,calculation,,,整数计算综合|calculation,4年级及以前高思导引拓展篇及以下难度,mid,auto,L3,False,计算：(1)37×47+36X53； (2)123×76—124X75.,C:\Users\admin\Desktop\试卷分析project\参考教材\奥数\竟赛数学导引 四年级.pdf
4,竞赛数学导引 四年级,1,整数计算综合,拓展篇,extension,18,5,★★,0.9151,False,32,short,calculation,,,整数计算综合|calculation,4年级及以前高思导引拓展篇及以下难度,mid,auto,L3,False,计算：1+2-3+4+5-6+7+8-9+*+97+98-99.,C:\Users\admin\Desktop\试卷分析project\参考教材\奥数\竟赛数学导引 四年级.pdf
4,竞赛数学导引 四年级,1,整数计算综合,拓展篇,extension,18,6,★,0.8919,False,41,short,calculation,,,整数计算综合|calculation,4年级及以前高思导引拓展篇及以下难度,mid,auto,L3,False,计算：100×99-99×98+98×97-97×96++4X3-3X2+2X1.,C:\Users\admin\Desktop\试卷分析project\参考教材\奥数\竟赛数学导引 四年级.pdf
4,竞赛数学导引 四年级,1,整数计算综合,拓展篇,extension,18,7,,0.998,False,53,medium,calculation,,,整数计算综合|calculation,4年级及以前高思导引拓展篇及以下难度,mid,auto,L3,False,在不大于1000的自然数中，A为所有个位数字为8的数之和，B为所有个位数字 为3的数之和.A与B的差是多少？,C:\Users\admin\Desktop\试卷分析project\参考教材\奥数\竟赛数学导引 四年级.pdf
4,竞赛数学导引 四年级,1,整数计算综合,拓展篇,extension,18,8,,0.9846,True,16,short,calculation,,has_diagram,整数计算综合|calculation,4年级及以前高思导引拓展篇及以下难度,mid,review,L3,False,求图1-1中所有数的和. 图1-1,C:\Users\admin\Desktop\试卷分析project\参考教材\奥数\竟赛数学导引 四年级.pdf
4,竞赛数学导引 四年级,1,整数计算综合,拓展篇,extension,18,9,★,0.8295,False,61,medium,calculation,,,整数计算综合|calculation,4年级及以前高思导引拓展篇及以下难度,mid,auto,L3,False,已知平方差公式：a²一b²=（a十6)×(a-b).计算： 20² 19² + 18² — 17² + 16² — 15² + *** 2² — 1².,C:\Users\admin\Desktop\试卷分析project\参考教材\奥数\竟赛数学导引 四年级.pdf
4,竞赛数学导引 四年级,1,整数计算综合,拓展篇,extension,19,10,,0.9287,False,16,short,calculation,,,整数计算综合|calculation,4年级及以前高思导引拓展篇及以下难度,mid,auto,L3,False,计算：951×949-52×48,C:\Users\admin\Desktop\试卷分析project\参考教材\奥数\竟赛数学导引 四年级.pdf
4,竞赛数学导引 四年级,1,整数计算综合,拓展篇,extension,19,11,★★,0.8818,False,45,medium,calculation,defined_operation,,整数计算综合|calculation|defined_operation,4年级及以前高思导引拓展篇及以下难度,mid,auto,L3,False,规定运算“0”为：a06=a十2b一2.计算： (1）(807)06； (2)80(706).,C:\Users\admin\Desktop\试卷分析project\参考教材\奥数\竟赛数学导引 四年级.pdf
4,竞赛数学导引 四年级,1,整数计算综合,拓展篇,extension,19,12,,0.9134,False,49,medium,calculation,defined_operation,,整数计算综合|calculation|defined_operation,4年级及以前高思导引拓展篇及以下难度,mid,auto,L3,False,"规定运算“o""为：αob=(a十1)×(b-2).如果6o(o5)=91,那么口内应该填 人什么数？",C:\Users\admin\Desktop\试卷分析project\参考教材\奥数\竟赛数学导引 四年级.pdf
4,竞赛数学导引 四年级,1,整数计算综合,拓展篇,extension,19,13,,0.985,False,225,very_long,calculation,,,整数计算综合|calculation,4年级及以前高思导引拓展篇及以下难度,mid,auto,L4,False,"下面让我们来做“七上八下”的数字游戏，游戏规则是：对一个给定的数，按照由若 干个7和8组成的口令进行一连串的变换.口令“7""是指在这个数中插人一个数字，使得新生 成的数尽量大；口令“8""是指将这个数中的一个数字去掉，也要使新生成的数尽量大.例如：给 出的数是1995，口令是“8→7”，在第一个口令“8”发出后变成995，在第二个口令“7”发出后变 成9995. 如果给出数“6595”以及口令“8→7→8→7→8→8”，问：变换后依次得到的6个数的和是 多少？",C:\Users\admin\Desktop\试卷分析project\参考教材\奥数\竟赛数学导引 四年级.pdf
4,竞赛数学导引 四年级,1,整数计算综合,拓展篇,extension,19,14,,0.9714,False,89,medium,calculation,defined_operation,,整数计算综合|计算问题|calculation|defined_operation,4年级及以前高思导引拓展篇及以下难度,mid,auto,L3,False,"规定：符号“A""为选择两数中较大的数的运算，“V”为选择两数中较小的数的运 算.例如：3A5=5，3V5=3.请计算：1A2A3V4A5A6V7AV100.（运算的顺序是从左 至右)",C:\Users\admin\Desktop\试卷分析project\参考教材\奥数\竟赛数学导引 四年级.pdf
4,竞赛数学导引 四年级,1,整数计算综合,超越篇,challenge,20,1,,0.9918,False,55,medium,calculation,,,整数计算综合|calculation,高思导引超越篇难度,high,auto,L4,False,观察下面算式的规律： 一直这样写下去，那么最后4个自然数分别是哪4个？符号分别是加还是减？算式最终的结 果是多少？,C:\Users\admin\Desktop\试卷分析project\参考教材\奥数\竟赛数学导引 四年级.pdf
4,竞赛数学导引 四年级,1,整数计算综合,超越篇,challenge,20,2,★,0.9925,False,61,medium,calculation,,,整数计算综合|calculation,高思导引超越篇难度,high,auto,L4,False,从1，2，，9，10中任意选取一个奇数和一个偶数，并将两数相乘，可以得到一个乘 积.把所有这样的乘积全部加起来，总和是多少？,C:\Users\admin\Desktop\试卷分析project\参考教材\奥数\竟赛数学导引 四年级.pdf
4,竞赛数学导引 四年级,1,整数计算综合,超越篇,challenge,20,3,,0.8878,False,28,short,calculation,,,整数计算综合|calculation,高思导引超越篇难度,high,auto,L4,False,计算：1—3+6-10+15-21+28—-+4950.,C:\Users\admin\Desktop\试卷分析project\参考教材\奥数\竟赛数学导引 四年级.pdf
4,竞赛数学导引 四年级,1,整数计算综合,超越篇,challenge,20,4,★,0.764,False,54,medium,calculation,,,整数计算综合|calculation,高思导引超越篇难度,high,auto,L4,False,已知平方差公式：a²一b²=(a十b)×(a一b).计算： -22-+++66-S6+96+6-8666+00,C:\Users\admin\Desktop\试卷分析project\参考教材\奥数\竟赛数学导引 四年级.pdf
4,竞赛数学导引 四年级,1,整数计算综合,超越篇,challenge,20,5,★,0.9311,False,98,long,calculation,,,整数计算综合|calculation,高思导引超越篇难度,high,auto,L4,False,a06表示从a开始依次增大的6个连续自然数的和，例如：403=4十5十6=15，504= 5+6十7十8=26，请计算： (1)4015； (2）在算式（口07)011=1056中，口里的数应该是多少？,C:\Users\admin\Desktop\试卷分析project\参考教材\奥数\竟赛数学导引 四年级.pdf
4,竞赛数学导引 四年级,1,整数计算综合,超越篇,challenge,21,6,★,0.9568,False,71,medium,calculation,defined_operation,,整数计算综合|calculation|defined_operation,高思导引超越篇难度,high,auto,L4,False,定义两种新运算：aΩb=a-b十1，aVb=a×b十1.用“Q”、“V”和括号填人下面的 式子，使得等式成立（不能用别的计算符号）： 7345=2,C:\Users\admin\Desktop\试卷分析project\参考教材\奥数\竟赛数学导引 四年级.pdf
4,竞赛数学导引 四年级,1,整数计算综合,超越篇,challenge,21,7,,0.9874,False,365,very_long,calculation,defined_operation,,整数计算综合|calculation|defined_operation,高思导引超越篇难度,high,auto,L4,False,"现定义四种操作的规则如下： ①“一分为二”：如果一个自然数是偶数，就把它除以2；如果是奇数，就先加上1，然后除 以2.例如从16可以得到8，从27可以得到14. 到50，从408可以得到8.（不含数字3和4的自然数不能进行“丢三落四""操作） ③“七上八下”：如果一个自然数中包含数字“7”，就将所有“7""移到最左边；如果一个自 到28.（不含数字7和8的自然数不能进行“七上八下""操作） ④“十全十美”：将一个自然数的个位数字换成0.例如从111可以得到110，从905可以 得到900.（个位是0的自然数不能进行“十全十美""操作） （1）请写出对4176依次进行③①③②④操作后的结果； （2）从655687开始，最少经过几次操作以后可以得到0？ （3）一个三位数除了“丢三落四”外，其他三个操作各进行一次之后得到的结果是8，求有 多少个这样的三位数",C:\Users\admin\Desktop\试卷分析project\参考教材\奥数\竟赛数学导引 四年级.pdf
4,竞赛数学导引 四年级,1,整数计算综合,超越篇,challenge,21,8,,0.9853,True,236,very_long,calculation,,has_diagram,整数计算综合|计算问题|calculation,高思导引超越篇难度,high,review,L4,False,如图1-2是同学们都很熟悉的九九乘法口诀表，表中所有乘积的总和是多少？ 一得一 二得二 二二得四 一三得三 二三得六 三三得九 一四得四 二四得八 三四十二 四四十六 一五得五 二五一十 三五十五 四五二十五五二十五 一六得六 二六十二 三六十八 四六二十四五六三十六六三十六 一七得七 二七十四 三七二十 四七二十八五七三十五六七四十二七七四十九 一八得八 二八十六 三八二十四四八三十二 五八四十六八四十八七八五十六八八六十四 一九得九 二九十八三九二十七四九三十六五九四十五六九五十四七九六十三八九七十二九九八十一 图1-2,C:\Users\admin\Desktop\试卷分析project\参考教材\奥数\竟赛数学导引 四年级.pdf
4,竞赛数学导引 四年级,2,数阵图初步,兴趣篇,interest,22,1,★,0.9649,True,53,medium,geometry,,has_diagram,数阵图初步|geometry,4年级及以前高思导引拓展篇及以下难度,low,review,L1,False,在图2-1中的3个空白○内填人3个不同的自然数，使得三角形每条边上的3个数 之和都等于11. 图 2-1 图2-2,C:\Users\admin\Desktop\试卷分析project\参考教材\奥数\竟赛数学导引 四年级.pdf
4,竞赛数学导引 四年级,2,数阵图初步,兴趣篇,interest,22,2,★★,0.991,True,48,medium,geometry,,has_diagram,数阵图初步|geometry,4年级及以前高思导引拓展篇及以下难度,low,review,L1,False,请分别将1、2、4、6这4个数填在图2-2中的各空白区域内，使得每个圆圈里4 个数之和都等于15.,C:\Users\admin\Desktop\试卷分析project\参考教材\奥数\竟赛数学导引 四年级.pdf
4,竞赛数学导引 四年级,2,数阵图初步,兴趣篇,interest,22,3,★★,0.9814,True,41,short,general,,has_diagram,数阵图初步|general,4年级及以前高思导引拓展篇及以下难度,low,review,L1,False,如图2-3所示，请在3个空白○内填人3个数，使得每条直线 上3个数之和都相等 图2-3,C:\Users\admin\Desktop\试卷分析project\参考教材\奥数\竟赛数学导引 四年级.pdf
4,竞赛数学导引 四年级,2,数阵图初步,兴趣篇,interest,23,4,★★,0.9831,True,53,medium,general,,has_diagram,数阵图初步|general,4年级及以前高思导引拓展篇及以下难度,low,review,L1,False,把1～8这8个数分别填入图2-4中的8个方格内，使得各 列上2个数之和都相等，各行4个数之和也相等. 图2-4,C:\Users\admin\Desktop\试卷分析project\参考教材\奥数\竟赛数学导引 四年级.pdf
4,竞赛数学导引 四年级,2,数阵图初步,兴趣篇,interest,23,5,★★,0.9737,True,57,medium,geometry,,has_diagram,数阵图初步|geometry,4年级及以前高思导引拓展篇及以下难度,low,review,L1,False,如图2-5，在这只“毛毛虫”身体上的7个小○中分别填人1～7这7个数，使得3 个大圆上的数之和相等. 图2-6 图2-5,C:\Users\admin\Desktop\试卷分析project\参考教材\奥数\竟赛数学导引 四年级.pdf
4,竞赛数学导引 四年级,2,数阵图初步,兴趣篇,interest,23,6,★★,0.9847,True,53,medium,geometry,,has_diagram,数阵图初步|geometry,4年级及以前高思导引拓展篇及以下难度,low,review,L1,False,在如图2-6所示的3×3方格表内填人1～3这3个数各3次，使得每行每列以及 两条对角线上的3个数之和都相等.,C:\Users\admin\Desktop\试卷分析project\参考教材\奥数\竟赛数学导引 四年级.pdf
4,竞赛数学导引 四年级,2,数阵图初步,兴趣篇,interest,23,7,★★,0.9759,True,47,medium,general,,has_diagram,数阵图初步|general,4年级及以前高思导引拓展篇及以下难度,low,review,L1,False,"将1～6这6个数填人图2-7中的6个○内，使“大""字三笔上的各数之和都等 于9. 图2-7 图2-8",C:\Users\admin\Desktop\试卷分析project\参考教材\奥数\竟赛数学导引 四年级.pdf
4,竞赛数学导引 四年级,2,数阵图初步,兴趣篇,interest,23,8,★★,0.9817,True,44,short,general,,has_diagram,数阵图初步|general,4年级及以前高思导引拓展篇及以下难度,low,review,L1,False,把1～6这6个数分别填人图2-8中的6个O内，使得每个正方形4个顶点的数之 和都等于13.,C:\Users\admin\Desktop\试卷分析project\参考教材\奥数\竟赛数学导引 四年级.pdf
4,竞赛数学导引 四年级,2,数阵图初步,兴趣篇,interest,24,9,★★,0.9876,True,63,medium,general,,has_diagram,数阵图初步|general,4年级及以前高思导引拓展篇及以下难度,low,review,L1,False,把1～6这6个数分别填人图2-9中的6个方格内，使得横行3个 数之和与竖列4个数之和相等.这个和最大是多少？最小是多少？ 图2-9,C:\Users\admin\Desktop\试卷分析project\参考教材\奥数\竟赛数学导引 四年级.pdf
4,竞赛数学导引 四年级,2,数阵图初步,兴趣篇,interest,24,10,★★,0.9659,True,80,medium,general,,has_diagram,数阵图初步|数字谜问题|general,4年级及以前高思导引拓展篇及以下难度,low,review,L1,False,把1～7这7个数分别填人图2-10中各○内，使每 条直线上3个O内所填数之和都相等.如果中心○内填的数相 等，那么就视为同一种填法.请写出所有可能的填法. 图2-10,C:\Users\admin\Desktop\试卷分析project\参考教材\奥数\竟赛数学导引 四年级.pdf
4,竞赛数学导引 四年级,2,数阵图初步,拓展篇,extension,24,1,★,0.9815,True,86,medium,geometry,,has_diagram,数阵图初步|geometry,4年级及以前高思导引拓展篇及以下难度,mid,review,L3,False,将1～9这9个数分别填入图2-11中的○内，使得图中所有三角形(共7个)的3个 顶点上的数之和都等于15.现在已经填好了其中3个，请你在图中填出剩下的数. 图2-11 图2-12,C:\Users\admin\Desktop\试卷分析project\参考教材\奥数\竟赛数学导引 四年级.pdf
4,竞赛数学导引 四年级,2,数阵图初步,拓展篇,extension,24,2,★★,0.9572,True,78,medium,general,,has_diagram,数阵图初步|general,4年级及以前高思导引拓展篇及以下难度,mid,review,L3,False,在图2-12中的8个O内分别填人8个不同的自然数，使得正方形每条边上3个数 的和相等.现在已经填好了5个数，那么每条边上各数之和应该是多少？并将其补充完整。 y,C:\Users\admin\Desktop\试卷分析project\参考教材\奥数\竟赛数学导引 四年级.pdf
4,竞赛数学导引 四年级,2,数阵图初步,拓展篇,extension,25,3,,0.9849,True,51,medium,geometry,,has_diagram,数阵图初步|geometry,4年级及以前高思导引拓展篇及以下难度,mid,review,L3,False,把1～12这12个数分别填入图2-13中的O内，使图中3个小三角形3条边上的 6个数之和相等. 图2-13,C:\Users\admin\Desktop\试卷分析project\参考教材\奥数\竟赛数学导引 四年级.pdf
4,竞赛数学导引 四年级,2,数阵图初步,拓展篇,extension,25,4,★,0.9781,True,69,medium,geometry,,has_diagram,数阵图初步|geometry,4年级及以前高思导引拓展篇及以下难度,mid,review,L3,False,图2-14是由4个交叠的长方形组成的，在交点处有8个O.请把1～8这8个数分 别填人这些○内，使得每个长方形上的4个数之和都相等. 图2-14,C:\Users\admin\Desktop\试卷分析project\参考教材\奥数\竟赛数学导引 四年级.pdf
4,竞赛数学导引 四年级,2,数阵图初步,拓展篇,extension,25,5,,0.9877,True,85,medium,general,,has_diagram,数阵图初步|general,4年级及以前高思导引拓展篇及以下难度,mid,review,L3,False,在图2-15中的方格内填人三个0，两个2，两个3，两个4，使得每个箭头所指的列 中各方格内的数之和都是6，并且使得从上到下第二行与第三行的数之和都是7. 图2-15 图2-16,C:\Users\admin\Desktop\试卷分析project\参考教材\奥数\竟赛数学导引 四年级.pdf
4,竞赛数学导引 四年级,2,数阵图初步,拓展篇,extension,25,6,,0.984,True,49,medium,geometry,,has_diagram,数阵图初步|geometry,4年级及以前高思导引拓展篇及以下难度,mid,review,L3,False,请在图2-16的每个小O内填人1或2，使得每个大圆圈上4个数之和两两不同. 那么所填数的总和是多少？,C:\Users\admin\Desktop\试卷分析project\参考教材\奥数\竟赛数学导引 四年级.pdf
4,竞赛数学导引 四年级,2,数阵图初步,拓展篇,extension,26,7,★,0.9829,True,67,medium,general,,has_diagram,数阵图初步|general,4年级及以前高思导引拓展篇及以下难度,mid,review,L3,False,在图2-17中的6个O内分别填入不同的自然数，使得每一个数都是与它相连的 上面2个数之和.那么最下面那个数最小是几？ 图2-17 图2-18,C:\Users\admin\Desktop\试卷分析project\参考教材\奥数\竟赛数学导引 四年级.pdf
4,竞赛数学导引 四年级,2,数阵图初步,拓展篇,extension,26,8,★★,0.9715,True,51,medium,general,,has_diagram,数阵图初步|general,4年级及以前高思导引拓展篇及以下难度,mid,review,L3,False,把1～8这8个数分别填人图2-18中的8个O内，使得任意两个由线段直接相连 的○内的数字之差都不等于1.,C:\Users\admin\Desktop\试卷分析project\参考教材\奥数\竟赛数学导引 四年级.pdf
4,竞赛数学导引 四年级,2,数阵图初步,拓展篇,extension,26,9,,0.9847,True,77,medium,general,,has_diagram,数阵图初步|general,4年级及以前高思导引拓展篇及以下难度,mid,review,L3,False,在图2-19中的7个O内填人7个连续自然数，使得每两个相邻○内所填数之和 都等于它们连线上的已知数.请问：标有“★”的○内填的数是多少？ 图2-19 图2-20,C:\Users\admin\Desktop\试卷分析project\参考教材\奥数\竟赛数学导引 四年级.pdf
4,竞赛数学导引 四年级,2,数阵图初步,拓展篇,extension,26,10,★,0.9821,True,93,long,geometry,,has_diagram,数阵图初步|geometry,4年级及以前高思导引拓展篇及以下难度,mid,review,L4,False,小悦是8月11日15点整出生的，她想把1～7这7个数填入图2-20中的7个口 里，每个数只能填一次，使得三条直线上的3个数之和恰好是8、11、15.问：在圆上的3个数 的乘积最大可能是多少？,C:\Users\admin\Desktop\试卷分析project\参考教材\奥数\竟赛数学导引 四年级.pdf
4,竞赛数学导引 四年级,2,数阵图初步,拓展篇,extension,26,11,★,0.979,True,62,medium,geometry,,has_diagram,数阵图初步|geometry,4年级及以前高思导引拓展篇及以下难度,mid,review,L3,False,把1～6这6个数填入图2-21中的6个O内，使得三角形每 条边上3个数之和都相等.那么这个和最小是多少？最大是多少？ 图2-21,C:\Users\admin\Desktop\试卷分析project\参考教材\奥数\竟赛数学导引 四年级.pdf
4,竞赛数学导引 四年级,2,数阵图初步,拓展篇,extension,27,12,,0.9824,True,61,medium,geometry,,has_diagram,数阵图初步|geometry,4年级及以前高思导引拓展篇及以下难度,mid,review,L3,False,"把1~11这11个数分别填入图2-22中“六一""图形的 11个空格内，使得每一个长方形中的2个或3个数之和都相等. 图2-22",C:\Users\admin\Desktop\试卷分析project\参考教材\奥数\竟赛数学导引 四年级.pdf
4,竞赛数学导引 四年级,2,数阵图初步,拓展篇,extension,27,13,,0.9805,True,46,medium,general,,has_diagram,数阵图初步|general,4年级及以前高思导引拓展篇及以下难度,mid,review,L3,False,请将1~6这6个数分别填人图2-23中的6个O内，使得 4条直线上的数字之和都相等. 图2-23,C:\Users\admin\Desktop\试卷分析project\参考教材\奥数\竟赛数学导引 四年级.pdf
4,竞赛数学导引 四年级,2,数阵图初步,拓展篇,extension,27,14,,0.9902,True,138,very_long,geometry,,has_diagram,数阵图初步|数字谜问题|geometry,4年级及以前高思导引拓展篇及以下难度,mid,review,L4,False,"如图2-24,有一座长方形城堡，四周有10个掩体.守城的士兵有10件武器，各种 武器的威力数如下表.为了使城堡四条边上的武器威力总数都相同，并且尽量大，应如何在10 个掩体中配备武器？ 武器 手枪 步枪 自动步枪 冲锋枪 轻机枪 威力数 重机枪 迫击炮 火箭筒 加农炮 榴弹炮 威力数 掩体 城堡 掩体 图2-24",C:\Users\admin\Desktop\试卷分析project\参考教材\奥数\竟赛数学导引 四年级.pdf
4,竞赛数学导引 四年级,2,数阵图初步,超越篇,challenge,27,1,,0.9936,True,76,medium,geometry,,has_diagram,数阵图初步|geometry,高思导引超越篇难度,high,review,L4,False,如图2-25，4个圆共被分成12个区域，其中已有6个区 域内填有数，请将1～12中的另6个数填人其他空白区域内，使得 每个圆中4个数之和都是28. 图2-25,C:\Users\admin\Desktop\试卷分析project\参考教材\奥数\竟赛数学导引 四年级.pdf
4,竞赛数学导引 四年级,2,数阵图初步,超越篇,challenge,28,2,★,0.984,True,52,medium,geometry,,has_diagram,数阵图初步|geometry,高思导引超越篇难度,high,review,L4,False,如图2-26，请在3个空白○内分别填人3个数，使得每条直线上3个数之和都等 于大圆上3个数之和. 图2-26,C:\Users\admin\Desktop\试卷分析project\参考教材\奥数\竟赛数学导引 四年级.pdf
4,竞赛数学导引 四年级,2,数阵图初步,超越篇,challenge,28,3,★,0.9886,True,111,long,general,,has_diagram,数阵图初步|general,高思导引超越篇难度,high,review,L4,False,把1～8这8个数分别填入图2-27中正方体8个顶点处的○内，使得正方体每个 面上的4个数之和都相等. 图2-27 直线上4个数之和都相等.现在已经填好了6个数，那么每条直线上各数之和应该是多少？ 请把图2-28补充完整. 图2-28,C:\Users\admin\Desktop\试卷分析project\参考教材\奥数\竟赛数学导引 四年级.pdf
4,竞赛数学导引 四年级,2,数阵图初步,超越篇,challenge,28,5,★,0.9852,True,73,medium,geometry,,has_diagram,数阵图初步|geometry,高思导引超越篇难度,high,review,L4,False,把1～8这8个数分别填入图2-29中的8个O内，使得每个三角形3个顶点的数 之和相等，且小正方形顶点处数之和是大正方形顶点处数之和的一半. 图2-29,C:\Users\admin\Desktop\试卷分析project\参考教材\奥数\竟赛数学导引 四年级.pdf
4,竞赛数学导引 四年级,2,数阵图初步,超越篇,challenge,29,6,,0.9746,True,67,medium,general,,has_diagram,数阵图初步|general,高思导引超越篇难度,high,review,L4,False,图2-30中一共有6条线段，请将9个连续的自然数填人9个O内（其中一个是6 已填好)，使得每条直线上○内的数加起来都等于23. 图2-30,C:\Users\admin\Desktop\试卷分析project\参考教材\奥数\竟赛数学导引 四年级.pdf
4,竞赛数学导引 四年级,2,数阵图初步,超越篇,challenge,29,7,★,0.9812,True,109,long,geometry,,has_diagram,数阵图初步|geometry,高思导引超越篇难度,high,review,L4,False,"如图2-31，5×5的方格表被分成了5块，请你在每格中填人1～5中的一个（其中 两个格子已经分别填人1和2)，使得每行、每列、每条对角线的5个数各不相同，且每块上所 填数的和都相等.请问：“ABCDE""是多少？ E 图2-31",C:\Users\admin\Desktop\试卷分析project\参考教材\奥数\竟赛数学导引 四年级.pdf
4,竞赛数学导引 四年级,2,数阵图初步,超越篇,challenge,29,8,★,0.9884,True,84,medium,geometry,,has_diagram,数阵图初步|数字谜问题|geometry,高思导引超越篇难度,high,review,L4,False,图2-32是奥林匹克五环标志，5个圆共组成了9个部分.请在这9个部分中填人 1～9这9个数，使得每个圆环内的各数之和都相等.请问：这个和最大是多少？最小是多少？ 图2-32,C:\Users\admin\Desktop\试卷分析project\参考教材\奥数\竟赛数学导引 四年级.pdf
4,竞赛数学导引 四年级,3,竖式问题,兴趣篇,interest,30,1,★,0.9957,False,76,medium,general,,,竖式问题|general,4年级及以前高思导引拓展篇及以下难度,low,auto,L1,False,在图3-1的竖式中，相同的字母代表相同的数字，不同的字母代表不同的数字.请 问：竖式的和是多少？ AB AAB BCD +CDEF AEEA GDHI 图3-1 图3-2,C:\Users\admin\Desktop\试卷分析project\参考教材\奥数\竟赛数学导引 四年级.pdf
4,竞赛数学导引 四年级,3,竖式问题,兴趣篇,interest,30,2,★★,0.9371,True,86,medium,general,,has_diagram,竖式问题|general,4年级及以前高思导引拓展篇及以下难度,low,review,L1,False,"如图3-2所示，每个英文字母代表一个数字，不同的字母代表不同的数字，其中 “G""代表“5”，“A""代表“9”，“D""代表“0”，“H""代表“6”.问：“I""代表的数字是多少？",C:\Users\admin\Desktop\试卷分析project\参考教材\奥数\竟赛数学导引 四年级.pdf
4,竞赛数学导引 四年级,3,竖式问题,兴趣篇,interest,"30,31",3,★★,0.9844,False,142,very_long,general,,cross_page_question,竖式问题|general,4年级及以前高思导引拓展篇及以下难度,low,review,L3,False,（1）在图3-3的加法竖式中，相同的汉字代表相同的数字，不同的汉字代表不同的 数字.那么每个汉字各代表什么数字？ 兵炮马卒 炮兵兵炮 + 兵炮车卒 兵马兵 车卒马兵卒 马兵马 图3-3 图3-4 （2）在图3－4的减法竖式中，相同的汉字代表相同的数字，不同的汉字代表不同的数字. 那么每个汉字各代表什么数字？,C:\Users\admin\Desktop\试卷分析project\参考教材\奥数\竟赛数学导引 四年级.pdf
4,竞赛数学导引 四年级,3,竖式问题,兴趣篇,interest,31,4,,0.9801,False,130,very_long,general,,,竖式问题|general,4年级及以前高思导引拓展篇及以下难度,low,auto,L3,False,在图3-5的竖式中，相同的汉字代表相同的数字，不同的汉字代表不同的数字.如 果巧十解十数十字十谜=30，那么“数字谜”所代表的三位数是多少？ 谜 字谜 北 数字谜 北京 解数字谜 北京奥 1ABCDE 十赛解数字谜 十北京奥运 × 巧解数字谜 2008 ABCDE1 图3-5 图3-6 图3-7,C:\Users\admin\Desktop\试卷分析project\参考教材\奥数\竟赛数学导引 四年级.pdf
4,竞赛数学导引 四年级,3,竖式问题,兴趣篇,interest,31,5,★★,0.9882,False,53,medium,general,,,竖式问题|general,4年级及以前高思导引拓展篇及以下难度,low,auto,L1,False,图3-6所示的竖式中，每个汉字代表一个数字，不同的汉字代表不同的数字.那么 “北京奥运”代表的四位数是多少？,C:\Users\admin\Desktop\试卷分析project\参考教材\奥数\竟赛数学导引 四年级.pdf
4,竞赛数学导引 四年级,3,竖式问题,兴趣篇,interest,31,6,★,0.978,False,29,short,general,,,竖式问题|general,4年级及以前高思导引拓展篇及以下难度,low,auto,L1,False,"已知图3-7所示的乘法竖式成立，那么“ABCDE""是多少？",C:\Users\admin\Desktop\试卷分析project\参考教材\奥数\竟赛数学导引 四年级.pdf
4,竞赛数学导引 四年级,3,竖式问题,兴趣篇,interest,31,7,★★,0.8406,False,129,very_long,general,,,竖式问题|general,4年级及以前高思导引拓展篇及以下难度,low,auto,L3,False,（1）在图3-8的竖式中，相同的符号代表相同的数字，不同的符号代表不同的数 字.那么☆、△、○分别代表什么数字？ × △ × △ ☆OO OOO△ 图3-8 图3-9 （2）在图3-9的竖式中，相同的符号代表相同的数字，不同的符号代表不同的数字，那么 ☆、△、○分别代表什么数字？,C:\Users\admin\Desktop\试卷分析project\参考教材\奥数\竟赛数学导引 四年级.pdf
4,竞赛数学导引 四年级,3,竖式问题,兴趣篇,interest,31,8,★★,0.9276,False,67,medium,general,,,竖式问题|general,4年级及以前高思导引拓展篇及以下难度,low,auto,L1,False,在图3-10的竖式中，相同的字母代表相同的数字，不同的字母代 AC 表不同的数字.请问：竖式的乘积是多少？ X 2C 2DE CF EEE 图3-10,C:\Users\admin\Desktop\试卷分析project\参考教材\奥数\竟赛数学导引 四年级.pdf
4,竞赛数学导引 四年级,3,竖式问题,兴趣篇,interest,32,9,★★,0.9607,False,34,short,general,,,竖式问题|general,4年级及以前高思导引拓展篇及以下难度,low,auto,L1,False,在图3-11和图3-12中的口内填人适当的数字，使下列除法竖式成立.,C:\Users\admin\Desktop\试卷分析project\参考教材\奥数\竟赛数学导引 四年级.pdf
4,竞赛数学导引 四年级,3,竖式问题,兴趣篇,interest,32,8,,0.7909,False,35,short,general,,,竖式问题|general,4年级及以前高思导引拓展篇及以下难度,low,auto,L1,False,5 □□□□□ □ □□ □ □ □ □ □□□ 口□口 □□口 □□□ 图3-11 图3-12,C:\Users\admin\Desktop\试卷分析project\参考教材\奥数\竟赛数学导引 四年级.pdf
4,竞赛数学导引 四年级,3,竖式问题,兴趣篇,interest,32,10,★★,0.9771,False,51,medium,general,,,竖式问题|general,4年级及以前高思导引拓展篇及以下难度,low,auto,L1,False,有一个四位数，它乘以9后所得的乘积恰好是将原来的四位数各位数字顺序颠倒 而得的新四位数，求原来的四位数.,C:\Users\admin\Desktop\试卷分析project\参考教材\奥数\竟赛数学导引 四年级.pdf
4,竞赛数学导引 四年级,3,竖式问题,兴趣篇,interest,32,1,★★,0.9904,False,74,medium,general,,,竖式问题|general,4年级及以前高思导引拓展篇及以下难度,low,auto,L1,False,在图3-13和图3-14中，相同的汉字代表相同的数字，不同的汉字代表不同的数 字，求出它们使竖式成立的值. 语 奥 英语 奥林 学英语 奥林匹 十巧学英语 十奥林匹克,C:\Users\admin\Desktop\试卷分析project\参考教材\奥数\竟赛数学导引 四年级.pdf
4,竞赛数学导引 四年级,3,竖式问题,兴趣篇,interest,32,20,,0.961,False,16,short,general,,,竖式问题|general,4年级及以前高思导引拓展篇及以下难度,low,auto,L1,False,00 7540 图3-13 图 3-14,C:\Users\admin\Desktop\试卷分析project\参考教材\奥数\竟赛数学导引 四年级.pdf
4,竞赛数学导引 四年级,3,竖式问题,兴趣篇,interest,32,2,★★,0.973,True,99,long,general,,has_diagram,竖式问题|general,4年级及以前高思导引拓展篇及以下难度,low,review,L2,False,如图3-15，在这个竖式中，相同的字母代表相同的数字，不同的字母代表不同的数 字.那么数字A、B、C分别是多少？ AABB BBCCC BBCC -ABBAA 十 CCDD ABBAA EFFBA 图3-15 图3-16,C:\Users\admin\Desktop\试卷分析project\参考教材\奥数\竟赛数学导引 四年级.pdf
4,竞赛数学导引 四年级,3,竖式问题,兴趣篇,interest,32,3,,0.9834,False,58,medium,general,,,竖式问题|general,4年级及以前高思导引拓展篇及以下难度,low,auto,L1,False,在图3-16的竖式中，相同的字母代表相同的数字，不同的字母代表不同的数字， 并且A<B<C<D.问：竖式中的和是多少？,C:\Users\admin\Desktop\试卷分析project\参考教材\奥数\竟赛数学导引 四年级.pdf
4,竞赛数学导引 四年级,3,竖式问题,兴趣篇,interest,33,4,,0.992,False,87,medium,general,,,竖式问题|general,4年级及以前高思导引拓展篇及以下难度,low,auto,L1,False,"在图3-17的竖式中，相同的汉字代表相同的数字，不同的 世博会 汉字代表不同的数字.那么，“携手上海世博会""所代表的七位数是多 在上海 少？ 办世博会 十上海世博会 携手2010 图3-17",C:\Users\admin\Desktop\试卷分析project\参考教材\奥数\竟赛数学导引 四年级.pdf
4,竞赛数学导引 四年级,3,竖式问题,兴趣篇,interest,33,5,,0.9972,False,95,long,general,,,竖式问题|general,4年级及以前高思导引拓展篇及以下难度,low,auto,L2,False,卡莉娅写了一个四位数.小高把这个四位数的个位抹掉，变成了一个三位数.墨莫 又把这个三位数的个位抹掉，变成了一个两位数.最后把这三个数加起来，结果刚好是7826. 那么卡莉娅原来写的四位数是多少？,C:\Users\admin\Desktop\试卷分析project\参考教材\奥数\竟赛数学导引 四年级.pdf
4,竞赛数学导引 四年级,3,竖式问题,兴趣篇,interest,33,6,★,0.9682,False,80,medium,general,,,竖式问题|general,4年级及以前高思导引拓展篇及以下难度,low,auto,L1,False,一个各位数字互不相同的三位数，用它的三个数字组成一个最大的三位数，再用这 三个数字组成一个最小的三位数，组成的这两个三位数之差正好是原来的三位数.求原来的 三位数.,C:\Users\admin\Desktop\试卷分析project\参考教材\奥数\竟赛数学导引 四年级.pdf
4,竞赛数学导引 四年级,3,竖式问题,兴趣篇,interest,33,7,★,0.9912,False,119,long,general,,,竖式问题|general,4年级及以前高思导引拓展篇及以下难度,low,auto,L2,False,（1）一个自然数的个位数字是4，将这个4移到左边首位数字前面，所构成的新数 恰好是原数的4倍.那么原数最小是多少？ (2）一个五位数，将它的各位数字顺序颠倒就可以得到一个新的五位数，而且这个新的 五位数恰好是原数的4倍.那么原来的五位数是多少？,C:\Users\admin\Desktop\试卷分析project\参考教材\奥数\竟赛数学导引 四年级.pdf
4,竞赛数学导引 四年级,3,竖式问题,兴趣篇,interest,33,8,,0.9427,True,86,medium,general,,has_diagram,竖式问题|general,4年级及以前高思导引拓展篇及以下难度,low,review,L1,False,如图3-18，相同的字母代表相同的数字，不同的字母代表不同的数字，那么10个 口中数字之和是多少？ AB AQ AB XTQ CB TAQ □□□B AQ □□□□口 FRQ 图3-18 图3-19,C:\Users\admin\Desktop\试卷分析project\参考教材\奥数\竟赛数学导引 四年级.pdf
4,竞赛数学导引 四年级,3,竖式问题,兴趣篇,interest,33,9,,0.9905,True,60,medium,general,,has_diagram,竖式问题|general,4年级及以前高思导引拓展篇及以下难度,low,review,L1,False,如图3-19，每一个英文字母代表0～9中的一个数字，不同的字母代表不同的数 字，则字母A、Q、T、R、F分别代表什么数字？,C:\Users\admin\Desktop\试卷分析project\参考教材\奥数\竟赛数学导引 四年级.pdf
4,竞赛数学导引 四年级,3,竖式问题,兴趣篇,interest,34,10,,0.8335,False,102,long,general,,,竖式问题|general,4年级及以前高思导引拓展篇及以下难度,low,auto,L2,False,"图3-20中的竖式里，“江”、“峡”、“美""3个汉字分别代表3个各不相同的数字，请 把这个竖式写出来. 江峡美 □口 × 峡江美 6□□□□□ 1 □□□美 □□7 江 □□□ 1 □□口峡 □□61 □ □ □ □ □ □ 图3-20 图3-21",C:\Users\admin\Desktop\试卷分析project\参考教材\奥数\竟赛数学导引 四年级.pdf
4,竞赛数学导引 四年级,3,竖式问题,兴趣篇,interest,34,11,★★,0.9759,True,32,short,general,,has_diagram,竖式问题|general,4年级及以前高思导引拓展篇及以下难度,low,review,L1,False,请把如图3-21所示的除法竖式中空缺的数字补上.其中的商是多少？,C:\Users\admin\Desktop\试卷分析project\参考教材\奥数\竟赛数学导引 四年级.pdf
4,竞赛数学导引 四年级,3,竖式问题,兴趣篇,interest,34,12,★★,0.8904,False,103,long,general,,,竖式问题|general,4年级及以前高思导引拓展篇及以下难度,low,auto,L2,False,在图3-22所示的除法竖式中填人合适的数字，使得竖式成立.其中商是多少？ EGM ICEMHGTT EHC □□□□ (0□ □□) IPMT □口 □7 AAC □□口 □7□ CET 2□ □□□ CET 图3-22 图3-23 图3-24,C:\Users\admin\Desktop\试卷分析project\参考教材\奥数\竟赛数学导引 四年级.pdf
4,竞赛数学导引 四年级,3,竖式问题,兴趣篇,interest,34,13,★★,0.9661,False,17,short,general,,,竖式问题|general,4年级及以前高思导引拓展篇及以下难度,low,auto,L1,False,请把图3-23中的除法竖式补充完整,C:\Users\admin\Desktop\试卷分析project\参考教材\奥数\竟赛数学导引 四年级.pdf
4,竞赛数学导引 四年级,3,竖式问题,兴趣篇,interest,34,14,★,0.974,False,47,medium,general,,,竖式问题|数字谜问题|general,4年级及以前高思导引拓展篇及以下难度,low,auto,L1,False,在图3－24的字母竖式中，相同的字母代表相同的数字，不同的字母代表不同的 数字，请填出这个竖式，,C:\Users\admin\Desktop\试卷分析project\参考教材\奥数\竟赛数学导引 四年级.pdf
4,竞赛数学导引 四年级,3,竖式问题,超越篇,challenge,"34,35",1,,0.943,False,111,long,general,,cross_page_question,竖式问题|general,高思导引超越篇难度,high,review,L4,False,图3-25是一个加法竖式，其中E、F、I、N、O、R、S、T、X、Y表示0～9中的不 同数字，且F、S不等于零.那么这个竖式的结果是多少？ FORTY TEN AOMEN 十 TEN +MACAO SIXTY □□□ □□ 图3-25 图3-26,C:\Users\admin\Desktop\试卷分析project\参考教材\奥数\竟赛数学导引 四年级.pdf
4,竞赛数学导引 四年级,3,竖式问题,超越篇,challenge,35,2,★,0.9502,False,295,very_long,calculation,defined_operation,,竖式问题|calculation|defined_operation,高思导引超越篇难度,high,auto,L4,False,"澳门的拼音和英语写法为“AOMEN”及“MACAO”，我们规定这些字母表示1～9 中的不同数字.那么图3-26中竖式的计算结果最大是多少？ 的数学著作，又体现了赵九章的名字.我们用这副有趣的对联来做下面的题目： （1）在图3-27的竖式中，相同的汉字代表相同的数字，不同的汉字代表不同的数字.如 果“三""代表3，“九""代表9，请将竖式补充完整.（找出一种解答即可） （2）在图3-28的竖式中，相同的汉字代表相同的数字，不同的汉字代表不同的数字.如 果“勾股弦”代表345，请将竖式补充完整 ABC XDC 三强韩赵魏 九章勾股弦 DEAC × 口 × 口 FED 九章勾股弦 三强韩赵魏 GDBC 图3-27 图3-28 图3-29",C:\Users\admin\Desktop\试卷分析project\参考教材\奥数\竟赛数学导引 四年级.pdf
4,竞赛数学导引 四年级,3,竖式问题,超越篇,challenge,35,4,,0.9792,False,59,medium,general,,,竖式问题|general,高思导引超越篇难度,high,auto,L4,False,"在图3-29的竖式中，相同的字母代表相同的数字，不同的字母代表不同的数字。 那么“ABCDEFG""所代表的七位数是多少？",C:\Users\admin\Desktop\试卷分析project\参考教材\奥数\竟赛数学导引 四年级.pdf
4,竞赛数学导引 四年级,3,竖式问题,超越篇,challenge,35,5,★,0.7688,False,49,medium,general,,,竖式问题|general,高思导引超越篇难度,high,auto,L4,False,请把图3-30中的除法竖式补充完整 3□□ □□□□□□□ □□□ 3□口 □□口 □□3□ □□□3 图3-30,C:\Users\admin\Desktop\试卷分析project\参考教材\奥数\竟赛数学导引 四年级.pdf
4,竞赛数学导引 四年级,3,竖式问题,超越篇,challenge,36,6,,0.9948,False,98,long,general,,,竖式问题|general,高思导引超越篇难度,high,auto,L4,False,在图3-31所示的除法竖式中，相同的字母代表相同的数字，不同的字母代表不同 的数字.请问：被除数是多少？ COL AILSLYRIC.S SIUR RIOCC RAICO AGYLS RYLYU RGYR 图3-31,C:\Users\admin\Desktop\试卷分析project\参考教材\奥数\竟赛数学导引 四年级.pdf
4,竞赛数学导引 四年级,3,竖式问题,超越篇,challenge,36,7,,0.9659,False,120,very_long,general,,,竖式问题|general,高思导引超越篇难度,high,auto,L4,False,"在图3-32的乘法竖式中，“二""代表除以3余2的数字，即2、5、8中的一个；“一” 代表除以3余1的数字，即1、4、7中的一个；“零”代表除以3余0的数字，即0、3、6、9中的 一个.请填出这个竖式. 二二一 × 二零 二二二零 二零二 一二一零 图3-32",C:\Users\admin\Desktop\试卷分析project\参考教材\奥数\竟赛数学导引 四年级.pdf
4,竞赛数学导引 四年级,3,竖式问题,超越篇,challenge,36,8,,0.9507,False,95,long,general,,,竖式问题|数字谜问题|general,高思导引超越篇难度,high,auto,L4,False,在图3-33的加法竖式中，相同的字母代表相同的数字，不同的字母代表不同的 数字，其中W=0.请用合适的数字替换字母，使得竖式成立， EIGHT EIGHT TWO ONE + ONE TWENTY 图3-33,C:\Users\admin\Desktop\试卷分析project\参考教材\奥数\竟赛数学导引 四年级.pdf
4,竞赛数学导引 四年级,4,几何图形剪拼,兴趣篇,interest,37,1,★★,0.9346,True,84,medium,geometry,geometry_transform,has_diagram,几何图形剪拼|geometry|geometry_transform,4年级及以前高思导引拓展篇及以下难度,low,review,L2,False,如图4-1，将一个正方形纸片剪成大小、形状都相同的4块，可以怎么剪？请大家画 出尽量多的图形.（如果两个图形通过旋转或翻转后重合，就认为它们的大小、形状是相同的） 图 4 - 1,C:\Users\admin\Desktop\试卷分析project\参考教材\奥数\竟赛数学导引 四年级.pdf
4,竞赛数学导引 四年级,4,几何图形剪拼,兴趣篇,interest,37,2,★★,0.9909,True,73,medium,geometry,,has_diagram,几何图形剪拼|geometry,4年级及以前高思导引拓展篇及以下难度,low,review,L1,False,如图4-2，在一块正方形纸片中有一个正方形的空洞.现在要求用一条经过大正方 形中心点的线段，把纸片分成面积相等的两部分，应该怎么分？ 图4-2 图4-3,C:\Users\admin\Desktop\试卷分析project\参考教材\奥数\竟赛数学导引 四年级.pdf
4,竞赛数学导引 四年级,4,几何图形剪拼,兴趣篇,interest,38,3,★★,0.9882,True,48,medium,geometry,,has_diagram,几何图形剪拼|geometry,4年级及以前高思导引拓展篇及以下难度,low,review,L1,False,如图4-3，三角形和六角星的每条边长都相等.那么用多少个三角形可以拼成六角 星？请在图中表示出来.,C:\Users\admin\Desktop\试卷分析project\参考教材\奥数\竟赛数学导引 四年级.pdf
4,竞赛数学导引 四年级,4,几何图形剪拼,兴趣篇,interest,38,4,★,0.9731,True,80,medium,geometry,,has_diagram,几何图形剪拼|geometry,4年级及以前高思导引拓展篇及以下难度,low,review,L1,False,如图4-4，在正方形边上的40个点中，选出6个点，连出3条线段，将正方形分成6 个部分，使得每个部分都恰好有1个三角形、2个小正方形. (a) (b) 图4-4 图 4-5,C:\Users\admin\Desktop\试卷分析project\参考教材\奥数\竟赛数学导引 四年级.pdf
4,竞赛数学导引 四年级,4,几何图形剪拼,兴趣篇,interest,38,5,,0.9919,True,33,short,geometry,,has_diagram,几何图形剪拼|geometry,4年级及以前高思导引拓展篇及以下难度,low,review,L1,False,请把图4-5中的两个图形分别沿格线剪成4个大小、形状都相同的图形.,C:\Users\admin\Desktop\试卷分析project\参考教材\奥数\竟赛数学导引 四年级.pdf
4,竞赛数学导引 四年级,4,几何图形剪拼,兴趣篇,interest,38,6,,0.9137,False,47,medium,geometry,,,几何图形剪拼|geometry,4年级及以前高思导引拓展篇及以下难度,low,auto,L1,False,请把图4-6沿格线分成大小、形状都相同的3部分，使得每部分都恰好含有1个 “” O 图4-6 图4-7,C:\Users\admin\Desktop\试卷分析project\参考教材\奥数\竟赛数学导引 四年级.pdf
4,竞赛数学导引 四年级,4,几何图形剪拼,兴趣篇,interest,38,7,★,0.9892,False,44,short,geometry,,,几何图形剪拼|geometry,4年级及以前高思导引拓展篇及以下难度,low,auto,L1,False,请将图4-7分成大小、形状都相同的4部分，使得每个部分都恰好包含A、B、C、 D4个字母.,C:\Users\admin\Desktop\试卷分析project\参考教材\奥数\竟赛数学导引 四年级.pdf
4,竞赛数学导引 四年级,4,几何图形剪拼,兴趣篇,interest,"38,39",8,,0.9857,True,87,medium,geometry,,has_diagram|cross_page_question,几何图形剪拼|geometry,4年级及以前高思导引拓展篇及以下难度,low,review,L1,False,如图4-8，图(a)是由5个大小相同的小正方形拼成的，图(b)是由1个正方形和1 个等腰直角三角形拼成的.请把这两个图形分别剪成4个大小、形状都相同的图形， (a) (b) 图4-8,C:\Users\admin\Desktop\试卷分析project\参考教材\奥数\竟赛数学导引 四年级.pdf
4,竞赛数学导引 四年级,4,几何图形剪拼,兴趣篇,interest,39,9,,0.989,True,118,long,geometry,,has_diagram,几何图形剪拼|geometry,4年级及以前高思导引拓展篇及以下难度,low,review,L2,False,如图4-9，有两个面积相等的正方形纸片，现在想把它们剪拼成一个更大的正方 形，要求如下： （1）如果分别剪开这两个正方形，再拼接成一个大正方形，应该怎么办？ (2）如果只允许剪开一个正方形，再拼接成一个大正方形，应该怎么办？ 图4-9 图4-10,C:\Users\admin\Desktop\试卷分析project\参考教材\奥数\竟赛数学导引 四年级.pdf
4,竞赛数学导引 四年级,4,几何图形剪拼,兴趣篇,interest,39,10,,0.988,True,40,short,geometry,,has_diagram,几何图形剪拼|几何问题|geometry,4年级及以前高思导引拓展篇及以下难度,low,review,L1,False,图4-10是由若干个小正方形组成的图形，你能将其剪成两块，然后拼成一个正 方形吗？,C:\Users\admin\Desktop\试卷分析project\参考教材\奥数\竟赛数学导引 四年级.pdf
4,竞赛数学导引 四年级,4,几何图形剪拼,拓展篇,extension,39,1,★★,0.9889,False,128,very_long,geometry,,,几何图形剪拼|geometry,4年级及以前高思导引拓展篇及以下难度,mid,auto,L4,False,观察图4-11，ABCDEF是正六边形，O是它的中心.画出线段PQ后，就把正六边 形ABCDEF分成了2个大小、形状都相同的五边形.（1)能否画出3条线段，把正六边形分成 的四边形？（3)能否画出几条线段，把正六边形分成3个大小、形状都相同的五边形？ 图4-11,C:\Users\admin\Desktop\试卷分析project\参考教材\奥数\竟赛数学导引 四年级.pdf
4,竞赛数学导引 四年级,4,几何图形剪拼,拓展篇,extension,40,2,★★,0.9885,True,80,medium,geometry,geometry_transform,has_diagram,几何图形剪拼|geometry|geometry_transform,4年级及以前高思导引拓展篇及以下难度,mid,review,L3,False,请在图4-12中标出分割线，把图形沿格线分成大小、形状都相同的4个部分.（如 果两个图形通过旋转或翻转后重合，就认为它们的大小、形状是相同的) 图4-12 图4-13,C:\Users\admin\Desktop\试卷分析project\参考教材\奥数\竟赛数学导引 四年级.pdf
4,竞赛数学导引 四年级,4,几何图形剪拼,拓展篇,extension,40,3,★★,0.9394,True,40,short,geometry,,has_diagram,几何图形剪拼|geometry,4年级及以前高思导引拓展篇及以下难度,mid,review,L3,False,将图4-13沿格线分割成大小、形状都相同的4个部分，请在图中画出具体的分割 方法.,C:\Users\admin\Desktop\试卷分析project\参考教材\奥数\竟赛数学导引 四年级.pdf
4,竞赛数学导引 四年级,4,几何图形剪拼,拓展篇,extension,40,4,★★,0.9803,False,40,short,geometry,,,几何图形剪拼|geometry,4年级及以前高思导引拓展篇及以下难度,mid,auto,L3,False,将图4-14分割成大小、形状完全相同的4块，请至少画出4种不同的分法， 图4-14,C:\Users\admin\Desktop\试卷分析project\参考教材\奥数\竟赛数学导引 四年级.pdf
4,竞赛数学导引 四年级,4,几何图形剪拼,拓展篇,extension,40,5,,0.9613,True,82,medium,geometry,,has_diagram,几何图形剪拼|geometry,4年级及以前高思导引拓展篇及以下难度,mid,review,L3,False,如图4-15，从一张边长为7厘米的正方形纸片中，最多能裁剪出多少张长4厘米、 宽1厘米的长方形纸条？请画图说明裁剪方法， C D D B C AA A B B B A D 图4-15 图4-16,C:\Users\admin\Desktop\试卷分析project\参考教材\奥数\竟赛数学导引 四年级.pdf
4,竞赛数学导引 四年级,4,几何图形剪拼,拓展篇,extension,40,6,★,0.9862,False,36,short,geometry,,,几何图形剪拼|geometry,4年级及以前高思导引拓展篇及以下难度,mid,auto,L3,False,将图4-16分成大小、形状都相同的4块，使得每一块中都有A、B、C、D.,C:\Users\admin\Desktop\试卷分析project\参考教材\奥数\竟赛数学导引 四年级.pdf
4,竞赛数学导引 四年级,4,几何图形剪拼,拓展篇,extension,"40,41",7,,0.9752,True,90,long,geometry,,has_diagram|cross_page_question,几何图形剪拼|geometry,4年级及以前高思导引拓展篇及以下难度,mid,review,L4,False,如图4－17，请把一个大正方形分割为两种面积不同的小正方形. (1）如果要求两种小正方形一共有6个，应该怎么分？ (2）如果要求两种小正方形一共有7个，应该怎么分？ 图 4-17 图4-18,C:\Users\admin\Desktop\试卷分析project\参考教材\奥数\竟赛数学导引 四年级.pdf
4,竞赛数学导引 四年级,4,几何图形剪拼,拓展篇,extension,41,8,,0.9885,False,64,medium,geometry,,,几何图形剪拼|geometry,4年级及以前高思导引拓展篇及以下难度,mid,auto,L3,False,将边长分别为3厘米和4厘米的两个正方形切割成4块，然后将它们拼成一个边 长是5厘米的大正方形.请在图4-18中画出切割线和拼接线，,C:\Users\admin\Desktop\试卷分析project\参考教材\奥数\竟赛数学导引 四年级.pdf
4,竞赛数学导引 四年级,4,几何图形剪拼,拓展篇,extension,41,9,★,0.9763,True,48,medium,geometry,,has_diagram,几何图形剪拼|geometry,4年级及以前高思导引拓展篇及以下难度,mid,review,L3,False,请将图4-19中的图(a)剪成3块，再拼成一个正方形如图(b). (a) (b) 图4-19 图4-20,C:\Users\admin\Desktop\试卷分析project\参考教材\奥数\竟赛数学导引 四年级.pdf
4,竞赛数学导引 四年级,4,几何图形剪拼,拓展篇,extension,41,10,,0.9924,False,59,medium,geometry,,,几何图形剪拼|geometry,4年级及以前高思导引拓展篇及以下难度,mid,auto,L3,False,将图4-20分割成4个形状和大小都相同的部分，然后将它们拼接成一个正方 形.请在原图上标明分割线，并画出正方形的拼接图.,C:\Users\admin\Desktop\试卷分析project\参考教材\奥数\竟赛数学导引 四年级.pdf
4,竞赛数学导引 四年级,4,几何图形剪拼,拓展篇,extension,41,11,,0.982,True,68,medium,geometry,,has_diagram,几何图形剪拼|geometry,4年级及以前高思导引拓展篇及以下难度,mid,review,L3,False,图4-21(a)中长方形的长和宽分别是9厘米和4厘米，请把这个长方形剪成2块 再拼成一个正方形如图(b). (a) (b) 图4-21 图4-22,C:\Users\admin\Desktop\试卷分析project\参考教材\奥数\竟赛数学导引 四年级.pdf
4,竞赛数学导引 四年级,4,几何图形剪拼,拓展篇,extension,41,12,,0.9849,False,60,medium,geometry,,,几何图形剪拼|geometry,4年级及以前高思导引拓展篇及以下难度,mid,auto,L3,False,有一张长方形纸片，按图4-22所示剪成了3块，已知这3块纸片可拼成一个正 方形，那么正方形的边长为多少？请画出具体的拼法.,C:\Users\admin\Desktop\试卷分析project\参考教材\奥数\竟赛数学导引 四年级.pdf
4,竞赛数学导引 四年级,4,几何图形剪拼,拓展篇,extension,42,13,★,0.9855,False,66,medium,geometry,,,几何图形剪拼|geometry,4年级及以前高思导引拓展篇及以下难度,mid,auto,L3,False,把7个长为4厘米、宽为3厘米的长方形既互不重叠又不留空隙地拼成一个大长 方形，那么这个大长方形的周长最小是多少厘米？请画出具体的拼法.,C:\Users\admin\Desktop\试卷分析project\参考教材\奥数\竟赛数学导引 四年级.pdf
4,竞赛数学导引 四年级,4,几何图形剪拼,拓展篇,extension,42,14,★,0.991,False,60,medium,geometry,,,几何图形剪拼|几何问题|geometry,4年级及以前高思导引拓展篇及以下难度,mid,auto,L3,False,用若干张边长为1、2、3、4的正方形纸片互不重叠地拼成一个边长为5的大正 方形，那么最少需要纸片多少张？请画出具体的拼法.,C:\Users\admin\Desktop\试卷分析project\参考教材\奥数\竟赛数学导引 四年级.pdf
4,竞赛数学导引 四年级,4,几何图形剪拼,超越篇,challenge,42,1,,0.9906,True,99,long,geometry,case_analysis|geometry_transform,has_diagram,几何图形剪拼|geometry|case_analysis|geometry_transform,高思导引超越篇难度,high,review,L4,False,将图4-23沿格线分割成大小、形状完全相同的4个部分，你能想出几种方法？ （如果两个图形通过旋转或翻转后重合，就认为它们的大小、形状是相同的） (b) 图4-23 图4-24 块，再拼成一个正方形如图(b).,C:\Users\admin\Desktop\试卷分析project\参考教材\奥数\竟赛数学导引 四年级.pdf
4,竞赛数学导引 四年级,4,几何图形剪拼,超越篇,challenge,42,3,★,0.9819,True,122,very_long,geometry,,has_diagram,几何图形剪拼|geometry,高思导引超越篇难度,high,review,L4,False,如图4-25(a)是一块25×49(单位：厘米)的长方形纸片，现在要沿虚线将它分成3 块，再拼成如(b)图所示的边长为35厘米的正方形纸片.请用实线标明剪切和拼接的方法.在 这里，虚线划分成的小长方形的大小均为5×7(单位：厘米). (b) 图4-25,C:\Users\admin\Desktop\试卷分析project\参考教材\奥数\竟赛数学导引 四年级.pdf
4,竞赛数学导引 四年级,4,几何图形剪拼,超越篇,challenge,43,4,★,0.9877,True,52,medium,geometry,,has_diagram,几何图形剪拼|geometry,高思导引超越篇难度,high,review,L4,False,将图4-26沿格线分割成7个形状不同的长方形（包含正方形)，请在图中用实线 标出分割线 图4-26 图4-27,C:\Users\admin\Desktop\试卷分析project\参考教材\奥数\竟赛数学导引 四年级.pdf
4,竞赛数学导引 四年级,4,几何图形剪拼,超越篇,challenge,43,5,,0.9785,False,44,short,geometry,,,几何图形剪拼|geometry,高思导引超越篇难度,high,auto,L4,False,图4-27是由5个小正方形组成的一个“十字架”，请将它剪成若干块，然后拼成一 个大正方形.,C:\Users\admin\Desktop\试卷分析project\参考教材\奥数\竟赛数学导引 四年级.pdf
4,竞赛数学导引 四年级,4,几何图形剪拼,超越篇,challenge,43,6,,0.9752,True,55,medium,geometry,,has_diagram,几何图形剪拼|geometry,高思导引超越篇难度,high,review,L4,False,如图4-28，一个5X7的大长方形左上角割去 了一个2X3的小长方形，请把这个图形分成3部分，再拼 成一个正方形.,C:\Users\admin\Desktop\试卷分析project\参考教材\奥数\竟赛数学导引 四年级.pdf
4,竞赛数学导引 四年级,4,几何图形剪拼,超越篇,challenge,43,7,★,0.9873,False,107,long,geometry,,,几何图形剪拼|geometry,高思导引超越篇难度,high,auto,L4,False,有一个大正方形，现在要把它分割为12个小正 图4-28 方形，那么： (1）要形成2种面积不同的小正方形，可以如何分割？ (2)要形成3种面积不同的小正方形，可以如何分割？ （3）要形成4种面积不同的小正方形，可以如何分割？,C:\Users\admin\Desktop\试卷分析project\参考教材\奥数\竟赛数学导引 四年级.pdf
4,竞赛数学导引 四年级,4,几何图形剪拼,超越篇,challenge,43,8,,0.9978,False,54,medium,geometry,,,几何图形剪拼|几何问题|geometry,高思导引超越篇难度,high,auto,L4,False,请画出一个三角形，并把它分成大小形状都完全相同的5个小三角形.如果要分 为完全相同的13个小三角形，该如何画？,C:\Users\admin\Desktop\试卷分析project\参考教材\奥数\竟赛数学导引 四年级.pdf
4,竞赛数学导引 四年级,5,行程问题一,兴趣篇,interest,44,1,★,0.9938,False,35,short,application,travel_chain,,行程问题一|application|travel_chain,4年级及以前高思导引拓展篇及以下难度,low,auto,L2,False,强强跑100米用10秒，旗鱼每小时能游120千米.请问：谁的速度更快？,C:\Users\admin\Desktop\试卷分析project\参考教材\奥数\竟赛数学导引 四年级.pdf
4,竞赛数学导引 四年级,5,行程问题一,兴趣篇,interest,44,2,★,0.9889,False,80,medium,application,travel_chain,,行程问题一|application|travel_chain,4年级及以前高思导引拓展篇及以下难度,low,auto,L2,False,墨莫练习慢跑，12分钟跑了3000米，按照这个速度，跑25000米需要多少分钟？如 果墨莫每天都以这个速度跑10分钟，连续跑一个月(30天)，他一共跑了多少千米？,C:\Users\admin\Desktop\试卷分析project\参考教材\奥数\竟赛数学导引 四年级.pdf
4,竞赛数学导引 四年级,5,行程问题一,兴趣篇,interest,44,3,★,0.9968,False,112,long,application,travel_chain,,行程问题一|application|travel_chain,4年级及以前高思导引拓展篇及以下难度,low,auto,L2,False,A、B两城相距240千米，一辆汽车原计划用6小时从A城到B城，那么汽车每小时 应该行驶多少千米？实际上汽车行驶了一半路程后发生了故障，在途中停留了1小时.如果 要按照原定的时间到达B城，汽车在后一半路程上每小时应该行驶多少千米？,C:\Users\admin\Desktop\试卷分析project\参考教材\奥数\竟赛数学导引 四年级.pdf
4,竞赛数学导引 四年级,5,行程问题一,兴趣篇,interest,45,4,★,0.9906,False,95,long,application,travel_chain,,行程问题一|application|travel_chain,4年级及以前高思导引拓展篇及以下难度,low,auto,L2,False,A、B两地相距4800米，甲、乙两人分别从A、B两地同时出发，相向而行.如果甲每 分钟走60米，乙每分钟走100米，请问： （1）甲从A走到B需要多长时间？ （2）两个人从出发到相遇需要多长时间？,C:\Users\admin\Desktop\试卷分析project\参考教材\奥数\竟赛数学导引 四年级.pdf
4,竞赛数学导引 四年级,5,行程问题一,兴趣篇,interest,45,5,★,0.9972,False,58,medium,application,travel_chain,,行程问题一|application|travel_chain,4年级及以前高思导引拓展篇及以下难度,low,auto,L2,False,在第4题中，如果甲、乙两人的速度大小不变，但甲出发时改变方向，即两个人同时、 同向出发.请问：乙出发后多久可以追上甲？,C:\Users\admin\Desktop\试卷分析project\参考教材\奥数\竟赛数学导引 四年级.pdf
4,竞赛数学导引 四年级,5,行程问题一,兴趣篇,interest,45,6,★★,0.9898,False,81,medium,application,travel_chain,,行程问题一|application|travel_chain,4年级及以前高思导引拓展篇及以下难度,low,auto,L2,False,甲、乙两地相距350千米，A车在早上8点从甲地出发，以每小时40千米的速度开 往乙地.2小时后B车以每小时50千米的速度从乙地开往甲地.问：什么时候两车在途中 相遇？,C:\Users\admin\Desktop\试卷分析project\参考教材\奥数\竟赛数学导引 四年级.pdf
4,竞赛数学导引 四年级,5,行程问题一,兴趣篇,interest,45,7,★★,0.9967,False,104,long,application,travel_chain,,行程问题一|application|travel_chain,4年级及以前高思导引拓展篇及以下难度,low,auto,L2,False,卡莉娅和墨莫分别从相距720米的两地出发同向而行，墨莫在前，卡莉娅在后，且 墨莫比卡莉娅先出发2分钟.已知卡莉娅的速度是每分钟60米，墨莫的速度为每分钟50米， 试问：当卡莉娅追上墨莫的时候，墨莫已经走了多少米？,C:\Users\admin\Desktop\试卷分析project\参考教材\奥数\竟赛数学导引 四年级.pdf
4,竞赛数学导引 四年级,5,行程问题一,兴趣篇,interest,45,8,★★,0.9899,False,97,long,application,,,行程问题一|application,4年级及以前高思导引拓展篇及以下难度,low,auto,L2,False,一辆公共汽车和一辆小轿车从相距350千米的两地同时出发，相向而行，公共汽车 每小时行40千米，小轿车每小时行60千米.问： （1）2小时后两车相距多少千米？ （2）经过几小时后两车第一次相距50千米？,C:\Users\admin\Desktop\试卷分析project\参考教材\奥数\竟赛数学导引 四年级.pdf
4,竞赛数学导引 四年级,5,行程问题一,兴趣篇,interest,45,9,★★,0.9887,False,106,long,application,,,行程问题一|application,4年级及以前高思导引拓展篇及以下难度,low,auto,L2,False,一辆公共汽车和一辆小轿车从相距300千米的两地同时出发，同向而行，公共汽车 在前，每小时行40千米；小轿车在后，每小时行60千米.问： （1）经过6小时后两车相距多少千米？ (2）经过几小时后两车第一次相距100千米？,C:\Users\admin\Desktop\试卷分析project\参考教材\奥数\竟赛数学导引 四年级.pdf
4,竞赛数学导引 四年级,5,行程问题一,兴趣篇,interest,46,10,,0.9969,False,85,medium,application,travel_chain,,行程问题一|application|travel_chain,4年级及以前高思导引拓展篇及以下难度,low,auto,L2,False,甲、乙两车分别从A、B两地同时出发相向而行，已知甲车每小时行驶40千米，两 车6小时后相遇，相遇后它们继续前进，又过了3小时，甲车到达B地.问：乙车还要过多久才 能到达A地？,C:\Users\admin\Desktop\试卷分析project\参考教材\奥数\竟赛数学导引 四年级.pdf
4,竞赛数学导引 四年级,5,行程问题一,拓展篇,extension,46,1,★★,0.9905,False,107,long,application,travel_chain,,行程问题一|application|travel_chain,4年级及以前高思导引拓展篇及以下难度,mid,auto,L4,False,甲、乙两地相距450千米，快车和慢车分别从甲、乙两地出发相向而行，快车每小时 行60千米，慢车每小时行30千米.请问： （1）如果两车同时出发，几小时后相遇？ (2）如果慢车比快车早出发3小时，当两车相遇时快车走了多远？,C:\Users\admin\Desktop\试卷分析project\参考教材\奥数\竟赛数学导引 四年级.pdf
4,竞赛数学导引 四年级,5,行程问题一,拓展篇,extension,46,2,★★,0.9877,False,121,very_long,application,travel_chain,,行程问题一|application|travel_chain,4年级及以前高思导引拓展篇及以下难度,mid,auto,L4,False,A、B两地相距400千米，甲、乙两车分别从A、B同时出发，相向而行，甲车的速度 为每小时60千米，乙车的速度为每小时40千米.请问： (1）从出发算起，多久后甲、乙两车第一次相距100千米？ （2）从出发算起，多久后甲、乙两车第二次相距100千米？,C:\Users\admin\Desktop\试卷分析project\参考教材\奥数\竟赛数学导引 四年级.pdf
4,竞赛数学导引 四年级,5,行程问题一,拓展篇,extension,46,3,★★,0.994,False,92,long,application,travel_chain,,行程问题一|application|travel_chain,4年级及以前高思导引拓展篇及以下难度,mid,auto,L4,False,甲、乙两架飞机同时从机场起飞，向同一方向飞行，甲每小时飞行300千米，乙每小 时飞行340千米，4小时后它们相距多少千米？这时甲提高速度打算用2小时追上乙，那么甲 每小时应该飞行多少千米？,C:\Users\admin\Desktop\试卷分析project\参考教材\奥数\竟赛数学导引 四年级.pdf
4,竞赛数学导引 四年级,5,行程问题一,拓展篇,extension,46,4,★★,0.997,False,68,medium,application,,,行程问题一|application,4年级及以前高思导引拓展篇及以下难度,mid,auto,L3,False,小高步行上学，每分钟行75米，小高离家12分钟后，爸爸发现他忘了带文具盒，马 上骑自行车去追，每分钟行375米.求爸爸追上小高所需要的时间,C:\Users\admin\Desktop\试卷分析project\参考教材\奥数\竟赛数学导引 四年级.pdf
4,竞赛数学导引 四年级,5,行程问题一,拓展篇,extension,47,5,★★,0.9901,False,68,medium,application,,,行程问题一|application,4年级及以前高思导引拓展篇及以下难度,mid,auto,L3,False,小轿车和大货车上午9点同时同向从甲地出发，小轿车每小时行60千米，大货车 每小时行48千米.请问：下午几点的时候小轿车领先大货车72千米？,C:\Users\admin\Desktop\试卷分析project\参考教材\奥数\竟赛数学导引 四年级.pdf
4,竞赛数学导引 四年级,5,行程问题一,拓展篇,extension,47,6,★,0.9939,False,103,long,application,travel_chain,,行程问题一|application|travel_chain,4年级及以前高思导引拓展篇及以下难度,mid,auto,L4,False,一辆公共汽车早上6点从A城出发，以每小时40千米的速度向B城驶去.3小时 后一辆小轿车以每小时75千米的速度也从A城出发到B城.当小轿车到达B城时，公共汽 车离B城还有160千米.问：公共汽车什么时候到达B城？,C:\Users\admin\Desktop\试卷分析project\参考教材\奥数\竟赛数学导引 四年级.pdf
4,竞赛数学导引 四年级,5,行程问题一,拓展篇,extension,47,7,,0.9926,False,66,medium,application,travel_chain,,行程问题一|application|travel_chain,4年级及以前高思导引拓展篇及以下难度,mid,auto,L3,False,甲、乙两车同时从东、西两地出发，相向而行.甲每小时行36千米，乙每小时行30 千米，两车在距离中点9千米处相遇，求东、西两地间的距离，,C:\Users\admin\Desktop\试卷分析project\参考教材\奥数\竟赛数学导引 四年级.pdf
4,竞赛数学导引 四年级,5,行程问题一,拓展篇,extension,47,8,,0.9975,False,80,medium,application,,,行程问题一|application,4年级及以前高思导引拓展篇及以下难度,mid,auto,L3,False,萱萱一家开车去外地旅游，原计划每小时行驶45千米.实际上，由于高速公路堵 车，汽车每小时只行驶30千米，这样就晚到了2小时.请问：萱萱一家在路上实际花了几个 小时？,C:\Users\admin\Desktop\试卷分析project\参考教材\奥数\竟赛数学导引 四年级.pdf
4,竞赛数学导引 四年级,5,行程问题一,拓展篇,extension,47,9,,0.9952,False,103,long,application,travel_chain,,行程问题一|application|travel_chain,4年级及以前高思导引拓展篇及以下难度,mid,auto,L4,False,甲从A地出发去B地办事情，下午1点出发，晚上7点准时到达.如果他想下午2 点出发，晚上7点准时到达，每小时就必须多行2千米.求A、B两地之间的距离， 需要30分钟.如果两个人同时出发相向而行，多长时间可以相遇？,C:\Users\admin\Desktop\试卷分析project\参考教材\奥数\竟赛数学导引 四年级.pdf
4,竞赛数学导引 四年级,5,行程问题一,拓展篇,extension,47,11,,0.9969,False,64,medium,application,travel_chain,,行程问题一|application|travel_chain,4年级及以前高思导引拓展篇及以下难度,mid,auto,L3,False,甲、乙两人分别从A、B两地同时出发，如果相向而行，1小时后两人相遇；如果同 向而行，3小时后甲追上乙.问：甲的步行速度是乙的几倍？,C:\Users\admin\Desktop\试卷分析project\参考教材\奥数\竟赛数学导引 四年级.pdf
4,竞赛数学导引 四年级,5,行程问题一,拓展篇,extension,47,12,★,0.9911,False,64,medium,application,travel_chain,,行程问题一|application|travel_chain,4年级及以前高思导引拓展篇及以下难度,mid,auto,L3,False,甲、乙两人分别从A、B两地同时出发，相向而行，A、B两地相距48千米，甲的速 度是乙的3倍.请问：当甲、乙相遇的时候，甲走了多远？,C:\Users\admin\Desktop\试卷分析project\参考教材\奥数\竟赛数学导引 四年级.pdf
4,竞赛数学导引 四年级,5,行程问题一,拓展篇,extension,48,13,,0.9979,False,82,medium,application,travel_chain,,行程问题一|application|travel_chain,4年级及以前高思导引拓展篇及以下难度,mid,auto,L3,False,甲、乙两人分别从A、B两地同时出发相向而行，已知甲每分钟走50米，乙走完全 程要18分钟，出发3分钟后，甲、乙仍相距450米.问：还要过多少分钟，甲、乙两人才能相遇？,C:\Users\admin\Desktop\试卷分析project\参考教材\奥数\竟赛数学导引 四年级.pdf
4,竞赛数学导引 四年级,5,行程问题一,拓展篇,extension,48,14,,0.985,False,113,long,application,travel_chain,,行程问题一|application|travel_chain,4年级及以前高思导引拓展篇及以下难度,mid,auto,L4,False,猎狗追兔子，猎狗的速度是兔子的2倍，兔子径直往兔洞里跑，猎狗则紧随其后， 现在，猎狗距离洞口还有1000米，当猎狗跑到兔子现在的位置时，兔子距离洞口将还剩100 米.问：(1)现在兔子距离洞口多少米？(2)最终兔子会被猎狗追上吗？,C:\Users\admin\Desktop\试卷分析project\参考教材\奥数\竟赛数学导引 四年级.pdf
4,竞赛数学导引 四年级,5,行程问题一,超越篇,challenge,48,1,★,0.9728,False,90,long,application,travel_chain,,行程问题一|application|travel_chain,高思导引超越篇难度,high,auto,L4,False,萱萱、小高骑车从甲地同时出发，同向而行.萱萱的速度比小高的速度每小时快4 千米，因此萱萱比小高早20分钟通过途中的乙地.当小高到达乙地时，萱萱又前进了8千米， 求甲、乙两地之间的距离。,C:\Users\admin\Desktop\试卷分析project\参考教材\奥数\竟赛数学导引 四年级.pdf
4,竞赛数学导引 四年级,5,行程问题一,超越篇,challenge,48,2,★,0.9958,False,73,medium,application,travel_chain,,行程问题一|application|travel_chain,高思导引超越篇难度,high,auto,L4,False,甲、乙两人分别从A、B两地同时出发，6小时后相遇在中点.如果甲延迟1小时出 发，乙每小时少走4千米，两人仍在中点相遇.请问：甲、乙两地相距多少千米？,C:\Users\admin\Desktop\试卷分析project\参考教材\奥数\竟赛数学导引 四年级.pdf
4,竞赛数学导引 四年级,5,行程问题一,超越篇,challenge,48,3,★,0.9929,False,71,medium,application,travel_chain,,行程问题一|application|travel_chain,高思导引超越篇难度,high,auto,L4,False,小高平时每天上学都是先步行10分钟后再跑步2分钟.某天他步行6分钟后就开 始跑步，结果比平时早到了2分钟.请问：小高跑步的速度是步行速度的几倍？,C:\Users\admin\Desktop\试卷分析project\参考教材\奥数\竟赛数学导引 四年级.pdf
4,竞赛数学导引 四年级,5,行程问题一,超越篇,challenge,48,4,★,0.9942,False,104,long,application,travel_chain,,行程问题一|application|travel_chain,高思导引超越篇难度,high,auto,L4,False,墨莫家离学校1000米，平时他步行25分钟后准时到校.有一天他晚出发10分钟， 为避免迟到，墨莫先乘公共汽车，然后步行，结果仍然准时到校.已知公共汽车的速度是墨莫 步行速度的6倍，请问：墨莫这天上学步行了多少米？,C:\Users\admin\Desktop\试卷分析project\参考教材\奥数\竟赛数学导引 四年级.pdf
4,竞赛数学导引 四年级,5,行程问题一,超越篇,challenge,49,5,★,0.9917,False,72,medium,application,travel_chain,,行程问题一|application|travel_chain,高思导引超越篇难度,high,auto,L4,False,甲、乙两车分别从A、B两站同时出发，相向而行.已知甲车的速度是乙车的2倍， 甲、乙到达途中C站的时刻依次为5：00和17：00.问：两车何时相遇？,C:\Users\admin\Desktop\试卷分析project\参考教材\奥数\竟赛数学导引 四年级.pdf
4,竞赛数学导引 四年级,5,行程问题一,超越篇,challenge,49,6,,0.9969,False,74,medium,application,travel_chain,,行程问题一|application|travel_chain,高思导引超越篇难度,high,auto,L4,False,甲、乙两人分别由A、B两地同时出发，如果相向而行，1小时后两人相遇；如果同 向而行，且乙先出发2小时，那么甲3小时后追上乙.请问：甲的速度是乙的几倍？,C:\Users\admin\Desktop\试卷分析project\参考教材\奥数\竟赛数学导引 四年级.pdf
4,竞赛数学导引 四年级,5,行程问题一,超越篇,challenge,49,7,★,0.9349,True,171,very_long,application,travel_chain,has_diagram,行程问题一|application|travel_chain,高思导引超越篇难度,high,review,L4,False,"如图所示，一条笔直的公路上有16个车站A，A2，As，""，A16，已知相邻两站之 间的距离都相等.有一天，甲、乙、丙三人都要从第1站去第16站.甲先出发，当甲到达第2站 时，乙出发.当乙到达第3站时丙出发.如果丙在第4站追上乙，甲和丙同时到达第16站，那 么甲的速度是乙的速度的几倍？ AAAAAsAA,AgAgA1oA 1A12A13A4A15A16",C:\Users\admin\Desktop\试卷分析project\参考教材\奥数\竟赛数学导引 四年级.pdf
4,竞赛数学导引 四年级,5,行程问题一,超越篇,challenge,49,8,,0.9975,False,133,very_long,application,travel_chain,,行程问题一|application|travel_chain,高思导引超越篇难度,high,auto,L4,False,甲、乙两人分别从相距24千米的A、B两地同时出发同向而行，一段时间后甲在 C点追上乙.如果甲每小时多走1千米，而乙每小时少走1千米，则甲追上乙的时间会少用2 小时，且追上的地点与C点相距12千米.试问：如果甲、乙两人以原速分别从A、B两地同时 出发相向而行，几个小时相遇？,C:\Users\admin\Desktop\试卷分析project\参考教材\奥数\竟赛数学导引 四年级.pdf
4,竞赛数学导引 四年级,6,抽屉原理,兴趣篇,interest,50,1,★★,0.9866,False,70,medium,counting,,,抽屉原理|counting,4年级及以前高思导引拓展篇及以下难度,low,auto,L1,False,学校周末要组织4个班的同学去春游，有3个地点可供选择：游乐园、植物园和动 物园.如果一个班只能去一个地点，试说明：一定有2个班要去同一个地点，,C:\Users\admin\Desktop\试卷分析project\参考教材\奥数\竟赛数学导引 四年级.pdf
4,竞赛数学导引 四年级,6,抽屉原理,兴趣篇,interest,50,2,★★,0.9878,False,88,medium,counting,,,抽屉原理|counting,4年级及以前高思导引拓展篇及以下难度,low,auto,L1,False,卡莉娅、墨莫和萱萱到小高家玩，小高拿出一些巧克力来招待他们，他们一数，共有 19块巧克力.如果把这些巧克力分给他们3人，试说明：一定有人至少拿到7块巧克力，但不 一定有人拿到8块.,C:\Users\admin\Desktop\试卷分析project\参考教材\奥数\竟赛数学导引 四年级.pdf
4,竞赛数学导引 四年级,6,抽屉原理,兴趣篇,interest,50,3,★★,0.9898,False,66,medium,counting,,,抽屉原理|counting,4年级及以前高思导引拓展篇及以下难度,low,auto,L1,False,一次聚会上，大家发现，有40人都是在同一年的10月出生的.试说明：他们中一定 有2个人是在同一天出生的，但不一定有3个人在同一天出生，,C:\Users\admin\Desktop\试卷分析project\参考教材\奥数\竟赛数学导引 四年级.pdf
4,竞赛数学导引 四年级,6,抽屉原理,兴趣篇,interest,50,4,,0.995,False,23,short,counting,,,抽屉原理|counting,4年级及以前高思导引拓展篇及以下难度,low,auto,L1,False,任意1830人中，至少有多少人的生日在同一天？,C:\Users\admin\Desktop\试卷分析project\参考教材\奥数\竟赛数学导引 四年级.pdf
4,竞赛数学导引 四年级,6,抽屉原理,兴趣篇,interest,51,5,★★,0.9942,False,83,medium,counting,,,抽屉原理|counting,4年级及以前高思导引拓展篇及以下难度,low,auto,L1,False,有红、黄、蓝、绿4种颜色的小珠子放在同一个口袋里，每种颜色的珠子都足够多， 一次至少要取几颗珠子，才能保证其中一定有2颗颜色相同？ 才能保证其中一定有3个学生的年龄相同？,C:\Users\admin\Desktop\试卷分析project\参考教材\奥数\竟赛数学导引 四年级.pdf
4,竞赛数学导引 四年级,6,抽屉原理,兴趣篇,interest,51,7,,0.9919,False,66,medium,counting,,,抽屉原理|counting,4年级及以前高思导引拓展篇及以下难度,low,auto,L1,False,有红、黄、蓝、绿4种颜色的铅笔各10支，拿的时候不许看铅笔的颜色，那么一次至 少要拿多少支，才能保证其中一定有4支是同一种颜色的铅笔？,C:\Users\admin\Desktop\试卷分析project\参考教材\奥数\竟赛数学导引 四年级.pdf
4,竞赛数学导引 四年级,6,抽屉原理,兴趣篇,interest,51,8,,0.9953,False,77,medium,counting,,,抽屉原理|counting,4年级及以前高思导引拓展篇及以下难度,low,auto,L1,False,口袋里装有红、黄、蓝、绿4种颜色的球，且每种颜色的球都有4个.小华闭着眼睛 从口袋里往外摸球，那么他至少要摸出多少个球，才能保证摸出的球中每种颜色的球都有？,C:\Users\admin\Desktop\试卷分析project\参考教材\奥数\竟赛数学导引 四年级.pdf
4,竞赛数学导引 四年级,6,抽屉原理,兴趣篇,interest,51,9,,0.993,False,130,very_long,counting,,,抽屉原理|counting,4年级及以前高思导引拓展篇及以下难度,low,auto,L3,False,一副扑克牌共54张，其中有2张王牌，还有黑桃、红桃、草花和方块4种花色的牌 各13张.那么： （1）至少从中摸出多少张牌，才能保证在摸出的牌中有黑桃？ （2）至少从中摸出多少张牌，才能保证至少有3张牌是红桃？ （3）至少从中摸出多少张牌，才能保证有5张牌是同一花色的？,C:\Users\admin\Desktop\试卷分析project\参考教材\奥数\竟赛数学导引 四年级.pdf
4,竞赛数学导引 四年级,6,抽屉原理,兴趣篇,interest,51,10,,0.9963,False,63,medium,geometry,,,抽屉原理|组合问题|geometry,4年级及以前高思导引拓展篇及以下难度,low,auto,L1,False,圆桌周围恰好有12把椅子，现在已经有一些人在桌边就座.当再有一人人座时， 就必须和已就座的某个人相邻.问：已就座的最少有多少人？,C:\Users\admin\Desktop\试卷分析project\参考教材\奥数\竟赛数学导引 四年级.pdf
4,竞赛数学导引 四年级,6,抽屉原理,拓展篇,extension,"51,52",1,★★,0.9925,False,80,medium,counting,,cross_page_question,抽屉原理|counting,4年级及以前高思导引拓展篇及以下难度,mid,review,L3,False,红领巾小学今年人学的一年级新生中有370人是在同一年出生的.试说明：他们中 一定有2个人是在同一天出生的 去同一个城市？“一定有13人去同一个城市”这个说法正确吗？,C:\Users\admin\Desktop\试卷分析project\参考教材\奥数\竟赛数学导引 四年级.pdf
4,竞赛数学导引 四年级,6,抽屉原理,拓展篇,extension,52,3,★★,0.9912,False,22,short,counting,,,抽屉原理|counting,4年级及以前高思导引拓展篇及以下难度,mid,auto,L3,False,任意40个人中，至少有几个人属于同一个生肖？,C:\Users\admin\Desktop\试卷分析project\参考教材\奥数\竟赛数学导引 四年级.pdf
4,竞赛数学导引 四年级,6,抽屉原理,拓展篇,extension,52,5,,0.9991,False,44,short,counting,,,抽屉原理|counting,4年级及以前高思导引拓展篇及以下难度,mid,auto,L3,False,一个鱼缸里有很多条鱼，共有5个品种.至少要捞出多少条鱼，才能保证其中有5 条相同品种的鱼？,C:\Users\admin\Desktop\试卷分析project\参考教材\奥数\竟赛数学导引 四年级.pdf
4,竞赛数学导引 四年级,6,抽屉原理,拓展篇,extension,52,6,,0.9972,False,78,medium,counting,case_analysis,,抽屉原理|counting|case_analysis,4年级及以前高思导引拓展篇及以下难度,mid,auto,L3,False,小高把一副围棋子混装在一个盒子中，然后每次从盒子中摸出4枚棋子，那么他至 少要摸几次，才能保证其中有3次摸出棋子的颜色情况是相同的？（围棋子有黑、白两种颜色）,C:\Users\admin\Desktop\试卷分析project\参考教材\奥数\竟赛数学导引 四年级.pdf
4,竞赛数学导引 四年级,6,抽屉原理,拓展篇,extension,52,7,,0.993,False,100,long,counting,,,抽屉原理|counting,4年级及以前高思导引拓展篇及以下难度,mid,auto,L4,False,在一个盒子里装着形状相同的3种口味的果冻，分别是苹果口味的、草莓口味的和 牛奶口味的，每种果冻都有20个.现在闭着眼睛从盒子里拿果冻，请问： （1）至少要从中拿出多少个，才能保证拿出的果冻中有牛奶口味的？,C:\Users\admin\Desktop\试卷分析project\参考教材\奥数\竟赛数学导引 四年级.pdf
4,竞赛数学导引 四年级,6,抽屉原理,拓展篇,extension,52,8,,0.9936,False,117,long,counting,,,抽屉原理|counting,4年级及以前高思导引拓展篇及以下难度,mid,auto,L4,False,一个布袋里有大小相同、颜色不同的一些木球，其中红色的有10个，黄色的有8 个，蓝色的有3个，绿色的有1个.请问： （1）一次至少要取出多少个球，才能保证取出的球至少有3种颜色？ （2）一次至少要取出多少个球，才能保证其中必有红色球和黄色球？,C:\Users\admin\Desktop\试卷分析project\参考教材\奥数\竟赛数学导引 四年级.pdf
4,竞赛数学导引 四年级,6,抽屉原理,拓展篇,extension,52,9,★,0.993,False,78,medium,counting,,,抽屉原理|counting,4年级及以前高思导引拓展篇及以下难度,mid,auto,L3,False,一副扑克牌共54张，其中有2张王牌，还有黑桃、红桃、草花和方块4种花色的牌 各13张.现在要从中随意取出一些牌，如果要保证在取出来的牌中至少包含3种花色，并且,C:\Users\admin\Desktop\试卷分析project\参考教材\奥数\竟赛数学导引 四年级.pdf
4,竞赛数学导引 四年级,6,抽屉原理,拓展篇,extension,53,10,,0.9933,False,85,medium,counting,,,抽屉原理|counting,4年级及以前高思导引拓展篇及以下难度,mid,auto,L3,False,黑色、白色、黄色、红色的筷子各有8根，混放在一起，在黑暗中取出一些筷子，要 使得这些筷子能够搭配出两双筷子（两根筷子颜色相同即为一双），那么最少要取多少根才能 保证达到要求？,C:\Users\admin\Desktop\试卷分析project\参考教材\奥数\竟赛数学导引 四年级.pdf
4,竞赛数学导引 四年级,6,抽屉原理,拓展篇,extension,53,11,,0.9878,False,119,long,counting,,,抽屉原理|counting,4年级及以前高思导引拓展篇及以下难度,mid,auto,L4,False,将1只白袜子、2只黑袜子、3只红袜子、8只黄袜子和9只绿袜子放人一个布袋 里.请问： （1）一次至少要摸出多少只袜子才能保证一定有颜色相同的两双袜子？ （2）一次至少要摸出多少只袜子才能保证一定有颜色不同的两双袜子？（两只袜子颜色 相同即为一双）,C:\Users\admin\Desktop\试卷分析project\参考教材\奥数\竟赛数学导引 四年级.pdf
4,竞赛数学导引 四年级,6,抽屉原理,拓展篇,extension,53,12,★,0.9426,True,93,long,counting,,has_diagram,抽屉原理|counting,4年级及以前高思导引拓展篇及以下难度,mid,review,L4,False,如图，把40块巧克力放人A、B、C、D四个盒子内，A盒中放的最多，放了13块， 且四个盒子内装的巧克力的数量依次减少.那么： （1）D盒最少可以装几块？ (2）D盒最多可以装几块？ 13块 y C D,C:\Users\admin\Desktop\试卷分析project\参考教材\奥数\竟赛数学导引 四年级.pdf
4,竞赛数学导引 四年级,6,抽屉原理,拓展篇,extension,53,13,,0.9983,False,44,short,geometry,,,抽屉原理|geometry,4年级及以前高思导引拓展篇及以下难度,mid,auto,L3,False,31个同学围成一个圆圈，坐好后发现任何2个男生之间至少有2个女生.那么最 多有多少个男生？,C:\Users\admin\Desktop\试卷分析project\参考教材\奥数\竟赛数学导引 四年级.pdf
4,竞赛数学导引 四年级,6,抽屉原理,拓展篇,extension,53,14,,0.9989,False,57,medium,counting,,,抽屉原理|组合问题|counting,4年级及以前高思导引拓展篇及以下难度,mid,auto,L3,False,现有10把钥匙分别能开10把锁，但是不知道哪把钥匙能开哪把锁.那么最少要 试验多少次才能保证使全部的钥匙和锁相匹配？,C:\Users\admin\Desktop\试卷分析project\参考教材\奥数\竟赛数学导引 四年级.pdf
4,竞赛数学导引 四年级,6,抽屉原理,超越篇,challenge,53,1,,0.9981,False,71,medium,counting,,,抽屉原理|counting,高思导引超越篇难度,high,auto,L4,False,体育馆里有足球、篮球和排球3种球，一个班的50名学生去借球，每人最少借1 个，最多可以借2个.请问：最少有多少名学生借到球的数量和种类完全一样？,C:\Users\admin\Desktop\试卷分析project\参考教材\奥数\竟赛数学导引 四年级.pdf
4,竞赛数学导引 四年级,6,抽屉原理,超越篇,challenge,54,2,★,0.9858,False,72,medium,counting,,,抽屉原理|counting,高思导引超越篇难度,high,auto,L4,False,把31个桃子分给若干只猴子，每只猴子分得的桃子不超过3个.那么至少有几只 猴子分得的桃子一样多？ 找到6个1连排在一起.问：其中最少有多少个数是1？,C:\Users\admin\Desktop\试卷分析project\参考教材\奥数\竟赛数学导引 四年级.pdf
4,竞赛数学导引 四年级,6,抽屉原理,超越篇,challenge,54,4,,0.9834,False,160,very_long,counting,,,抽屉原理|counting,高思导引超越篇难度,high,auto,L4,False,"有一个大口袋，里面装着许多球，每个球上写着一个数字，其中写0的有1个，写1 的有2个，写2的有3个.…写9的有10个.如果闭着眼睛从袋中取球，那么至少要取出多少 个球，才能保证取出的球中必有3个球上面的数字恰好组成678？（考虑“9""倒过来看是“6"") 能满足要求？如果还要保证另一种颜色的球不少于3个，则至少要取出多少个球？",C:\Users\admin\Desktop\试卷分析project\参考教材\奥数\竟赛数学导引 四年级.pdf
4,竞赛数学导引 四年级,6,抽屉原理,超越篇,challenge,54,6,★,0.9917,False,48,medium,counting,,,抽屉原理|counting,高思导引超越篇难度,high,auto,L4,False,50个苹果分给8个小朋友，那么分到苹果最多的小朋友至少分到几个？如果1号 多的小朋友至少分到几个？,C:\Users\admin\Desktop\试卷分析project\参考教材\奥数\竟赛数学导引 四年级.pdf
4,竞赛数学导引 四年级,6,抽屉原理,超越篇,challenge,54,7,,0.9991,False,43,short,geometry,,,抽屉原理|geometry,高思导引超越篇难度,high,auto,L4,False,888名学生站成一个圆圈，如果任意连续32人中，至多有9名男生，那么男生最多 有多少人？,C:\Users\admin\Desktop\试卷分析project\参考教材\奥数\竟赛数学导引 四年级.pdf
4,竞赛数学导引 四年级,6,抽屉原理,超越篇,challenge,54,8,★,0.9896,False,38,short,counting,,,抽屉原理|counting,高思导引超越篇难度,high,auto,L4,False,新春佳节，商场举办抽奖活动，抽奖箱中有5种不同颜色的奖券，分别有32、30、,C:\Users\admin\Desktop\试卷分析project\参考教材\奥数\竟赛数学导引 四年级.pdf
4,竞赛数学导引 四年级,6,抽屉原理,超越篇,challenge,54,28,,0.9983,False,139,very_long,counting,,,抽屉原理|组合问题|counting,高思导引超越篇难度,high,auto,L4,False,24张.每次可以抽出任意多张，但每抽出一张就要付2元钱.奖励方式如下：用15张 同色的奖券换一架相同颜色的飞机模型，用11张同色的奖券换一架相同颜色的坦克模型，用 4张同色的奖券换一架相同颜色的摩托车模型.请问：至少要付多少元钱，才能保证可以换到 三种模型，且三种模型的颜色互不相同？,C:\Users\admin\Desktop\试卷分析project\参考教材\奥数\竟赛数学导引 四年级.pdf
4,竞赛数学导引 四年级,7,直线形计算一,兴趣篇,interest,55,1,★★,0.99,True,65,medium,calculation,,has_diagram,直线形计算一|calculation,4年级及以前高思导引拓展篇及以下难度,low,review,L1,False,"如图7-1，由16个同样大小的正方形组成一个“5""字.如果这个图形的周长是102 厘米，那么它的面积是多少平方厘米？ 图7-1 图7-2",C:\Users\admin\Desktop\试卷分析project\参考教材\奥数\竟赛数学导引 四年级.pdf
4,竞赛数学导引 四年级,7,直线形计算一,兴趣篇,interest,55,2,★★,0.9937,True,98,long,calculation,,has_diagram,直线形计算一|calculation,4年级及以前高思导引拓展篇及以下难度,low,review,L2,False,如图7-2，用两块长方形纸片和一块小正方形纸片拼成了一个大正方形纸片，其中 小正方形纸片的面积是49平方厘米，其中一个长方形纸片的面积是28平方厘米.那么最后 拼成的大正方形纸片的面积是多少平方厘米？,C:\Users\admin\Desktop\试卷分析project\参考教材\奥数\竟赛数学导引 四年级.pdf
4,竞赛数学导引 四年级,7,直线形计算一,兴趣篇,interest,"55,56",3,★,0.9947,True,69,medium,calculation,,has_diagram|cross_page_question,直线形计算一|calculation,4年级及以前高思导引拓展篇及以下难度,low,review,L1,False,如图7-3，小、中、大三个正方形从左到右依次紧挨着摆放，边长分别是3、7、9.那 么图中两个阴影平行四边形的面积分别是多少？ 图7-3 图7-4,C:\Users\admin\Desktop\试卷分析project\参考教材\奥数\竟赛数学导引 四年级.pdf
4,竞赛数学导引 四年级,7,直线形计算一,兴趣篇,interest,56,4,★,0.9884,True,50,medium,calculation,,has_diagram,直线形计算一|calculation,4年级及以前高思导引拓展篇及以下难度,low,review,L1,False,"如图7-4,大正方形的边长是8厘米，小正方形的边长是6厘米.请问：图中阴影部 分的面积是多少平方厘米？",C:\Users\admin\Desktop\试卷分析project\参考教材\奥数\竟赛数学导引 四年级.pdf
4,竞赛数学导引 四年级,7,直线形计算一,兴趣篇,interest,56,5,★★,0.9864,True,71,medium,calculation,,has_diagram,直线形计算一|calculation,4年级及以前高思导引拓展篇及以下难度,low,review,L1,False,如图7-5，四个边长为6的小正方形拼成了一个大正方形，分别取每个小正方形的 上下边的中点，如图连结.问：阴影部分的面积是多少？ 图7-5 图7-.6,C:\Users\admin\Desktop\试卷分析project\参考教材\奥数\竟赛数学导引 四年级.pdf
4,竞赛数学导引 四年级,7,直线形计算一,兴趣篇,interest,56,6,★★,0.994,True,91,long,calculation,,has_diagram,直线形计算一|calculation,4年级及以前高思导引拓展篇及以下难度,low,review,L2,False,如图7-6，从梯形ABCD中分出两个平行四边形ABEF和CDFG，其中ABEF的 面积是60平方米，且AF的长度为10米，FD的长度为4米.那么平行四边形CDFG的面积 等于多少平方米？,C:\Users\admin\Desktop\试卷分析project\参考教材\奥数\竟赛数学导引 四年级.pdf
4,竞赛数学导引 四年级,7,直线形计算一,兴趣篇,interest,56,7,★★,0.98,True,75,medium,calculation,,has_diagram,直线形计算一|calculation,4年级及以前高思导引拓展篇及以下难度,low,review,L1,False,如图7-7，把大、小两个正方形拼在一起，它们的边长分别是8厘米和6厘米.那么 图(1)和图(2)中阴影部分的面积分别是多少平方厘米？ (1) (2) 图7-7,C:\Users\admin\Desktop\试卷分析project\参考教材\奥数\竟赛数学导引 四年级.pdf
4,竞赛数学导引 四年级,7,直线形计算一,兴趣篇,interest,"56,57",8,,0.9935,True,53,medium,calculation,,has_diagram|cross_page_question,直线形计算一|calculation,4年级及以前高思导引拓展篇及以下难度,low,review,L1,False,如图7-8，在正方形ABCD中，对角线AC的长度为8厘米.那么正方形的面积是 多少平方厘米？ 图7-8 图7-9,C:\Users\admin\Desktop\试卷分析project\参考教材\奥数\竟赛数学导引 四年级.pdf
4,竞赛数学导引 四年级,7,直线形计算一,兴趣篇,interest,57,9,★★,0.9856,True,74,medium,calculation,,has_diagram,直线形计算一|calculation,4年级及以前高思导引拓展篇及以下难度,low,review,L1,False,如图7-9，平行四边形ABCD中，AD为20厘米，高CH为9厘米；E是底边BC上 的一点，且BE为6厘米.那么两个阴影三角形的面积之和是多少平方厘米？,C:\Users\admin\Desktop\试卷分析project\参考教材\奥数\竟赛数学导引 四年级.pdf
4,竞赛数学导引 四年级,7,直线形计算一,兴趣篇,interest,57,10,★★,0.9649,True,111,long,calculation,,has_diagram,直线形计算一|几何问题|calculation,4年级及以前高思导引拓展篇及以下难度,low,review,L2,False,如图7-10，在平行四边形ABCD中，三角形 BCE的面积是42平方厘米，BC的长度为14厘米，AE 的长度为9厘米.那么：(1)平行四边形ABCD的面积是 多少平方厘米？（2)三角形ECD的面积又是多少平方 B C 厘米？ 图7-10,C:\Users\admin\Desktop\试卷分析project\参考教材\奥数\竟赛数学导引 四年级.pdf
4,竞赛数学导引 四年级,7,直线形计算一,拓展篇,extension,57,1,★★,0.9841,True,152,very_long,calculation,,has_diagram,直线形计算一|calculation,4年级及以前高思导引拓展篇及以下难度,mid,review,L4,False,如图7-11，有一块长方形田地被分成了五小块，分别栽种了茄子、黄瓜、豆角、莴笋 和苦瓜，其中裁种茄子的面积是16平方米，栽种黄瓜的面积是28平方米，栽种豆角的面积是 32平方米，栽种莴笋的面积是72平方米，而且左上角裁种茄子的田地恰好是一个正方形.请 问：剩下的栽种苦瓜的面积是多少？ 正方形 图7-11 图7-12,C:\Users\admin\Desktop\试卷分析project\参考教材\奥数\竟赛数学导引 四年级.pdf
4,竞赛数学导引 四年级,7,直线形计算一,拓展篇,extension,57,2,★,0.9832,True,64,medium,calculation,,has_diagram,直线形计算一|calculation,4年级及以前高思导引拓展篇及以下难度,mid,review,L3,False,如图7-12，校园中间有个正方形花坛，花坛的四周铺了1米宽的水泥路.如果水泥 路的总面积是24平方米，那么花坛的面积是多少平方米？,C:\Users\admin\Desktop\试卷分析project\参考教材\奥数\竟赛数学导引 四年级.pdf
4,竞赛数学导引 四年级,7,直线形计算一,拓展篇,extension,58,3,★,0.9759,True,66,medium,calculation,,has_diagram,直线形计算一|calculation,4年级及以前高思导引拓展篇及以下难度,mid,review,L3,False,如图7－13，8个同样大小的小长方形拼成了一个大长方形.已知大长方形的周长 是84厘米，那么大长方形的面积是多少？ 图7-13 图 7-14,C:\Users\admin\Desktop\试卷分析project\参考教材\奥数\竟赛数学导引 四年级.pdf
4,竞赛数学导引 四年级,7,直线形计算一,拓展篇,extension,58,4,,0.991,True,45,medium,calculation,,has_diagram,直线形计算一|calculation,4年级及以前高思导引拓展篇及以下难度,mid,review,L3,False,"如图7-14,两个边长10厘米的正方形相互错开3厘米.那么图中阴影平行四边形 的面积是多少？",C:\Users\admin\Desktop\试卷分析project\参考教材\奥数\竟赛数学导引 四年级.pdf
4,竞赛数学导引 四年级,7,直线形计算一,拓展篇,extension,58,5,★★,0.9836,True,63,medium,calculation,,has_diagram,直线形计算一|calculation,4年级及以前高思导引拓展篇及以下难度,mid,review,L3,False,如图7-15，两个直角三角形拼成一个四边形，然后在其中添加了阴影部分.请按照 图中给出的线段长度，求出阴影部分的面积。 图7-15,C:\Users\admin\Desktop\试卷分析project\参考教材\奥数\竟赛数学导引 四年级.pdf
4,竞赛数学导引 四年级,7,直线形计算一,拓展篇,extension,58,6,★,0.9901,True,99,long,calculation,,has_diagram,直线形计算一|calculation,4年级及以前高思导引拓展篇及以下难度,mid,review,L4,False,如图7-16，长方形ABCD的长为18厘米，宽为10厘米，P是BC上一点，且CP为4 厘米.又已知E、F、G分别是AB、AD、CD边上的中点，那么阴影部分的总面积是多少平方 厘米？ B 图7-16 图7-17,C:\Users\admin\Desktop\试卷分析project\参考教材\奥数\竟赛数学导引 四年级.pdf
4,竞赛数学导引 四年级,7,直线形计算一,拓展篇,extension,58,7,★,0.9911,True,87,medium,calculation,,has_diagram,直线形计算一|calculation,4年级及以前高思导引拓展篇及以下难度,mid,review,L3,False,如图7-17，正方形ABCD被两条平行的直线截成了面积相等的3个部分，其中 上、下两个部分都是等腰直角三角形.已知两条截线的长度都是6厘米，那么整个正方形的面 积是多少平方厘米？,C:\Users\admin\Desktop\试卷分析project\参考教材\奥数\竟赛数学导引 四年级.pdf
4,竞赛数学导引 四年级,7,直线形计算一,拓展篇,extension,59,8,,0.9948,True,69,medium,calculation,,has_diagram,直线形计算一|calculation,4年级及以前高思导引拓展篇及以下难度,mid,review,L3,False,如图7-18，ABFE和CDEF都是长方形，AB的长是4厘米，BC的长是3厘米.那 么图中阴影部分的面积是多少平方厘米？ 图7-18 图7-19,C:\Users\admin\Desktop\试卷分析project\参考教材\奥数\竟赛数学导引 四年级.pdf
4,竞赛数学导引 四年级,7,直线形计算一,拓展篇,extension,59,9,★★,0.9764,True,75,medium,calculation,,has_diagram,直线形计算一|calculation,4年级及以前高思导引拓展篇及以下难度,mid,review,L3,False,"如图7-19,平行四边形ABCD的面积是32平方厘米，三角形CED是一个直角三 角形.已知AE=5厘米，CE=4厘米，那么阴影部分的面积是多少平方厘米？",C:\Users\admin\Desktop\试卷分析project\参考教材\奥数\竟赛数学导引 四年级.pdf
4,竞赛数学导引 四年级,7,直线形计算一,拓展篇,extension,59,10,,0.9954,True,91,long,calculation,,has_diagram,直线形计算一|calculation,4年级及以前高思导引拓展篇及以下难度,mid,review,L4,False,如图7-20，把小正方形的每边延长2厘米后，得到一个大正方形，大正方形的面 积比小正方形的面积大36平方厘米.那么小正方形的边长是多少厘米？ 每边延长2厘米 面积增加36平方厘米 图7-20,C:\Users\admin\Desktop\试卷分析project\参考教材\奥数\竟赛数学导引 四年级.pdf
4,竞赛数学导引 四年级,7,直线形计算一,拓展篇,extension,59,11,,0.9262,True,91,long,calculation,,has_diagram,直线形计算一|calculation,4年级及以前高思导引拓展篇及以下难度,mid,review,L4,False,如图7-21，小正方形ABCD放在大正方形EFGH的上面.已知小正方形的边长 为4厘米，且梯形AEHD的面积是28平方厘米，那么梯形AFGD的面积是多少平方厘米？ 图7-21 D 图7-22,C:\Users\admin\Desktop\试卷分析project\参考教材\奥数\竟赛数学导引 四年级.pdf
4,竞赛数学导引 四年级,7,直线形计算一,拓展篇,extension,59,12,,0.9902,True,67,medium,calculation,,has_diagram,直线形计算一|calculation,4年级及以前高思导引拓展篇及以下难度,mid,review,L3,False,如图7-22，在直角梯形ABCD中，三角形ABE和三角形CDE都是等腰直角三 角形，且BC=20厘米.那么直角梯形ABCD的面积是多少？,C:\Users\admin\Desktop\试卷分析project\参考教材\奥数\竟赛数学导引 四年级.pdf
4,竞赛数学导引 四年级,7,直线形计算一,拓展篇,extension,60,13,,0.9932,True,91,long,calculation,,has_diagram,直线形计算一|calculation,4年级及以前高思导引拓展篇及以下难度,mid,review,L4,False,如图7-23，平行四边形的一边长为15厘米，这条边上的高为6厘米，一条线段将 此平行四边形分成了两部分，它们的面积相差18平方厘米.请问：其中梯形的上底是多少厘米？ 图7-23 图7-24,C:\Users\admin\Desktop\试卷分析project\参考教材\奥数\竟赛数学导引 四年级.pdf
4,竞赛数学导引 四年级,7,直线形计算一,拓展篇,extension,60,14,★,0.9862,True,78,medium,calculation,,has_diagram,直线形计算一|几何问题|calculation,4年级及以前高思导引拓展篇及以下难度,mid,review,L3,False,如图7-24，梯形ABCD的上底AD长5厘米，下底BC长12厘米，腰CD的长为 8厘米，过B点向CD作出的垂线BE的长为9厘米.那么梯形ABCD的面积是多少？,C:\Users\admin\Desktop\试卷分析project\参考教材\奥数\竟赛数学导引 四年级.pdf
4,竞赛数学导引 四年级,7,直线形计算一,超越篇,challenge,60,1,,0.9928,False,79,medium,calculation,,,直线形计算一|calculation,高思导引超越篇难度,high,auto,L4,False,"图7-25中有3个大小不同的正方形，其中大正方形的周长比小正方形的周长大 8,大正方形的面积比中正方形的面积大12.问大正方形的面积是多少？ 图7-25 图7-26",C:\Users\admin\Desktop\试卷分析project\参考教材\奥数\竟赛数学导引 四年级.pdf
4,竞赛数学导引 四年级,7,直线形计算一,超越篇,challenge,60,2,,0.9939,True,85,medium,calculation,recursive_or_sequence,has_diagram,直线形计算一|calculation|recursive_or_sequence,高思导引超越篇难度,high,review,L4,False,如图7-26，中、小两个正方形把大正方形分成了3个部分，外层环形部分的面积为 168，中层环形部分的面积为96.如果3个正方形的边长构成等差数列，那么大正方形的面积 是多少？,C:\Users\admin\Desktop\试卷分析project\参考教材\奥数\竟赛数学导引 四年级.pdf
4,竞赛数学导引 四年级,7,直线形计算一,超越篇,challenge,60,3,★,0.9764,True,96,long,calculation,,has_diagram,直线形计算一|calculation,高思导引超越篇难度,high,review,L4,False,如图7-27是一块正方形地砖示意图，其中AA=AA2= BB=BB2=CC=CC2=DD，=DD2，红色小正方形的面积是4，4 块绿色小三角形的面积总和是18，求大正方形ABCD的面积. 图7-27,C:\Users\admin\Desktop\试卷分析project\参考教材\奥数\竟赛数学导引 四年级.pdf
4,竞赛数学导引 四年级,7,直线形计算一,超越篇,challenge,61,4,★,0.9912,True,62,medium,calculation,,has_diagram,直线形计算一|calculation,高思导引超越篇难度,high,review,L4,False,如图7-28，梯形ABCD面积为45，BC=10， 高为6.已知三角形ADE的面积为5，则三角形BEC的面 积是多少？ 图7-28,C:\Users\admin\Desktop\试卷分析project\参考教材\奥数\竟赛数学导引 四年级.pdf
4,竞赛数学导引 四年级,7,直线形计算一,超越篇,challenge,61,5,,0.9902,True,84,medium,calculation,,has_diagram,直线形计算一|calculation,高思导引超越篇难度,high,review,L4,False,如图7-29，直角梯形ABCD中，AB=15厘米，BC=12厘米，AF垂直于AB， 阴影部分的面积为15平方厘米.问梯形ABCD的面积是多少平方厘米？ 图7-29 图7-30,C:\Users\admin\Desktop\试卷分析project\参考教材\奥数\竟赛数学导引 四年级.pdf
4,竞赛数学导引 四年级,7,直线形计算一,超越篇,challenge,61,6,★,0.9901,True,80,medium,calculation,,has_diagram,直线形计算一|calculation,高思导引超越篇难度,high,review,L4,False,如图7-30，ABCD是梯形，ABFD是平行四边形，CDEF是正方形，AGHF是长方 形.又知AD=14厘米，BC=22厘米，那么阴影部分的总面积是多少平方厘米？,C:\Users\admin\Desktop\试卷分析project\参考教材\奥数\竟赛数学导引 四年级.pdf
4,竞赛数学导引 四年级,7,直线形计算一,超越篇,challenge,61,7,★,0.9909,True,83,medium,calculation,,has_diagram,直线形计算一|calculation,高思导引超越篇难度,high,review,L4,False,如图7-31，ABCD是一个长方形，E点在CD的延长线上.已知AB=5，BC= 12，且三角形AFE的面积等于20，那么三角形CFE的面积等于多少？ 图7-31 图7-32,C:\Users\admin\Desktop\试卷分析project\参考教材\奥数\竟赛数学导引 四年级.pdf
4,竞赛数学导引 四年级,7,直线形计算一,超越篇,challenge,61,8,,0.993,True,94,long,calculation,,has_diagram,直线形计算一|几何问题|calculation,高思导引超越篇难度,high,review,L4,False,如图7-32，等腰梯形ABCD中，交于O点的两条对角线互相垂直，三角形ECB 是直角三角形，OC比AO长20厘米.已知三角形ADE的面积是250平方厘米，则梯形 ABCD的面积为多少平方厘米？,C:\Users\admin\Desktop\试卷分析project\参考教材\奥数\竟赛数学导引 四年级.pdf
4,竞赛数学导引 四年级,8,和差倍问题三,兴趣篇,interest,62,1,★★,0.9862,False,84,medium,general,,,和差倍问题三|general,4年级及以前高思导引拓展篇及以下难度,low,auto,L1,False,有长、短两根竹竿，长竹竿的长度是短竹竿长度的3倍，将它们插入水塘中，插人水 中的长度都是40厘米，而露出水面部分的总长为160厘米.请问：短竹竿露在外面的长度是 多少厘米？,C:\Users\admin\Desktop\试卷分析project\参考教材\奥数\竟赛数学导引 四年级.pdf
4,竞赛数学导引 四年级,8,和差倍问题三,兴趣篇,interest,62,2,★★,0.9879,False,121,very_long,general,,,和差倍问题三|general,4年级及以前高思导引拓展篇及以下难度,low,auto,L3,False,李师傅某天生产了一批零件，他把它们分成了甲、乙两堆.如果从甲堆中拿出15个 放到乙堆中，则两堆零件的个数相等；如果从乙堆中拿出15个放到甲堆中，则甲堆零件的个 数是乙堆的3倍.问：(1)甲堆原来有零件多少个？(2)李师傅这一天共生产了多少个零件？,C:\Users\admin\Desktop\试卷分析project\参考教材\奥数\竟赛数学导引 四年级.pdf
4,竞赛数学导引 四年级,8,和差倍问题三,兴趣篇,interest,62,3,★★,0.9886,False,85,medium,general,,,和差倍问题三|general,4年级及以前高思导引拓展篇及以下难度,low,auto,L1,False,爸爸和小高一起搬砖头，爸爸所搬的砖头数是小高的3倍.小高觉得自已搬的砖头 太少了，又搬了24块砖头，于是爸爸所搬的砖头数是小高的2倍.请问：最后爸爸和小高各搬 了多少块砖头？,C:\Users\admin\Desktop\试卷分析project\参考教材\奥数\竟赛数学导引 四年级.pdf
4,竞赛数学导引 四年级,8,和差倍问题三,兴趣篇,interest,63,4,★,0.9882,False,69,medium,general,,,和差倍问题三|general,4年级及以前高思导引拓展篇及以下难度,low,auto,L1,False,阿呆和阿瓜回收矿泉水瓶，一开始阿呆回收的是阿瓜的4倍，后来阿瓜又多回收了 15个，结果阿呆就只是阿瓜的2倍了.请问阿呆回收了多少个矿泉水瓶？,C:\Users\admin\Desktop\试卷分析project\参考教材\奥数\竟赛数学导引 四年级.pdf
4,竞赛数学导引 四年级,8,和差倍问题三,兴趣篇,interest,63,5,★★,0.9963,False,105,long,geometry,,,和差倍问题三|geometry,4年级及以前高思导引拓展篇及以下难度,low,auto,L2,False,四年级三班买来单价为5角的练习本若干，如果将这些练习本只分给女生，平均每 人可得15本；如果将这些练习本只分给男生，平均每人可得10本.请问：将这些练习本平均 分给全班同学，每人可以得到多少本？此时每人应付多少钱？,C:\Users\admin\Desktop\试卷分析project\参考教材\奥数\竟赛数学导引 四年级.pdf
4,竞赛数学导引 四年级,8,和差倍问题三,兴趣篇,interest,63,6,★★,0.989,False,83,medium,general,,,和差倍问题三|general,4年级及以前高思导引拓展篇及以下难度,low,auto,L1,False,有甲、乙、丙三所小学的同学来参加“幼苗杯”数学邀请赛，其中甲校参赛人数比乙 校多5人，比丙校多7人.如果乙、丙两校一共有40人参加比赛，那么三所学校各有多少人参 加比赛？,C:\Users\admin\Desktop\试卷分析project\参考教材\奥数\竟赛数学导引 四年级.pdf
4,竞赛数学导引 四年级,8,和差倍问题三,兴趣篇,interest,63,7,★★,0.9979,False,41,short,general,,,和差倍问题三|general,4年级及以前高思导引拓展篇及以下难度,low,auto,L1,False,甲班比乙班多3人，丙班比丁班多9人，甲班和丁班共有87人.那么这四个班共有 多少人？,C:\Users\admin\Desktop\试卷分析project\参考教材\奥数\竟赛数学导引 四年级.pdf
4,竞赛数学导引 四年级,8,和差倍问题三,兴趣篇,interest,63,8,,0.9961,False,52,medium,general,,,和差倍问题三|general,4年级及以前高思导引拓展篇及以下难度,low,auto,L1,False,有三个箱子，如果两箱两箱地称它们的重量，分别是83千克、85千克和86千克 问：其中最轻的箱子重多少千克？,C:\Users\admin\Desktop\试卷分析project\参考教材\奥数\竟赛数学导引 四年级.pdf
4,竞赛数学导引 四年级,8,和差倍问题三,兴趣篇,interest,63,9,,0.9955,False,147,very_long,general,,,和差倍问题三|general,4年级及以前高思导引拓展篇及以下难度,low,auto,L3,False,萱萱和妈妈一起去家具城挑选客厅的桌椅，她们看中了两款，这两款桌椅都包含1 张桌子和若干把椅子，其中桌子的价钱一样，每把椅子的价钱也一样.第一款桌椅中有6把椅 子，总价为700元；第二款桌椅中有9把椅子，总价为970元.请问：1张桌子的价钱是多少元？ 萝卜吃完.问小白兔与小黑兔一共采摘了多少个胡萝下？,C:\Users\admin\Desktop\试卷分析project\参考教材\奥数\竟赛数学导引 四年级.pdf
4,竞赛数学导引 四年级,8,和差倍问题三,拓展篇,extension,64,1,★★,0.9967,False,162,very_long,general,,,和差倍问题三|general,4年级及以前高思导引拓展篇及以下难度,mid,auto,L4,False,李师傅要将甲、乙两种零件加工成产品，开始时甲零件的数量是乙零件的2倍，而 每件产品需要5个甲零件和2个乙零件，加工了30件产品后，剩下的甲、乙零件数量相等.请 问：李师傅还可以加工成几件产品？ 旗，每条边上的红旗数目一样多，并且每两面红旗间插有相同数目的黄旗.已知每条边上黄旗 比红旗的2倍还多12面，那么每两面红旗间插有几面黄旗？,C:\Users\admin\Desktop\试卷分析project\参考教材\奥数\竟赛数学导引 四年级.pdf
4,竞赛数学导引 四年级,8,和差倍问题三,拓展篇,extension,64,3,★★,0.997,False,75,medium,general,,,和差倍问题三|general,4年级及以前高思导引拓展篇及以下难度,mid,auto,L3,False,学校门口放有红、黄、蓝三种颜色的花，其中黄花的盆数最多，既是红花盆数的4 倍，也是蓝花盆数的3倍.如果蓝花比红花多20盆，请问：学校门口一共有多少盆花？,C:\Users\admin\Desktop\试卷分析project\参考教材\奥数\竟赛数学导引 四年级.pdf
4,竞赛数学导引 四年级,8,和差倍问题三,拓展篇,extension,64,4,★,0.9932,False,178,very_long,general,,,和差倍问题三|general,4年级及以前高思导引拓展篇及以下难度,mid,auto,L4,False,动物园的饲养员给三群猴子分花生，如果只分给第一群，则每只猴子可得12粒；如 果只分给第二群，则每只猴子可得15粒；如果只分给第三群，则每只猴子可得20粒.试问：现 在将这些花生平均分给三群猴子，每只猴子可得多少粒？ 5:养鸡场有东、西两院，西院鸡的只数是东院的3倍.一天，有10只鸡从西院跑到东 院，这时西院鸡的数量是东院的2倍.那么，现在东、西两院各有多少只鸡？,C:\Users\admin\Desktop\试卷分析project\参考教材\奥数\竟赛数学导引 四年级.pdf
4,竞赛数学导引 四年级,8,和差倍问题三,拓展篇,extension,64,6,★,0.9947,False,119,long,general,,,和差倍问题三|general,4年级及以前高思导引拓展篇及以下难度,mid,auto,L4,False,爸爸和小高一起搬砖头，原计划爸爸搬其中的一些，小高搬剩余的砖头.父子二人 发现，如果爸爸帮小高搬10块，那么爸爸所搬的砖头数是小高的5倍；如果小高帮爸爸搬10 块，那么爸爸所搬的砖头数是小高的2倍.问原计划爸爸搬多少块砖头，小高搬多少块砖头？,C:\Users\admin\Desktop\试卷分析project\参考教材\奥数\竟赛数学导引 四年级.pdf
4,竞赛数学导引 四年级,8,和差倍问题三,拓展篇,extension,64,7,★★,0.9919,False,42,short,general,,,和差倍问题三|general,4年级及以前高思导引拓展篇及以下难度,mid,auto,L3,False,甲班和乙班共83人，乙班和丙班共86人，丙班和丁班共88人.问：甲班和丁班共 多少人？,C:\Users\admin\Desktop\试卷分析project\参考教材\奥数\竟赛数学导引 四年级.pdf
4,竞赛数学导引 四年级,8,和差倍问题三,拓展篇,extension,65,8,,0.9982,False,134,very_long,general,,,和差倍问题三|general,4年级及以前高思导引拓展篇及以下难度,mid,auto,L4,False,卡莉娅、小高、墨莫三人去称体重，由于秤出了点问题，只能准确称出60千克与90 千克之间的重量，因此他们三人只能两个两个称重.如果卡莉娅和小高一起称，总重量是73 千克；小高和墨莫一起称，总重量是80千克；墨莫和卡莉娅一起称，总重量是75千克.那么三 人的体重分别是多少千克？,C:\Users\admin\Desktop\试卷分析project\参考教材\奥数\竟赛数学导引 四年级.pdf
4,竞赛数学导引 四年级,8,和差倍问题三,拓展篇,extension,65,9,,0.998,False,90,long,general,,,和差倍问题三|general,4年级及以前高思导引拓展篇及以下难度,mid,auto,L4,False,四年级有甲、乙、丙、丁四个班.不算甲班，其余三个班的总人数是131人；不算丁 班，其余三个班的总人数是134人；乙、丙两班的总人数比甲、丁两班的总人数少1人.问：这 四个班共有多少人？,C:\Users\admin\Desktop\试卷分析project\参考教材\奥数\竟赛数学导引 四年级.pdf
4,竞赛数学导引 四年级,8,和差倍问题三,拓展篇,extension,65,10,,0.9955,False,52,medium,general,defined_operation,,和差倍问题三|general|defined_operation,4年级及以前高思导引拓展篇及以下难度,mid,auto,L3,False,某学生到工厂勤工俭学，按合同规定，干满30天，工厂将给他一套工作服和70元 钱.请问：这套工作服值多少元？,C:\Users\admin\Desktop\试卷分析project\参考教材\奥数\竟赛数学导引 四年级.pdf
4,竞赛数学导引 四年级,8,和差倍问题三,拓展篇,extension,65,11,,0.996,False,73,medium,general,,,和差倍问题三|general,4年级及以前高思导引拓展篇及以下难度,mid,auto,L3,False,卡莉娅和墨莫看同一本小说，卡莉娅打算第一天看50页，接着每天看15页，墨莫 则打算每天看22页，最后两人正好在同一天看完.那么这本小说一共有多少页？,C:\Users\admin\Desktop\试卷分析project\参考教材\奥数\竟赛数学导引 四年级.pdf
4,竞赛数学导引 四年级,8,和差倍问题三,拓展篇,extension,65,12,,0.9948,False,101,long,general,,,和差倍问题三|general,4年级及以前高思导引拓展篇及以下难度,mid,auto,L4,False,一家汽车销售店有若干辆福特汽车和丰田汽车等待销售，福特汽车的数量是丰田 汽车的3倍，如果每周销售2辆丰田汽车和4辆福特汽车，那么丰田汽车销售完时还剩下30 辆福特汽车.请问：原有丰田汽车和福特汽车各多少辆？,C:\Users\admin\Desktop\试卷分析project\参考教材\奥数\竟赛数学导引 四年级.pdf
4,竞赛数学导引 四年级,8,和差倍问题三,拓展篇,extension,65,13,,0.9981,False,69,medium,general,,,和差倍问题三|general,4年级及以前高思导引拓展篇及以下难度,mid,auto,L3,False,某食堂买来的大米的袋数是面粉的4倍，该食堂每天消耗面粉20袋，大米60袋， 几天后面粉全部用完，大米还剩下200袋.这个食堂买来大米多少袋？,C:\Users\admin\Desktop\试卷分析project\参考教材\奥数\竟赛数学导引 四年级.pdf
4,竞赛数学导引 四年级,8,和差倍问题三,拓展篇,extension,66,14,★,0.9939,False,115,long,general,,,和差倍问题三|general,4年级及以前高思导引拓展篇及以下难度,mid,auto,L4,False,超市运来一批水果糖和巧克力糖，其中水果糖的颗数比巧克力糖的3倍还多10 颗.售货员将这些糖包装成相同的小袋，每袋装3颗巧克力糖和7颗水果糖，最后巧克力糖全 部装完，水果糖还剩下170颗.请问：这批糖果共有多少颗水果糖，多少颗巧克力糖？,C:\Users\admin\Desktop\试卷分析project\参考教材\奥数\竟赛数学导引 四年级.pdf
4,竞赛数学导引 四年级,8,和差倍问题三,超越篇,challenge,66,1,,0.9974,False,84,medium,calculation,,,和差倍问题三|calculation,高思导引超越篇难度,high,auto,L4,False,在一次速算比赛中，每题的分数是一样的，前20题中，小明做对了15题，余下的题 中，他做对的题仅是做错的一半，最后一共得了50分.如果满分是100分，那么小明做对了多 少题？,C:\Users\admin\Desktop\试卷分析project\参考教材\奥数\竟赛数学导引 四年级.pdf
4,竞赛数学导引 四年级,8,和差倍问题三,超越篇,challenge,66,2,★,0.9933,False,45,medium,general,,,和差倍问题三|general,高思导引超越篇难度,high,auto,L4,False,有4个数，其中每三个数的和分别是45、46、49、52.那么这4个数中最小的一个 数是多少？,C:\Users\admin\Desktop\试卷分析project\参考教材\奥数\竟赛数学导引 四年级.pdf
4,竞赛数学导引 四年级,8,和差倍问题三,超越篇,challenge,66,3,★,0.9976,False,107,long,general,,,和差倍问题三|general,高思导引超越篇难度,high,auto,L4,False,小伟和小杰两人玩游戏牌，第一轮过后，小伟赢了小杰13张牌，这时小伟的牌数是 小杰的2倍少10张；由于得意忘形，小伟在第二、三轮惨败，输了29张牌，结果小杰的牌数反 而是小伟的7倍少10张.求小伟和小杰原来各有多少张牌？,C:\Users\admin\Desktop\试卷分析project\参考教材\奥数\竟赛数学导引 四年级.pdf
4,竞赛数学导引 四年级,8,和差倍问题三,超越篇,challenge,66,4,,0.9993,False,109,long,general,,,和差倍问题三|general,高思导引超越篇难度,high,auto,L4,False,王老师买了一台电视机，购买时可以按以下两种方式付款：第一个月付款750元， 以后每月付150元；或前一半时间每月付300元，后一半时间每月付100元.如果两种付款方 式的付款总数及时间都相同，问：这台电视机的价格是多少元？,C:\Users\admin\Desktop\试卷分析project\参考教材\奥数\竟赛数学导引 四年级.pdf
4,竞赛数学导引 四年级,8,和差倍问题三,超越篇,challenge,66,5,★,0.9972,False,124,very_long,general,,,和差倍问题三|general,高思导引超越篇难度,high,auto,L4,False,甲、乙、丙三人乘坐飞机，三人所带行李的重量都超过了免费重量，超出部分必须另 付行李费，甲付了20元，乙付了40元，丙付了60元，三人的行李共重150千克，如果是一个人 带这些行李出行，就需要支付240元的超重费用.请问：每人可以免费携带多少千克的行李？,C:\Users\admin\Desktop\试卷分析project\参考教材\奥数\竟赛数学导引 四年级.pdf
4,竞赛数学导引 四年级,8,和差倍问题三,超越篇,challenge,67,6,,0.9956,False,79,medium,general,,,和差倍问题三|general,高思导引超越篇难度,high,auto,L4,False,小楠的妈妈买回了若干个橘子和梨，其中橘子的个数是梨的3倍.如果全家每天 吃5个橘子和2个梨，那么一星期后，橘子的个数是梨的4倍少5个.原来橘子和梨分别有多 少个？,C:\Users\admin\Desktop\试卷分析project\参考教材\奥数\竟赛数学导引 四年级.pdf
4,竞赛数学导引 四年级,8,和差倍问题三,超越篇,challenge,67,7,,0.9831,False,175,very_long,general,,,和差倍问题三|general,高思导引超越篇难度,high,auto,L4,False,婪小真、小想和小看讨论买《变形金刚》电影票的事，小真现有的钱数是小想的3倍， 是小看的2倍。 小真说：“如果小想给我15元钱，我就可以买3张电影票.” 小想说：“如果我给小真15元钱，剩下的钱恰好能买3个一样的汉堡.” 小看说：“如果妈妈再给我35元钱，我就刚好能买2张电影票和2个汉堡.” 请问：小真原有多少元钱？他们要买的电影票每张多少元？一个汉堡多少元？,C:\Users\admin\Desktop\试卷分析project\参考教材\奥数\竟赛数学导引 四年级.pdf
4,竞赛数学导引 四年级,8,和差倍问题三,超越篇,challenge,67,8,,0.9975,False,133,very_long,general,,,和差倍问题三|general,高思导引超越篇难度,high,auto,L4,False,现有三堆糖果，其中第一堆的块数比第二堆多，第二堆的块数比第三堆多.如果从 每堆糖果中各取出一块，那么剩下的糖果中，第一堆的块数是第二堆的3倍；如果从每堆糖果 中各取出同样多块，使得第一堆还剩下32块，则第二堆剩下的糖果数是第三堆的2倍.问：原 来三堆糖果总共最多有多少块？,C:\Users\admin\Desktop\试卷分析project\参考教材\奥数\竟赛数学导引 四年级.pdf
4,竞赛数学导引 四年级,9,还原问题与年龄问题,兴趣篇,interest,68,1,★,0.9919,False,36,short,logic,,,还原问题与年龄问题|logic,4年级及以前高思导引拓展篇及以下难度,low,auto,L1,False,某数加上6，再乘以6，再减去6，再除以6，其结果等于6.则这个数是多少？,C:\Users\admin\Desktop\试卷分析project\参考教材\奥数\竟赛数学导引 四年级.pdf
4,竞赛数学导引 四年级,9,还原问题与年龄问题,兴趣篇,interest,68,2,★★,0.9956,False,112,long,logic,,,还原问题与年龄问题|logic,4年级及以前高思导引拓展篇及以下难度,low,auto,L2,False,有一个人非常喜欢喝酒，他每经过一个酒店都要买酒喝.这个人出门带了一个酒葫 芦，看到一个酒店就把酒葫芦中的酒加一倍，然后喝下8两酒.这天他一共遇到3家酒店，在 最后一家酒店喝完酒后，葫芦里的酒刚好喝完.问：原来酒葫芦里有多少两酒？,C:\Users\admin\Desktop\试卷分析project\参考教材\奥数\竟赛数学导引 四年级.pdf
4,竞赛数学导引 四年级,9,还原问题与年龄问题,兴趣篇,interest,68,3,,0.9921,False,116,long,logic,,,还原问题与年龄问题|logic,4年级及以前高思导引拓展篇及以下难度,low,auto,L2,False,三棵树上原来共有48只鸟，后来，第一棵树上有一半的鸟飞到了第二棵树上；之 后，第二棵树上又有与第三棵树上同样数目的鸟飞到了第三棵树上；最后，第三棵树上又有10 只鸟飞到了第一棵树上，此时三棵树上的鸟一样多.问：一开始三棵树上各有几只鸟？,C:\Users\admin\Desktop\试卷分析project\参考教材\奥数\竟赛数学导引 四年级.pdf
4,竞赛数学导引 四年级,9,还原问题与年龄问题,兴趣篇,interest,68,4,,0.998,False,67,medium,logic,,,还原问题与年龄问题|logic,4年级及以前高思导引拓展篇及以下难度,low,auto,L1,False,一个数，如果它是奇数，就把它扩大1倍；如果它是偶数，就把它减去5.这样称作 一次操作，经过8次操作后得到的数是37.那么开始的数是多少？,C:\Users\admin\Desktop\试卷分析project\参考教材\奥数\竟赛数学导引 四年级.pdf
4,竞赛数学导引 四年级,9,还原问题与年龄问题,兴趣篇,interest,69,5,★★,0.9819,False,36,short,logic,,,还原问题与年龄问题|logic,4年级及以前高思导引拓展篇及以下难度,low,auto,L1,False,1997年张伯伯45岁，小方9岁.在哪一年张伯伯的年龄是小方年龄的4倍？,C:\Users\admin\Desktop\试卷分析project\参考教材\奥数\竟赛数学导引 四年级.pdf
4,竞赛数学导引 四年级,9,还原问题与年龄问题,兴趣篇,interest,69,6,★★,0.9954,False,47,medium,logic,,,还原问题与年龄问题|logic,4年级及以前高思导引拓展篇及以下难度,low,auto,L1,False,今年，小明的年龄等于他父母的年龄差；4年后，小明的年龄等于他父母年龄差的3 倍.今年小明多少岁？,C:\Users\admin\Desktop\试卷分析project\参考教材\奥数\竟赛数学导引 四年级.pdf
4,竞赛数学导引 四年级,9,还原问题与年龄问题,兴趣篇,interest,69,7,★★,0.9936,False,48,medium,logic,,,还原问题与年龄问题|logic,4年级及以前高思导引拓展篇及以下难度,low,auto,L1,False,今年，父亲年龄是儿子年龄的5倍；15年后，父亲年龄是儿子年龄的2倍.问：现在 父子的年龄各是多少？,C:\Users\admin\Desktop\试卷分析project\参考教材\奥数\竟赛数学导引 四年级.pdf
4,竞赛数学导引 四年级,9,还原问题与年龄问题,兴趣篇,interest,69,8,,0.9792,False,61,medium,logic,,,还原问题与年龄问题|logic,4年级及以前高思导引拓展篇及以下难度,low,auto,L1,False,学生问老师多少岁，老师说：“当我像你这么大时，你刚3岁；当你像我这么大时，我 已经39岁了.”求老师和学生现在的年龄。 出生？,C:\Users\admin\Desktop\试卷分析project\参考教材\奥数\竟赛数学导引 四年级.pdf
4,竞赛数学导引 四年级,9,还原问题与年龄问题,兴趣篇,interest,69,10,,0.9951,False,56,medium,logic,,,还原问题与年龄问题|logic,4年级及以前高思导引拓展篇及以下难度,low,auto,L1,False,今年，王伯伯的年龄比萱萱、墨莫、小高三人年龄的总和还多6岁.多少年后，王伯 伯的年龄将比他们三人年龄的总和少6岁？,C:\Users\admin\Desktop\试卷分析project\参考教材\奥数\竟赛数学导引 四年级.pdf
4,竞赛数学导引 四年级,9,还原问题与年龄问题,拓展篇,extension,69,1,★,0.9923,False,43,short,number_theory,,,还原问题与年龄问题|number_theory,4年级及以前高思导引拓展篇及以下难度,mid,auto,L3,False,有一个数，把它加上37，再乘以18，减去323，得到的结果用23去除，商是16，余数是,C:\Users\admin\Desktop\试卷分析project\参考教材\奥数\竟赛数学导引 四年级.pdf
4,竞赛数学导引 四年级,9,还原问题与年龄问题,拓展篇,extension,69,11,,0.9931,False,9,short,logic,,short_question_text,还原问题与年龄问题|logic,4年级及以前高思导引拓展篇及以下难度,mid,unsafe,L3,False,这个数原来是多少？,C:\Users\admin\Desktop\试卷分析project\参考教材\奥数\竟赛数学导引 四年级.pdf
4,竞赛数学导引 四年级,9,还原问题与年龄问题,拓展篇,extension,69,2,★★,0.9966,False,121,very_long,logic,,,还原问题与年龄问题|logic,4年级及以前高思导引拓展篇及以下难度,mid,auto,L4,False,果园里有一棵桃树，有一天，3只猴子来摘桃子吃，第一只猴子吃了一个桃子并摘 下了剩下桃子的一半，然后第二只猴子吃了2个桃子并摘下了剩下桃子的一半，最后第三只 猴子吃了3个桃子并摘下了剩下桃子的一半，这时树上刚好还有4个桃子.原来树上一共有 几个桃子？,C:\Users\admin\Desktop\试卷分析project\参考教材\奥数\竟赛数学导引 四年级.pdf
4,竞赛数学导引 四年级,9,还原问题与年龄问题,拓展篇,extension,70,3,★★,0.9953,False,124,very_long,logic,,,还原问题与年龄问题|logic,4年级及以前高思导引拓展篇及以下难度,mid,auto,L4,False,地上有26块砖，兄弟二人争着去挑，弟弟抢在前面，刚挑起一些砖，哥哥赶到了，挑 了剩下的砖.哥哥看弟弟挑得太多，就从弟弟那儿抢走一半.弟弟不肯，又从哥哥那儿抢走一 半.哥哥不服，弟弟只好再给哥哥5块，这时哥哥比弟弟多挑2块.请问：最初弟弟准备挑多少 块砖？,C:\Users\admin\Desktop\试卷分析project\参考教材\奥数\竟赛数学导引 四年级.pdf
4,竞赛数学导引 四年级,9,还原问题与年龄问题,拓展篇,extension,70,4,,0.9986,False,107,long,logic,,,还原问题与年龄问题|logic,4年级及以前高思导引拓展篇及以下难度,mid,auto,L4,False,某人发现了一条魔道，魔道内有一个存钱的小箱子，当他从魔道走过去的时候，箱 子里的一些钱会飞到某人的身上使他身上的钱增加一倍；当他从魔道走回来时，身上的钱会 是64枚一元的硬币.那么原来这人身上有多少元？箱子里有多少元？,C:\Users\admin\Desktop\试卷分析project\参考教材\奥数\竟赛数学导引 四年级.pdf
4,竞赛数学导引 四年级,9,还原问题与年龄问题,拓展篇,extension,70,5,,0.9977,False,82,medium,logic,,,还原问题与年龄问题|logic,4年级及以前高思导引拓展篇及以下难度,mid,auto,L3,False,甲、乙各有糖若干块，每操作一次是由糖多的人给糖少的人一些糖，使得糖少的人 的糖数增加一倍.经过三次这样的操作后，甲有5块糖，乙有12块糖.两个人原来的糖数分别 是多少？,C:\Users\admin\Desktop\试卷分析project\参考教材\奥数\竟赛数学导引 四年级.pdf
4,竞赛数学导引 四年级,9,还原问题与年龄问题,拓展篇,extension,70,6,★,0.9958,False,152,very_long,logic,,,还原问题与年龄问题|logic,4年级及以前高思导引拓展篇及以下难度,mid,auto,L4,False,甲、乙、丙三人的钱数各不相同，甲最多，他拿出一些钱给乙和丙，使乙和丙的钱数 都比原来增加了2倍，结果乙的钱最多；接着乙拿出一些钱给甲和丙，使甲和丙的钱数各增加 了2倍，结果丙的钱最多；最后丙又拿出一些钱给甲和乙，使他们的钱数各增加2倍，结果三 人的钱数一样多.如果他们三人共有81元，那么三人原来分别有多少钱？,C:\Users\admin\Desktop\试卷分析project\参考教材\奥数\竟赛数学导引 四年级.pdf
4,竞赛数学导引 四年级,9,还原问题与年龄问题,拓展篇,extension,70,7,★★,0.9743,False,60,medium,logic,,,还原问题与年龄问题|logic,4年级及以前高思导引拓展篇及以下难度,mid,auto,L3,False,今年张明15岁，他父亲45岁.请问：（1)多少年后，父亲年龄是张明年龄的2倍？ (2)多少年前，父亲年龄是张明年龄的4倍？,C:\Users\admin\Desktop\试卷分析project\参考教材\奥数\竟赛数学导引 四年级.pdf
4,竞赛数学导引 四年级,9,还原问题与年龄问题,拓展篇,extension,70,8,,0.9976,False,58,medium,logic,,,还原问题与年龄问题|logic,4年级及以前高思导引拓展篇及以下难度,mid,auto,L3,False,12年前，父亲的年龄是女儿年龄的11倍；今年，父亲的年龄是女儿年龄的3倍.请 问：多少年后，父亲年龄是女儿年龄的2倍？,C:\Users\admin\Desktop\试卷分析project\参考教材\奥数\竟赛数学导引 四年级.pdf
4,竞赛数学导引 四年级,9,还原问题与年龄问题,拓展篇,extension,70,9,★,0.9809,False,47,medium,logic,,,还原问题与年龄问题|logic,4年级及以前高思导引拓展篇及以下难度,mid,auto,L3,False,去年哥哥的年龄是明年兄弟两人年龄和的一半，前年哥哥的年龄是弟弟的2倍.求 哥哥和弟弟现在的年龄.,C:\Users\admin\Desktop\试卷分析project\参考教材\奥数\竟赛数学导引 四年级.pdf
4,竞赛数学导引 四年级,9,还原问题与年龄问题,拓展篇,extension,71,10,,0.9961,False,66,medium,logic,,,还原问题与年龄问题|logic,4年级及以前高思导引拓展篇及以下难度,mid,auto,L3,False,今年父亲的年龄是48岁，哥哥的年龄是弟弟的2倍.当弟弟长到哥哥现在的年龄 时，父亲的年龄恰好等于兄弟俩年龄之和.请问：今年哥哥多少岁？,C:\Users\admin\Desktop\试卷分析project\参考教材\奥数\竟赛数学导引 四年级.pdf
4,竞赛数学导引 四年级,9,还原问题与年龄问题,拓展篇,extension,71,11,,0.9799,False,51,medium,logic,,,还原问题与年龄问题|logic,4年级及以前高思导引拓展篇及以下难度,mid,auto,L3,False,兄弟俩的年龄之和是32岁，当哥哥是弟弟现在这么大时，哥哥的年龄是当时弟弟 年龄的3倍.求哥哥现在的年龄，,C:\Users\admin\Desktop\试卷分析project\参考教材\奥数\竟赛数学导引 四年级.pdf
4,竞赛数学导引 四年级,9,还原问题与年龄问题,拓展篇,extension,71,12,,0.9787,False,58,medium,logic,,,还原问题与年龄问题|logic,4年级及以前高思导引拓展篇及以下难度,mid,auto,L3,False,学生问老师多少岁，老师说：“当我像你这么大时，你刚5岁；当你像我这么大时， 我已经50岁了.”求老师和学生现在的年龄，,C:\Users\admin\Desktop\试卷分析project\参考教材\奥数\竟赛数学导引 四年级.pdf
4,竞赛数学导引 四年级,9,还原问题与年龄问题,拓展篇,extension,71,13,,0.9929,False,103,long,logic,,,还原问题与年龄问题|logic,4年级及以前高思导引拓展篇及以下难度,mid,auto,L4,False,有老师和甲、乙、丙三个学生，现在老师年龄恰为三个学生年龄之和；9年后，老师 年龄为甲、乙两学生年龄之和；又过了3年，老师年龄为甲、丙两学生年龄之和；再过3年，老 师年龄为乙、丙两学生年龄之和.求现在各人的年龄，,C:\Users\admin\Desktop\试卷分析project\参考教材\奥数\竟赛数学导引 四年级.pdf
4,竞赛数学导引 四年级,9,还原问题与年龄问题,拓展篇,extension,71,14,,0.9989,False,63,medium,logic,,,还原问题与年龄问题|logic,4年级及以前高思导引拓展篇及以下难度,mid,auto,L3,False,1年前，父母的年龄和是兄弟二人年龄和的7倍；4年后，父母的年龄和是兄弟二 人年龄和的4倍.已知父亲比母亲大2岁，母亲今年多少岁？,C:\Users\admin\Desktop\试卷分析project\参考教材\奥数\竟赛数学导引 四年级.pdf
4,竞赛数学导引 四年级,9,还原问题与年龄问题,超越篇,challenge,71,1,★,0.9926,False,185,very_long,logic,,,还原问题与年龄问题|logic,高思导引超越篇难度,high,auto,L4,False,口渴的三个和尚分别捧着一个水罐，最初，老和尚的水最多，并且有一个和尚没水 喝，于是，老和尚把自已的水全部平均分给了大、小两个和尚；接着，大和尚又把自己的水全部 平均分给了老、小两个和尚；然后，小和尚又把自已的水全部平均分给了另外两个和尚.就这 样，三人轮流谦让了一阵，结果太阳落山时，老和尚的水罐里有10升水，小和尚的水罐里则装 着20升水.请问：最初大和尚的水罐里有多少升水？,C:\Users\admin\Desktop\试卷分析project\参考教材\奥数\竟赛数学导引 四年级.pdf
4,竞赛数学导引 四年级,9,还原问题与年龄问题,超越篇,challenge,71,2,,0.9986,False,89,medium,logic,,,还原问题与年龄问题|logic,高思导引超越篇难度,high,auto,L4,False,甲和乙各有若干块糖，甲的糖数比乙少，每次操作由糖多的人给糖少的人一些糖， 使其糖数增加一倍.经过2005次这样的操作以后，甲有10块糖，乙有8块糖.请问：两个人原 来分别有多少块糖？,C:\Users\admin\Desktop\试卷分析project\参考教材\奥数\竟赛数学导引 四年级.pdf
4,竞赛数学导引 四年级,9,还原问题与年龄问题,超越篇,challenge,72,3,★,0.9804,False,103,long,logic,,,还原问题与年龄问题|logic,高思导引超越篇难度,high,auto,L4,False,哥哥对弟弟说：“你长到我这么大的时候，我恰好获得博士学位；我在你这么大的时 候，你刚刚上幼儿园.”已知哥哥和弟弟现在的年龄和为32岁，哥哥获得博士学位的年龄是弟 弟上幼儿园年龄的7倍，求哥哥获得博士学位的年龄，,C:\Users\admin\Desktop\试卷分析project\参考教材\奥数\竟赛数学导引 四年级.pdf
4,竞赛数学导引 四年级,9,还原问题与年龄问题,超越篇,challenge,72,4,★,0.9952,False,41,short,logic,,,还原问题与年龄问题|logic,高思导引超越篇难度,high,auto,L4,False,小明跟爷爷聊天，爷爷对小明说：“当我的岁数是你爸现在的岁数时，你才5岁.”小 少岁？,C:\Users\admin\Desktop\试卷分析project\参考教材\奥数\竟赛数学导引 四年级.pdf
4,竞赛数学导引 四年级,9,还原问题与年龄问题,超越篇,challenge,72,5,★,0.9956,False,87,medium,logic,,,还原问题与年龄问题|logic,高思导引超越篇难度,high,auto,L4,False,1996年时，父母的年龄之和是78岁，兄弟二人的年龄之和是17岁；4年后，父亲年 龄是弟弟年龄的4倍，母亲年龄是哥哥年龄的3倍.试问：当父亲年龄是哥哥年龄的3倍时是 公元多少年？,C:\Users\admin\Desktop\试卷分析project\参考教材\奥数\竟赛数学导引 四年级.pdf
4,竞赛数学导引 四年级,9,还原问题与年龄问题,超越篇,challenge,72,6,★,0.991,False,64,medium,logic,,,还原问题与年龄问题|logic,高思导引超越篇难度,high,auto,L4,False,全家四口人，父亲比母亲大3岁，姐姐比弟弟大2岁.4年前全家人的年龄之和是 58岁，而现在是73岁.问：现在各人的年龄分别是多少岁？,C:\Users\admin\Desktop\试卷分析project\参考教材\奥数\竟赛数学导引 四年级.pdf
4,竞赛数学导引 四年级,9,还原问题与年龄问题,超越篇,challenge,72,7,,0.9964,False,39,short,logic,,,还原问题与年龄问题|logic,高思导引超越篇难度,high,auto,L4,False,老师在黑板上写了三个不同的整数，小明每次先擦掉第一个数，然后在最后写上 是多少？,C:\Users\admin\Desktop\试卷分析project\参考教材\奥数\竟赛数学导引 四年级.pdf
4,竞赛数学导引 四年级,9,还原问题与年龄问题,超越篇,challenge,72,8,,0.992,False,50,medium,logic,,,还原问题与年龄问题|logic,高思导引超越篇难度,high,auto,L4,False,甲、乙、丙三人现在年龄的和是113岁，当乙的岁数是丙的岁数的一半时，甲是17 岁.请问：乙现在多少岁？,C:\Users\admin\Desktop\试卷分析project\参考教材\奥数\竟赛数学导引 四年级.pdf
4,竞赛数学导引 四年级,10,数列与数表,兴趣篇,interest,73,1,★,0.9691,False,62,medium,pattern,,,数列与数表|pattern,4年级及以前高思导引拓展篇及以下难度,low,auto,L1,False,观察数组(1，2，3)，(2，3，4)，(3，4，5)，的规律.求： (1）第10组中三个数的和； (2）前10组中所有数的和.,C:\Users\admin\Desktop\试卷分析project\参考教材\奥数\竟赛数学导引 四年级.pdf
4,竞赛数学导引 四年级,10,数列与数表,兴趣篇,interest,73,2,★★,0.9456,False,91,long,pattern,recursive_or_sequence,,数列与数表|pattern|recursive_or_sequence,4年级及以前高思导引拓展篇及以下难度,low,auto,L2,False,"请观察下列数列的规律： 1,1，4,2,7,3，10,1,13，2,16，3,19，1,22,2,25，3，,100.间： （1）这个数列一共有多少项？ （2）这个数列所有数的总和是多少？",C:\Users\admin\Desktop\试卷分析project\参考教材\奥数\竟赛数学导引 四年级.pdf
4,竞赛数学导引 四年级,10,数列与数表,兴趣篇,interest,73,3,★★,0.9752,False,107,long,pattern,recursive_or_sequence,,数列与数表|pattern|recursive_or_sequence,4年级及以前高思导引拓展篇及以下难度,low,auto,L2,False,一个数列的第一项是1，之后的每一项是这样得到的：如果前一项是一位数，接着的 一项就等于前一项的两倍；如果前一项是两位数，接着的一项就等于前一项个位数字的两倍. 请问： (1）第100项是多少？ （2）前100项的和是多少？,C:\Users\admin\Desktop\试卷分析project\参考教材\奥数\竟赛数学导引 四年级.pdf
4,竞赛数学导引 四年级,10,数列与数表,兴趣篇,interest,74,4,★★,0.9813,True,54,medium,pattern,,has_diagram,数列与数表|pattern,4年级及以前高思导引拓展篇及以下难度,low,review,L1,False,"如图10-1,方格表中的数是按照一定规律填人的.请观察方格 表，并填出“？”处的数 12010 13615 2128",C:\Users\admin\Desktop\试卷分析project\参考教材\奥数\竟赛数学导引 四年级.pdf
4,竞赛数学导引 四年级,10,数列与数表,兴趣篇,interest,74,5,★★,0.9708,True,102,long,counting,,has_diagram,数列与数表|counting,4年级及以前高思导引拓展篇及以下难度,low,review,L2,False,如图10-2，数阵中的数是按一定规律排列的.请问： 图10-1 (1）100在第几行第几列？ （2）第20行第3列的数是多少？ 第1列第2列 」第3列 第4列 第5列 第6列 第1行 第2行 第3行 第4行 第5行 *** 图10-2,C:\Users\admin\Desktop\试卷分析project\参考教材\奥数\竟赛数学导引 四年级.pdf
4,竞赛数学导引 四年级,10,数列与数表,兴趣篇,interest,74,6,★★,0.9283,True,121,very_long,counting,,has_diagram,数列与数表|counting,4年级及以前高思导引拓展篇及以下难度,low,review,L3,False,如图10-3，从4开始的自然数是按某种规律排列的.请问： （1）100在第几行第几列？ （2）第.5行第20列的数是多少？ 41112 1920· 2468 *** 141210 6101418 1618 20 22 2826 24 891617.. 图10-3 图10-4,C:\Users\admin\Desktop\试卷分析project\参考教材\奥数\竟赛数学导引 四年级.pdf
4,竞赛数学导引 四年级,10,数列与数表,兴趣篇,interest,74,7,★★,0.979,True,88,medium,pattern,,has_diagram,数列与数表|pattern,4年级及以前高思导引拓展篇及以下难度,low,review,L1,False,如图10-4所示，把偶数2，4，6，8，-排成5列，各列从左到右依次为第1列、第2 列、第3列、第4列和第5列.请问： （1）100在第几行第几列？ （2）第20行第2列的数是多少？,C:\Users\admin\Desktop\试卷分析project\参考教材\奥数\竟赛数学导引 四年级.pdf
4,竞赛数学导引 四年级,10,数列与数表,兴趣篇,interest,74,8,★,0.9194,True,93,long,counting,,has_diagram,数列与数表|counting,4年级及以前高思导引拓展篇及以下难度,low,review,L2,False,如图10-5，从1开始的连续奇数按某种方式排列起 来.请问： 9111315 17 （1）第10行左起第3个数是多少？ 1921 2325 27 29 31 （2）99在第几行左起第几个数？ *** 图10-5,C:\Users\admin\Desktop\试卷分析project\参考教材\奥数\竟赛数学导引 四年级.pdf
4,竞赛数学导引 四年级,10,数列与数表,兴趣篇,interest,75,9,,0.9883,True,75,medium,counting,,has_diagram,数列与数表|counting,4年级及以前高思导引拓展篇及以下难度,low,review,L1,False,如图10－6，从1开始的自然数按某种方式排列起 来.请问： （1）100在第几行？100是这一行左起第几个数？ (2）第25行左起第5个数是多少？ 图10-6,C:\Users\admin\Desktop\试卷分析project\参考教材\奥数\竟赛数学导引 四年级.pdf
4,竞赛数学导引 四年级,10,数列与数表,兴趣篇,interest,75,10,,0.9692,True,159,very_long,pattern,,has_diagram,数列与数表|计算问题|pattern,4年级及以前高思导引拓展篇及以下难度,low,review,L3,False,如图10-7，把从1开始的自然数排成数阵.试问：能否 1:2.3 在数阵中放人一个3×3的方框，使得它围住的九个数之和等于： 891011121314 (1)1997；(2)2016；(3)2349. 15161718192021 如果可以，请写出方框中最大的数. 22232425 2627 28 2930 31 323334 35 图10-7,C:\Users\admin\Desktop\试卷分析project\参考教材\奥数\竟赛数学导引 四年级.pdf
4,竞赛数学导引 四年级,10,数列与数表,拓展篇,extension,75,1,★★,0.9504,False,96,long,pattern,recursive_or_sequence,,数列与数表|pattern|recursive_or_sequence,4年级及以前高思导引拓展篇及以下难度,mid,auto,L4,False,"请观察下列数列的规律： 1,100,2,98,3,96,2,94,1,92,2,90,3,88,2,86,1,84,"",0. 请问：（1）这个数列中有多少项是2？ （2）这个数列所有项的总和是多少？",C:\Users\admin\Desktop\试卷分析project\参考教材\奥数\竟赛数学导引 四年级.pdf
4,竞赛数学导引 四年级,10,数列与数表,拓展篇,extension,75,2,★★,0.9438,False,70,medium,pattern,,,数列与数表|pattern,4年级及以前高思导引拓展篇及以下难度,mid,auto,L3,False,观察数组(1，2，3)，(3，4，5)，（5，6，7)，（7，8，9)，的规律.求： (1）第20组中三个数的和； （2）前20组中所有数的和.,C:\Users\admin\Desktop\试卷分析project\参考教材\奥数\竟赛数学导引 四年级.pdf
4,竞赛数学导引 四年级,10,数列与数表,拓展篇,extension,75,3,★★,0.9065,False,51,medium,pattern,,,数列与数表|pattern,4年级及以前高思导引拓展篇及以下难度,mid,auto,L3,False,一列由两个数组成的数组：(1，1)，(1，2)，(2，2)，（1，3)，（2，3)，（3，3)，（1，,C:\Users\admin\Desktop\试卷分析project\参考教材\奥数\竟赛数学导引 四年级.pdf
4,竞赛数学导引 四年级,10,数列与数表,拓展篇,extension,75,4,,0.9479,False,67,medium,pattern,,,数列与数表|pattern,4年级及以前高思导引拓展篇及以下难度,mid,auto,L3,False,"，（2，4)，（3，4)，（4，4)，（1，5)，请问： （1）第100组内的两数之和是多少？ （2）前55组中“5""这个数出现了多少次？",C:\Users\admin\Desktop\试卷分析project\参考教材\奥数\竟赛数学导引 四年级.pdf
4,竞赛数学导引 四年级,10,数列与数表,拓展篇,extension,76,4,,0.9972,False,108,long,pattern,,,数列与数表|pattern,4年级及以前高思导引拓展篇及以下难度,mid,auto,L4,False,有一列数，第一个数是3，第二个数是4，从第三个数开始，每个数都是它前面两个 数的和的个位数.从这列数中取出连续的50个数，并求出它们的和，所得的和最大是多少？ 如果从中取出连续的500个数，这500个数的和最大又是多少？,C:\Users\admin\Desktop\试卷分析project\参考教材\奥数\竟赛数学导引 四年级.pdf
4,竞赛数学导引 四年级,10,数列与数表,拓展篇,extension,76,5,★★,0.8712,True,164,very_long,pattern,,has_diagram,数列与数表|pattern,4年级及以前高思导引拓展篇及以下难度,mid,review,L4,False,如图10-8，把从1开始的自然数填在图上，1在射线OA上，2在射线OB上，3在 射线OC上，4在射线OD上，5在射线OE上，6在射线OF上，7在射线OG上，8在射线OH 上，9又回到射线OA上.…·如此循环下去.问：78.在哪条射线上？射线OE上的第30个数是 多少？ F G 第1列 第2列 」第3列 ** *** *** *** 图10-8 图10-9,C:\Users\admin\Desktop\试卷分析project\参考教材\奥数\竟赛数学导引 四年级.pdf
4,竞赛数学导引 四年级,10,数列与数表,拓展篇,extension,76,6,★★,0.9759,True,60,medium,pattern,,has_diagram,数列与数表|pattern,4年级及以前高思导引拓展篇及以下难度,mid,review,L3,False,如图10-9，将从5开始的连续自然数按规律填人数阵中.请问： （1）123应该排在第几列？ （2）第2行第20列的数是多少？,C:\Users\admin\Desktop\试卷分析project\参考教材\奥数\竟赛数学导引 四年级.pdf
4,竞赛数学导引 四年级,10,数列与数表,拓展篇,extension,76,7,★★,0.9809,True,63,medium,pattern,,has_diagram,数列与数表|pattern,4年级及以前高思导引拓展篇及以下难度,mid,review,L3,False,如图10-10所示，将自然数有规律地填人方格表中.请问： （1）500在第几行第几列？ (2）第100行第2列是多少？ 图10-10,C:\Users\admin\Desktop\试卷分析project\参考教材\奥数\竟赛数学导引 四年级.pdf
4,竞赛数学导引 四年级,10,数列与数表,拓展篇,extension,77,8,,0.9925,True,46,medium,counting,,has_diagram,数列与数表|counting,4年级及以前高思导引拓展篇及以下难度,mid,review,L3,False,如图10－11所示，数阵中的数字是按一定规律排列的.这个数阵中第60行左起第 4个数字是多少？,C:\Users\admin\Desktop\试卷分析project\参考教材\奥数\竟赛数学导引 四年级.pdf
4,竞赛数学导引 四年级,10,数列与数表,拓展篇,extension,77,7,,0.927,True,7,short,pattern,,has_diagram|short_question_text,数列与数表|pattern,4年级及以前高思导引拓展篇及以下难度,mid,unsafe,L3,False,8 图10-11,C:\Users\admin\Desktop\试卷分析project\参考教材\奥数\竟赛数学导引 四年级.pdf
4,竞赛数学导引 四年级,10,数列与数表,拓展篇,extension,77,9,,0.9535,True,432,very_long,counting,,has_diagram,数列与数表|counting,4年级及以前高思导引拓展篇及以下难度,mid,review,L4,False,"中国古代的纪年方法叫“干支纪年”，是在“十天干""和“十二地支”的基础上建立起 来的. 天干共十个，其排列顺序为：甲、乙、丙、丁、戊、已、庚、辛、壬、癸； 地支共十二个，其排列顺序为：子、丑、寅、卯、辰、已、午、未、申、酉、戌、亥. 以一个天干和一个地支相配，天干在前，地支在后，每对干支表示一年.在干支纪年中，每 六十年纪年方式循环一次. 公元纪年则是国际通行的纪年方式. 公元纪年191119121913191419151916191719181 19191920192119221923192419251926 天干 辛壬 乙丙丁 成已 辛 癸 乙 内 地支亥子丑寅卯辰已午未申西戌亥子丑寅 图10-12 图10-12是1911年到1926年的公元纪年与干支纪年的对照表.请问： （1）中国近代史上的“辛亥革命”发生在公元1911年，是干支纪年的辛亥年，公元2049年 是干支纪年的什么年？ (2）21世纪的甲子年是公元纪年的哪一年？ （3）“戊戌变法”发生在19世纪末的戊戌年，这一年是公元纪年的哪一年？",C:\Users\admin\Desktop\试卷分析project\参考教材\奥数\竟赛数学导引 四年级.pdf
4,竞赛数学导引 四年级,10,数列与数表,拓展篇,extension,77,10,,0.9356,True,139,very_long,pattern,,has_diagram,数列与数表|pattern,4年级及以前高思导引拓展篇及以下难度,mid,review,L4,False,如图10-13，将1～400这400个自然数顺次填人 20×20的方格表中.请问： 1819 (1）246在第几行第几列？ （2）第14行第13列的数是多少？ 414243 +++ （3）所有阴影方格中数的总和是多少？ ： 341342 359360 381382383 398399400 图10-13,C:\Users\admin\Desktop\试卷分析project\参考教材\奥数\竟赛数学导引 四年级.pdf
4,竞赛数学导引 四年级,10,数列与数表,拓展篇,extension,78,11,,0.9838,True,160,very_long,geometry,,has_diagram,数列与数表|geometry,4年级及以前高思导引拓展篇及以下难度,mid,review,L4,False,"如图10-14所示，将1～400这400个自然数填 人图中的小三角形中，每个小三角形内均填有一个数.“1""所 处的位置为第1行；“2、3、4""所处的位置为第2行…请问： (1）第15行正中间的数是多少？ （2）第12行中所有白三角形内的数之和是多少？ （3）前8行中阴影三角形内的各数之和比白三角形内的 各数之和大多少？ 图10-14",C:\Users\admin\Desktop\试卷分析project\参考教材\奥数\竟赛数学导引 四年级.pdf
4,竞赛数学导引 四年级,10,数列与数表,拓展篇,extension,78,12,,0.96,True,75,medium,counting,,has_diagram,数列与数表|counting,4年级及以前高思导引拓展篇及以下难度,mid,review,L3,False,如图10-15，把从1开始的自然数按某种方式排列起来.请问： （1）150在第几行第几列？ (2）第5行第10列的数是多少？ 12510… 12471116…,C:\Users\admin\Desktop\试卷分析project\参考教材\奥数\竟赛数学导引 四年级.pdf
4,竞赛数学导引 四年级,10,数列与数表,拓展篇,extension,78,4,,0.8551,True,61,medium,pattern,,has_diagram,数列与数表|pattern,4年级及以前高思导引拓展篇及以下难度,mid,review,L3,False,3611…. 3581217.·. 98712…. 6913·…. 16 15 14 13** 1014 * 15** 图10-15 图10-16,C:\Users\admin\Desktop\试卷分析project\参考教材\奥数\竟赛数学导引 四年级.pdf
4,竞赛数学导引 四年级,10,数列与数表,拓展篇,extension,78,13,,0.981,True,107,long,counting,geometry_transform,has_diagram,数列与数表|counting|geometry_transform,4年级及以前高思导引拓展篇及以下难度,mid,review,L4,False,"如图10－16，把从1开始的自然数按某种方式排列起来.请问： （1）200排在第几行第几列？ （2）第18行第22列的数是多少？ 并求和，则和为798.那么这8个数中最大的数是多少？（“土""字不能旋转或翻转） 图10-17",C:\Users\admin\Desktop\试卷分析project\参考教材\奥数\竟赛数学导引 四年级.pdf
4,竞赛数学导引 四年级,10,数列与数表,拓展篇,extension,79,1,★,0.9425,False,102,long,counting,,,数列与数表|counting,4年级及以前高思导引拓展篇及以下难度,mid,auto,L4,False,"下面的数组是按一定顺序排列的： (1，1)，(1,2)，(2，1)，(1，3)，(2,2)，(3，1)，(1,4)，(2,3)， 请问：（1）第70个括号内的数分别是多少？ （2）前50个括号内各数之和是多少？",C:\Users\admin\Desktop\试卷分析project\参考教材\奥数\竟赛数学导引 四年级.pdf
4,竞赛数学导引 四年级,10,数列与数表,拓展篇,extension,79,2,,0.9908,False,163,very_long,number_theory,,,数列与数表|number_theory,4年级及以前高思导引拓展篇及以下难度,mid,auto,L4,False,桌子上有一堆球，如果球的总数量是10的倍数，就平均分成10堆并拿走其中.9 堆；如果球的总数量不是10的倍数，就添加不多于9个球，使球数变为10的倍数，再平均分 成10堆并拿走其中9堆.这个过程称为一次“操作”.若球仅为一个，则不做“操作”.如果最初 有19491948194754321个球，那么经过多少次“操作”后仅余下一个球？,C:\Users\admin\Desktop\试卷分析project\参考教材\奥数\竟赛数学导引 四年级.pdf
4,竞赛数学导引 四年级,10,数列与数表,拓展篇,extension,79,3,,0.7983,True,102,long,pattern,,has_diagram,数列与数表|pattern,4年级及以前高思导引拓展篇及以下难度,mid,review,L4,False,如图10-18所示的数阵中，将满足下列条件的两个数分为一组：它们上下相邻，且 和为391.问：在所有这样的数组中，哪一组的两个数乘积最小？ 第1行 ·3 **. 第2行 *** 第3行 *** ** *** *** 图10-18,C:\Users\admin\Desktop\试卷分析project\参考教材\奥数\竟赛数学导引 四年级.pdf
4,竞赛数学导引 四年级,10,数列与数表,拓展篇,extension,79,4,,0.8971,True,77,medium,counting,,has_diagram,数列与数表|counting,4年级及以前高思导引拓展篇及以下难度,mid,review,L3,False,如图10-19中的数字是按一定规律排列的，那么第6行第23列的数字是多少？ 第1列 第2列 第3列 第4列 第5列 第6列 第1行 ： 第2行 第3行 ** ： ： ： 图10-19 ：,C:\Users\admin\Desktop\试卷分析project\参考教材\奥数\竟赛数学导引 四年级.pdf
4,竞赛数学导引 四年级,10,数列与数表,拓展篇,extension,80,5,★,0.9329,True,110,long,counting,,has_diagram,数列与数表|counting,4年级及以前高思导引拓展篇及以下难度,mid,review,L4,False,"将“白、旦、田、由、甲、申""这六个字按如图10-20所 白→旦 示的方式排列.请问： 目 （1）第1行从左往右数第15个字是什么？ 由 田 自 (2）第1列从上往下数第25个字是什么？ 由 申 (3）第25行的第15个字是什么？ 甲 图10-20",C:\Users\admin\Desktop\试卷分析project\参考教材\奥数\竟赛数学导引 四年级.pdf
4,竞赛数学导引 四年级,10,数列与数表,拓展篇,extension,80,6,,0.9299,True,87,medium,pattern,,has_diagram,数列与数表|pattern,4年级及以前高思导引拓展篇及以下难度,mid,review,L3,False,将自然数从1开始，顺次排成如图10-21所示的螺 旋形，其中2，3，5，7，处为拐点.请问： （1）第30个拐点处的数是多少？ （2）前30个拐点处的各数之和是多少？ 中 图10-21,C:\Users\admin\Desktop\试卷分析project\参考教材\奥数\竟赛数学导引 四年级.pdf
4,竞赛数学导引 四年级,10,数列与数表,拓展篇,extension,80,7,★,0.9811,True,122,very_long,calculation,,has_diagram,数列与数表|calculation,4年级及以前高思导引拓展篇及以下难度,mid,review,L4,False,如图10－22，把从1开始连续的自然数按照一定的顺序排成数表.如果这个数表有 40行，请通过计算回答下列问题： （1）第1行的数是多少？ (2）第20行中的最大数与最小数之和是多少？ (3）第35行中的最大数与最小数之和是多少？ 图10-22 图10-23,C:\Users\admin\Desktop\试卷分析project\参考教材\奥数\竟赛数学导引 四年级.pdf
4,竞赛数学导引 四年级,10,数列与数表,拓展篇,extension,80,8,,0.9885,True,135,very_long,geometry,,has_diagram,数列与数表|计算问题|geometry,4年级及以前高思导引拓展篇及以下难度,mid,review,L4,False,如图10-23，25个同样大小的等边三角形拼成了一个大等边三角形.在每个小三 角形的顶点处都标有一个数，使得任何两个相邻小等边三角形所构成的菱形的两组相对的顶 点上所放置的数的和都相等.已知在大等边三角形的三个顶点放置的数分别是100、200、 300，求所有顶点上数的总和.,C:\Users\admin\Desktop\试卷分析project\参考教材\奥数\竟赛数学导引 四年级.pdf
4,竞赛数学导引 四年级,11,加法原理与乘法原理,兴趣篇,interest,81,1,★,0.9955,False,57,medium,general,,,加法原理与乘法原理|general,4年级及以前高思导引拓展篇及以下难度,low,auto,L1,False,墨莫去吃午饭，发现附近的中餐厅有9个，西餐厅有3个，日式餐厅有2个.他准备 找一家餐厅吃饭，一共有多少种不同的选择？,C:\Users\admin\Desktop\试卷分析project\参考教材\奥数\竟赛数学导引 四年级.pdf
4,竞赛数学导引 四年级,11,加法原理与乘法原理,兴趣篇,interest,81,2,★,0.9906,False,51,medium,general,,,加法原理与乘法原理|general,4年级及以前高思导引拓展篇及以下难度,low,auto,L1,False,墨莫进人一家中餐厅后，发现主食有3种，热菜有20种.他打算主食和热菜各买1 种，一共有多少种不同的买法？,C:\Users\admin\Desktop\试卷分析project\参考教材\奥数\竟赛数学导引 四年级.pdf
4,竞赛数学导引 四年级,11,加法原理与乘法原理,兴趣篇,interest,81,3,★★,0.9927,False,95,long,counting,,,加法原理与乘法原理|counting,4年级及以前高思导引拓展篇及以下难度,low,auto,L2,False,传说地球上有7颗不同的龙珠，如果找齐这7颗龙珠，并且按照特定顺序排成一行 就会有神龙出现.邪恶的沙鲁找到了这7颗龙珠，但是他不知道排列的特定顺序.请问：运气 不好的沙鲁最多要试几次才能遇见神龙？,C:\Users\admin\Desktop\试卷分析project\参考教材\奥数\竟赛数学导引 四年级.pdf
4,竞赛数学导引 四年级,11,加法原理与乘法原理,兴趣篇,interest,81,4,★★,0.9961,False,43,short,general,,,加法原理与乘法原理|general,4年级及以前高思导引拓展篇及以下难度,low,auto,L1,False,电影院里有10个空座位，萱萱和卡莉娅去看电影，每个人坐一个座位，共有多少种 不同的坐法？,C:\Users\admin\Desktop\试卷分析project\参考教材\奥数\竟赛数学导引 四年级.pdf
4,竞赛数学导引 四年级,11,加法原理与乘法原理,兴趣篇,interest,82,5,★★,0.9709,True,74,medium,geometry,,has_diagram,加法原理与乘法原理|geometry,4年级及以前高思导引拓展篇及以下难度,low,review,L1,False,用红、黄、蓝三种颜色给图11-1的三个圆圈染色，一个圆圈只能染一种颜色，并且 相连的两个圆圈不能同色.一共有多少种不同的染色方法？ 图 11 - 1 图11-2,C:\Users\admin\Desktop\试卷分析project\参考教材\奥数\竟赛数学导引 四年级.pdf
4,竞赛数学导引 四年级,11,加法原理与乘法原理,兴趣篇,interest,82,6,★★,0.9863,True,58,medium,general,,has_diagram,加法原理与乘法原理|general,4年级及以前高思导引拓展篇及以下难度,low,review,L1,False,用红、黄两种颜色给图11-2中小丑的眼睛、鼻子、嘴巴染色，如果每种器官必须染 相同的颜色，一共有多少种不同的染色方法？,C:\Users\admin\Desktop\试卷分析project\参考教材\奥数\竟赛数学导引 四年级.pdf
4,竞赛数学导引 四年级,11,加法原理与乘法原理,兴趣篇,interest,82,7,★★,0.9929,False,140,very_long,general,defined_operation,,加法原理与乘法原理|general|defined_operation,4年级及以前高思导引拓展篇及以下难度,low,auto,L3,False,运动会中有4个跑步比赛项目，分别为50米、100米、200米、400米，规定每个参赛 者只能参加其中的一项，甲、乙、丙、丁四名同学报名参加这4个项目.请问： （1）如果每名同学都可以任意报这4个项目，一共有多少种报名方法？ （2）如果这四名同学所报的项目各不相同，一共有多少种报名方法？,C:\Users\admin\Desktop\试卷分析project\参考教材\奥数\竟赛数学导引 四年级.pdf
4,竞赛数学导引 四年级,11,加法原理与乘法原理,兴趣篇,interest,82,8,★★,0.992,False,96,long,general,,,加法原理与乘法原理|general,4年级及以前高思导引拓展篇及以下难度,low,auto,L2,False,萱萱的书包里有5本不同的语文书、6本不同的数学书、3本不同的英语书.请问： （1）如果从中任取1本书，共有多少种不同的取法？ （2）如果从中取出语文书、数学书、英语书各1本，共有多少种不同的取法？,C:\Users\admin\Desktop\试卷分析project\参考教材\奥数\竟赛数学导引 四年级.pdf
4,竞赛数学导引 四年级,11,加法原理与乘法原理,兴趣篇,interest,82,9,★★,0.991,True,73,medium,general,,has_diagram,加法原理与乘法原理|general,4年级及以前高思导引拓展篇及以下难度,low,review,L1,False,如图11-3，甲、乙两地之间有4条路，乙、丙两地之间有2条路，甲、丙两地之间有3 条路.那么从甲地去丙地一共有多少条不同的路线？ 图11-3 图11-4,C:\Users\admin\Desktop\试卷分析project\参考教材\奥数\竟赛数学导引 四年级.pdf
4,竞赛数学导引 四年级,11,加法原理与乘法原理,兴趣篇,interest,82,10,★★,0.9895,True,46,medium,general,,has_diagram,加法原理与乘法原理|计数问题|general,4年级及以前高思导引拓展篇及以下难度,low,review,L1,False,图11-4中有一个从A到B的公路网络，一辆汽车从A行驶到B，可以选择的最 短路线一共有多少条？,C:\Users\admin\Desktop\试卷分析project\参考教材\奥数\竟赛数学导引 四年级.pdf
4,竞赛数学导引 四年级,11,加法原理与乘法原理,拓展篇,extension,83,1,★,0.9986,False,87,medium,general,,,加法原理与乘法原理|general,4年级及以前高思导引拓展篇及以下难度,mid,auto,L3,False,小高一家人外出旅游，可以乘火车，也可以乘汽车，还可以坐飞机.经过网上查询，出 发的那一天中火车有4班，汽车有3班，飞机有2班.他们乘坐这些交通工具，一共可以有多 少种不同的选择？,C:\Users\admin\Desktop\试卷分析project\参考教材\奥数\竟赛数学导引 四年级.pdf
4,竞赛数学导引 四年级,11,加法原理与乘法原理,拓展篇,extension,83,2,★★,0.9611,False,85,medium,general,,,加法原理与乘法原理|general,4年级及以前高思导引拓展篇及以下难度,mid,auto,L3,False,"“IMO""是“国际数学奥林匹克""的缩写，要求把这3个字母涂上3种不同的颜色，且 每个字母只能涂一种颜色.现有5种不同颜色的笔，按上述要求，有多少种不同颜色搭配的 “IMO""?",C:\Users\admin\Desktop\试卷分析project\参考教材\奥数\竟赛数学导引 四年级.pdf
4,竞赛数学导引 四年级,11,加法原理与乘法原理,拓展篇,extension,83,3,★★,0.9938,False,53,medium,general,,,加法原理与乘法原理|general,4年级及以前高思导引拓展篇及以下难度,mid,auto,L3,False,老师要求小高在黑板上写出一个减法算式，而且被减数必须是两位数，减数必须是 一位数.小高共有多少种不同的写法？,C:\Users\admin\Desktop\试卷分析project\参考教材\奥数\竟赛数学导引 四年级.pdf
4,竞赛数学导引 四年级,11,加法原理与乘法原理,拓展篇,extension,83,4,★★,0.9874,False,136,very_long,general,,,加法原理与乘法原理|general,4年级及以前高思导引拓展篇及以下难度,mid,auto,L4,False,有一个三层书架，第一层放了15本小说，第二层放了10本漫画，第三层放了5本 科普书，并且这些书各不相同.请问： (1）如果从所有的书中任取1本，共有多少种不同的取法？ (2）如果从每一层中各取1本，共有多少种不同的取法？ (3）如果从中取出2本不同类别的书，共有多少种不同的取法？,C:\Users\admin\Desktop\试卷分析project\参考教材\奥数\竟赛数学导引 四年级.pdf
4,竞赛数学导引 四年级,11,加法原理与乘法原理,拓展篇,extension,83,5,★★,0.9953,True,93,long,general,,has_diagram,加法原理与乘法原理|general,4年级及以前高思导引拓展篇及以下难度,mid,review,L4,False,如图11-5，从甲地到乙地有3条路，从乙地到丙地有3条路，从甲地到丁地有2条 路，从丁地到丙地有4条路：如果要求所走路线不能重复，那么从甲地到丙地共有多少条不同 的路线？ 图11-5 图11-6,C:\Users\admin\Desktop\试卷分析project\参考教材\奥数\竟赛数学导引 四年级.pdf
4,竞赛数学导引 四年级,11,加法原理与乘法原理,拓展篇,extension,84,6,★★,0.9895,True,82,medium,general,,has_diagram,加法原理与乘法原理|general,4年级及以前高思导引拓展篇及以下难度,mid,review,L3,False,如图11-6，四张卡片上写有数字2、4、7、8，从中任取三张卡片，排成一行，就可以 组成一个三位数.请问：一共可以组成多少个不同的三位数？其中有多少个不同的三位奇数？,C:\Users\admin\Desktop\试卷分析project\参考教材\奥数\竟赛数学导引 四年级.pdf
4,竞赛数学导引 四年级,11,加法原理与乘法原理,拓展篇,extension,84,7,,0.9916,True,146,very_long,general,case_analysis,has_diagram,加法原理与乘法原理|general|case_analysis,4年级及以前高思导引拓展篇及以下难度,mid,review,L4,False,奥运场馆实行垃圾分类处理，每个地方放置五个垃圾桶，从左向右依次标明：电池、 塑料、废纸、易拉罐、不可再造，如图11-7.现在准备把这五个垃圾桶染成红、绿、蓝这3种颜 色之一，要求相邻两个垃圾筒颜色不同，且回收废纸的垃圾桶不能染成红色.那么一共有多少 种染色方法？ 电池 塑料 废纸 易拉罐 不可再造 图 11-7,C:\Users\admin\Desktop\试卷分析project\参考教材\奥数\竟赛数学导引 四年级.pdf
4,竞赛数学导引 四年级,11,加法原理与乘法原理,拓展篇,extension,84,8,,0.8949,True,103,long,general,,has_diagram,加法原理与乘法原理|general,4年级及以前高思导引拓展篇及以下难度,mid,review,L4,False,"如图11-8,把A、B、C、D、E这五部分用4种不同的颜色染色，且相邻的部分不能使 用同一种颜色，不相邻的部分可以使用同一种颜色.请问：这幅图共有多少种不同的染色 方法？ A P B 京 图11-8 图11-9 图11-10",C:\Users\admin\Desktop\试卷分析project\参考教材\奥数\竟赛数学导引 四年级.pdf
4,竞赛数学导引 四年级,11,加法原理与乘法原理,拓展篇,extension,84,9,★★,0.9708,True,55,medium,general,,has_diagram,加法原理与乘法原理|general,4年级及以前高思导引拓展篇及以下难度,mid,review,L3,False,在图11-9中，从“北”字开始，每次向下移动到一个相邻的字可以读出“北京奥运 会”.那么一共有多少种不同的读法？,C:\Users\admin\Desktop\试卷分析project\参考教材\奥数\竟赛数学导引 四年级.pdf
4,竞赛数学导引 四年级,11,加法原理与乘法原理,拓展篇,extension,84,10,,0.9916,True,104,long,geometry,,has_diagram,加法原理与乘法原理|geometry,4年级及以前高思导引拓展篇及以下难度,mid,review,L4,False,如图11-10，用红、蓝两种颜色来给图中的小圆圈染色，每个小圆圈只能染一种颜 色.请问：（1）如果每个小圆圈可以随意染色，一共有多少种不同的染法？ （2）如果要求关于中间那条竖线左右对称，一共有多少种不同的染法？,C:\Users\admin\Desktop\试卷分析project\参考教材\奥数\竟赛数学导引 四年级.pdf
4,竞赛数学导引 四年级,11,加法原理与乘法原理,拓展篇,extension,85,11,,0.9936,False,83,medium,general,case_analysis,,加法原理与乘法原理|general|case_analysis,4年级及以前高思导引拓展篇及以下难度,mid,auto,L3,False,甲、乙、丙、丁、戊五人要驾驶A、B、C、D、E这五辆不同型号的汽车，会驾驶汽车 A的只有甲和乙，汽车E必须由甲、乙、丙三人中的某一人驾驶.则一共有多少种不同的安排 方案？,C:\Users\admin\Desktop\试卷分析project\参考教材\奥数\竟赛数学导引 四年级.pdf
4,竞赛数学导引 四年级,11,加法原理与乘法原理,拓展篇,extension,85,12,,0.9867,True,74,medium,general,,has_diagram,加法原理与乘法原理|general,4年级及以前高思导引拓展篇及以下难度,mid,review,L3,False,如图11-11，4枚相同的棋子放入4×4的方格内，每个方格只能放1枚，且要求 每行每列最多只能放1枚.一共有多少种不同的放法？ 图11-11 图11-12,C:\Users\admin\Desktop\试卷分析project\参考教材\奥数\竟赛数学导引 四年级.pdf
4,竞赛数学导引 四年级,11,加法原理与乘法原理,拓展篇,extension,85,13,,0.9918,True,57,medium,general,,has_diagram,加法原理与乘法原理|general,4年级及以前高思导引拓展篇及以下难度,mid,review,L3,False,图11-12是一个阶梯形方格表，在方格中放人5枚相同的棋子，使得每行、每列 中都只有1枚棋子.这样的放法共有多少种？,C:\Users\admin\Desktop\试卷分析project\参考教材\奥数\竟赛数学导引 四年级.pdf
4,竞赛数学导引 四年级,11,加法原理与乘法原理,拓展篇,extension,85,14,,0.9456,True,115,long,general,,has_diagram,加法原理与乘法原理|计数问题|general,4年级及以前高思导引拓展篇及以下难度,mid,review,L4,False,"如图11-13和图11-14,蚂蚁在线段上爬行，只能按照箭头的方向行走.请问： （1）如图11-13所示，从A点走到B点的不同路线有多少条？ （2）如图11-14所示，从A点走到B点的不同路线有多少条？ H A C D 图11 -13 图11-14",C:\Users\admin\Desktop\试卷分析project\参考教材\奥数\竟赛数学导引 四年级.pdf
4,竞赛数学导引 四年级,11,加法原理与乘法原理,超越篇,challenge,85,1,★,0.9885,False,114,long,general,,,加法原理与乘法原理|general,高思导引超越篇难度,high,auto,L4,False,爸爸、妈妈带小高去吃西餐，餐厅里有米饭和面条2种主食，烤牛排、烤羊排和烤鸡 排3种主菜，奶油蘑菇汤1种汤，以及蛋糕和布丁2种甜点.如果小高想要点1种主食和1种 主菜，汤和甜点可点可不点，而且种类不限.请问：小高一共有多少种点菜方法？,C:\Users\admin\Desktop\试卷分析project\参考教材\奥数\竟赛数学导引 四年级.pdf
4,竞赛数学导引 四年级,11,加法原理与乘法原理,超越篇,challenge,86,2,★,0.9871,True,97,long,general,,has_diagram,加法原理与乘法原理|general,高思导引超越篇难度,high,review,L4,False,如图11-15，在一个3×4的方格表内放人4枚相同的棋子，要求每列至多有1枚 棋子，一共有多少种不同的放法？如果放人4枚互不相同的棋子，要求每列至多有1枚棋子， 一共有多少种不同的放法？ 图11-15,C:\Users\admin\Desktop\试卷分析project\参考教材\奥数\竟赛数学导引 四年级.pdf
4,竞赛数学导引 四年级,11,加法原理与乘法原理,超越篇,challenge,86,3,★,0.984,True,96,long,general,,has_diagram,加法原理与乘法原理|general,高思导引超越篇难度,high,review,L4,False,如图11-16，将图中的八个部分用红、黄、绿、蓝这4种不同的颜色染色，而且相邻 的部分不能使用同一种颜色，不相邻的部分可以使用同一种颜色.请问：这幅图共有多少种不 同的染色方法？ B G H 图11-16,C:\Users\admin\Desktop\试卷分析project\参考教材\奥数\竟赛数学导引 四年级.pdf
4,竞赛数学导引 四年级,11,加法原理与乘法原理,超越篇,challenge,86,4,,0.9894,True,57,medium,geometry,,has_diagram,加法原理与乘法原理|geometry,高思导引超越篇难度,high,review,L4,False,用4种不同的颜色给图11-17中的圆圈染色，有线段相连的两个圆圈不能同色， 一共有多少种不同的染色方法？ 图11-17,C:\Users\admin\Desktop\试卷分析project\参考教材\奥数\竟赛数学导引 四年级.pdf
4,竞赛数学导引 四年级,11,加法原理与乘法原理,超越篇,challenge,86,5,★,0.9858,True,80,medium,general,,has_diagram,加法原理与乘法原理|general,高思导引超越篇难度,high,review,L4,False,一只甲虫沿着图11-18中的方格线从A爬到B，每次只能向右爬一格或向上爬一 格，图中画着黑点的地方不能通过.请问：这只甲虫可以选择多少条不同的路线？ A 图11-18,C:\Users\admin\Desktop\试卷分析project\参考教材\奥数\竟赛数学导引 四年级.pdf
4,竞赛数学导引 四年级,11,加法原理与乘法原理,超越篇,challenge,87,6,,0.9952,False,77,medium,general,,,加法原理与乘法原理|general,高思导引超越篇难度,high,auto,L4,False,王老师家装修新房，需要2个木匠和2个电工.现有木匠3人、电工3人，另有1人 既能做木匠也能做电工.要从这7人中挑选出4人完成这项工作，共有多少种不同的选法？,C:\Users\admin\Desktop\试卷分析project\参考教材\奥数\竟赛数学导引 四年级.pdf
4,竞赛数学导引 四年级,11,加法原理与乘法原理,超越篇,challenge,87,7,,0.996,True,63,medium,general,,has_diagram,加法原理与乘法原理|general,高思导引超越篇难度,high,review,L4,False,如图11-19所示，一只小甲虫要从A点出发沿着线段爬到B点，不能重复经过任 何点.请问：这只甲虫有多少种不同的走法？ 图11-19,C:\Users\admin\Desktop\试卷分析project\参考教材\奥数\竟赛数学导引 四年级.pdf
4,竞赛数学导引 四年级,11,加法原理与乘法原理,超越篇,challenge,87,8,,0.9858,True,71,medium,geometry,,has_diagram,加法原理与乘法原理|计数问题|geometry,高思导引超越篇难度,high,review,L4,False,如图11-20所示，国际象棋中的棋子“皇后”从左下角走到右上角，每步只能向 右、向上或者向右上移动任意多格.一共有多少种不同的走法？ 图11-20,C:\Users\admin\Desktop\试卷分析project\参考教材\奥数\竟赛数学导引 四年级.pdf
4,竞赛数学导引 四年级,12,统筹与对策,兴趣篇,interest,88,1,★★,0.9855,False,110,long,general,,,统筹与对策|general,4年级及以前高思导引拓展篇及以下难度,low,auto,L2,False,妈妈让小高给客人烧水湖茶，洗开水壶要用1分钟，烧开水要用15分钟，洗茶壶要 用1分钟，洗茶杯要用1分钟，拿茶叶要用2分钟.小高估算了一下，完成这些工作要花20分 钟.为了尽快给客人湖茶，你认为最合理的安排，最少需要多少分钟？,C:\Users\admin\Desktop\试卷分析project\参考教材\奥数\竟赛数学导引 四年级.pdf
4,竞赛数学导引 四年级,12,统筹与对策,兴趣篇,interest,88,2,★★,0.9901,False,96,long,general,,,统筹与对策|general,4年级及以前高思导引拓展篇及以下难度,low,auto,L2,False,理发店里同时来了A、B、C三位顾客，A理板寸需要7分钟，B理光头需要10分 钟，C烫卷发需要40分钟.请问：如何安排这三人的理发顺序才能使得他们三人所花的时间 总和最短？这个最短的时间总和是多少？,C:\Users\admin\Desktop\试卷分析project\参考教材\奥数\竟赛数学导引 四年级.pdf
4,竞赛数学导引 四年级,12,统筹与对策,兴趣篇,interest,88,3,★★,0.993,False,111,long,general,,,统筹与对策|general,4年级及以前高思导引拓展篇及以下难度,low,auto,L2,False,一个水房有两个水龙头，一天早晨6：00，有五个人同时需要用水龙头：甲刷牙，用5 分钟；乙洗脸，用2分钟；丙洗头，用10分钟；丁浇花，用1分钟；戊洗衣服，用15分钟.请问：如 何合理安排，最快在早晨几点几分，这五个人都能用完水？,C:\Users\admin\Desktop\试卷分析project\参考教材\奥数\竟赛数学导引 四年级.pdf
4,竞赛数学导引 四年级,12,统筹与对策,兴趣篇,interest,89,4,★★,0.993,False,73,medium,general,,,统筹与对策|general,4年级及以前高思导引拓展篇及以下难度,low,auto,L1,False,西点店里卖的面包都是5个一袋或3个一袋的，不拆开零售.已知5个一袋的售价 是8元，3个一袋的售价是5元.要给47位同学每人发1个面包最少要花多少钱？,C:\Users\admin\Desktop\试卷分析project\参考教材\奥数\竟赛数学导引 四年级.pdf
4,竞赛数学导引 四年级,12,统筹与对策,兴趣篇,interest,89,5,,0.9941,True,169,very_long,general,,has_diagram,统筹与对策|general,4年级及以前高思导引拓展篇及以下难度,low,review,L3,False,如图12-1所示，一条环形公路上有A、B、C、D四 个仓库.A仓库存盐40吨，B仓库存盐5.吨，C仓库存盐35吨， D仓库没有盐.现在要调整存放数量，计划A、B、C、D每个仓 库各存盐20吨.已知每吨盐运1千米需要运费2元.试问：为完 成上述调运计划，最少需要多少元运费？（图12-1中公路旁的 数字表示相邻仓库间的里程数，单位为千米） D 图12-1,C:\Users\admin\Desktop\试卷分析project\参考教材\奥数\竟赛数学导引 四年级.pdf
4,竞赛数学导引 四年级,12,统筹与对策,兴趣篇,interest,89,6,,0.9971,False,142,very_long,logic,defined_operation,,统筹与对策|logic|defined_operation,4年级及以前高思导引拓展篇及以下难度,low,auto,L3,False,2008个小方格从左到右排成一行，甲、乙两人轮流在空格内放棋子，每人每次放一 枚.规定：每个空格只能放一枚棋子，当甲放好一枚棋子后，乙必须在紧挨着这枚棋子的空格 内放；而当乙放好棋子后，甲必须隔一个位子放；谁放不了就判谁输.如果乙一开始在左边第 一个方格内放了一枚棋子，那么谁将有必胜策略？,C:\Users\admin\Desktop\试卷分析project\参考教材\奥数\竟赛数学导引 四年级.pdf
4,竞赛数学导引 四年级,12,统筹与对策,兴趣篇,interest,89,7,,0.9972,False,63,medium,logic,defined_operation,,统筹与对策|logic|defined_operation,4年级及以前高思导引拓展篇及以下难度,low,auto,L2,False,有9根火柴，甲、乙两人轮流取，规定每次可以取1根或者2根火柴，以取走最后一 根火柴的人为胜者.试问：如果甲先取，谁有必胜的策略？,C:\Users\admin\Desktop\试卷分析project\参考教材\奥数\竟赛数学导引 四年级.pdf
4,竞赛数学导引 四年级,12,统筹与对策,兴趣篇,interest,89,8,,0.9959,False,65,medium,logic,defined_operation,,统筹与对策|logic|defined_operation,4年级及以前高思导引拓展篇及以下难度,low,auto,L2,False,有100根火柴，甲、乙两人轮流取，规定每次可以取1根、2根、3根或4根火柴，谁 取到最后一根火柴谁输.若甲先取，问：谁有必胜的策略？,C:\Users\admin\Desktop\试卷分析project\参考教材\奥数\竟赛数学导引 四年级.pdf
4,竞赛数学导引 四年级,12,统筹与对策,兴趣篇,interest,89,9,★,0.9912,True,89,medium,geometry,,has_diagram,统筹与对策|geometry,4年级及以前高思导引拓展篇及以下难度,low,review,L1,False,如图12-2方格A中放有一枚棋子，甲先乙后轮流移动这枚棋 子，只能向上、向右或向右上方沿45°角走1步，最终将棋子走到方格B的 B 人获胜.请问：谁有必胜策略，策略是什么？ A 图12-2,C:\Users\admin\Desktop\试卷分析project\参考教材\奥数\竟赛数学导引 四年级.pdf
4,竞赛数学导引 四年级,12,统筹与对策,兴趣篇,interest,89,10,★,0.9955,False,77,medium,geometry,,,统筹与对策|组合问题|geometry,4年级及以前高思导引拓展篇及以下难度,low,auto,L1,False,两人轮流往一个圆桌面上放同样大小的硬币，规则是：每人每次只能放一枚，硬币 不许重叠，谁放完最后一枚硬币而使对方再也无处可放，谁就获胜.请问：先放者如何取胜？,C:\Users\admin\Desktop\试卷分析project\参考教材\奥数\竟赛数学导引 四年级.pdf
4,竞赛数学导引 四年级,12,统筹与对策,拓展篇,extension,90,1,★★,0.9908,False,98,long,general,,,统筹与对策|general,4年级及以前高思导引拓展篇及以下难度,mid,auto,L4,False,萱萱中午做的菜是烧豆腐，共需要七道工序，每道工序的时间如下：切豆腐2分钟， 切肉片2分钟，准备葱姜蒜3分钟，准备佐料1分钟，烧热锅2分钟，烧热油2分钟，炒菜4分 钟.那么萱萱烧好这道菜最少需要几分钟？,C:\Users\admin\Desktop\试卷分析project\参考教材\奥数\竟赛数学导引 四年级.pdf
4,竞赛数学导引 四年级,12,统筹与对策,拓展篇,extension,90,2,★,0.9955,False,162,very_long,calculation,growth_consumption,,统筹与对策|calculation|growth_consumption,4年级及以前高思导引拓展篇及以下难度,mid,auto,L4,False,小杂货店里有一位售货员卖货，同时来了A、B、C、D、E五位顾客.A买糖果需要 2分钟，B买大米需要6分钟，C买香烟和啤酒需要4分钟，D买水果需要3分钟，E买蔬菜需 要5分钟.请问：售货员应该如何安排这五位顾客的顺序，使得这五位顾客排队等候的时间总 和最短？这个最短的时间总和是多少？（只计算每个人排队的时间，不计算买东西的时间.）,C:\Users\admin\Desktop\试卷分析project\参考教材\奥数\竟赛数学导引 四年级.pdf
4,竞赛数学导引 四年级,12,统筹与对策,拓展篇,extension,90,3,,0.9981,False,105,long,general,,,统筹与对策|general,4年级及以前高思导引拓展篇及以下难度,mid,auto,L4,False,有47位小朋友，老师要给他们每人发1支红笔和1支蓝笔.商店中每种笔都是5 支一包或3支一包，不能打开零售.5支一包的红笔61元，蓝笔70元；3支一包的红笔40元， 蓝笔47元.请问：老师买所需要的笔最少要花多少元？,C:\Users\admin\Desktop\试卷分析project\参考教材\奥数\竟赛数学导引 四年级.pdf
4,竞赛数学导引 四年级,12,统筹与对策,拓展篇,extension,90,4,,0.9846,True,47,medium,geometry,,has_diagram,统筹与对策|geometry,4年级及以前高思导引拓展篇及以下难度,mid,review,L3,False,如图12-3的方格屏幕上，每个小方格的边长是1厘米，一条贪吃的蛇从左下角出 图12-3 图12-4,C:\Users\admin\Desktop\试卷分析project\参考教材\奥数\竟赛数学导引 四年级.pdf
4,竞赛数学导引 四年级,12,统筹与对策,拓展篇,extension,90,5,★,0.9884,True,59,medium,general,,has_diagram,统筹与对策|general,4年级及以前高思导引拓展篇及以下难度,mid,review,L3,False,如图12-4是一张道路图，每段路旁标注的数值表示卡莉娅走这段路所需的分钟 数.问：卡莉娅从A出发走到B最快需要多少分钟？,C:\Users\admin\Desktop\试卷分析project\参考教材\奥数\竟赛数学导引 四年级.pdf
4,竞赛数学导引 四年级,12,统筹与对策,拓展篇,extension,91,6,,0.9776,True,181,very_long,general,,has_diagram,统筹与对策|general,4年级及以前高思导引拓展篇及以下难度,mid,review,L4,False,如图12-5，一条路上从西到东有A、B、C、D、E五所学校，分别有200人、300 人、400人、500人、600人，任意相邻的两所学校之间的距离都是100米.现在要在某所学校的 门口修建一个公共汽车站，要使所有人到达车站的距离之和最小，那么车站应该建在什么地 方？距离的总和最少是多少？ 终点 武汉 西安 起点 北京 500元 600元 L D 上海 700元100元 图12-5 图12-6,C:\Users\admin\Desktop\试卷分析project\参考教材\奥数\竟赛数学导引 四年级.pdf
4,竞赛数学导引 四年级,12,统筹与对策,拓展篇,extension,91,7,,0.9918,True,71,medium,general,,has_diagram,统筹与对策|general,4年级及以前高思导引拓展篇及以下难度,mid,review,L3,False,北京和上海分别制成同样型号的车床10台和6台，这些车床准备分配给武汉11 台、西安5台，每台车床的运费如图12－6所示.那么总运费最少是多少元？,C:\Users\admin\Desktop\试卷分析project\参考教材\奥数\竟赛数学导引 四年级.pdf
4,竞赛数学导引 四年级,12,统筹与对策,拓展篇,extension,91,8,,0.9895,True,113,long,general,,has_diagram,统筹与对策|general,4年级及以前高思导引拓展篇及以下难度,mid,review,L4,False,甲拿若干枚黑棋子，乙拿若干枚白棋子，他们轮流向如图12-7所 示的3×3的方格中放棋子，每次放1枚，谁的棋子中有3枚连成一条线（横、 竖、斜均可)，谁就获胜.如果甲首先占据了中间位置，乙要想不败，第1枚棋 子应该放在哪里？ 图12-7,C:\Users\admin\Desktop\试卷分析project\参考教材\奥数\竟赛数学导引 四年级.pdf
4,竞赛数学导引 四年级,12,统筹与对策,拓展篇,extension,91,9,★,0.9924,False,94,long,logic,defined_operation,,统筹与对策|logic|defined_operation,4年级及以前高思导引拓展篇及以下难度,mid,auto,L4,False,有12枚棋子，甲、乙两人轮流取，规定每次至少取1枚，最多取3枚，以取走最后一 枚棋子者为胜者.如果甲先取，那么谁有必胜策略？如果取走最后一枚棋子者为败者，并且仍 然是甲先取，那么谁有必胜策略？,C:\Users\admin\Desktop\试卷分析project\参考教材\奥数\竟赛数学导引 四年级.pdf
4,竞赛数学导引 四年级,12,统筹与对策,拓展篇,extension,91,10,,0.9981,False,72,medium,logic,,,统筹与对策|logic,4年级及以前高思导引拓展篇及以下难度,mid,auto,L3,False,现有2008根火柴，甲、乙两个人轮流从中取出火柴，每次最少从中取出2根，最多 取出4根，谁无法再次取出火柴谁就赢.如果甲先取，请问谁有必胜的策略？,C:\Users\admin\Desktop\试卷分析project\参考教材\奥数\竟赛数学导引 四年级.pdf
4,竞赛数学导引 四年级,12,统筹与对策,拓展篇,extension,91,11,,0.9935,False,176,very_long,logic,defined_operation,,统筹与对策|logic|defined_operation,4年级及以前高思导引拓展篇及以下难度,mid,auto,L4,False,甲、乙两人玩游戏：有两堆小球，甲、乙两人轮流从中取球，每次只能从同一堆中 取，个数不为零即可，规定取到最后一个球的人赢.现在甲先取球，问： （1）如果开始时两堆球数分别是2个和2个，那么谁有必胜策略？请说明理由； （2）如果开始时两堆球数分别是2个和3个，那么谁有必胜策略？请说明理由； （3）如果开始时两堆球数分别是5个和8个，那么谁有必胜策略？请说明理由，,C:\Users\admin\Desktop\试卷分析project\参考教材\奥数\竟赛数学导引 四年级.pdf
4,竞赛数学导引 四年级,12,统筹与对策,拓展篇,extension,92,12,,0.9974,False,84,medium,logic,,,统筹与对策|logic,4年级及以前高思导引拓展篇及以下难度,mid,auto,L3,False,黑板上写有1～2009这些自然数，甲先乙后，两人轮流擦去一个自然数.如果最后 剩下的两个自然数奇偶性不同，那么甲就胜，否则乙胜.请问：谁有必胜的策略，具体的策略是 怎样的？,C:\Users\admin\Desktop\试卷分析project\参考教材\奥数\竟赛数学导引 四年级.pdf
4,竞赛数学导引 四年级,12,统筹与对策,拓展篇,extension,92,13,★,0.9884,True,126,very_long,geometry,,has_diagram,统筹与对策|geometry,4年级及以前高思导引拓展篇及以下难度,mid,review,L4,False,如图12-8，方格A中放有一枚棋子，甲先乙后轮流移动这枚棋子，只能向上、向 右或向右上方沿45°角走1步，最终将棋子走到方格B的人获胜.请问：谁有必胜策略，策略是 什么？如果每次允许往同一方向（上、右或右上)走任意多步，结果又如何呢？ B 图12-8 图12-9,C:\Users\admin\Desktop\试卷分析project\参考教材\奥数\竟赛数学导引 四年级.pdf
4,竞赛数学导引 四年级,12,统筹与对策,拓展篇,extension,92,14,★,0.9923,True,161,very_long,general,,has_diagram,统筹与对策|组合问题|general,4年级及以前高思导引拓展篇及以下难度,mid,review,L4,False,桌上有一块巧克力，它被直线划分成3行7列的21个小方块，如图12-9所示.现 在让你和对手进行一种两人轮流切巧克力的游戏，规则如下： ①每次只许沿一条直线把巧克力切成两块； ②拿走其中一块，把另一块留给对手再切； ③谁能留给对手恰好是一个小方块，谁就取胜。 如果请你首先切巧克力，那么你第一次应该切走多少个小方块，才能使你最后获胜？,C:\Users\admin\Desktop\试卷分析project\参考教材\奥数\竟赛数学导引 四年级.pdf
4,竞赛数学导引 四年级,12,统筹与对策,超越篇,challenge,92,1,,0.9979,False,94,long,general,work_rate,,统筹与对策|general|work_rate,高思导引超越篇难度,high,auto,L4,False,甲、乙、丙三名车工准备在同样效率的三个车床上车出七个零件，加工各零件所需 要的时间分别为4、5、6、6、8、9、9分钟.三人同时开始工作，问：经过合理分工，最少经过多 少分钟可以车完全部零件？,C:\Users\admin\Desktop\试卷分析project\参考教材\奥数\竟赛数学导引 四年级.pdf
4,竞赛数学导引 四年级,12,统筹与对策,超越篇,challenge,93,2,,0.9927,True,115,long,application,,has_diagram,统筹与对策|application,高思导引超越篇难度,high,review,L4,False,如图12－10是某县的道路分布图，小唐驾车从县城出 发，要经过甲、乙、丙、丁、戊这些乡镇中的每个至少一次，并且最 后回到县城.已知道路旁边的数值表示汽车通过此段公路所需的 时间分钟数，那么小唐完成计划的行程最少需要多少分钟？ 图12-10,C:\Users\admin\Desktop\试卷分析project\参考教材\奥数\竟赛数学导引 四年级.pdf
4,竞赛数学导引 四年级,12,统筹与对策,超越篇,challenge,93,3,★,0.9915,True,183,very_long,application,work_rate,has_diagram,统筹与对策|application|work_rate,高思导引超越篇难度,high,review,L4,False,如图12－11，有10个村坐落在从县城出发的一条公路上，图中的数字表示各段公 路的长度，单位是千米.现在要安装水管，从县城送自来水供给各村，可以用粗细两种水管，粗 管足够供应所有各村用水，细管只能供一个村用水，粗管每千米要用8000元，细管每千米要 用2000元.把粗管和细管适当搭配，互相连接，可以降低工程的总费用.按你认为最节约的办 法，费用应是多少元？ 县城 图12-11,C:\Users\admin\Desktop\试卷分析project\参考教材\奥数\竟赛数学导引 四年级.pdf
4,竞赛数学导引 四年级,12,统筹与对策,超越篇,challenge,93,4,,0.9978,False,110,long,logic,,,统筹与对策|logic,高思导引超越篇难度,high,auto,L4,False,甲和乙两人做数学游戏：在黑板上写一个自然数，轮到谁走时，谁就从该自然数中 减去它的某个非零数字，并用所得的差替换原数，两人轮流走，谁所得到的数是零，就算谁赢： 如果开始在黑板上写的数是1994，并且甲先走，问：谁有必胜策略？,C:\Users\admin\Desktop\试卷分析project\参考教材\奥数\竟赛数学导引 四年级.pdf
4,竞赛数学导引 四年级,12,统筹与对策,超越篇,challenge,93,5,,0.9942,True,154,very_long,geometry,,has_diagram,统筹与对策|geometry,高思导引超越篇难度,high,review,L4,False,如图12-12，五角星上共有.10个交点和15条小线段.甲 首先将一枚棋子放在A点上，并由此出发沿某条小线段将棋子移到 相邻的一个交点上，之后乙再将棋子沿某条小线段移到下一个相邻 A 的交点上，之后甲再走如此下去.如果要求每条小线段都不能重 复经过，并且轮到某人无路可走时便判其失败.那么甲是否有必胜 策略？ 图12-12,C:\Users\admin\Desktop\试卷分析project\参考教材\奥数\竟赛数学导引 四年级.pdf
4,竞赛数学导引 四年级,12,统筹与对策,超越篇,challenge,94,6,,0.9954,True,125,very_long,geometry,,has_diagram,统筹与对策|geometry,高思导引超越篇难度,high,review,L4,False,把一枚棋子放在如图12-13所示的左下角的方格 内，甲、乙两人玩这样一个游戏：双方轮流移动棋子，只能向上、 向右或者向右上方沿45°角移动，一次可以移动任意多格，谁把 棋子移到了右上角的方格中即为输.试问：如果甲先走，是否有 必胜的策略？为什么？ 图12-13,C:\Users\admin\Desktop\试卷分析project\参考教材\奥数\竟赛数学导引 四年级.pdf
4,竞赛数学导引 四年级,12,统筹与对策,超越篇,challenge,94,7,★,0.9957,False,180,very_long,general,,,统筹与对策|general,高思导引超越篇难度,high,auto,L4,False,小高中午要炒一个菜，煮一锅饭，烧一壶水.用煤气炉炒菜每道工序的时间如下：切 菜4分钟，准备佐料4分钟，烧热锅2分钟，烧热油2分钟，炒菜4分钟.用煤气炉烧水每道工 序的时间如下：洗水壶2分钟，烧水15分钟，把开水灌到热水瓶中需要2分钟.用电饭锅煮饭 每道工序的时间如下：淘米4分钟，煮饭18分钟.小高家的煤气炉只有一个煤气灶.请问：小 高做完这三件事情最少需要多少分钟？,C:\Users\admin\Desktop\试卷分析project\参考教材\奥数\竟赛数学导引 四年级.pdf
4,竞赛数学导引 四年级,12,统筹与对策,超越篇,challenge,94,8,,0.998,False,77,medium,logic,,,统筹与对策|组合问题|logic,高思导引超越篇难度,high,auto,L4,False,甲、乙两人轮流报数，每人都只能报2、3、5、7中的一个，把两人报的数累加，如 果某个人报完数后，累加的和第一次为三位数时，这个人就获胜.请问：谁有必胜策略？,C:\Users\admin\Desktop\试卷分析project\参考教材\奥数\竟赛数学导引 四年级.pdf
4,竞赛数学导引 四年级,13,多位数与小数,兴趣篇,interest,95,1,★,0.9817,False,79,medium,calculation,,,多位数与小数|calculation,4年级及以前高思导引拓展篇及以下难度,low,auto,L1,False,李老师在黑板上写了四个算式：①7469÷0.7；②7.469÷0.007；③0.7469÷0.07； ④746.9÷7.请把它们的商按照从小到大的顺序排列起来.,C:\Users\admin\Desktop\试卷分析project\参考教材\奥数\竟赛数学导引 四年级.pdf
4,竞赛数学导引 四年级,13,多位数与小数,兴趣篇,interest,95,2,★★,0.9547,False,25,short,calculation,,,多位数与小数|calculation,4年级及以前高思导引拓展篇及以下难度,low,auto,L1,False,计算：5795.5795÷5.795×579.5.,C:\Users\admin\Desktop\试卷分析project\参考教材\奥数\竟赛数学导引 四年级.pdf
4,竞赛数学导引 四年级,13,多位数与小数,兴趣篇,interest,95,3,★★,0.9219,False,38,short,calculation,,,多位数与小数|calculation,4年级及以前高思导引拓展篇及以下难度,low,auto,L1,False,计算：24×(0.123+0.127)×0.125×(2.52+1.48).,C:\Users\admin\Desktop\试卷分析project\参考教材\奥数\竟赛数学导引 四年级.pdf
4,竞赛数学导引 四年级,13,多位数与小数,兴趣篇,interest,95,4,★★,0.935,False,40,short,calculation,,,多位数与小数|calculation,4年级及以前高思导引拓展篇及以下难度,low,auto,L1,False,计算：(3.74+3.76+3.78+3.8+3.82)×0.04÷24×60.,C:\Users\admin\Desktop\试卷分析project\参考教材\奥数\竟赛数学导引 四年级.pdf
4,竞赛数学导引 四年级,13,多位数与小数,兴趣篇,interest,95,5,★★,0.935,False,37,short,calculation,,,多位数与小数|calculation,4年级及以前高思导引拓展篇及以下难度,low,auto,L1,False,计算：1.25X3.14+125×0.0257+1250×0.00229.,C:\Users\admin\Desktop\试卷分析project\参考教材\奥数\竟赛数学导引 四年级.pdf
4,竞赛数学导引 四年级,13,多位数与小数,兴趣篇,interest,96,6,,0.9492,False,28,short,calculation,,,多位数与小数|calculation,4年级及以前高思导引拓展篇及以下难度,low,auto,L1,False,计算：19+199+1999+*+199..9. 10个9,C:\Users\admin\Desktop\试卷分析project\参考教材\奥数\竟赛数学导引 四年级.pdf
4,竞赛数学导引 四年级,13,多位数与小数,兴趣篇,interest,96,7,★,0.9235,False,34,short,calculation,,,多位数与小数|calculation,4年级及以前高思导引拓展篇及以下难度,low,auto,L1,False,求和式3十33十333十.…十33.-3计算结果的万位数字. 10个3,C:\Users\admin\Desktop\试卷分析project\参考教材\奥数\竟赛数学导引 四年级.pdf
4,竞赛数学导引 四年级,13,多位数与小数,兴趣篇,interest,96,8,★★,0.9335,False,21,short,calculation,,,多位数与小数|calculation,4年级及以前高思导引拓展篇及以下难度,low,auto,L1,False,计算：121212×4-242424×2.,C:\Users\admin\Desktop\试卷分析project\参考教材\奥数\竟赛数学导引 四年级.pdf
4,竞赛数学导引 四年级,13,多位数与小数,兴趣篇,interest,96,9,,0.9432,False,19,short,calculation,,,多位数与小数|calculation,4年级及以前高思导引拓展篇及以下难度,low,auto,L1,False,计算：99..9X12345. 10个9,C:\Users\admin\Desktop\试卷分析project\参考教材\奥数\竟赛数学导引 四年级.pdf
4,竞赛数学导引 四年级,13,多位数与小数,兴趣篇,interest,96,10,,0.9402,False,26,short,calculation,,,多位数与小数|计算问题|calculation,4年级及以前高思导引拓展篇及以下难度,low,auto,L1,False,计算：333.33×333...34. 10个3 9个3,C:\Users\admin\Desktop\试卷分析project\参考教材\奥数\竟赛数学导引 四年级.pdf
4,竞赛数学导引 四年级,13,多位数与小数,拓展篇,extension,96,1,★★,0.9584,False,18,short,calculation,,,多位数与小数|calculation,4年级及以前高思导引拓展篇及以下难度,mid,auto,L3,False,计算：13.64×0.25÷1.1.,C:\Users\admin\Desktop\试卷分析project\参考教材\奥数\竟赛数学导引 四年级.pdf
4,竞赛数学导引 四年级,13,多位数与小数,拓展篇,extension,96,2,★★,0.932,False,60,medium,calculation,,,多位数与小数|calculation,4年级及以前高思导引拓展篇及以下难度,mid,auto,L3,False,计算：(1）[4.2×5一(1÷0.25+9.1÷0.7)]÷0.004； (2）4.5×4.8÷0.25÷15÷0.24,C:\Users\admin\Desktop\试卷分析project\参考教材\奥数\竟赛数学导引 四年级.pdf
4,竞赛数学导引 四年级,13,多位数与小数,拓展篇,extension,96,3,★,0.9841,False,34,short,calculation,,,多位数与小数|calculation,4年级及以前高思导引拓展篇及以下难度,mid,auto,L3,False,在下面算式的两个口中填人相同的数，使得等式成立.所填的数应该是多少？,C:\Users\admin\Desktop\试卷分析project\参考教材\奥数\竟赛数学导引 四年级.pdf
4,竞赛数学导引 四年级,13,多位数与小数,拓展篇,extension,96,22,,0.8968,False,21,short,calculation,,,多位数与小数|calculation,4年级及以前高思导引拓展篇及以下难度,mid,auto,L3,False,5—(×3.2-2.4X)÷3.2=10.,C:\Users\admin\Desktop\试卷分析project\参考教材\奥数\竟赛数学导引 四年级.pdf
4,竞赛数学导引 四年级,13,多位数与小数,拓展篇,extension,96,4,,0.9455,False,56,medium,calculation,,,多位数与小数|calculation,4年级及以前高思导引拓展篇及以下难度,mid,auto,L3,False,计算：(1)299.9X19.98-199.8×29.97； (2) 3.51X49+35.1X5.1+99X51.,C:\Users\admin\Desktop\试卷分析project\参考教材\奥数\竟赛数学导引 四年级.pdf
4,竞赛数学导引 四年级,13,多位数与小数,拓展篇,extension,97,5,,0.9258,False,53,medium,calculation,,,多位数与小数|calculation,4年级及以前高思导引拓展篇及以下难度,mid,auto,L3,False,计算:3.14+64.8X0.537X25+5.37×6.48X75-8X64.8X0.125×53.7.,C:\Users\admin\Desktop\试卷分析project\参考教材\奥数\竟赛数学导引 四年级.pdf
4,竞赛数学导引 四年级,13,多位数与小数,拓展篇,extension,97,6,,0.9365,False,23,short,calculation,,,多位数与小数|calculation,4年级及以前高思导引拓展篇及以下难度,mid,auto,L3,False,计算：27.8×28.7-27.7X28.8.,C:\Users\admin\Desktop\试卷分析project\参考教材\奥数\竟赛数学导引 四年级.pdf
4,竞赛数学导引 四年级,13,多位数与小数,拓展篇,extension,97,7,★,0.9514,False,33,short,calculation,,,多位数与小数|calculation,4年级及以前高思导引拓展篇及以下难度,mid,auto,L3,False,计算：24.25×7.19+0.23×281+1.25×0.81.,C:\Users\admin\Desktop\试卷分析project\参考教材\奥数\竟赛数学导引 四年级.pdf
4,竞赛数学导引 四年级,13,多位数与小数,拓展篇,extension,97,8,,0.977,False,54,medium,calculation,,,多位数与小数|calculation,4年级及以前高思导引拓展篇及以下难度,mid,auto,L3,False,计算:0.1+0.3+0.5+0.7+0.9+0.11+0.13+0.15+0.17+0.19++0.99.,C:\Users\admin\Desktop\试卷分析project\参考教材\奥数\竟赛数学导引 四年级.pdf
4,竞赛数学导引 四年级,13,多位数与小数,拓展篇,extension,97,9,★,0.927,False,62,medium,calculation,,,多位数与小数|calculation,4年级及以前高思导引拓展篇及以下难度,mid,auto,L3,False,计算：(1)28+208+2008++200.…08； 100个0 (2)98+998+9998+..+99...98. 10个9,C:\Users\admin\Desktop\试卷分析project\参考教材\奥数\竟赛数学导引 四年级.pdf
4,竞赛数学导引 四年级,13,多位数与小数,拓展篇,extension,97,10,★,0.9515,False,27,short,calculation,,,多位数与小数|calculation,4年级及以前高思导引拓展篇及以下难度,mid,auto,L3,False,计算：3+33+333+3333+*+333. 50个3,C:\Users\admin\Desktop\试卷分析project\参考教材\奥数\竟赛数学导引 四年级.pdf
4,竞赛数学导引 四年级,13,多位数与小数,拓展篇,extension,97,11,,0.9543,False,31,short,calculation,,,多位数与小数|calculation,4年级及以前高思导引拓展篇及以下难度,mid,auto,L3,False,计算：999999×222222+333333×333334.,C:\Users\admin\Desktop\试卷分析project\参考教材\奥数\竟赛数学导引 四年级.pdf
4,竞赛数学导引 四年级,13,多位数与小数,拓展篇,extension,97,12,★,0.961,False,39,short,calculation,,,多位数与小数|calculation,4年级及以前高思导引拓展篇及以下难度,mid,auto,L3,False,计算：1981×198319831983-1982×198119811981.,C:\Users\admin\Desktop\试卷分析project\参考教材\奥数\竟赛数学导引 四年级.pdf
4,竞赛数学导引 四年级,13,多位数与小数,拓展篇,extension,97,13,★★,0.9293,False,64,medium,calculation,,,多位数与小数|calculation,4年级及以前高思导引拓展篇及以下难度,mid,auto,L3,False,计算（1)99..9×99..9+199...9； 100个9 100个9 100个9 (2)33..3X66...6. 20个3 20个6,C:\Users\admin\Desktop\试卷分析project\参考教材\奥数\竟赛数学导引 四年级.pdf
4,竞赛数学导引 四年级,13,多位数与小数,拓展篇,extension,97,14,★,0.9357,False,51,medium,calculation,,,多位数与小数|calculation,4年级及以前高思导引拓展篇及以下难度,mid,auto,L3,False,求算式99.…9×88….8÷66.…6的计算结果的各位数字之和. 2000个92000个82000个6,C:\Users\admin\Desktop\试卷分析project\参考教材\奥数\竟赛数学导引 四年级.pdf
4,竞赛数学导引 四年级,13,多位数与小数,拓展篇,extension,98,1,,0.9678,False,58,medium,calculation,,,多位数与小数|calculation,4年级及以前高思导引拓展篇及以下难度,mid,auto,L3,False,计算：(1+1.2+1.23+1.234)×(1.2+1.23+1.234+1.2345)—(1+1.2+1.23+,C:\Users\admin\Desktop\试卷分析project\参考教材\奥数\竟赛数学导引 四年级.pdf
4,竞赛数学导引 四年级,13,多位数与小数,拓展篇,extension,98,1,,0.9161,False,29,short,calculation,,,多位数与小数|calculation,4年级及以前高思导引拓展篇及以下难度,mid,auto,L3,False,234+1. 2345)× (1. 2+1. 23+1. 234).,C:\Users\admin\Desktop\试卷分析project\参考教材\奥数\竟赛数学导引 四年级.pdf
4,竞赛数学导引 四年级,13,多位数与小数,拓展篇,extension,98,2,★,0.9927,False,47,medium,calculation,,,多位数与小数|calculation,4年级及以前高思导引拓展篇及以下难度,mid,auto,L3,False,一个数去掉小数部分后得到一个整数，这个整数加上原数的4倍，等于27.6.那么 原来这个数是多少？,C:\Users\admin\Desktop\试卷分析project\参考教材\奥数\竟赛数学导引 四年级.pdf
4,竞赛数学导引 四年级,13,多位数与小数,拓展篇,extension,98,3,★★,0.9453,False,42,short,calculation,,,多位数与小数|calculation,4年级及以前高思导引拓展篇及以下难度,mid,auto,L3,False,计算：4.…4-66..·6+88..800..0. 40个4 20个6 20个810个0,C:\Users\admin\Desktop\试卷分析project\参考教材\奥数\竟赛数学导引 四年级.pdf
4,竞赛数学导引 四年级,13,多位数与小数,拓展篇,extension,98,4,★,0.9477,False,28,short,calculation,,,多位数与小数|calculation,4年级及以前高思导引拓展篇及以下难度,mid,auto,L3,False,计算：88888-111.112 2000个8 2000个1,C:\Users\admin\Desktop\试卷分析project\参考教材\奥数\竟赛数学导引 四年级.pdf
4,竞赛数学导引 四年级,13,多位数与小数,拓展篇,extension,98,5,,0.9657,False,39,short,calculation,,,多位数与小数|calculation,4年级及以前高思导引拓展篇及以下难度,mid,auto,L3,False,求算式888….8×333.·3的计算结果的各位数字之和. 300个8 300个3,C:\Users\admin\Desktop\试卷分析project\参考教材\奥数\竟赛数学导引 四年级.pdf
4,竞赛数学导引 四年级,13,多位数与小数,拓展篇,extension,98,6,★,0.9655,False,32,short,calculation,,,多位数与小数|calculation,4年级及以前高思导引拓展篇及以下难度,mid,auto,L3,False,计算：3+3.3+3.33+3.333++3.33.3. 99个3,C:\Users\admin\Desktop\试卷分析project\参考教材\奥数\竟赛数学导引 四年级.pdf
4,竞赛数学导引 四年级,13,多位数与小数,拓展篇,extension,98,7,,0.9719,False,46,medium,calculation,,,多位数与小数|calculation,4年级及以前高思导引拓展篇及以下难度,mid,auto,L3,False,已知数44.…46.222.….24是某个小数的平方，请问：这个小数是多少？ 99个4 99个2,C:\Users\admin\Desktop\试卷分析project\参考教材\奥数\竟赛数学导引 四年级.pdf
4,竞赛数学导引 四年级,13,多位数与小数,拓展篇,extension,98,8,★,0.9764,False,65,medium,calculation,,,多位数与小数|计算问题|calculation,4年级及以前高思导引拓展篇及以下难度,mid,auto,L3,False,计算以下各数的数字之和：（1)1111..1×1111·1；（2)1111.1×1111·1. 99个1 99个1 100个1 100个1,C:\Users\admin\Desktop\试卷分析project\参考教材\奥数\竟赛数学导引 四年级.pdf
4,竞赛数学导引 四年级,14,平均数问题,兴趣篇,interest,99,1,★,0.9906,True,79,medium,calculation,,has_diagram,平均数问题|calculation,4年级及以前高思导引拓展篇及以下难度,low,review,L1,False,"小高参加射击比赛，他一共打了10枪，每枪都射中靶 子，位置如图14-1中的“×""所示，图中数字表示击中靶子各部 位能得到的分数.请问：小高此次打靶的平均分是多少？",C:\Users\admin\Desktop\试卷分析project\参考教材\奥数\竟赛数学导引 四年级.pdf
4,竞赛数学导引 四年级,14,平均数问题,兴趣篇,interest,99,2,★,0.9644,False,47,medium,general,,,平均数问题|general,4年级及以前高思导引拓展篇及以下难度,low,auto,L1,False,请求出103、109、105、101、110、102、106、104这8个 数的平均数 图 14 -1,C:\Users\admin\Desktop\试卷分析project\参考教材\奥数\竟赛数学导引 四年级.pdf
4,竞赛数学导引 四年级,14,平均数问题,兴趣篇,interest,99,3,★★,0.9943,False,73,medium,general,,,平均数问题|general,4年级及以前高思导引拓展篇及以下难度,low,auto,L1,False,甲、乙、丙、丁四个小队拾松果，甲、乙、丙三队平均每队拾了24千克，乙、丙、丁三队 平均每队拾了26千克.已知丁队拾了28千克，那么甲队拾了多少千克？,C:\Users\admin\Desktop\试卷分析project\参考教材\奥数\竟赛数学导引 四年级.pdf
4,竞赛数学导引 四年级,14,平均数问题,兴趣篇,interest,99,4,★,0.998,False,63,medium,calculation,,,平均数问题|calculation,4年级及以前高思导引拓展篇及以下难度,low,auto,L1,False,墨莫参加了5次天文知识竞赛，平均分是82分.如果不算分数最高的那次，其余4 次的平均成绩为80分.墨莫这5次竞赛的最高分是多少？,C:\Users\admin\Desktop\试卷分析project\参考教材\奥数\竟赛数学导引 四年级.pdf
4,竞赛数学导引 四年级,14,平均数问题,兴趣篇,interest,100,5,★★,0.9904,False,111,long,general,,,平均数问题|general,4年级及以前高思导引拓展篇及以下难度,low,auto,L2,False,张村有25户人家，李村有20户人家，去年张村平均每户收人4.4万元，李村平均 每户收人3.5万元.去年两村平均每户收人多少万元？今年李村有3户人家收入增加，这3 户平均每户多收人6000元.请问：今年两村平均每户收入多少万元？,C:\Users\admin\Desktop\试卷分析project\参考教材\奥数\竟赛数学导引 四年级.pdf
4,竞赛数学导引 四年级,14,平均数问题,兴趣篇,interest,100,6,★★,0.9965,False,47,medium,general,,,平均数问题|general,4年级及以前高思导引拓展篇及以下难度,low,auto,L1,False,卡莉娅玩投飞镖，前6次的平均成绩是3环，第7次投完之后，平均成绩上升了1 环.她第7次投了几环？,C:\Users\admin\Desktop\试卷分析project\参考教材\奥数\竟赛数学导引 四年级.pdf
4,竞赛数学导引 四年级,14,平均数问题,兴趣篇,interest,100,7,★★,0.9908,False,44,short,general,,,平均数问题|general,4年级及以前高思导引拓展篇及以下难度,low,auto,L1,False,8个数的平均数为50，若把其中的一个数改为90，平均数就变成60.被改动的数原 来是多少？,C:\Users\admin\Desktop\试卷分析project\参考教材\奥数\竟赛数学导引 四年级.pdf
4,竞赛数学导引 四年级,14,平均数问题,兴趣篇,interest,100,8,★,0.9931,False,96,long,calculation,,,平均数问题|calculation,4年级及以前高思导引拓展篇及以下难度,low,auto,L2,False,萱萱参加了若干次考试，在最后一次考试时她发现：如果这次考试得97分，那么她 的平均分是90分；如果这次考试得73分，那么她的平均分数是87分.萱萱一共参加了多少 次考试？ 请问：乙车间有多少名工人？,C:\Users\admin\Desktop\试卷分析project\参考教材\奥数\竟赛数学导引 四年级.pdf
4,竞赛数学导引 四年级,14,平均数问题,兴趣篇,interest,100,10,,0.9983,False,97,long,general,,,平均数问题|general,4年级及以前高思导引拓展篇及以下难度,low,auto,L2,False,某人问园丁，花园里有多少株开花的植物，园丁说：“春、夏、秋三个季节，平均每个 季节有56株；春、夏、冬三个季节，平均每个季节有54株；春、秋、冬三个季节，平均每个季节 么花园里共有多少株开花的植物？,C:\Users\admin\Desktop\试卷分析project\参考教材\奥数\竟赛数学导引 四年级.pdf
4,竞赛数学导引 四年级,14,平均数问题,拓展篇,extension,100,1,★,0.9907,False,82,medium,general,,,平均数问题|general,4年级及以前高思导引拓展篇及以下难度,mid,auto,L3,False,有鸡、鸭、鸽子、麻雀四只小动物，鸽子重0.6千克；鸡的重量比鸽子的2倍少0.2千 克；鸭的重量比鸡多0.5千克；麻雀的重量比鸽子少0.4千克.求这四只动物的平均重量，,C:\Users\admin\Desktop\试卷分析project\参考教材\奥数\竟赛数学导引 四年级.pdf
4,竞赛数学导引 四年级,14,平均数问题,拓展篇,extension,101,2,★,0.997,False,56,medium,general,,,平均数问题|general,4年级及以前高思导引拓展篇及以下难度,mid,auto,L3,False,求下列20个数的平均数：306、312、306、308、314、304、318、311、313、315、314、,C:\Users\admin\Desktop\试卷分析project\参考教材\奥数\竟赛数学导引 四年级.pdf
4,竞赛数学导引 四年级,14,平均数问题,拓展篇,extension,101,3,★★,0.995,True,82,medium,general,,has_diagram,平均数问题|general,4年级及以前高思导引拓展篇及以下难度,mid,review,L3,False,飞碟工厂一周生产的机器台数的统计表破损了，如图14-2所示，表中缺少几个数 字，请你根据这张统计表，求出星期三和星期四的产量， 星期 二 三 四 五 平均 台数81746 图14-2,C:\Users\admin\Desktop\试卷分析project\参考教材\奥数\竟赛数学导引 四年级.pdf
4,竞赛数学导引 四年级,14,平均数问题,拓展篇,extension,101,4,★★,0.9942,False,78,medium,general,,,平均数问题|general,4年级及以前高思导引拓展篇及以下难度,mid,auto,L3,False,卡莉娅在商场买了3千克水果糖、1千克花生糖和2千克奶糖.已知水果糖每千克 16元，花生糖每千克14元，奶糖每千克20元.问：卡莉娅买的糖果平均每千克多少元钱？,C:\Users\admin\Desktop\试卷分析project\参考教材\奥数\竟赛数学导引 四年级.pdf
4,竞赛数学导引 四年级,14,平均数问题,拓展篇,extension,101,5,★,0.9986,False,74,medium,general,,,平均数问题|general,4年级及以前高思导引拓展篇及以下难度,mid,auto,L3,False,四年级一班有6名女学生，她们的平均身高是140厘米.如果她们当中有1人离开， 剩下5人的平均身高就变成135厘米.请问：离开的那个女生身高是多少厘米？,C:\Users\admin\Desktop\试卷分析project\参考教材\奥数\竟赛数学导引 四年级.pdf
4,竞赛数学导引 四年级,14,平均数问题,拓展篇,extension,101,6,★★,0.9988,False,74,medium,general,,,平均数问题|general,4年级及以前高思导引拓展篇及以下难度,mid,auto,L3,False,35个数排成5行7列，7列的平均数分别为39、41、40、45、42、39、41.前4行的 平均数分别为42、39、44、41.请求出最后一行的平均数,C:\Users\admin\Desktop\试卷分析project\参考教材\奥数\竟赛数学导引 四年级.pdf
4,竞赛数学导引 四年级,14,平均数问题,拓展篇,extension,101,7,,0.9864,False,99,long,general,,,平均数问题|general,4年级及以前高思导引拓展篇及以下难度,mid,auto,L4,False,汽车配件厂有150名工人，平均每人每天能生产200个零件.后来部分工人的设备 被改良了，这些工人每人每天可以多生产30个零件，此时工厂平均每人每天能生产213个零 件.请问：有多少名工人的设备被改良了？,C:\Users\admin\Desktop\试卷分析project\参考教材\奥数\竟赛数学导引 四年级.pdf
4,竞赛数学导引 四年级,14,平均数问题,拓展篇,extension,101,8,★★,0.9903,False,73,medium,general,,,平均数问题|general,4年级及以前高思导引拓展篇及以下难度,mid,auto,L3,False,黑板上有7个数，平均数为55.如果把其中一个数改为140，则平均数变为64.求被 改动的数是多少？如果再将其余6个数都乘以2，求此时7个数的平均数.,C:\Users\admin\Desktop\试卷分析project\参考教材\奥数\竟赛数学导引 四年级.pdf
4,竞赛数学导引 四年级,14,平均数问题,拓展篇,extension,101,9,★★,0.9765,False,55,medium,general,,,平均数问题|general,4年级及以前高思导引拓展篇及以下难度,mid,auto,L3,False,甲班有33人，乙班有22人，在一次考试中，甲班的平均分是80分，甲班和乙班的 总平均分是82分，求乙班的平均分。,C:\Users\admin\Desktop\试卷分析project\参考教材\奥数\竟赛数学导引 四年级.pdf
4,竞赛数学导引 四年级,14,平均数问题,拓展篇,extension,102,10,★,0.9881,False,74,medium,general,,,平均数问题|general,4年级及以前高思导引拓展篇及以下难度,mid,auto,L3,False,甲、乙、丙三个班的人数分别为45、57、54，已知甲班的平均分为91.5分，乙班的 平均分为89.5分，三个班的总平均分为92.5分，求丙班的平均分，,C:\Users\admin\Desktop\试卷分析project\参考教材\奥数\竟赛数学导引 四年级.pdf
4,竞赛数学导引 四年级,14,平均数问题,拓展篇,extension,102,11,,0.9965,False,64,medium,general,,,平均数问题|general,4年级及以前高思导引拓展篇及以下难度,mid,auto,L3,False,某单位男职工人数是女职工人数的2倍，男职工的平均年龄是31岁，女职工的平 均年龄是40岁.请问：该单位全体职工的平均年龄是多少岁？,C:\Users\admin\Desktop\试卷分析project\参考教材\奥数\竟赛数学导引 四年级.pdf
4,竞赛数学导引 四年级,14,平均数问题,拓展篇,extension,102,12,★,0.9916,False,60,medium,general,,,平均数问题|general,4年级及以前高思导引拓展篇及以下难度,mid,auto,L3,False,甲班有25人，乙班有75人，甲班和乙班的总平均分是90分.如果甲班的平均分 比乙班的平均分高5分，那么乙班的平均分是多少？,C:\Users\admin\Desktop\试卷分析project\参考教材\奥数\竟赛数学导引 四年级.pdf
4,竞赛数学导引 四年级,14,平均数问题,拓展篇,extension,102,13,★,0.9951,False,86,medium,general,,,平均数问题|general,4年级及以前高思导引拓展篇及以下难度,mid,auto,L3,False,某小学四年级一班和二班共有学生100名，在一次数学考试中，两班学生的总平 均分是75.4分，其中一班的平均分是73分，二班的平均分是78分.请问：一班和二班的人数 之差是多少？,C:\Users\admin\Desktop\试卷分析project\参考教材\奥数\竟赛数学导引 四年级.pdf
4,竞赛数学导引 四年级,14,平均数问题,拓展篇,extension,102,14,★,0.9943,False,86,medium,general,,,平均数问题|general,4年级及以前高思导引拓展篇及以下难度,mid,auto,L3,False,小高期末考试语文、数学、英语、地理、历史五科中的四科成绩如下：语文88分，数 学99分，地理94分，历史95分.英语成绩比五科的总平均分低2.4分，那么小高英语的得分 是多少？,C:\Users\admin\Desktop\试卷分析project\参考教材\奥数\竟赛数学导引 四年级.pdf
4,竞赛数学导引 四年级,14,平均数问题,超越篇,challenge,102,1,★,0.9936,False,106,long,general,,,平均数问题|general,高思导引超越篇难度,high,auto,L4,False,萱萱参加了六次数学测验，这六次测验有一个总平均分，后四次测验的平均分比总 平均分多3分，第一次、第二次、第六次这三次测验的平均分要比总平均分少3.6分.请问：前 五次测验的平均分与总平均分相比，是高还是低？差多少分？,C:\Users\admin\Desktop\试卷分析project\参考教材\奥数\竟赛数学导引 四年级.pdf
4,竞赛数学导引 四年级,14,平均数问题,超越篇,challenge,102,2,★,0.9967,False,106,long,general,,,平均数问题|general,高思导引超越篇难度,high,auto,L4,False,A、B、C、D、E这五人在一次满分为100分的考试中，得分互不相同，并且都是大 于91的整数.如果A、B、C三人的平均分为95分，B、C、D三人的平均分为94分，A是第一 名，E得96分是第三名，请问：D得了多少分？,C:\Users\admin\Desktop\试卷分析project\参考教材\奥数\竟赛数学导引 四年级.pdf
4,竞赛数学导引 四年级,14,平均数问题,超越篇,challenge,103,3,,0.9974,False,64,medium,general,,,平均数问题|general,高思导引超越篇难度,high,auto,L4,False,老师在黑板上写出了若干个从1开始的连续自然数1，2，3，，后来擦掉其中的 一个数，剩下的数的平均数是10.8.求被擦掉的那个自然数,C:\Users\admin\Desktop\试卷分析project\参考教材\奥数\竟赛数学导引 四年级.pdf
4,竞赛数学导引 四年级,14,平均数问题,超越篇,challenge,103,4,★,0.997,False,111,long,general,,,平均数问题|general,高思导引超越篇难度,high,auto,L4,False,四年级五班有50名同学，在一次数学考试后，王老师将这些学生按成绩排了名次， 30名的平均分加上后20名的平均分，再除以2，错误地认为这就是全班同学的平均分.这样 做全班的平均成绩是提高了，还是降低了？请算出提高或降低了多少分？,C:\Users\admin\Desktop\试卷分析project\参考教材\奥数\竟赛数学导引 四年级.pdf
4,竞赛数学导引 四年级,14,平均数问题,超越篇,challenge,103,5,★,0.9942,False,106,long,general,,,平均数问题|general,高思导引超越篇难度,high,auto,L4,False,某次数学竞赛原定一等奖10人，二等奖20人.现在将一等奖中最后4人调整为二 等奖，那么得二等奖的学生的平均分就提高了1分，得一等奖的学生的平均分就提高了3分。 请问：原来一等奖学生的平均分比二等奖学生的平均分多多少？,C:\Users\admin\Desktop\试卷分析project\参考教材\奥数\竟赛数学导引 四年级.pdf
4,竞赛数学导引 四年级,14,平均数问题,超越篇,challenge,103,6,★,0.99,False,103,long,general,,,平均数问题|general,高思导引超越篇难度,high,auto,L4,False,小高家有5口人：爷爷、奶奶、爸爸、妈妈还有小高.今年，爷爷75岁，奶奶比5人 的平均年龄大26岁，爸爸34岁，妈妈比5人的平均年龄小13岁，小高比妈妈小21岁.请你根 据以上的信息，求出小高刚出生时爸爸多少岁，,C:\Users\admin\Desktop\试卷分析project\参考教材\奥数\竟赛数学导引 四年级.pdf
4,竞赛数学导引 四年级,14,平均数问题,超越篇,challenge,103,7,,0.9986,False,72,medium,calculation,,,平均数问题|calculation,高思导引超越篇难度,high,auto,L4,False,一次考试，男生的平均分比总平均分高2分，女生的平均分比总平均分低1分.男 生的总分数是942分，女生的总分数是1800分.求：男、女生各有多少人？,C:\Users\admin\Desktop\试卷分析project\参考教材\奥数\竟赛数学导引 四年级.pdf
4,竞赛数学导引 四年级,14,平均数问题,超越篇,challenge,103,8,,0.999,False,177,very_long,calculation,case_analysis,,平均数问题|calculation|case_analysis,高思导引超越篇难度,high,auto,L4,False,少年歌手大奖赛的裁判小组由若干人组成，每名裁判员给歌手的评分最高为10 分，第一名歌手演唱后的得分情况是：全体裁判员所给分数的平均分是9.64分；如果只去掉 一个最高分，则其余裁判员所给分数的平均分是9.60分；如果只去掉一个最低分，则其余裁 判员所给分数的平均分是9.68分.请问：所有裁判员所给分数中的最低分最少可以是多少？ 这时，大奖赛的裁判员共有多少名？,C:\Users\admin\Desktop\试卷分析project\参考教材\奥数\竟赛数学导引 四年级.pdf
4,竞赛数学导引 四年级,15,复杂竖式,兴趣篇,interest,104,1,★★,0.9951,True,93,long,general,,has_diagram,复杂竖式|general,4年级及以前高思导引拓展篇及以下难度,low,review,L2,False,图15-1是一个字母竖式，相同的字母代表相同的数字，不同的字母代表不同的数 字.请把竖式用数字表示出来. ACE CDBC HORSE CABE HORSE DEECC RABBIT 图15-1 图15-2,C:\Users\admin\Desktop\试卷分析project\参考教材\奥数\竟赛数学导引 四年级.pdf
4,竞赛数学导引 四年级,15,复杂竖式,兴趣篇,interest,104,2,★★,0.9846,True,47,medium,general,,has_diagram,复杂竖式|general,4年级及以前高思导引拓展篇及以下难度,low,review,L1,False,图15-2算式中，相同的字母代表相同的数字，不同的字母代表不同的数字.请问 这个算式的和是多少？,C:\Users\admin\Desktop\试卷分析project\参考教材\奥数\竟赛数学导引 四年级.pdf
4,竞赛数学导引 四年级,15,复杂竖式,兴趣篇,interest,104,3,★★,0.8925,True,114,long,calculation,,has_diagram,复杂竖式|calculation,4年级及以前高思导引拓展篇及以下难度,low,review,L2,False,在图15-3中的各个口内填人恰当的数字后， 可使算式成立，并且个位上的5个数字从上向下看，恰好 是图15-4中顺时针次序的连续5个数字，十位上的5个 口口 数字也有这样的性质.请问：竖式中计算的结果是多少？ □□ □□□ 图15-3 图15-4,C:\Users\admin\Desktop\试卷分析project\参考教材\奥数\竟赛数学导引 四年级.pdf
4,竞赛数学导引 四年级,15,复杂竖式,兴趣篇,interest,105,4,★★,0.8325,True,80,medium,general,,has_diagram,复杂竖式|general,4年级及以前高思导引拓展篇及以下难度,low,review,L1,False,请把1～9这9个数字填在图15-5中的口内（其中有3个数字已经填好)，使得加 法和乘法这两个算式都成立. □7 □□□ × □□口 × 口 口 +□口 3248 图15-5 图15-6,C:\Users\admin\Desktop\试卷分析project\参考教材\奥数\竟赛数学导引 四年级.pdf
4,竞赛数学导引 四年级,15,复杂竖式,兴趣篇,interest,105,5,★★,0.9818,True,43,short,general,,has_diagram,复杂竖式|general,4年级及以前高思导引拓展篇及以下难度,low,review,L1,False,图15-6是一个乘法竖式，请在其中的10个口内分别填入0～9这10个数字，使得 竖式成立,C:\Users\admin\Desktop\试卷分析project\参考教材\奥数\竟赛数学导引 四年级.pdf
4,竞赛数学导引 四年级,15,复杂竖式,兴趣篇,interest,105,6,,0.8152,True,90,long,general,,has_diagram,复杂竖式|general,4年级及以前高思导引拓展篇及以下难度,low,review,L2,False,如图15-7，在乘法竖式的每个口中填人一个数字，使其成为正确的竖式，那么所得 的乘积应该是多少？ □1□ □□5 × 口口 □□□ □□ □ □ □□□ 1□0 口口 □□6□ 1□□05 图15-7 图15-8,C:\Users\admin\Desktop\试卷分析project\参考教材\奥数\竟赛数学导引 四年级.pdf
4,竞赛数学导引 四年级,15,复杂竖式,兴趣篇,interest,105,7,,0.9886,True,47,medium,general,,has_diagram,复杂竖式|general,4年级及以前高思导引拓展篇及以下难度,low,review,L1,False,如图15-8，在乘法竖式的每个口中填人一个数字，使其成为正确的竖式，那么所得 的乘积应该是多少？,C:\Users\admin\Desktop\试卷分析project\参考教材\奥数\竟赛数学导引 四年级.pdf
4,竞赛数学导引 四年级,15,复杂竖式,兴趣篇,interest,105,8,,0.8592,True,51,medium,general,,has_diagram,复杂竖式|general,4年级及以前高思导引拓展篇及以下难度,low,review,L1,False,将图15-9中的竖式补充完整. 2口 □7□ □□7 □ 2 × 口口 口 □□ 5 □93 1 □□□□ 图15-9 图15-10,C:\Users\admin\Desktop\试卷分析project\参考教材\奥数\竟赛数学导引 四年级.pdf
4,竞赛数学导引 四年级,15,复杂竖式,兴趣篇,interest,105,9,★★,0.9701,True,35,short,general,,has_diagram,复杂竖式|general,4年级及以前高思导引拓展篇及以下难度,low,review,L1,False,在图15-10中的口内填上适当的数字，使得竖式成立，请写出所有的答案.,C:\Users\admin\Desktop\试卷分析project\参考教材\奥数\竟赛数学导引 四年级.pdf
4,竞赛数学导引 四年级,15,复杂竖式,兴趣篇,interest,106,10,,0.8807,True,61,medium,general,,has_diagram,复杂竖式|数字谜问题|general,4年级及以前高思导引拓展篇及以下难度,low,review,L1,False,请把图15-11中的除法竖式补充完整，这个算式的被除 口L 数、除数以及商的总和是多少？ □ □ 2 □ 9 □ □ □6□ 6□□ 图15-10,C:\Users\admin\Desktop\试卷分析project\参考教材\奥数\竟赛数学导引 四年级.pdf
4,竞赛数学导引 四年级,15,复杂竖式,拓展篇,extension,106,1,,0.9585,True,130,very_long,general,,has_diagram,复杂竖式|general,4年级及以前高思导引拓展篇及以下难度,mid,review,L4,False,在图15-12的字母竖式中，相同的字母代表相同的数字，不同的字母代表不同的 数字.已知个位向十位的进位为2，且E是奇数，则A、B、C、D分别代表什么数字？ ADBA FORTY DCA FIFTEEN 十 EBA +FIFTEEN CECE SEVENTY 图15-12 图15-13,C:\Users\admin\Desktop\试卷分析project\参考教材\奥数\竟赛数学导引 四年级.pdf
4,竞赛数学导引 四年级,15,复杂竖式,拓展篇,extension,106,2,,0.9814,True,49,medium,general,,has_diagram,复杂竖式|general,4年级及以前高思导引拓展篇及以下难度,mid,review,L3,False,在图15－13中，相同的字母代表相同的数字，不同的字母代表不同的数字.请给出 两种使竖式成立的填法，,C:\Users\admin\Desktop\试卷分析project\参考教材\奥数\竟赛数学导引 四年级.pdf
4,竞赛数学导引 四年级,15,复杂竖式,拓展篇,extension,106,3,★,0.8586,True,116,long,general,,has_diagram,复杂竖式|general,4年级及以前高思导引拓展篇及以下难度,mid,review,L4,False,在图15-14所示的乘法竖式中，每个口和字母都代表一个数字；相同的字母代表 相同的数字，不同的字母代表不同的数字.请问：A、B、C、D各代表什么数字？ AB □□ 5 × CD × 4口 1□□ 3□口 1□D 2□□ D8 1□□□□ 图15-14 图15-15,C:\Users\admin\Desktop\试卷分析project\参考教材\奥数\竟赛数学导引 四年级.pdf
4,竞赛数学导引 四年级,15,复杂竖式,拓展篇,extension,106,4,,0.9896,True,65,medium,general,,has_diagram,复杂竖式|general,4年级及以前高思导引拓展篇及以下难度,mid,review,L3,False,在图15－15中的口内填入恰当的数字，可以得到一个正确的乘法竖式.已知这样 的填法有两种，这两种填法所得到的两个不同的乘积相差多少？,C:\Users\admin\Desktop\试卷分析project\参考教材\奥数\竟赛数学导引 四年级.pdf
4,竞赛数学导引 四年级,15,复杂竖式,拓展篇,extension,"106,107",5,,0.8462,True,132,very_long,general,,has_diagram|cross_page_question,复杂竖式|general,4年级及以前高思导引拓展篇及以下难度,mid,review,L4,False,在图15-16所示的乘法竖式中，每个口和汉字都代表一个数字，相同的汉字代表 相同的数字，不同的汉字代表不同的数字.请问：这个乘法算式最后的乘积是多少？ 恭口 巴西法国 × 1贺口 × 巴西法国 9新口 □□□□国 9年 争夺口 □□8 □□口法 □□年□口 冠军□□□口 图15-16 图15-17,C:\Users\admin\Desktop\试卷分析project\参考教材\奥数\竟赛数学导引 四年级.pdf
4,竞赛数学导引 四年级,15,复杂竖式,拓展篇,extension,107,6,,0.9901,True,88,medium,general,,has_diagram,复杂竖式|general,4年级及以前高思导引拓展篇及以下难度,mid,review,L3,False,图15-17是一个乘法竖式，其中的每个口和汉字都代表一个数字，相同的汉字代 表相同的数字，不同的汉字代表不同的数字.试问：当算式成立时，“巴西法国争夺冠军”所代 表的八位数是多少？,C:\Users\admin\Desktop\试卷分析project\参考教材\奥数\竟赛数学导引 四年级.pdf
4,竞赛数学导引 四年级,15,复杂竖式,拓展篇,extension,107,7,★,0.836,True,77,medium,general,,has_diagram,复杂竖式|general,4年级及以前高思导引拓展篇及以下难度,mid,review,L3,False,如图15-18，请把这个乘法竖式补充完整. □□□ × × □9□ □□□□ 9 4 5. □□□□ 9 □□□5 □□□□9 □□□□□□ □□□□9991 图15-18 图15-19,C:\Users\admin\Desktop\试卷分析project\参考教材\奥数\竟赛数学导引 四年级.pdf
4,竞赛数学导引 四年级,15,复杂竖式,拓展篇,extension,107,8,★,0.9629,True,21,short,general,,has_diagram,复杂竖式|general,4年级及以前高思导引拓展篇及以下难度,mid,review,L3,False,如图15-19，请把这个乘法竖式补充完整.,C:\Users\admin\Desktop\试卷分析project\参考教材\奥数\竟赛数学导引 四年级.pdf
4,竞赛数学导引 四年级,15,复杂竖式,拓展篇,extension,107,9,,0.76,True,71,medium,general,,has_diagram,复杂竖式|general,4年级及以前高思导引拓展篇及以下难度,mid,review,L3,False,请把图15-20中的除法竖式补充完整. □□□ □.□1 □2□□□□ □□0□□0.□口 □ 4 □ □□ 口 □□□ □2 口口 9□ □口 口 图15-20 图15-21,C:\Users\admin\Desktop\试卷分析project\参考教材\奥数\竟赛数学导引 四年级.pdf
4,竞赛数学导引 四年级,15,复杂竖式,拓展篇,extension,107,10,★,0.9748,True,38,short,calculation,,has_diagram,复杂竖式|calculation,4年级及以前高思导引拓展篇及以下难度,mid,review,L3,False,请把图15-21中的除法竖式补充完整，其中被除数是多少？（注意本题有小数点）,C:\Users\admin\Desktop\试卷分析project\参考教材\奥数\竟赛数学导引 四年级.pdf
4,竞赛数学导引 四年级,15,复杂竖式,拓展篇,extension,108,11,,0.9077,True,110,long,general,,has_diagram,复杂竖式|general,4年级及以前高思导引拓展篇及以下难度,mid,review,L4,False,在如图15－22所示的除法竖式中，在各个口里填人适当的数字后可使竖式成立. 那么在这15个口中填人的数字最多能有多少个是偶数？ □□口 CBA 64□□□ ABDEFGF 口口 BH 口 口 AAG AAH IF 口口 IF 图15-22 图15-23,C:\Users\admin\Desktop\试卷分析project\参考教材\奥数\竟赛数学导引 四年级.pdf
4,竞赛数学导引 四年级,15,复杂竖式,拓展篇,extension,108,12,,0.9785,True,57,medium,general,,has_diagram,复杂竖式|general,4年级及以前高思导引拓展篇及以下难度,mid,review,L3,False,"在图15－23的除法竖式中，相同的字母代表相同的数字，不同的字母代表不同的 数字.请问：被除数“DEFGF""是多少？",C:\Users\admin\Desktop\试卷分析project\参考教材\奥数\竟赛数学导引 四年级.pdf
4,竞赛数学导引 四年级,15,复杂竖式,拓展篇,extension,108,13,,0.774,True,79,medium,general,,has_diagram,复杂竖式|general,4年级及以前高思导引拓展篇及以下难度,mid,review,L3,False,请把图15-24中的除法竖式补充完整. 4□5□□□ □□□□□ □□ 5 □ 1 口口 □口 口口口 口 口 口 口口 □□□ 口 □□口 □□□□ □□□ 口□□ □□口 图15-24 图15-25,C:\Users\admin\Desktop\试卷分析project\参考教材\奥数\竟赛数学导引 四年级.pdf
4,竞赛数学导引 四年级,15,复杂竖式,拓展篇,extension,"108,109",14,★,0.9809,True,33,short,general,,has_diagram|cross_page_question,复杂竖式|general,4年级及以前高思导引拓展篇及以下难度,mid,review,L3,False,请在图15-25中的每个口内填人恰当的数字，使得除法竖式成立. 超越,C:\Users\admin\Desktop\试卷分析project\参考教材\奥数\竟赛数学导引 四年级.pdf
4,竞赛数学导引 四年级,15,复杂竖式,拓展篇,extension,109,1,,0.9595,True,93,long,general,,has_diagram,复杂竖式|general,4年级及以前高思导引拓展篇及以下难度,mid,review,L4,False,在图15－26的加法竖式中，相同的字母代表相同的数字，不同的字母代表不同的 数字.这个算式的结果是多少？ SHOW ABCDE ME FGHI 十 THE CJGBGA MONEY 图15-26 图15-27,C:\Users\admin\Desktop\试卷分析project\参考教材\奥数\竟赛数学导引 四年级.pdf
4,竞赛数学导引 四年级,15,复杂竖式,拓展篇,extension,109,2,★,0.979,True,63,medium,general,,has_diagram,复杂竖式|general,4年级及以前高思导引拓展篇及以下难度,mid,review,L3,False,"在图15-27的加法竖式中，相同的字母代表相同的数字，不同的字母代表不同的 数字.请问：“MONEY""所代表的五位数最大是多少？",C:\Users\admin\Desktop\试卷分析project\参考教材\奥数\竟赛数学导引 四年级.pdf
4,竞赛数学导引 四年级,15,复杂竖式,拓展篇,extension,109,3,,0.9668,True,77,medium,general,,has_diagram,复杂竖式|general,4年级及以前高思导引拓展篇及以下难度,mid,review,L3,False,"在图15-28的乘法竖式中，A、B、C、D、E分别代表不 ABC 同的数字，且A十B+C=E.请问：“ADDE""所代表的四位数是 十 E 多少？ ADD E 图15-28",C:\Users\admin\Desktop\试卷分析project\参考教材\奥数\竟赛数学导引 四年级.pdf
4,竞赛数学导引 四年级,15,复杂竖式,拓展篇,extension,109,4,★,0.8663,True,80,medium,general,,has_diagram,复杂竖式|general,4年级及以前高思导引拓展篇及以下难度,mid,review,L3,False,请把图15-29中的除法竖式补充完整 □7□□3 奇奇偶 □□口 奇奇6偶偶奇奇偶 □□口 偶奇偶 4[ 口 奇奇奇 □口4 奇偶偶 □□口 偶奇偶 口口 偶奇偶 口口 图15-30 图15-29,C:\Users\admin\Desktop\试卷分析project\参考教材\奥数\竟赛数学导引 四年级.pdf
4,竞赛数学导引 四年级,15,复杂竖式,拓展篇,extension,109,5,,0.9462,True,37,short,general,,has_diagram,复杂竖式|general,4年级及以前高思导引拓展篇及以下难度,mid,review,L3,False,在图15-30的竖式中，“奇”代表奇数，“偶”代表偶数，请把竖式补充完整。,C:\Users\admin\Desktop\试卷分析project\参考教材\奥数\竟赛数学导引 四年级.pdf
4,竞赛数学导引 四年级,15,复杂竖式,拓展篇,extension,110,6,★,0.9649,True,32,short,calculation,,has_diagram,复杂竖式|calculation,4年级及以前高思导引拓展篇及以下难度,mid,review,L3,False,在图15-31中的口内填人适当的数字，使下面的小数除法竖式成立.,C:\Users\admin\Desktop\试卷分析project\参考教材\奥数\竟赛数学导引 四年级.pdf
4,竞赛数学导引 四年级,15,复杂竖式,拓展篇,extension,110,0,,0.7267,True,20,short,general,,has_diagram,复杂竖式|general,4年级及以前高思导引拓展篇及以下难度,mid,review,L3,False,0 0 0 口口口口口 口口 □口 口口 图15-31,C:\Users\admin\Desktop\试卷分析project\参考教材\奥数\竟赛数学导引 四年级.pdf
4,竞赛数学导引 四年级,15,复杂竖式,拓展篇,extension,110,7,★,0.8879,True,100,long,general,,has_diagram,复杂竖式|general,4年级及以前高思导引拓展篇及以下难度,mid,review,L4,False,电子数字0~9如图15-32所示，图15-33是由电子数字组成的乘法算式，但有一 些已经模糊不清.请将图15-33中的电子数字恢复，并将它写成横式. 口 86828 06889 8888 图15-32 图15-33,C:\Users\admin\Desktop\试卷分析project\参考教材\奥数\竟赛数学导引 四年级.pdf
4,竞赛数学导引 四年级,15,复杂竖式,拓展篇,extension,110,8,,0.8707,True,29,short,general,,has_diagram,复杂竖式|数字谜问题|general,4年级及以前高思导引拓展篇及以下难度,mid,review,L3,False,请将图15-34中的除法竖式补充完整 口口口口口 图15-34,C:\Users\admin\Desktop\试卷分析project\参考教材\奥数\竟赛数学导引 四年级.pdf
4,竞赛数学导引 四年级,16,横式问题,兴趣篇,interest,111,1,★,0.9379,False,73,medium,general,,,横式问题|general,4年级及以前高思导引拓展篇及以下难度,low,auto,L1,False,请在下面两个算式的口中填人适当的数字，使得等式成立，并且算式中的数字关于 等号左右对称. (1）12X23=32×21； (2)□8×891=198×8,C:\Users\admin\Desktop\试卷分析project\参考教材\奥数\竟赛数学导引 四年级.pdf
4,竞赛数学导引 四年级,16,横式问题,兴趣篇,interest,111,2,★★,0.9093,False,30,short,general,,,横式问题|general,4年级及以前高思导引拓展篇及以下难度,low,auto,L1,False,在算式17×2口=3□3的口中填人适当的数字，使得等式成立.,C:\Users\admin\Desktop\试卷分析project\参考教材\奥数\竟赛数学导引 四年级.pdf
4,竞赛数学导引 四年级,16,横式问题,兴趣篇,interest,111,3,★★,0.9402,False,38,short,general,,,横式问题|general,4年级及以前高思导引拓展篇及以下难度,low,auto,L1,False,"在“口、口8、口97""的三个口内分别填人恰当的数字，可以使这3个数的平均数是",C:\Users\admin\Desktop\试卷分析project\参考教材\奥数\竟赛数学导引 四年级.pdf
4,竞赛数学导引 四年级,16,横式问题,兴趣篇,interest,111,150,,0.99,False,15,short,general,,,横式问题|general,4年级及以前高思导引拓展篇及以下难度,low,auto,L1,False,那么填人的3个数字的和是多少？,C:\Users\admin\Desktop\试卷分析project\参考教材\奥数\竟赛数学导引 四年级.pdf
4,竞赛数学导引 四年级,16,横式问题,兴趣篇,interest,111,4,★★,0.9556,False,48,medium,general,,,横式问题|general,4年级及以前高思导引拓展篇及以下难度,low,auto,L1,False,在算式3×口口=口口口的5个口中，分别填人0～4这5个数字，使等式成立.请 问：得到的乘积是多少？,C:\Users\admin\Desktop\试卷分析project\参考教材\奥数\竟赛数学导引 四年级.pdf
4,竞赛数学导引 四年级,16,横式问题,兴趣篇,interest,112,5,★★,0.9935,False,61,medium,general,,,横式问题|general,4年级及以前高思导引拓展篇及以下难度,low,auto,L1,False,在下面这个算式中，相同的字母代表相同的数字，不同的字母代表不同的数字，请 把算式用数字表示出来. USA+USSR=PEACE,C:\Users\admin\Desktop\试卷分析project\参考教材\奥数\竟赛数学导引 四年级.pdf
4,竞赛数学导引 四年级,16,横式问题,兴趣篇,interest,112,6,,0.9921,False,57,medium,general,,,横式问题|general,4年级及以前高思导引拓展篇及以下难度,low,auto,L1,False,在算式ONE+TWO+FIVE=EIGHT中，相同的字母代表相同的数字，不同的字 母代表不同的数字，求这个算式的和.,C:\Users\admin\Desktop\试卷分析project\参考教材\奥数\竟赛数学导引 四年级.pdf
4,竞赛数学导引 四年级,16,横式问题,兴趣篇,interest,112,7,,0.8827,False,86,medium,general,,,横式问题|general,4年级及以前高思导引拓展篇及以下难度,low,auto,L1,False,"在算式ABA×ABA=CCDCC中，相同的字母代表相同的数字，不同的字母代表 不同的数字.请问：“ABCD""所代表的四位数是什么？ 个等式都成立 {□+□=□ □-□=□ □×□=□",C:\Users\admin\Desktop\试卷分析project\参考教材\奥数\竟赛数学导引 四年级.pdf
4,竞赛数学导引 四年级,16,横式问题,兴趣篇,interest,112,9,★,0.9262,False,62,medium,general,,,横式问题|general,4年级及以前高思导引拓展篇及以下难度,low,auto,L1,False,将0、1、2、3、4、5、7这7个数字分别填人下面算式的7个口内（每个数字只能用 一次），使得等式成立. □□=□×□=□+□□,C:\Users\admin\Desktop\试卷分析project\参考教材\奥数\竟赛数学导引 四年级.pdf
4,竞赛数学导引 四年级,16,横式问题,兴趣篇,interest,112,10,★,0.9136,False,68,medium,general,,,横式问题|数字谜问题|general,4年级及以前高思导引拓展篇及以下难度,low,auto,L1,False,将1～8这8个数字分别填人下面算式的口中，使得算式成立.有两种可能的填 法，这两种填法所得到的两个不同的乘积相差多少？ □□□×□=□□□□,C:\Users\admin\Desktop\试卷分析project\参考教材\奥数\竟赛数学导引 四年级.pdf
4,竞赛数学导引 四年级,16,横式问题,拓展篇,extension,113,1,★★,0.9499,False,74,medium,general,,,横式问题|general,4年级及以前高思导引拓展篇及以下难度,mid,auto,L3,False,请在下面两个算式的口中填人适当的数字，使得等式成立，并且算式中的数字关于 等号左右对称： (1）12×46=64×21; (2）3X6528=8256×3,C:\Users\admin\Desktop\试卷分析project\参考教材\奥数\竟赛数学导引 四年级.pdf
4,竞赛数学导引 四年级,16,横式问题,拓展篇,extension,113,2,★★,0.9249,False,35,short,general,,,横式问题|general,4年级及以前高思导引拓展篇及以下难度,mid,auto,L3,False,在算式6口口4÷56=口0口的每个口中填人一个恰当的数字，使得等式成立,C:\Users\admin\Desktop\试卷分析project\参考教材\奥数\竟赛数学导引 四年级.pdf
4,竞赛数学导引 四年级,16,横式问题,拓展篇,extension,113,3,★★,0.9154,False,51,medium,general,,,横式问题|general,4年级及以前高思导引拓展篇及以下难度,mid,auto,L3,False,在算式1□□十1□□十1□□十1口□=口□4的每个□内填人同一个数字，使得 等式成立.所填的数字是多少？,C:\Users\admin\Desktop\试卷分析project\参考教材\奥数\竟赛数学导引 四年级.pdf
4,竞赛数学导引 四年级,16,横式问题,拓展篇,extension,113,4,,0.8998,False,23,short,general,,,横式问题|general,4年级及以前高思导引拓展篇及以下难度,mid,auto,L3,False,满足等式口口口口×口=8888的被乘数是多少？,C:\Users\admin\Desktop\试卷分析project\参考教材\奥数\竟赛数学导引 四年级.pdf
4,竞赛数学导引 四年级,16,横式问题,拓展篇,extension,113,5,,0.9837,False,59,medium,general,,,横式问题|general,4年级及以前高思导引拓展篇及以下难度,mid,auto,L3,False,等式高思54=39×学校6是由1～9这9个数字组成的，其中有5个数字已经填 好.请问：“高思学校”所代表的四位数是多少？,C:\Users\admin\Desktop\试卷分析project\参考教材\奥数\竟赛数学导引 四年级.pdf
4,竞赛数学导引 四年级,16,横式问题,拓展篇,extension,113,6,★★,0.989,False,58,medium,general,,,横式问题|general,4年级及以前高思导引拓展篇及以下难度,mid,auto,L3,False,在乘法算式ABCXABC=ABDBD中，相同的字母代表相同的数字，不同的字母代 表不同的数字.请问：最后的乘积是多少？,C:\Users\admin\Desktop\试卷分析project\参考教材\奥数\竟赛数学导引 四年级.pdf
4,竞赛数学导引 四年级,16,横式问题,拓展篇,extension,113,7,,0.9027,False,65,medium,general,,,横式问题|general,4年级及以前高思导引拓展篇及以下难度,mid,auto,L3,False,下面两个算式是由1～9这9个数字组成的，其中数字5已经填好，请将其余的数 字填人口中，使得各等式成立. {×□=5□ [□□×□÷□=□,C:\Users\admin\Desktop\试卷分析project\参考教材\奥数\竟赛数学导引 四年级.pdf
4,竞赛数学导引 四年级,16,横式问题,拓展篇,extension,113,8,,0.9048,False,61,medium,general,,,横式问题|general,4年级及以前高思导引拓展篇及以下难度,mid,auto,L3,False,将1～9这9个数字分别填人下面四个算式的口中（每个数字只能用一次），使得四 个等式都成立 {-□=1 +=9 □□÷□=9 ×□=9,C:\Users\admin\Desktop\试卷分析project\参考教材\奥数\竟赛数学导引 四年级.pdf
4,竞赛数学导引 四年级,16,横式问题,拓展篇,extension,114,9,,0.9154,False,50,medium,general,,,横式问题|general,4年级及以前高思导引拓展篇及以下难度,mid,auto,L3,False,将1～7这7个数字分别填人算式□×口=口÷口=□+口一口的口中（每个数字 只能用一次)，使得等式成立.,C:\Users\admin\Desktop\试卷分析project\参考教材\奥数\竟赛数学导引 四年级.pdf
4,竞赛数学导引 四年级,16,横式问题,拓展篇,extension,114,10,,0.9511,False,74,medium,counting,,,横式问题|counting,4年级及以前高思导引拓展篇及以下难度,mid,auto,L3,False,将0～6这7个数字进行适当组合后填人算式○×○=口=O÷○的○和口中， 每个数字恰好出现一次，组成只有一位数和两位数的算式.请问：填在口内的数是多少？,C:\Users\admin\Desktop\试卷分析project\参考教材\奥数\竟赛数学导引 四年级.pdf
4,竞赛数学导引 四年级,16,横式问题,拓展篇,extension,114,11,,0.9292,False,67,medium,general,,,横式问题|general,4年级及以前高思导引拓展篇及以下难度,mid,auto,L3,False,将1～9这9个数字填入算式□+□=□□□÷□□□十1=6一□的□中（每个 数字只能用一次），使等式成立.请问：除法算式中的被除数是多少？,C:\Users\admin\Desktop\试卷分析project\参考教材\奥数\竟赛数学导引 四年级.pdf
4,竞赛数学导引 四年级,16,横式问题,拓展篇,extension,114,12,★,0.9639,False,59,medium,general,,,横式问题|general,4年级及以前高思导引拓展篇及以下难度,mid,auto,L3,False,在算式小山羊×小山十小羊=2000中，“小”、“山”、“羊”各代表一个不同的数字. 那么“小山羊”所代表的三位数是什么？,C:\Users\admin\Desktop\试卷分析project\参考教材\奥数\竟赛数学导引 四年级.pdf
4,竞赛数学导引 四年级,16,横式问题,拓展篇,extension,114,13,,0.9401,False,72,medium,general,,,横式问题|general,4年级及以前高思导引拓展篇及以下难度,mid,auto,L3,False,在下面两个算式中，相同的汉字代表相同的数字，不同的汉字代表不同的数字.那 么“迎十春十杯”等于多少？ 迎十春×春=迎春 ((迎十杯）X(迎十杯)=迎杯,C:\Users\admin\Desktop\试卷分析project\参考教材\奥数\竟赛数学导引 四年级.pdf
4,竞赛数学导引 四年级,16,横式问题,拓展篇,extension,114,14,,0.9708,False,79,medium,general,,,横式问题|数字谜问题|general,4年级及以前高思导引拓展篇及以下难度,mid,auto,L3,False,在下面两个算式中，相同的汉字代表相同的数字，不同的汉字代表不同的数字.那 么“四川地震”所代表的四位数是什么？ 汶×川×汶川+地十震震=2008 四×川+四川=55,C:\Users\admin\Desktop\试卷分析project\参考教材\奥数\竟赛数学导引 四年级.pdf
4,竞赛数学导引 四年级,16,横式问题,超越篇,challenge,"114,115",1,★,0.9465,False,70,medium,general,,cross_page_question,横式问题|general,高思导引超越篇难度,high,review,L4,False,算式59十口口口÷口1=口7是由1～9这9个数字组成的，其中1，5，7，9已经填 好，请把其余的数字填入口中，使得等式成立， 中，使得等式成立，,C:\Users\admin\Desktop\试卷分析project\参考教材\奥数\竟赛数学导引 四年级.pdf
4,竞赛数学导引 四年级,16,横式问题,超越篇,challenge,115,3,,0.9384,False,57,medium,general,,,横式问题|general,高思导引超越篇难度,high,auto,L4,False,算式□×口=9□□÷5=口□是由1～9这9个数字组成的，其中5、9已经填 好，请将其余的数字填入口中，使得等式成立.,C:\Users\admin\Desktop\试卷分析project\参考教材\奥数\竟赛数学导引 四年级.pdf
4,竞赛数学导引 四年级,16,横式问题,超越篇,challenge,115,4,,0.9702,False,47,medium,general,,,横式问题|general,高思导引超越篇难度,high,auto,L4,False,在算式12345÷口口=口99.7的口内填人适当的数字后，可以使其成为正确 的等式，求其中的除数,C:\Users\admin\Desktop\试卷分析project\参考教材\奥数\竟赛数学导引 四年级.pdf
4,竞赛数学导引 四年级,16,横式问题,超越篇,challenge,115,5,,0.977,False,35,short,general,,,横式问题|general,高思导引超越篇难度,high,auto,L4,False,算式仔细×仔细十细=细心×心算是由1～4这4个数字组成的，且相同的汉字,C:\Users\admin\Desktop\试卷分析project\参考教材\奥数\竟赛数学导引 四年级.pdf
4,竞赛数学导引 四年级,16,横式问题,超越篇,challenge,115,6,★,0.9566,False,123,very_long,general,,,横式问题|general,高思导引超越篇难度,high,auto,L4,False,"已知A、B、C、D、E、F、G、H、L、K分别代表0~9中的不同数字，且有下列4 个等式成立： D-KXL=F，EXE=HE，C÷K=G，HXHX…·XH=B, K个H 求A+C. 只填一次.要求等号左边4个口填偶数数字，右边5个口填奇数数字，使等式成立，",C:\Users\admin\Desktop\试卷分析project\参考教材\奥数\竟赛数学导引 四年级.pdf
4,竞赛数学导引 四年级,16,横式问题,超越篇,challenge,115,8,,0.9944,False,69,medium,general,,,横式问题|数字谜问题|general,高思导引超越篇难度,high,auto,L4,False,在乘法算式ABCBD×ABCBD=CCCBCCBBCB中，相同的字母代表相同的数 字，不同的字母代表不同的数字.已知A=8，求B十C十D的值,C:\Users\admin\Desktop\试卷分析project\参考教材\奥数\竟赛数学导引 四年级.pdf
4,竞赛数学导引 四年级,17,格点与割补,兴趣篇,interest,116,1,★,0.9805,True,44,short,geometry,,has_diagram,格点与割补|geometry,4年级及以前高思导引拓展篇及以下难度,low,review,L1,False,图17-1中相邻两格点间的距离均为1厘米，三个多边形的面积分别是多少平方 厘米？ 图17-1,C:\Users\admin\Desktop\试卷分析project\参考教材\奥数\竟赛数学导引 四年级.pdf
4,竞赛数学导引 四年级,17,格点与割补,兴趣篇,interest,116,2,★★,0.9555,True,45,medium,geometry,,has_diagram,格点与割补|geometry,4年级及以前高思导引拓展篇及以下难度,low,review,L1,False,图17-2中相邻两格点间的距离均为1厘米，三个阴影图形的面积分别是多少平 方厘米？ 图17-2,C:\Users\admin\Desktop\试卷分析project\参考教材\奥数\竟赛数学导引 四年级.pdf
4,竞赛数学导引 四年级,17,格点与割补,兴趣篇,interest,117,3,,0.953,True,49,medium,geometry,,has_diagram,格点与割补|geometry,4年级及以前高思导引拓展篇及以下难度,low,review,L1,False,图17-3中每个小正方形的面积均为2平方厘米，阴影多边形的面积是多少平方 厘米？ 图17-3 图 17 - 4,C:\Users\admin\Desktop\试卷分析project\参考教材\奥数\竟赛数学导引 四年级.pdf
4,竞赛数学导引 四年级,17,格点与割补,兴趣篇,interest,117,4,★★,0.991,True,56,medium,geometry,,has_diagram,格点与割补|geometry,4年级及以前高思导引拓展篇及以下难度,low,review,L1,False,图17-4是一个三角形点阵，其中能连出的最小的等边三角形的面积为1平方厘 米.三个多边形的面积分别为多少平方厘米？,C:\Users\admin\Desktop\试卷分析project\参考教材\奥数\竟赛数学导引 四年级.pdf
4,竞赛数学导引 四年级,17,格点与割补,兴趣篇,interest,117,5,★,0.9899,True,67,medium,geometry,,has_diagram,格点与割补|geometry,4年级及以前高思导引拓展篇及以下难度,low,review,L1,False,如图17-5所示，如果每个小等边三角形的面积都是1平方厘米，四边形ABCD和 三角形EFG的面积分别是多少平方厘米？ 图17-5 图17-6,C:\Users\admin\Desktop\试卷分析project\参考教材\奥数\竟赛数学导引 四年级.pdf
4,竞赛数学导引 四年级,17,格点与割补,兴趣篇,interest,117,6,★★,0.9696,True,39,short,geometry,,has_diagram,格点与割补|geometry,4年级及以前高思导引拓展篇及以下难度,low,review,L1,False,图17-6中的数字分别表示对应线段的长度，试求这个多边形的面积.（单位：厘米),C:\Users\admin\Desktop\试卷分析project\参考教材\奥数\竟赛数学导引 四年级.pdf
4,竞赛数学导引 四年级,17,格点与割补,兴趣篇,interest,117,7,★★,0.9836,True,81,medium,geometry,,has_diagram,格点与割补|geometry,4年级及以前高思导引拓展篇及以下难度,low,review,L1,False,如图17-7所示，在大等腰直角三角形ABC中剪去一个小等腰直角三角形AED. 如果BC=10厘米，DE=4厘米，那么阴影部分面积是多少平方厘米？ 图17-7 图17-8,C:\Users\admin\Desktop\试卷分析project\参考教材\奥数\竟赛数学导引 四年级.pdf
4,竞赛数学导引 四年级,17,格点与割补,兴趣篇,interest,117,8,★★,0.9843,True,71,medium,geometry,,has_diagram,格点与割补|geometry,4年级及以前高思导引拓展篇及以下难度,low,review,L1,False,如图17-8所示，在正方形ABCD内部有一个长方形EFGH.已知正方形ABCD 的边长是6厘米，AE、AH都等于2厘米，求长方形EFGH的面积.,C:\Users\admin\Desktop\试卷分析project\参考教材\奥数\竟赛数学导引 四年级.pdf
4,竞赛数学导引 四年级,17,格点与割补,兴趣篇,interest,118,9,★★,0.9941,True,109,long,geometry,,has_diagram,格点与割补|geometry,4年级及以前高思导引拓展篇及以下难度,low,review,L2,False,如图17－9所示，大正方形的边长为10厘米，连结大正方形的各边中点得到一个 小正方形，将小正方形每边三等分，再将三等分点与大正方形的中心和一个顶点相连.请问： 图中阴影部分的面积总和等于多少平方厘米？ 图17-9 图17-10,C:\Users\admin\Desktop\试卷分析project\参考教材\奥数\竟赛数学导引 四年级.pdf
4,竞赛数学导引 四年级,17,格点与割补,兴趣篇,interest,118,10,★★,0.988,True,79,medium,geometry,,has_diagram,格点与割补|几何问题|geometry,4年级及以前高思导引拓展篇及以下难度,low,review,L1,False,如图17-10所示，大正三角形的面积为20平方厘米，连结大正三角形的各边中点 得小正三角形，将小正三角形如图三等分.那么图中阴影部分的面积总和等于多少平方厘米？,C:\Users\admin\Desktop\试卷分析project\参考教材\奥数\竟赛数学导引 四年级.pdf
4,竞赛数学导引 四年级,17,格点与割补,拓展篇,extension,118,1,★★,0.9892,True,60,medium,geometry,,has_diagram,格点与割补|geometry,4年级及以前高思导引拓展篇及以下难度,mid,review,L3,False,图17-11中相邻格点围成的最小正方形或正三角形的面积均为1平方厘米，这三 个多边形的面积分别是多少平方厘米？ 图17-11,C:\Users\admin\Desktop\试卷分析project\参考教材\奥数\竟赛数学导引 四年级.pdf
4,竞赛数学导引 四年级,17,格点与割补,拓展篇,extension,118,2,★,0.9757,True,94,long,geometry,,has_diagram,格点与割补|geometry,4年级及以前高思导引拓展篇及以下难度,mid,review,L4,False,（1）图17-12中每个小正方形的面积是2平方厘米，阴影部分面积是多少平方厘米？ (2）图17-13中每个小正三角形的面积是4平方厘米，阴影部分面积是多少平方厘米？ 图17-12 图17.-13,C:\Users\admin\Desktop\试卷分析project\参考教材\奥数\竟赛数学导引 四年级.pdf
4,竞赛数学导引 四年级,17,格点与割补,拓展篇,extension,119,3,★★,0.9897,True,54,medium,geometry,,has_diagram,格点与割补|geometry,4年级及以前高思导引拓展篇及以下难度,mid,review,L3,False,图17-14中每个小正方形的边长为1厘米，阴影部分的面积是多少平方厘米？ 图17-14 图17-15 图17-16,C:\Users\admin\Desktop\试卷分析project\参考教材\奥数\竟赛数学导引 四年级.pdf
4,竞赛数学导引 四年级,17,格点与割补,拓展篇,extension,119,4,,0.9931,True,97,long,geometry,,has_diagram,格点与割补|geometry,4年级及以前高思导引拓展篇及以下难度,mid,review,L4,False,如图17-15和图17-16，把两个相同的正三角形的各边分别五等分和七等分，并 连结这些分点.已知图17-15中阴影部分的面积是294平方分米.请问：图17-16中的阴影 部分的面积是多少平方分米？,C:\Users\admin\Desktop\试卷分析project\参考教材\奥数\竟赛数学导引 四年级.pdf
4,竞赛数学导引 四年级,17,格点与割补,拓展篇,extension,119,5,,0.9856,True,77,medium,geometry,,has_diagram,格点与割补|geometry,4年级及以前高思导引拓展篇及以下难度,mid,review,L3,False,如图17－17，在两个相同的等腰直角三角形中各作一个正方形，如果正方形A的 面积是36平方厘米，那么正方形B的面积是多少平方厘米？ 图17-17 图17-18 N,C:\Users\admin\Desktop\试卷分析project\参考教材\奥数\竟赛数学导引 四年级.pdf
4,竞赛数学导引 四年级,17,格点与割补,拓展篇,extension,119,6,,0.9934,True,71,medium,geometry,,has_diagram,格点与割补|geometry,4年级及以前高思导引拓展篇及以下难度,mid,review,L3,False,如图17-18所示，正六边形ABCDEF的面积是6平方厘米，M是AB中点，N是 CD中点，P是EF中点.请问：三角形MNP的面积是多少平方厘米？,C:\Users\admin\Desktop\试卷分析project\参考教材\奥数\竟赛数学导引 四年级.pdf
4,竞赛数学导引 四年级,17,格点与割补,拓展篇,extension,119,7,,0.9718,True,47,medium,geometry,,has_diagram,格点与割补|geometry,4年级及以前高思导引拓展篇及以下难度,mid,review,L3,False,在图17-19中，五个小正方形的边长都是2厘米，求三角形ABC的面积. 图 17-19 图17-20,C:\Users\admin\Desktop\试卷分析project\参考教材\奥数\竟赛数学导引 四年级.pdf
4,竞赛数学导引 四年级,17,格点与割补,拓展篇,extension,119,8,,0.9946,True,48,medium,geometry,,has_diagram,格点与割补|geometry,4年级及以前高思导引拓展篇及以下难度,mid,review,L3,False,图17-20中，小正方形和大正方形的边长分别是4厘米和6厘米.那么阴影部分 的面积是多少平方厘米？,C:\Users\admin\Desktop\试卷分析project\参考教材\奥数\竟赛数学导引 四年级.pdf
4,竞赛数学导引 四年级,17,格点与割补,拓展篇,extension,120,9,★★,0.9879,True,91,long,geometry,,has_diagram,格点与割补|geometry,4年级及以前高思导引拓展篇及以下难度,mid,review,L4,False,如图17-21所示，四边形ABCD是长方形，AD长7厘米，AB长5厘米，四边形 CDEF是平行四边形.如果BH的长是3厘米，那么图中阴影部分面积是多少平方厘米？ 图17-21 图17-22,C:\Users\admin\Desktop\试卷分析project\参考教材\奥数\竟赛数学导引 四年级.pdf
4,竞赛数学导引 四年级,17,格点与割补,拓展篇,extension,120,10,,0.9942,True,58,medium,geometry,,has_diagram,格点与割补|geometry,4年级及以前高思导引拓展篇及以下难度,mid,review,L3,False,图17-22中，三角形ABC和DFE是两个完全相同的等腰直角三角形，其中DF 长9厘米，CF长3厘米，求阴影部分的面积,C:\Users\admin\Desktop\试卷分析project\参考教材\奥数\竟赛数学导引 四年级.pdf
4,竞赛数学导引 四年级,17,格点与割补,拓展篇,extension,120,11,,0.9833,True,84,medium,geometry,,has_diagram,格点与割补|geometry,4年级及以前高思导引拓展篇及以下难度,mid,review,L3,False,图17－23是一个边长为1米的正方形和一个等腰梯形拼成的“火炬”，梯形的上底 长1.5米，A为上底的中点，B为下底的中点，线段AB(恰好是梯形的高)长为0.5米，CD长为,C:\Users\admin\Desktop\试卷分析project\参考教材\奥数\竟赛数学导引 四年级.pdf
4,竞赛数学导引 四年级,17,格点与割补,拓展篇,extension,120,0,,0.9943,True,31,short,geometry,,has_diagram,格点与割补|geometry,4年级及以前高思导引拓展篇及以下难度,mid,review,L3,False,3米.图中阴影部分的面积是多少平方米？ 图17-23 图17-24,C:\Users\admin\Desktop\试卷分析project\参考教材\奥数\竟赛数学导引 四年级.pdf
4,竞赛数学导引 四年级,17,格点与割补,拓展篇,extension,120,12,★★,0.9885,True,43,short,geometry,,has_diagram,格点与割补|geometry,4年级及以前高思导引拓展篇及以下难度,mid,review,L3,False,图17-24中，每一个小正方形的面积都是1平方厘米.那么阴影部分的面积是多 少平方厘米？,C:\Users\admin\Desktop\试卷分析project\参考教材\奥数\竟赛数学导引 四年级.pdf
4,竞赛数学导引 四年级,17,格点与割补,拓展篇,extension,120,13,,0.9956,True,47,medium,geometry,,has_diagram,格点与割补|geometry,4年级及以前高思导引拓展篇及以下难度,mid,review,L3,False,如图17-25，正方形网格的总面积等于96平方厘米，求阴影图形的面积. 图17-25 图17-26,C:\Users\admin\Desktop\试卷分析project\参考教材\奥数\竟赛数学导引 四年级.pdf
4,竞赛数学导引 四年级,17,格点与割补,拓展篇,extension,120,14,,0.9951,True,44,short,geometry,,has_diagram,格点与割补|几何问题|geometry,4年级及以前高思导引拓展篇及以下难度,mid,review,L3,False,如图17-26，每个小等边三角形的面积都是1平方厘米.那么阴影部分的面积是 多少平方厘米？,C:\Users\admin\Desktop\试卷分析project\参考教材\奥数\竟赛数学导引 四年级.pdf
4,竞赛数学导引 四年级,17,格点与割补,超越篇,challenge,121,1,★,0.9869,True,48,medium,geometry,,has_diagram,格点与割补|geometry,高思导引超越篇难度,high,review,L4,False,图17-27中每个小正方形的边长为1厘米，阴影部分的面积是多少平方厘米？ 图17-27 图17-28,C:\Users\admin\Desktop\试卷分析project\参考教材\奥数\竟赛数学导引 四年级.pdf
4,竞赛数学导引 四年级,17,格点与割补,超越篇,challenge,121,2,,0.9954,True,96,long,geometry,,has_diagram,格点与割补|geometry,高思导引超越篇难度,high,review,L4,False,如图17一28，平面上有16个点，相邻两点间隔为1厘米，在每个点都钉上钉子，形 成4行4列的正方形钉阵.现在有许多皮筋，请问：可以套出多少种不同面积的三角形？（面 积相同但形状不同的三角形算一种）,C:\Users\admin\Desktop\试卷分析project\参考教材\奥数\竟赛数学导引 四年级.pdf
4,竞赛数学导引 四年级,17,格点与割补,超越篇,challenge,121,3,★,0.9881,True,67,medium,geometry,,has_diagram,格点与割补|geometry,高思导引超越篇难度,high,review,L4,False,已知大的正六边形面积是72平方厘米，按图17-29中不同方式切割（切割点均为 等分点），形成的阴影部分面积各是多少平方厘米？ 图17-29,C:\Users\admin\Desktop\试卷分析project\参考教材\奥数\竟赛数学导引 四年级.pdf
4,竞赛数学导引 四年级,17,格点与割补,超越篇,challenge,121,4,,0.993,True,57,medium,geometry,,has_diagram,格点与割补|geometry,高思导引超越篇难度,high,review,L4,False,图17-30为一个边长为2厘米的正方形，分别连结顶点与对应边中点.围成的阴 影部分的面积为多少平方厘米？ 图17-30,C:\Users\admin\Desktop\试卷分析project\参考教材\奥数\竟赛数学导引 四年级.pdf
4,竞赛数学导引 四年级,17,格点与割补,超越篇,challenge,122,5,★,0.9512,True,71,medium,geometry,,has_diagram,格点与割补|geometry,高思导引超越篇难度,high,review,L4,False,如图17－31所示，已知一个四边形的两条边的长度和三个角的度数，那么这个四 边形的面积是多少平方厘米？（单位：厘米） 5° 图17-31 图17-32,C:\Users\admin\Desktop\试卷分析project\参考教材\奥数\竟赛数学导引 四年级.pdf
4,竞赛数学导引 四年级,17,格点与割补,超越篇,challenge,122,6,,0.9934,True,53,medium,geometry,,has_diagram,格点与割补|geometry,高思导引超越篇难度,high,review,L4,False,如图17-32所示，这个多边形六条边的长度分别是1，2，3，4，5，7.问：这个图形 的面积最大可能是多少？,C:\Users\admin\Desktop\试卷分析project\参考教材\奥数\竟赛数学导引 四年级.pdf
4,竞赛数学导引 四年级,17,格点与割补,超越篇,challenge,122,7,★,0.9883,True,112,long,geometry,,has_diagram,格点与割补|geometry,高思导引超越篇难度,high,review,L4,False,如图17-33，有一个80X100的长方形网格，它的四个顶点分别为A、B、C、D.已 知图中每一个小方格的面积都是1，请选出一个合适的格点P，使得三角形PAC的面积尽可 能小(不能等于0).那么这个最小的面积是多少？ 图17-33,C:\Users\admin\Desktop\试卷分析project\参考教材\奥数\竟赛数学导引 四年级.pdf
4,竞赛数学导引 四年级,17,格点与割补,超越篇,challenge,122,8,★,0.9737,True,38,short,geometry,,has_diagram,格点与割补|geometry,高思导引超越篇难度,high,review,L4,False,正12边形的边长为1厘米，阴影部分都是正三角形(边长也为1厘米)，如图17-,C:\Users\admin\Desktop\试卷分析project\参考教材\奥数\竟赛数学导引 四年级.pdf
4,竞赛数学导引 四年级,17,格点与割补,超越篇,challenge,122,34,,0.9954,True,23,short,geometry,,has_diagram,格点与割补|几何问题|geometry,高思导引超越篇难度,high,review,L4,False,那么空白部分面积等于多少平方厘米？ 图17-34,C:\Users\admin\Desktop\试卷分析project\参考教材\奥数\竟赛数学导引 四年级.pdf
4,竞赛数学导引 四年级,18,行程问题二,兴趣篇,interest,123,1,★,0.9973,False,50,medium,application,travel_chain,,行程问题二|application|travel_chain,4年级及以前高思导引拓展篇及以下难度,low,auto,L2,False,小高站在火车轨道旁，一辆长200米的火车以每秒钟10米的速度开过.请问：火车 从他身边经过需要多少秒？,C:\Users\admin\Desktop\试卷分析project\参考教材\奥数\竟赛数学导引 四年级.pdf
4,竞赛数学导引 四年级,18,行程问题二,兴趣篇,interest,123,2,★,0.9796,False,161,very_long,application,travel_chain,,行程问题二|application|travel_chain,4年级及以前高思导引拓展篇及以下难度,low,auto,L3,False,（1）王老师沿着一条与铁路平行的公路散步，每分钟走60米，迎面开过来一列长 300米的火车，从火车头与王老师相遇到火车尾离开他共用了20秒，求火车的速度. （2）萱萱沿着一条与铁路平行的公路散步，她散步的速度是每秒2米.这时从萱萱背后开 来一列火车，从车头追上她到车尾离开她共用了18秒.已知火车速度是每秒17米，求火车的 长度.,C:\Users\admin\Desktop\试卷分析project\参考教材\奥数\竟赛数学导引 四年级.pdf
4,竞赛数学导引 四年级,18,行程问题二,兴趣篇,interest,123,3,★,0.9934,False,85,medium,application,travel_chain,,行程问题二|application|travel_chain,4年级及以前高思导引拓展篇及以下难度,low,auto,L2,False,（1）一列火车长180米，每秒行20米，这列火车通过320米的大桥，需要多长时间？ （2）一列火车以每秒20米的速度通过一座长200米的大桥，共用21秒，这列火车长多 少米？,C:\Users\admin\Desktop\试卷分析project\参考教材\奥数\竟赛数学导引 四年级.pdf
4,竞赛数学导引 四年级,18,行程问题二,兴趣篇,interest,124,4,★★,0.9929,False,62,medium,application,travel_chain,,行程问题二|application|travel_chain,4年级及以前高思导引拓展篇及以下难度,low,auto,L2,False,一列火车长180米，每秒行20米；另一列火车长200米，每秒行18米.两车相向而 行，它们从车头相遇到车尾相离要经过多长时间？,C:\Users\admin\Desktop\试卷分析project\参考教材\奥数\竟赛数学导引 四年级.pdf
4,竞赛数学导引 四年级,18,行程问题二,兴趣篇,interest,124,5,★★,0.9962,False,60,medium,application,,,行程问题二|application,4年级及以前高思导引拓展篇及以下难度,low,auto,L1,False,甲火车长370米，每秒行15米；乙火车长350米，每秒行21米.两车同向行驶，乙 车从追上甲车到完全超过甲车需要多长时间？,C:\Users\admin\Desktop\试卷分析project\参考教材\奥数\竟赛数学导引 四年级.pdf
4,竞赛数学导引 四年级,18,行程问题二,兴趣篇,interest,124,6,★★,0.9908,False,79,medium,application,travel_chain,,行程问题二|application|travel_chain,4年级及以前高思导引拓展篇及以下难度,low,auto,L2,False,许三多所在的钢七连队伍长450米，以每秒1.5米的速度行进.问： （1）许三多以每秒3米的速度从队尾跑到队头需要多长时间？ （2）从队头返回队尾，又需要多长时间？,C:\Users\admin\Desktop\试卷分析project\参考教材\奥数\竟赛数学导引 四年级.pdf
4,竞赛数学导引 四年级,18,行程问题二,兴趣篇,interest,124,7,★★,0.9961,False,86,medium,application,,,行程问题二|application,4年级及以前高思导引拓展篇及以下难度,low,auto,L1,False,甲、乙两列火车相向而行，甲车每小时行48千米，乙车每小时行60千米.坐在甲车 上的小坤从乙车车头经过他的车窗时开始计时，到车尾经过他的车窗为止共用13秒.问：乙 车全长多少米？,C:\Users\admin\Desktop\试卷分析project\参考教材\奥数\竟赛数学导引 四年级.pdf
4,竞赛数学导引 四年级,18,行程问题二,兴趣篇,interest,124,8,★★,0.9941,False,61,medium,application,,,行程问题二|application,4年级及以前高思导引拓展篇及以下难度,low,auto,L1,False,早上6：00，甲、乙两人分别从相距240千米的A、B两城同时出发同向而行，甲在 同时追上甲、乙两人，丙应当在几点从B城出发？,C:\Users\admin\Desktop\试卷分析project\参考教材\奥数\竟赛数学导引 四年级.pdf
4,竞赛数学导引 四年级,18,行程问题二,兴趣篇,interest,124,9,,0.991,False,132,very_long,application,travel_chain,,行程问题二|application|travel_chain,4年级及以前高思导引拓展篇及以下难度,low,auto,L3,False,有甲、乙、丙三人，甲每分钟走40米，乙每分钟走50米，丙每分钟走60米.A、B两 地相距2700米，甲、乙两人分别从A、B两地同时出发相向而行，他们出发15分钟后，丙从B 地出发去追赶乙.请问： （1）甲在与乙相遇之后多少分钟又与丙相遇？ （2）又过了多少分钟丙才追上乙？,C:\Users\admin\Desktop\试卷分析project\参考教材\奥数\竟赛数学导引 四年级.pdf
4,竞赛数学导引 四年级,18,行程问题二,兴趣篇,interest,124,10,★,0.9904,False,143,very_long,application,travel_chain,,行程问题二|application|travel_chain,4年级及以前高思导引拓展篇及以下难度,low,auto,L3,False,东、西两城相距75千米，小明从东向西走，每小时走6.5千米；小强从西向东走， 每小时走6千米；小辉骑自行车从东向西行，每小时行15千米.三人同时出发，途中小辉遇见 小强即折回向东骑，遇见了小明又折回向西骑，再遇见小强又折回向东骑·这样往返，直到 三人在途中相遇为止.请问：小辉共骑了多少千米？,C:\Users\admin\Desktop\试卷分析project\参考教材\奥数\竟赛数学导引 四年级.pdf
4,竞赛数学导引 四年级,18,行程问题二,拓展篇,extension,125,1,★,0.9965,False,48,medium,application,travel_chain,,行程问题二|application|travel_chain,4年级及以前高思导引拓展篇及以下难度,mid,auto,L3,False,（1）一列火车长400米，以每分钟800米的速度通过一条长2800米的隧道，需要多 长时间？ 少米？,C:\Users\admin\Desktop\试卷分析project\参考教材\奥数\竟赛数学导引 四年级.pdf
4,竞赛数学导引 四年级,18,行程问题二,拓展篇,extension,125,2,★★,0.9978,False,72,medium,application,travel_chain,,行程问题二|application|travel_chain,4年级及以前高思导引拓展篇及以下难度,mid,auto,L3,False,一列火车通过一座长1000米的桥，从火车车头上桥，到车尾离开桥共用120秒，而 火车完全在桥上的时间是80秒.你知道火车有多长吗？它的速度是多少？,C:\Users\admin\Desktop\试卷分析project\参考教材\奥数\竟赛数学导引 四年级.pdf
4,竞赛数学导引 四年级,18,行程问题二,拓展篇,extension,125,3,★★,0.9957,False,102,long,application,travel_chain,,行程问题二|application|travel_chain,4年级及以前高思导引拓展篇及以下难度,mid,auto,L4,False,有一列客车和一列货车，客车长400米，每秒行驶20米；货车长800米，每秒行驶 10米.试问：如果两车相向而行，它们从相遇到错开需要多长时间？如果两车同向而行，客车 赶超货车（从追上到完全超过）需要多长时间？,C:\Users\admin\Desktop\试卷分析project\参考教材\奥数\竟赛数学导引 四年级.pdf
4,竞赛数学导引 四年级,18,行程问题二,拓展篇,extension,125,4,,0.9983,False,102,long,application,,,行程问题二|application,4年级及以前高思导引拓展篇及以下难度,mid,auto,L4,False,一列客车和一列货车同向而行，货车在前，客车在后.已知客车通过460米长的隧 道用了30秒，通过410米长的隧道用了28秒.又已知货车长160米，每小时行驶54千米.请 问：客车从追上到离开这列货车需要多少秒？,C:\Users\admin\Desktop\试卷分析project\参考教材\奥数\竟赛数学导引 四年级.pdf
4,竞赛数学导引 四年级,18,行程问题二,拓展篇,extension,125,5,,0.9985,False,119,long,application,travel_chain,,行程问题二|application|travel_chain,4年级及以前高思导引拓展篇及以下难度,mid,auto,L4,False,与铁路平行的一条小路上，有一个行人与一个骑车人同时向南行进，行人速度为每 小时3.6千米，骑车人速度为每小时10.8千米.这时，有一列火车从他们背后开过来，火车通 过行人用了22秒钟，通过骑车人用了26秒钟.请问：这列火车的车身总长是多少米？,C:\Users\admin\Desktop\试卷分析project\参考教材\奥数\竟赛数学导引 四年级.pdf
4,竞赛数学导引 四年级,18,行程问题二,拓展篇,extension,125,6,,0.9981,False,69,medium,application,travel_chain,,行程问题二|application|travel_chain,4年级及以前高思导引拓展篇及以下难度,mid,auto,L3,False,某小学组织学生去春游，队伍行进的速度是每秒2米，宋老师以每秒4米的速度从 队尾跑到队头，再回到队尾，共用了6分钟.请问：队伍的总长是多少米？,C:\Users\admin\Desktop\试卷分析project\参考教材\奥数\竟赛数学导引 四年级.pdf
4,竞赛数学导引 四年级,18,行程问题二,拓展篇,extension,126,7,,0.9916,False,85,medium,application,,,行程问题二|application,4年级及以前高思导引拓展篇及以下难度,mid,auto,L3,False,墨莫在一条与铁路平行的小路上行走，有一列客车迎面开来，40秒后经过墨莫.如 果这列客车从墨莫的背后开来，60秒后经过墨莫.试问：如果墨莫站着不动，客车多长时间可 以经过墨莫？,C:\Users\admin\Desktop\试卷分析project\参考教材\奥数\竟赛数学导引 四年级.pdf
4,竞赛数学导引 四年级,18,行程问题二,拓展篇,extension,126,8,,0.9982,False,93,long,application,,,行程问题二|application,4年级及以前高思导引拓展篇及以下难度,mid,auto,L4,False,两列火车同时同方向齐头行进，快车每秒行18米，慢车每秒行10米，行12秒后快 车超过慢车.如果这两列火车车尾对齐，同时同方向行进，则9秒后快车超过慢车.请问：快车 和慢车的车长分别是多少米？,C:\Users\admin\Desktop\试卷分析project\参考教材\奥数\竟赛数学导引 四年级.pdf
4,竞赛数学导引 四年级,18,行程问题二,拓展篇,extension,126,9,★,0.9917,False,197,very_long,application,travel_chain,,行程问题二|application|travel_chain,4年级及以前高思导引拓展篇及以下难度,mid,auto,L4,False,一列货车和一列客车同向行驶，由于货车有紧急任务，因此开始赶超客车.小明在 客车内沿着客车前进的方向向前走，发现货车用了140秒就超过了他.已知小明在客车内行 走的速度为每秒1米，客车的速度为每秒20米，客车长350米，货车长280米.求货车从追上 客车到完全超过客车所需要的时间， 出发到B地去，出发6小时后，甲车遇到一辆迎面开来的卡车.又过了1小时，乙车也遇到了 这辆卡车.请问：这辆卡车的速度是多少？,C:\Users\admin\Desktop\试卷分析project\参考教材\奥数\竟赛数学导引 四年级.pdf
4,竞赛数学导引 四年级,18,行程问题二,拓展篇,extension,126,11,★,0.9928,False,89,medium,application,travel_chain,,行程问题二|application|travel_chain,4年级及以前高思导引拓展篇及以下难度,mid,auto,L3,False,有甲、乙、丙三人，甲每分钟走60米，乙每分钟走50米，丙每分钟走40米.如果甲 从A地，乙和丙从B地，三人同时出发相向而行，甲和乙相遇后，过了15分钟又与丙相遇.求 A、B两地的距离,C:\Users\admin\Desktop\试卷分析project\参考教材\奥数\竟赛数学导引 四年级.pdf
4,竞赛数学导引 四年级,18,行程问题二,拓展篇,extension,126,12,★,0.9748,False,54,medium,application,travel_chain,,行程问题二|application|travel_chain,4年级及以前高思导引拓展篇及以下难度,mid,auto,L3,False,甲、乙两人同时从A地出发向B地前进，甲骑车，乙步行.与此同时，丙从B地出 步行速度的3倍，求A、B两地的距离。,C:\Users\admin\Desktop\试卷分析project\参考教材\奥数\竟赛数学导引 四年级.pdf
4,竞赛数学导引 四年级,18,行程问题二,拓展篇,extension,127,13,,0.9942,False,187,very_long,application,travel_chain,,行程问题二|application|travel_chain,4年级及以前高思导引拓展篇及以下难度,mid,auto,L4,False,甲、乙、丙三人步行的速度相同，骑车的速度也相同，骑车的速度是步行速度的3 倍.现在甲从A地向B地行进，乙、丙两人从B地向A地行进.三人同时出发，出发时，甲、乙 步行，丙骑车.途中，当甲、丙相遇时，丙将车给甲骑，自己改为步行，三人仍按原来的方向继续 前进；当甲、乙相遇时，甲将车给乙骑，自已又重新改为步行，三人仍按原来的方向继续前进 试问：三人之中谁最先到达目的地？谁最后到达目的地？,C:\Users\admin\Desktop\试卷分析project\参考教材\奥数\竟赛数学导引 四年级.pdf
4,竞赛数学导引 四年级,18,行程问题二,拓展篇,extension,127,14,,0.9983,False,87,medium,application,travel_chain,,行程问题二|application|travel_chain,4年级及以前高思导引拓展篇及以下难度,mid,auto,L3,False,A、B两城相距56千米，甲、乙、丙三人分别以每小时6千米、5千米、4千米的速 度前进.甲、乙两人从A城，丙从B城同时出发，相向而行.请问：出发多长时间后，乙正好在 甲和丙的中点？,C:\Users\admin\Desktop\试卷分析project\参考教材\奥数\竟赛数学导引 四年级.pdf
4,竞赛数学导引 四年级,18,行程问题二,超越篇,challenge,127,1,★,0.9945,False,144,very_long,application,travel_chain,,行程问题二|application|travel_chain,高思导引超越篇难度,high,auto,L4,False,米老鼠沿着铁路旁的一条小路向前走，一列货车从后面开过来，8：00货车追上了 米老鼠，又过了30秒，货车超过了它；另有一列客车迎面驶来，9：30客车和米老鼠相遇，又过 了12秒客车离开了它.如果客车的长度是货车的2倍，客车的速度是货车的3倍，请问：客车 和货车什么时间相遇？两车错开需要多长时间？,C:\Users\admin\Desktop\试卷分析project\参考教材\奥数\竟赛数学导引 四年级.pdf
4,竞赛数学导引 四年级,18,行程问题二,超越篇,challenge,127,2,★,0.9918,False,101,long,application,travel_chain,,行程问题二|application|travel_chain,高思导引超越篇难度,high,auto,L4,False,货车和客车相向而行，两车在A点迎面相遇，在B点错开，A点和B点之间的距离 为150米.已知客车的长度为450米，速度为每小时108千米，货车的速度为每小时72千米， 如果货车比客车长，那么货车的长度是多少？,C:\Users\admin\Desktop\试卷分析project\参考教材\奥数\竟赛数学导引 四年级.pdf
4,竞赛数学导引 四年级,18,行程问题二,超越篇,challenge,127,3,★,0.9946,False,111,long,application,travel_chain,,行程问题二|application|travel_chain,高思导引超越篇难度,high,auto,L4,False,铁路旁有一条小路，一列长110米的火车以每小时30千米的速度向北缓缓驶去， 14时10分追上向北行走的一位工人，15秒后离开这个工人；14时16分迎面遇到一个向南走 的学生，12秒后离开这个学生.请问：工人与学生将在何时相遇？,C:\Users\admin\Desktop\试卷分析project\参考教材\奥数\竟赛数学导引 四年级.pdf
4,竞赛数学导引 四年级,18,行程问题二,超越篇,challenge,128,4,★,0.9965,False,179,very_long,application,travel_chain,,行程问题二|application|travel_chain,高思导引超越篇难度,high,auto,L4,False,A、B两地相距120千米，甲、乙两人分别骑车从A、B两地同时相向出发，甲速度 为每小时50千米，出发后1小时30分钟相遇，然后甲、乙两人继续沿各自方向往前行.在他 们相遇6分钟后，甲与迎面骑车而来的丙相遇，而丙在C地追上乙.若甲以每小时44千米的 速度，乙以每小时比原速度快6千米的车速，两人同时分别从A、B出发相向而行，则甲、乙二 人在C点相遇.问丙的车速是多少？,C:\Users\admin\Desktop\试卷分析project\参考教材\奥数\竟赛数学导引 四年级.pdf
4,竞赛数学导引 四年级,18,行程问题二,超越篇,challenge,128,5,★,0.9921,False,39,short,application,,,行程问题二|application,高思导引超越篇难度,high,auto,L4,False,快、中、慢三辆车同时从甲地出发追赶前方的骑车人，分别用6分钟、12分钟、20分,C:\Users\admin\Desktop\试卷分析project\参考教材\奥数\竟赛数学导引 四年级.pdf
4,竞赛数学导引 四年级,18,行程问题二,超越篇,challenge,128,6,★,0.9947,False,129,very_long,application,travel_chain,,行程问题二|application|travel_chain,高思导引超越篇难度,high,auto,L4,False,快、中、慢三辆车同时从甲地出发开往乙地，与此同时墨莫以每分钟100米的速度 沿公路走向甲地.已知快车出发30分钟后在途中遇上墨莫，中车出发35分钟后遇上墨莫，三 辆车到达乙地的时候分别用了100分钟、120分钟、150分钟.请问：慢车出发多长时间后可以 遇上墨莫？,C:\Users\admin\Desktop\试卷分析project\参考教材\奥数\竟赛数学导引 四年级.pdf
4,竞赛数学导引 四年级,18,行程问题二,超越篇,challenge,128,7,,0.9952,False,196,very_long,application,travel_chain,,行程问题二|application|travel_chain,高思导引超越篇难度,high,auto,L4,False,铁路旁的一条平行小路上，有一行人与一骑车人早上同时从A城出发向南前进， 行人速度为每小时7.2千米，骑车人速度为每小时18千米.途中，有一列火车从他们背后开 过来，9点10分恰好追上行人，而且从行人身边通过用了20秒钟；9点18分恰好追上骑车 人，从骑车人身边通过用了26秒钟.请问： （1）这列火车的车身总长是多少米？ （2）行人与骑车人早上何时从A城出发？ （3）他们出发时，火车离A城还有多少千米？,C:\Users\admin\Desktop\试卷分析project\参考教材\奥数\竟赛数学导引 四年级.pdf
4,竞赛数学导引 四年级,18,行程问题二,超越篇,challenge,128,8,,0.9981,False,217,very_long,application,recursive_or_sequence|travel_chain,,行程问题二|application|recursive_or_sequence|travel_chain,高思导引超越篇难度,high,auto,L4,False,铁路货运调度站有A、B两个信号灯，在灯旁停靠着甲、乙、丙三列火车，它们的车 长正好构成一个等差数列，其中乙车的车长居中.最开始的时候，甲、丙两车车尾对齐，且车尾 正好位于A信号灯处，而车头则冲着B信号灯的方向.乙车的车尾则位于B信号灯处，车头 则冲着A的方向.现在，三列火车同时出发向前行驶，10秒之后三列火车的车头恰好相遇.再 过15秒，甲车恰好完全超过丙车，而丙车也正好完全和乙车错开.请问：甲、乙两车从车头相 遇直至完全错开一共用了几秒？,C:\Users\admin\Desktop\试卷分析project\参考教材\奥数\竟赛数学导引 四年级.pdf
4,竞赛数学导引 四年级,19,行程问题三,兴趣篇,interest,129,1,★★,0.9905,False,103,long,application,,,行程问题三|application,4年级及以前高思导引拓展篇及以下难度,low,auto,L2,False,莉莉和莎莎一起从家去学校，莉莉步行，莎莎骑车.莎莎到学校后发现自已没带文 具盒，便立刻骑车回家去取，到家取出文具盒后又马上骑向学校，结果她和莉莉一起到校.如 果莉莉每分钟走53米，那么莎莎骑车每分钟行进多少米？,C:\Users\admin\Desktop\试卷分析project\参考教材\奥数\竟赛数学导引 四年级.pdf
4,竞赛数学导引 四年级,19,行程问题三,兴趣篇,interest,129,2,★★,0.9824,False,55,medium,application,travel_chain,,行程问题三|application|travel_chain,4年级及以前高思导引拓展篇及以下难度,low,auto,L2,False,小燕上学时骑车，回家时步行，路上共用50分钟.如果往返都步行，则全程需要70 分钟.求小燕往返都骑车所需的时间，,C:\Users\admin\Desktop\试卷分析project\参考教材\奥数\竟赛数学导引 四年级.pdf
4,竞赛数学导引 四年级,19,行程问题三,兴趣篇,interest,129,3,★★,0.9821,False,122,very_long,application,travel_chain,,行程问题三|application|travel_chain,4年级及以前高思导引拓展篇及以下难度,low,auto,L3,False,萱萱和卡莉娅从距离32千米的两地同时出发相向而行，萱萱每小时走4千米，卡 莉娅乘坐“飞天扫帚”，每小时飞12千米.她俩迎面相遇后，卡莉娅发现自己忘记带东西了，立 刻返回出发点，再掉头向萱萱前进.请问：她们第二次相遇的地点距离卡莉娅的出发点多少 千米？,C:\Users\admin\Desktop\试卷分析project\参考教材\奥数\竟赛数学导引 四年级.pdf
4,竞赛数学导引 四年级,19,行程问题三,兴趣篇,interest,130,4,,0.999,False,131,very_long,application,travel_chain,,行程问题三|application|travel_chain,4年级及以前高思导引拓展篇及以下难度,low,auto,L3,False,培英学校和电视机厂之间有一条公路，原计划下午2点整培英学校派车去电视机 厂接劳模来校作报告，往返需用1小时.实际上这位劳模在下午1点便提前离厂步行向学校 走来，途中遇到接他的汽车，劳模便立刻上车去往学校，并在下午2点40分到达.问：汽车行 驶速度是劳模步行速度的几倍？,C:\Users\admin\Desktop\试卷分析project\参考教材\奥数\竟赛数学导引 四年级.pdf
4,竞赛数学导引 四年级,19,行程问题三,兴趣篇,interest,130,5,★★,0.9889,False,161,very_long,application,travel_chain,,行程问题三|application|travel_chain,4年级及以前高思导引拓展篇及以下难度,low,auto,L3,False,甲、乙两车分别从相距300千米的A、B两地同时出发，在A、B两地之间不断往返 行驶.已知甲车的速度是每小时30千米，乙车的速度是每小时20千米.请问： （1）出发后经过多长时间甲、乙两车第一次迎面相遇？ （2）第一次迎面相遇后又经过多长时间申、乙两车第二次迎面相遇？ （3）第二次迎面相遇后又经过多长时间甲、乙两车第三次迎面相遇？,C:\Users\admin\Desktop\试卷分析project\参考教材\奥数\竟赛数学导引 四年级.pdf
4,竞赛数学导引 四年级,19,行程问题三,兴趣篇,interest,130,6,★★,0.9905,False,229,very_long,application,travel_chain,,行程问题三|application|travel_chain,4年级及以前高思导引拓展篇及以下难度,low,auto,L3,False,甲、乙两车同时从A地出发，在相距300千米的A、B两地之间不断往返行驶.已知 甲车的速度是每小时30千米，乙车的速度是每小时20千米，请问： （1）出发后经过多长时间甲、乙两车第一次迎面相遇？ （2）第一次迎面相遇后又经过多长时间甲、乙两车第二次迎面相遇？ （3）第二次迎面相遇后又经过多长时间甲、乙两车第三次迎面相遇？ 返行驶，已知甲车的速度是乙车的2倍.请问： （1）甲、乙两车第一次迎面相遇在距离A地多少千米处？ （2）甲、乙两车第二次迎面相遇在距离A地多少千米处？,C:\Users\admin\Desktop\试卷分析project\参考教材\奥数\竟赛数学导引 四年级.pdf
4,竞赛数学导引 四年级,19,行程问题三,兴趣篇,interest,130,8,,0.9966,False,127,very_long,application,travel_chain,,行程问题三|application|travel_chain,4年级及以前高思导引拓展篇及以下难度,low,auto,L3,False,A、B两辆汽车从甲、乙两站同时出发，相向而行，在距甲站50千米处两车第一次 迎面相遇，相遇后两车继续前进（保持原速）各自到达乙、甲两站后，立即沿原路返回，在距乙 站30千米处两车第二次迎面相遇.问：甲、乙两站相距多远？若两车继续前进，则在何处第三 次迎面相遇？,C:\Users\admin\Desktop\试卷分析project\参考教材\奥数\竟赛数学导引 四年级.pdf
4,竞赛数学导引 四年级,19,行程问题三,兴趣篇,interest,130,9,,0.9949,False,73,medium,application,travel_chain,,行程问题三|application|travel_chain,4年级及以前高思导引拓展篇及以下难度,low,auto,L2,False,A、B两辆汽车同时从甲地出发，在甲、乙两地间不断往返行驶，第一次迎面相遇距 离甲地40公里，第二次迎面相遇距离乙地10公里.求甲、乙两地之间的距离，,C:\Users\admin\Desktop\试卷分析project\参考教材\奥数\竟赛数学导引 四年级.pdf
4,竞赛数学导引 四年级,19,行程问题三,兴趣篇,interest,131,10,,0.9964,False,142,very_long,application,,,行程问题三|application,4年级及以前高思导引拓展篇及以下难度,low,auto,L3,False,A、B两地是电车的两个起点站，每隔12分钟发一辆车，电车每小时行25千米 请问：（1）如果小明从A地坐电车去B地，那么他每隔多长时间会看见一辆电车迎面开来？ （2）如果小明从B地步行走向A地，每小时行5千米，那么他每隔多长时间会看见一辆 电车迎面开来？每隔多长时间会有一辆电车从后面超过他？,C:\Users\admin\Desktop\试卷分析project\参考教材\奥数\竟赛数学导引 四年级.pdf
4,竞赛数学导引 四年级,19,行程问题三,拓展篇,extension,131,1,,0.9966,False,85,medium,application,,,行程问题三|application,4年级及以前高思导引拓展篇及以下难度,mid,auto,L3,False,甲、乙两人从同一个地点出发同向而行，甲比乙先出发.甲出发6分钟到达A地，此 时乙距离起点150米.又过了3分钟乙到达A地，此时甲距离起点900米.问：乙比甲晚出发 多长时间？,C:\Users\admin\Desktop\试卷分析project\参考教材\奥数\竟赛数学导引 四年级.pdf
4,竞赛数学导引 四年级,19,行程问题三,拓展篇,extension,131,2,,0.9981,False,116,long,application,,,行程问题三|application,4年级及以前高思导引拓展篇及以下难度,mid,auto,L4,False,自行车队出发12分钟后，通信员骑摩托车去追他们，在距出发点9千米处追上了 自行车队，然后通信员立即返回出发点，到达出发点后通信员又马上掉头去追自行车队，再次 追上时恰好离出发点18千米.自行车队每分钟行多少千米？摩托车每分钟行多少千米？,C:\Users\admin\Desktop\试卷分析project\参考教材\奥数\竟赛数学导引 四年级.pdf
4,竞赛数学导引 四年级,19,行程问题三,拓展篇,extension,131,3,,0.9882,False,127,very_long,application,travel_chain,,行程问题三|application|travel_chain,4年级及以前高思导引拓展篇及以下难度,mid,auto,L4,False,乌龟与兔子进行10000米赛跑，兔子的速度是乌龟的速度的5倍.当它们从起点一 起出发后，乌龟不停地跑，兔子跑到某一地点开始睡觉.兔子醒来时发现乌龟已经领先它5000 米，于是奋起直追，当乌龟到达终点时，兔子仍落后100米.请问：兔子睡觉期间，乌龟跑了多 少米？,C:\Users\admin\Desktop\试卷分析project\参考教材\奥数\竟赛数学导引 四年级.pdf
4,竞赛数学导引 四年级,19,行程问题三,拓展篇,extension,131,4,,0.9928,False,160,very_long,application,travel_chain,,行程问题三|application|travel_chain,4年级及以前高思导引拓展篇及以下难度,mid,auto,L4,False,一天，萱萱到离自已家4000米的表哥家去玩.早晨7：20时，萱萱从家出发向表哥 家走去，每分钟行60米，同时表哥骑车从家出发来接她.表哥到萱萱家后才发现萱萱已经走 了，又立即返回去追，表哥骑车每分钟行260米.当表哥追上萱萱后，带着她一起回表哥家，这 时骑车速度为每分钟175米.请问：当他们到达表哥家时还差几分钟就到8点了？,C:\Users\admin\Desktop\试卷分析project\参考教材\奥数\竟赛数学导引 四年级.pdf
4,竞赛数学导引 四年级,19,行程问题三,拓展篇,extension,132,5,★,0.992,False,146,very_long,application,travel_chain,,行程问题三|application|travel_chain,4年级及以前高思导引拓展篇及以下难度,mid,auto,L4,False,甲、乙两车分别从A、B两地同时出发，相向而行，12小时后在C地相遇.相遇后， 两车并不停顿，继续前进，甲车在相遇后继续行驶4小时到达B地，然后立即掉头以相同的速 度返回A地.请问： （1）当甲车再次到达C地的时候，乙车还要再开几小时才能到达A地？ 乙车正好到达A地.甲车返回的速度是原来速度的多少倍？,C:\Users\admin\Desktop\试卷分析project\参考教材\奥数\竟赛数学导引 四年级.pdf
4,竞赛数学导引 四年级,19,行程问题三,拓展篇,extension,132,6,,0.9878,False,119,long,application,work_rate,,行程问题三|application|work_rate,4年级及以前高思导引拓展篇及以下难度,mid,auto,L4,False,某科研单位每天派汽车早上8点准时到工程师家接他上班.但今天早晨，工程师临 时决定提前到单位，于是他没有等汽车来接，就自己步行去单位.步行途中遇到了前来接他的 汽车，他马上上车赶到单位，结果发现比平时早到了30分钟.问：工程师上车时是几点几分？,C:\Users\admin\Desktop\试卷分析project\参考教材\奥数\竟赛数学导引 四年级.pdf
4,竞赛数学导引 四年级,19,行程问题三,拓展篇,extension,132,7,,0.9886,False,124,very_long,application,travel_chain,,行程问题三|application|travel_chain,4年级及以前高思导引拓展篇及以下难度,mid,auto,L4,False,快车和慢车分别从甲、乙两地同时开出，相向而行，经过4小时在途中相遇，相遇后 两车继续向前行驶.慢车到达甲地后停留1小时再返回乙地，快车到达乙地后停留2.5小时 再返回甲地.已知慢车从乙地到甲地用了12小时，那么两车从第一次相遇到第二次相遇需要 多长时间？,C:\Users\admin\Desktop\试卷分析project\参考教材\奥数\竟赛数学导引 四年级.pdf
4,竞赛数学导引 四年级,19,行程问题三,拓展篇,extension,132,8,,0.9117,False,123,very_long,application,travel_chain,,行程问题三|application|travel_chain,4年级及以前高思导引拓展篇及以下难度,mid,auto,L4,False,甲、乙两车分别从相距900千米的A、B两地同时出发，在A、B之间不断往返行 驶.已知甲车的速度是每小时25千米，乙车的速度是每小时20千米，请问： （1）申、乙两车第二次迎面相遇是在出发后多长时间？ （ （3）甲车第一次从后面追上乙车是在出发后多长时间？,C:\Users\admin\Desktop\试卷分析project\参考教材\奥数\竟赛数学导引 四年级.pdf
4,竞赛数学导引 四年级,19,行程问题三,拓展篇,extension,132,9,,0.9857,False,155,very_long,application,travel_chain,,行程问题三|application|travel_chain,4年级及以前高思导引拓展篇及以下难度,mid,auto,L4,False,甲、乙两车同时从A地出发，在相距900千米的A、B两地之间不断往返行驶.已 知甲车的速度是每小时25千米，乙车的速度是每小时20千米，请问： （1）申车第一次从后面追上乙车是在出发后多长时间？ （2）甲车在第一次从后面追上乙车之后又经过多长时间第二次从后面追上乙车？ （3）申、乙两车第二次迎面相遇是在出发后多长时间？,C:\Users\admin\Desktop\试卷分析project\参考教材\奥数\竟赛数学导引 四年级.pdf
4,竞赛数学导引 四年级,19,行程问题三,拓展篇,extension,132,10,,0.9581,False,82,medium,application,travel_chain,,行程问题三|application|travel_chain,4年级及以前高思导引拓展篇及以下难度,mid,auto,L3,False,A、B两辆汽车分别从甲、乙两地同时出发，并在两地间不断往返行驶.两车在距 离甲地40千米处第一次迎面相遇，在距离甲地10千米处第二次迎面相遇.求甲、乙两地之间 的距离.,C:\Users\admin\Desktop\试卷分析project\参考教材\奥数\竟赛数学导引 四年级.pdf
4,竞赛数学导引 四年级,19,行程问题三,拓展篇,extension,133,11,,0.9904,False,50,medium,application,travel_chain,,行程问题三|application|travel_chain,4年级及以前高思导引拓展篇及以下难度,mid,auto,L3,False,甲、乙两人分别从A、B两地出发，在A、B两地之间不断地往返行走.当甲走了3 （迎面碰到和追上都算相遇）,C:\Users\admin\Desktop\试卷分析project\参考教材\奥数\竟赛数学导引 四年级.pdf
4,竞赛数学导引 四年级,19,行程问题三,拓展篇,extension,133,12,,0.9911,False,167,very_long,application,travel_chain,,行程问题三|application|travel_chain,4年级及以前高思导引拓展篇及以下难度,mid,auto,L4,False,小明和小刚的速度分别为每分钟90米和每分钟70米.早上8：00他们分别从A、 B两站同时出发，相向而行，第一次相遇后两人继续前进，分别到达B、A后返回并在途中第 二次相遇，第二次相遇地点距离A、B两站的中点450米.请问： （1）从两人同时出发到第二次相遇总共经历了多少分钟？ （2）A、B两站的距离为多少米？ （3）他们第一次相遇是几点几分？,C:\Users\admin\Desktop\试卷分析project\参考教材\奥数\竟赛数学导引 四年级.pdf
4,竞赛数学导引 四年级,19,行程问题三,拓展篇,extension,133,13,★,0.99,False,87,medium,application,travel_chain,,行程问题三|application|travel_chain,4年级及以前高思导引拓展篇及以下难度,mid,auto,L3,False,甲、乙两车分别从A、B两地同时出发，在A、B之间不断地往返行驶.已知甲车 时到达同一地点即称为相遇）的地点与第四次相遇的地点恰好相距100千米.请问：两地之间 的距离是多少千米？,C:\Users\admin\Desktop\试卷分析project\参考教材\奥数\竟赛数学导引 四年级.pdf
4,竞赛数学导引 四年级,19,行程问题三,拓展篇,extension,133,14,,0.9977,False,106,long,application,travel_chain,,行程问题三|application|travel_chain,4年级及以前高思导引拓展篇及以下难度,mid,auto,L4,False,某人从甲地走往乙地，甲、乙两地之间有定时的公共汽车往返，而且两地发车的时 间间隔相等.他发现每隔6分钟开过来一辆去甲地的公共汽车，每隔12分钟开过去一辆去乙 地的公共汽车.问：公共汽车每隔多少分钟从各自的始发站发车？,C:\Users\admin\Desktop\试卷分析project\参考教材\奥数\竟赛数学导引 四年级.pdf
4,竞赛数学导引 四年级,19,行程问题三,超越篇,challenge,133,1,,0.9903,False,151,very_long,application,travel_chain,,行程问题三|application|travel_chain,高思导引超越篇难度,high,auto,L4,False,每天早上7：30王经理都从家出发，乘坐司机开的车前往公司，8：00准时到达.然 9：00才到，而司机8：10就已经回到王经理家中.请问： （1）车速是王经理步行速度的几倍？ (2）如果第二天，王经理仍然中途下车，但是下车地点比前一天距离公司要近一些，结果 8：30就赶到了公司.司机回到王经理家应该是几点几分？,C:\Users\admin\Desktop\试卷分析project\参考教材\奥数\竟赛数学导引 四年级.pdf
4,竞赛数学导引 四年级,19,行程问题三,超越篇,challenge,134,2,★,0.9921,False,145,very_long,application,travel_chain,,行程问题三|application|travel_chain,高思导引超越篇难度,high,auto,L4,False,一辆大客车与一辆小轿车从甲地驶往乙地，大客车的速度是小轿车速度的0.8倍， 已知大客车比小轿车早出发17分钟，但在两地中点停留了5分钟，然后继续驶往乙地；小轿 车出发后中途没有停留，直接驶往乙地，最后小轿车比大客车早4分钟到达乙地.已知大客车 是上午10点从甲地出发的，求小轿车追上大客车的时间，,C:\Users\admin\Desktop\试卷分析project\参考教材\奥数\竟赛数学导引 四年级.pdf
4,竞赛数学导引 四年级,19,行程问题三,超越篇,challenge,134,3,★,0.9973,False,103,long,application,travel_chain,,行程问题三|application|travel_chain,高思导引超越篇难度,high,auto,L4,False,A、B两地间相距950米，甲、乙两人同时由A地出发，并在A、B两地间往返行进， 共行进了40分钟，甲步行速度是每分钟40米，乙跑步速度是每分钟150米.那么甲、乙两人 第几次迎面相遇时距B地最近，距离是多少米？,C:\Users\admin\Desktop\试卷分析project\参考教材\奥数\竟赛数学导引 四年级.pdf
4,竞赛数学导引 四年级,19,行程问题三,超越篇,challenge,134,4,★,0.9943,False,97,long,application,travel_chain,,行程问题三|application|travel_chain,高思导引超越篇难度,high,auto,L4,False,甲、乙两车分别从A、B两地同时出发，在A、B两地间不断地往返行驶，甲车每小 时行20千米，乙车每小时行50千米.已知两车第10次与第18次迎面相遇的地点相距60千 米，问：A、B间的路程是多少千米？,C:\Users\admin\Desktop\试卷分析project\参考教材\奥数\竟赛数学导引 四年级.pdf
4,竞赛数学导引 四年级,19,行程问题三,超越篇,challenge,134,5,★,0.9968,False,162,very_long,application,travel_chain,,行程问题三|application|travel_chain,高思导引超越篇难度,high,auto,L4,False,小明家在颐和园，如果他骑车到人大附中，每隔3分钟能见到一辆332路公共汽车 迎面开来；如果他步行到人大附中，每隔4分钟能见到一辆332路公共汽车迎面开来.已知任 意两辆332路汽车的发车间隔都是一样的，并且小明骑车速度是小明步行速度的3倍.请问： 如果小明坐332路汽车到人大附中，每隔多少分钟能见到一辆332路公共汽车迎面开来？,C:\Users\admin\Desktop\试卷分析project\参考教材\奥数\竟赛数学导引 四年级.pdf
4,竞赛数学导引 四年级,19,行程问题三,超越篇,challenge,134,6,,0.9948,False,96,long,application,travel_chain,,行程问题三|application|travel_chain,高思导引超越篇难度,high,auto,L4,False,甲、乙两人分别从A、B两地出发，在A、B两地之间不断地往返行进.当甲第3次 到达B地的时候，乙恰好第5次回到了B地.请问：在甲、乙两人在行进的过程中，一共相遇了 多少次？（迎面碰到和追上都算相遇）,C:\Users\admin\Desktop\试卷分析project\参考教材\奥数\竟赛数学导引 四年级.pdf
4,竞赛数学导引 四年级,19,行程问题三,超越篇,challenge,134,7,,0.9977,False,35,short,application,,,行程问题三|application,高思导引超越篇难度,high,auto,L4,False,从电车总站每隔一定时间开出一辆电车，甲和乙两人在一条街上沿着同一方向步,C:\Users\admin\Desktop\试卷分析project\参考教材\奥数\竟赛数学导引 四年级.pdf
4,竞赛数学导引 四年级,19,行程问题三,超越篇,challenge,134,8,★,0.994,False,179,very_long,application,travel_chain,,行程问题三|application|travel_chain,高思导引超越篇难度,high,auto,L4,False,A、B两地相距22.4千米，有一支游行队伍从A地出发，向B地匀速前进，当游行 队伍队尾离开A地时，甲、乙两人分别从A、B两地同时出发，乙向A地步行，甲骑车先追向 队头，追上队头后又立即骑向队尾，到达队尾后再立即追向队头，追上队头后又立即骑向队 尾当甲第5次追上队头时恰与乙相遇在距B地5.6千米处，当甲第7次追上队头时，甲 恰好第一次到达B地，求此时乙离A地的距离，,C:\Users\admin\Desktop\试卷分析project\参考教材\奥数\竟赛数学导引 四年级.pdf
4,竞赛数学导引 四年级,20,幻方与数阵图扩展,兴趣篇,interest,135,1,★★,0.9827,True,61,medium,geometry,,has_diagram,幻方与数阵图扩展|geometry,4年级及以前高思导引拓展篇及以下难度,low,review,L1,False,把1～9这9个数分别填人图20-1中的9个O内，使得三个圆周及三条线段上的 3个数之和都相等. 图20-1 图20-2 图20-3,C:\Users\admin\Desktop\试卷分析project\参考教材\奥数\竟赛数学导引 四年级.pdf
4,竞赛数学导引 四年级,20,幻方与数阵图扩展,兴趣篇,interest,135,2,★★,0.9665,True,108,long,geometry,,has_diagram,幻方与数阵图扩展|geometry,4年级及以前高思导引拓展篇及以下难度,low,review,L2,False,"（1）如图20-2,在3X3的方格表的每个空格中填人恰当的数，使得每行、每列、每 条对角线上的各数之和都相等. (2）如图20-3，在4×4的方格表的每个空格中填人恰当的数，使得每行、每列、每条对 角线上的各数之和都相等.",C:\Users\admin\Desktop\试卷分析project\参考教材\奥数\竟赛数学导引 四年级.pdf
4,竞赛数学导引 四年级,20,幻方与数阵图扩展,兴趣篇,interest,136,3,★,0.9848,True,76,medium,general,,has_diagram,幻方与数阵图扩展|general,4年级及以前高思导引拓展篇及以下难度,low,review,L1,False,在图20-4所示的3×4方格表的每个空格中填入恰当的数后，可以使各行、各列 的各数之和都相等.那么标有符号“”的方格内所填的数是多少？ 图20-4 图20-5,C:\Users\admin\Desktop\试卷分析project\参考教材\奥数\竟赛数学导引 四年级.pdf
4,竞赛数学导引 四年级,20,幻方与数阵图扩展,兴趣篇,interest,136,4,,0.976,True,28,short,general,,has_diagram,幻方与数阵图扩展|general,4年级及以前高思导引拓展篇及以下难度,low,review,L1,False,如图20-5，请在空格中填人适当的数，组成一个三阶幻方.,C:\Users\admin\Desktop\试卷分析project\参考教材\奥数\竟赛数学导引 四年级.pdf
4,竞赛数学导引 四年级,20,幻方与数阵图扩展,兴趣篇,interest,136,5,,0.9524,True,68,medium,geometry,,has_diagram,幻方与数阵图扩展|geometry,4年级及以前高思导引拓展篇及以下难度,low,review,L1,False,请将1～16这16个数分别填人图20-6的方格中(有些数已填好)，使得每行、每 列及两条对角线上的各数之和都相等. o △ 图20-6 图20-7,C:\Users\admin\Desktop\试卷分析project\参考教材\奥数\竟赛数学导引 四年级.pdf
4,竞赛数学导引 四年级,20,幻方与数阵图扩展,兴趣篇,interest,136,6,★★,0.9842,True,80,medium,geometry,,has_diagram,幻方与数阵图扩展|geometry,4年级及以前高思导引拓展篇及以下难度,low,review,L1,False,请将图20-7所示的5×5方格表补充完整，使得每个方格内都有一个数字，并且 具有如下的性质：方格表中每行、每列和每条对角线的5个方格内所填的5个数中，1、2、3、,C:\Users\admin\Desktop\试卷分析project\参考教材\奥数\竟赛数学导引 四年级.pdf
4,竞赛数学导引 四年级,20,幻方与数阵图扩展,兴趣篇,interest,136,4,,0.9433,False,39,short,general,,,幻方与数阵图扩展|general,4年级及以前高思导引拓展篇及以下难度,low,auto,L1,False,"5恰好各出现一次.请问：标有符号“△”“""和“○”的方格中所填的数分别是什么？",C:\Users\admin\Desktop\试卷分析project\参考教材\奥数\竟赛数学导引 四年级.pdf
4,竞赛数学导引 四年级,20,幻方与数阵图扩展,兴趣篇,interest,136,7,★★,0.985,True,74,medium,general,,has_diagram,幻方与数阵图扩展|general,4年级及以前高思导引拓展篇及以下难度,low,review,L1,False,将4、6、8、9、10、12、13、14、17这9个数分别填人图20-8中的○内(有些数已 填好)，使得每条直线上的数之和都相等. 图20-8 图20-9,C:\Users\admin\Desktop\试卷分析project\参考教材\奥数\竟赛数学导引 四年级.pdf
4,竞赛数学导引 四年级,20,幻方与数阵图扩展,兴趣篇,interest,136,8,,0.9731,True,69,medium,general,,has_diagram,幻方与数阵图扩展|general,4年级及以前高思导引拓展篇及以下难度,low,review,L1,False,请在图20-9所示的8个O内，分别填人1～8这8个数，使得图中用线段连结的两 个○内所填的数之差（大减小)恰好是1、2、3、4、5、6、7.,C:\Users\admin\Desktop\试卷分析project\参考教材\奥数\竟赛数学导引 四年级.pdf
4,竞赛数学导引 四年级,20,幻方与数阵图扩展,兴趣篇,interest,137,9,★★,0.9662,True,56,medium,geometry,,has_diagram,幻方与数阵图扩展|geometry,4年级及以前高思导引拓展篇及以下难度,low,review,L1,False,将1～5这5个数分别填人图20-10中的○内，使得横线、竖线、大圆周上所填数之 和都相等. 图20-10 图20-11,C:\Users\admin\Desktop\试卷分析project\参考教材\奥数\竟赛数学导引 四年级.pdf
4,竞赛数学导引 四年级,20,幻方与数阵图扩展,兴趣篇,interest,137,10,,0.979,True,69,medium,geometry,,has_diagram,幻方与数阵图扩展|数字谜问题|geometry,4年级及以前高思导引拓展篇及以下难度,low,review,L1,False,将0～9这10个数分别填人图20-11的10块区域中（阴影区域除外)，使得每个 圆内的3个数之和都相等.请问：这个和最小是多少？最大是多少？,C:\Users\admin\Desktop\试卷分析project\参考教材\奥数\竟赛数学导引 四年级.pdf
4,竞赛数学导引 四年级,20,幻方与数阵图扩展,拓展篇,extension,137,1,★★,0.9804,True,92,long,geometry,,has_diagram,幻方与数阵图扩展|geometry,4年级及以前高思导引拓展篇及以下难度,mid,review,L4,False,将1～25这25个数分别填人图20-12中的各个方格中（有些数已填好)，使得每 行、每列及两条对角线上的各数之和都相等.那么标有符号“*”的方格内所填的数是多少？ 图20-12 图20-13,C:\Users\admin\Desktop\试卷分析project\参考教材\奥数\竟赛数学导引 四年级.pdf
4,竞赛数学导引 四年级,20,幻方与数阵图扩展,拓展篇,extension,137,2,★★,0.9608,True,46,medium,geometry,,has_diagram,幻方与数阵图扩展|geometry,4年级及以前高思导引拓展篇及以下难度,mid,review,L3,False,请在图20－13的每个空格内填入一个合适的数，使得每行、每列及两条对角线上 的各数之和都相等.,C:\Users\admin\Desktop\试卷分析project\参考教材\奥数\竟赛数学导引 四年级.pdf
4,竞赛数学导引 四年级,20,幻方与数阵图扩展,拓展篇,extension,"137,138",3,★★,0.9824,True,138,very_long,geometry,,has_diagram|cross_page_question,幻方与数阵图扩展|geometry,4年级及以前高思导引拓展篇及以下难度,mid,review,L4,False,（1）请在图20－14的每个空格内填人一个合适的数，使得每行、每列及两条对角线 上的各数之和都等于19.95.那么，标有“*”的方格内所填的数是多少？ (2）请在图20－15的每个空格内填人一个合适的数，使得每行、每列及两条对角线上的 各数之和都相等. .80 图20-14 图20-15,C:\Users\admin\Desktop\试卷分析project\参考教材\奥数\竟赛数学导引 四年级.pdf
4,竞赛数学导引 四年级,20,幻方与数阵图扩展,拓展篇,extension,138,4,,0.9921,True,135,very_long,geometry,,has_diagram,幻方与数阵图扩展|geometry,4年级及以前高思导引拓展篇及以下难度,mid,review,L4,False,如图20-16，大正方形的4个角上已填人4个数，4个数之和是264.奇妙的是，把 这个图倒过来看，大正方形4个角上的数之和仍然是264.请你在中间的小正方形的4个角的 形角上的4个数正看和倒看时，其和也都是264. 图20-16 图20-17 好)，使得每条直线上各数之和都相等.,C:\Users\admin\Desktop\试卷分析project\参考教材\奥数\竟赛数学导引 四年级.pdf
4,竞赛数学导引 四年级,20,幻方与数阵图扩展,拓展篇,extension,138,6,,0.7703,True,82,medium,general,,has_diagram,幻方与数阵图扩展|general,4年级及以前高思导引拓展篇及以下难度,mid,review,L3,False,请将1～9这9个数分别填人图20－18中的口内，使得所有不等号都成立.那么所 有满足要求的填法共有多少种？ □<口>□ 口>口>口 V V A □<□<□ 图20-18 图20-19,C:\Users\admin\Desktop\试卷分析project\参考教材\奥数\竟赛数学导引 四年级.pdf
4,竞赛数学导引 四年级,20,幻方与数阵图扩展,拓展篇,extension,138,7,★★,0.9352,True,67,medium,general,,has_diagram,幻方与数阵图扩展|general,4年级及以前高思导引拓展篇及以下难度,mid,review,L3,False,请将1～10这10个数分别填人图20-19中的○内(9已经填好)，使得除了第一行 外每个O内的数都等于与它相连的上方两个○内的两数之差，,C:\Users\admin\Desktop\试卷分析project\参考教材\奥数\竟赛数学导引 四年级.pdf
4,竞赛数学导引 四年级,20,幻方与数阵图扩展,拓展篇,extension,"138,139",8,,0.9827,True,67,medium,general,,has_diagram|cross_page_question,幻方与数阵图扩展|general,4年级及以前高思导引拓展篇及以下难度,mid,review,L3,False,在图20-20中的7个O内各填一个数（两个数已填好），要求每一条直线上的3个 数，居中的数是旁边两个数的平均数. 图20-20 图20-21,C:\Users\admin\Desktop\试卷分析project\参考教材\奥数\竟赛数学导引 四年级.pdf
4,竞赛数学导引 四年级,20,幻方与数阵图扩展,拓展篇,extension,139,9,,0.9803,True,53,medium,general,,has_diagram,幻方与数阵图扩展|general,4年级及以前高思导引拓展篇及以下难度,mid,review,L3,False,请在图20-21中的六块区域内分别填人1～6这6个数，使得对每一个○来说，与 它相邻的区域内的数之和都相等.,C:\Users\admin\Desktop\试卷分析project\参考教材\奥数\竟赛数学导引 四年级.pdf
4,竞赛数学导引 四年级,20,幻方与数阵图扩展,拓展篇,extension,139,10,★,0.9885,True,139,very_long,general,,has_diagram,幻方与数阵图扩展|general,4年级及以前高思导引拓展篇及以下难度,mid,review,L4,False,"请将1个1，2个2，3个3，，8个8，9个9分别填入图20-22中，使得相同的 数所在的方格都连在一起(相连的两个方格必须有公共边)，现在已经给出了其中8个方格中 的数，并且知道A、B、C、D、E、F、G各不相同，那么，七位数“ABCDEFG""是多少？ BC D 图20-22 图20-23",C:\Users\admin\Desktop\试卷分析project\参考教材\奥数\竟赛数学导引 四年级.pdf
4,竞赛数学导引 四年级,20,幻方与数阵图扩展,拓展篇,extension,139,11,,0.968,True,55,medium,geometry,,has_diagram,幻方与数阵图扩展|geometry,4年级及以前高思导引拓展篇及以下难度,mid,review,L3,False,将数字1~7这7个数分别填人图20-23中的小○内，使得每个圆周上的3个数 之和与每条直线上的3个数之和都相等.,C:\Users\admin\Desktop\试卷分析project\参考教材\奥数\竟赛数学导引 四年级.pdf
4,竞赛数学导引 四年级,20,幻方与数阵图扩展,拓展篇,extension,139,12,★,0.9878,True,56,medium,geometry,,has_diagram,幻方与数阵图扩展|geometry,4年级及以前高思导引拓展篇及以下难度,mid,review,L3,False,将1～9这9个数分别填人图20-24中的9个O内，使4个大圆周上的4个数之 和都等于16. 图20-24 图20-25,C:\Users\admin\Desktop\试卷分析project\参考教材\奥数\竟赛数学导引 四年级.pdf
4,竞赛数学导引 四年级,20,幻方与数阵图扩展,拓展篇,extension,140,13,,0.9835,True,94,long,general,,has_diagram,幻方与数阵图扩展|general,4年级及以前高思导引拓展篇及以下难度,mid,review,L4,False,图20-25中一共有10个方格，现在把2～11这10个自然数分别填到里面，每个 方格各填一个.如果要求图中的3个2×2的正方形中的4个数之和都相等，那么这个和最小 可能是多少？请给出一种填法，,C:\Users\admin\Desktop\试卷分析project\参考教材\奥数\竟赛数学导引 四年级.pdf
4,竞赛数学导引 四年级,20,幻方与数阵图扩展,拓展篇,extension,140,14,,0.9934,True,108,long,geometry,,has_diagram,幻方与数阵图扩展|数字谜问题|geometry,4年级及以前高思导引拓展篇及以下难度,mid,review,L4,False,如图20-26，大三角形被分成了9个小三角形.试将1～9 这9个数分别填人这9个小三角形内，每个小三角形内填一个数，要 求靠近大三角形三条边的每5个数相加的和相等.这5个数的和最大 可能是多少？请给出一种填法. 图20-26,C:\Users\admin\Desktop\试卷分析project\参考教材\奥数\竟赛数学导引 四年级.pdf
4,竞赛数学导引 四年级,20,幻方与数阵图扩展,超越篇,challenge,140,1,,0.9921,True,152,very_long,geometry,,has_diagram,幻方与数阵图扩展|geometry,高思导引超越篇难度,high,review,L4,False,请在图20-27的每个空格内填人一个合适的数，使得每行、每列 及两条对角线上的各数之和都相等. 2115 图20-27 得每一条直线上O内的各数之和相等.美国的数学爱好者阿当斯从1910年开始，到1962年， 用了52年的时间才找到了解答.现在已经填人了6个自然数，请你完成这个“六角幻方” 图20-28 图20-29,C:\Users\admin\Desktop\试卷分析project\参考教材\奥数\竟赛数学导引 四年级.pdf
4,竞赛数学导引 四年级,20,幻方与数阵图扩展,超越篇,challenge,140,3,,0.9769,True,57,medium,general,,has_diagram,幻方与数阵图扩展|general,高思导引超越篇难度,high,review,L4,False,在图20-29中有6个正方形，请你将1～9这9个数分别填人图中9个O内，使得 每个正方形4个顶点上的数字之和都相等.,C:\Users\admin\Desktop\试卷分析project\参考教材\奥数\竟赛数学导引 四年级.pdf
4,竞赛数学导引 四年级,20,幻方与数阵图扩展,超越篇,challenge,141,4,,0.9781,True,93,long,calculation,,has_diagram,幻方与数阵图扩展|calculation,高思导引超越篇难度,high,review,L4,False,"在图20-30中的7个O内填人一些自然数，要求所填的自然数中最小的一个数是 1,并且相邻两个O内的数字之差（大数减小数）恰好等于这两个O之间标出的数字， 图20-30 图20-31 图20-32",C:\Users\admin\Desktop\试卷分析project\参考教材\奥数\竟赛数学导引 四年级.pdf
4,竞赛数学导引 四年级,20,幻方与数阵图扩展,超越篇,challenge,141,5,,0.9823,True,104,long,general,,has_diagram,幻方与数阵图扩展|general,高思导引超越篇难度,high,review,L4,False,将1～9这9个数分别填人图20-31中的9个O内，使图中每条直线（图中有7条 直线）上的○内所填数之和都相等，那么这个和是多少？ 点上的数之和相等.这个和最大是多少？最小是多少？请分别给出使得和最大、最小的填法.,C:\Users\admin\Desktop\试卷分析project\参考教材\奥数\竟赛数学导引 四年级.pdf
4,竞赛数学导引 四年级,20,幻方与数阵图扩展,超越篇,challenge,141,7,,0.9787,True,145,very_long,general,,has_diagram,幻方与数阵图扩展|general,高思导引超越篇难度,high,review,L4,False,在图20-33中有11个空的○，要求把1～13这13个数分别填人各○内（其中3、 4已经填好)，使得上面2个O内数的和，等于与它相连的下面的○内的数（例如，虚线框中上 面2个O内的数相加，它们的和应等于相连的下面1个O内的数)，并且最下面空着的4个O 内的数之和等于43. 图20-33 图20-34,C:\Users\admin\Desktop\试卷分析project\参考教材\奥数\竟赛数学导引 四年级.pdf
4,竞赛数学导引 四年级,20,幻方与数阵图扩展,超越篇,challenge,141,8,,0.986,True,149,very_long,general,,has_diagram,幻方与数阵图扩展|数字谜问题|general,高思导引超越篇难度,high,review,L4,False,图20-34中共有10个O，6条直线.请问： （1）能否将1～10这10个数分别填人图中，使得每条直线上的各数之和都相等？ (2）能否将0～9这10个数分别填人图中，使得每条直线上的各数之和都相等？ (3）请从1～11这11个数中去掉一个数后，将剩下的10个数分别填人图中，使得每条直 线上的各数之和都相等,C:\Users\admin\Desktop\试卷分析project\参考教材\奥数\竟赛数学导引 四年级.pdf
4,竞赛数学导引 四年级,21,排列组合,兴趣篇,interest,142,1,★,0.8257,False,25,short,calculation,,,排列组合|calculation,4年级及以前高思导引拓展篇及以下难度,low,auto,L1,False,计算：(1）A2； (2)Ao ； (3) 3×A+Ag.,C:\Users\admin\Desktop\试卷分析project\参考教材\奥数\竟赛数学导引 四年级.pdf
4,竞赛数学导引 四年级,21,排列组合,兴趣篇,interest,142,2,★,0.996,False,36,short,counting,,,排列组合|counting,4年级及以前高思导引拓展篇及以下难度,low,auto,L1,False,卡莉娅、萱萱、墨莫和小高4个人站成一排照相，一共有多少种不同的排列方法？,C:\Users\admin\Desktop\试卷分析project\参考教材\奥数\竟赛数学导引 四年级.pdf
4,竞赛数学导引 四年级,21,排列组合,兴趣篇,interest,142,3,★,0.9935,False,94,long,counting,,,排列组合|counting,4年级及以前高思导引拓展篇及以下难度,low,auto,L2,False,体育课上，老师从10名男生中挑出4人站成一排，一共有多少种不同的排列方法？ ：4.★★卡莉娅、萱萱、墨莫、小高4个人一起乘公共汽车去公园，上车后发现有8个空座 位，他们一共有多少种不同的坐法？,C:\Users\admin\Desktop\试卷分析project\参考教材\奥数\竟赛数学导引 四年级.pdf
4,竞赛数学导引 四年级,21,排列组合,兴趣篇,interest,142,5,,0.9939,False,54,medium,counting,,,排列组合|counting,4年级及以前高思导引拓展篇及以下难度,low,auto,L1,False,用1～7这7个数字一共能组成多少个没有重复数字的三位数？如果把这些三位 数从小到大排起来，312是其中第几个？,C:\Users\admin\Desktop\试卷分析project\参考教材\奥数\竟赛数学导引 四年级.pdf
4,竞赛数学导引 四年级,21,排列组合,兴趣篇,interest,143,6,,0.828,False,20,short,calculation,,,排列组合|calculation,4年级及以前高思导引拓展篇及以下难度,low,auto,L1,False,计算：(1)C； (2)C； (3)A×C.,C:\Users\admin\Desktop\试卷分析project\参考教材\奥数\竟赛数学导引 四年级.pdf
4,竞赛数学导引 四年级,21,排列组合,兴趣篇,interest,143,7,★★,0.9861,True,80,medium,geometry,,has_diagram,排列组合|geometry,4年级及以前高思导引拓展篇及以下难度,low,review,L1,False,图21-1中有6个点，任意3个点都不在一条直线上.请问： （1）以这些点为端点，一共可以连出多少条线段？ (2）以这些点为顶点，一共可以连出多少个三角形？ 图21-1,C:\Users\admin\Desktop\试卷分析project\参考教材\奥数\竟赛数学导引 四年级.pdf
4,竞赛数学导引 四年级,21,排列组合,兴趣篇,interest,143,8,★★,0.982,False,73,medium,counting,,,排列组合|counting,4年级及以前高思导引拓展篇及以下难度,low,auto,L1,False,卡莉娅有6颗不同的魔法宝石.请问： （1）从中选出2颗宝石，构成一个初级魔法，有多少种方法？ (2）从中选出4颗宝石，构成一个高级魔法，有多少种方法？,C:\Users\admin\Desktop\试卷分析project\参考教材\奥数\竟赛数学导引 四年级.pdf
4,竞赛数学导引 四年级,21,排列组合,兴趣篇,interest,143,9,,0.9966,False,46,medium,counting,,,排列组合|counting,4年级及以前高思导引拓展篇及以下难度,low,auto,L1,False,小高要从5种武术中选择3种来学习，如果拳法和掌法必须都学或者都不学，那么 他一共有多少种选法？,C:\Users\admin\Desktop\试卷分析project\参考教材\奥数\竟赛数学导引 四年级.pdf
4,竞赛数学导引 四年级,21,排列组合,兴趣篇,interest,143,10,,0.9875,False,88,medium,counting,,,排列组合|计数问题|counting,4年级及以前高思导引拓展篇及以下难度,low,auto,L1,False,象棋兴趣小组一共有9名同学.请问： (1）如果从中选3名同学在第二天的早上、中午、晚上分别做值日，一共有多少种选法？ （2）如果从中选3名同学去参加一次全市比赛，一共有多少种选法？,C:\Users\admin\Desktop\试卷分析project\参考教材\奥数\竟赛数学导引 四年级.pdf
4,竞赛数学导引 四年级,21,排列组合,拓展篇,extension,143,1,★,0.8023,False,22,short,calculation,,,排列组合|calculation,4年级及以前高思导引拓展篇及以下难度,mid,auto,L3,False,计算：(1）A； (2)A3； (3)A—A².,C:\Users\admin\Desktop\试卷分析project\参考教材\奥数\竟赛数学导引 四年级.pdf
4,竞赛数学导引 四年级,21,排列组合,拓展篇,extension,143,2,★,0.994,True,62,medium,counting,,has_diagram,排列组合|counting,4年级及以前高思导引拓展篇及以下难度,mid,review,L3,False,如图21-2所示，有5面不同颜色的小旗，任取3面排成一行表示一种信号，用这5 面小旗一共可以表示出多少种不同的信号？ 图21-2,C:\Users\admin\Desktop\试卷分析project\参考教材\奥数\竟赛数学导引 四年级.pdf
4,竞赛数学导引 四年级,21,排列组合,拓展篇,extension,144,3,★,0.998,False,55,medium,counting,,,排列组合|counting,4年级及以前高思导引拓展篇及以下难度,mid,auto,L3,False,3名同学一起去图书馆借科幻小说，发现书架上只剩下9本，且各不相同.如果每人 只借1本，那么共有多少种不同的借法？,C:\Users\admin\Desktop\试卷分析project\参考教材\奥数\竟赛数学导引 四年级.pdf
4,竞赛数学导引 四年级,21,排列组合,拓展篇,extension,144,4,★★,0.9698,False,59,medium,counting,,,排列组合|counting,4年级及以前高思导引拓展篇及以下难度,mid,auto,L3,False,用1~5这5个数字组数 （1）可以组成多少个没有重复数字的四位数？ （2）将这些四位数从小到大排列起来，4125是第几个？,C:\Users\admin\Desktop\试卷分析project\参考教材\奥数\竟赛数学导引 四年级.pdf
4,竞赛数学导引 四年级,21,排列组合,拓展篇,extension,144,5,★,0.8069,False,35,short,calculation,,,排列组合|calculation,4年级及以前高思导引拓展篇及以下难度,mid,auto,L3,False,计算：(1)C； (2）C-2×Co； (3)C，C； (4)Co，Cio.,C:\Users\admin\Desktop\试卷分析project\参考教材\奥数\竟赛数学导引 四年级.pdf
4,竞赛数学导引 四年级,21,排列组合,拓展篇,extension,144,6,★★,0.94,True,47,medium,geometry,,has_diagram,排列组合|geometry,4年级及以前高思导引拓展篇及以下难度,mid,review,L3,False,如图21-3所示，从端点O出发的射线共有7条，图中一共有多少个锐角？ P2 P 图21-3 图21-4,C:\Users\admin\Desktop\试卷分析project\参考教材\奥数\竟赛数学导引 四年级.pdf
4,竞赛数学导引 四年级,21,排列组合,拓展篇,extension,144,7,★★,0.96,True,67,medium,geometry,,has_diagram,排列组合|geometry,4年级及以前高思导引拓展篇及以下难度,mid,review,L3,False,如图21-4所示，在一个圆周上有8个点，以这些点为顶点或端点.一共可以画出： (1)多少条线段？（2)多少个三角形？（3）多少个四边形？,C:\Users\admin\Desktop\试卷分析project\参考教材\奥数\竟赛数学导引 四年级.pdf
4,竞赛数学导引 四年级,21,排列组合,拓展篇,extension,144,8,★★,0.9915,False,92,long,counting,,,排列组合|counting,4年级及以前高思导引拓展篇及以下难度,mid,auto,L4,False,9支球队进行足球比赛，实行单循环制，即每两队之间只比赛一场，每场比赛后，胜 方得3分，平局双方各得1分，负方不得分.请问：(1)一共要举行多少场比赛？（2)9支队伍的 得分总和最多为多少？,C:\Users\admin\Desktop\试卷分析project\参考教材\奥数\竟赛数学导引 四年级.pdf
4,竞赛数学导引 四年级,21,排列组合,拓展篇,extension,144,9,★★,0.9875,False,41,short,counting,,,排列组合|counting,4年级及以前高思导引拓展篇及以下难度,mid,auto,L3,False,学校十佳歌手大赛的10名获奖选手中，每3人都要照一张合影.请问：需要拍多少 张照片？,C:\Users\admin\Desktop\试卷分析project\参考教材\奥数\竟赛数学导引 四年级.pdf
4,竞赛数学导引 四年级,21,排列组合,拓展篇,extension,144,10,★★,0.9894,False,50,medium,counting,,,排列组合|counting,4年级及以前高思导引拓展篇及以下难度,mid,auto,L3,False,卡莉娅把10张不同的魔法卡片分给墨莫和小高，并且决定给墨莫8张，给小高2 张.一共有多少种不同的分法？,C:\Users\admin\Desktop\试卷分析project\参考教材\奥数\竟赛数学导引 四年级.pdf
4,竞赛数学导引 四年级,21,排列组合,拓展篇,extension,145,11,,0.9881,False,93,long,counting,,,排列组合|counting,4年级及以前高思导引拓展篇及以下难度,mid,auto,L4,False,在新学期的班会上，大家要从11名候选人中选出班干部.请问： (1）选出3人组成班委会，一共有多少种选法？ （2）从剩下的候选人中，选出3人分别担任语文、数学、英语的课代表，一共有多少种 选法？,C:\Users\admin\Desktop\试卷分析project\参考教材\奥数\竟赛数学导引 四年级.pdf
4,竞赛数学导引 四年级,21,排列组合,拓展篇,extension,145,12,★★,0.9981,False,53,medium,counting,,,排列组合|counting,4年级及以前高思导引拓展篇及以下难度,mid,auto,L3,False,萱萱要从8门课程中选学3门，一共有多少种选法？如果数学课与钢琴课时间冲 突，不能同时学，她一共有多少种选法？,C:\Users\admin\Desktop\试卷分析project\参考教材\奥数\竟赛数学导引 四年级.pdf
4,竞赛数学导引 四年级,21,排列组合,拓展篇,extension,145,13,,0.9936,False,141,very_long,counting,,,排列组合|counting,4年级及以前高思导引拓展篇及以下难度,mid,auto,L4,False,卡莉娅和萱萱、小高、墨莫去参加一次聚会，主持人要求每个人从12个颜色不同 的彩球中领取一个.请问： （1）萱萱第一个取球，她一共选出了4个球，准备分给大家，那么一共有多少种选法？ (2）萱萱回到座位后，把这4个球分给大家，一共有多少种分法？ （3）最后他们4人手中拿到的球一共有多少种可能？,C:\Users\admin\Desktop\试卷分析project\参考教材\奥数\竟赛数学导引 四年级.pdf
4,竞赛数学导引 四年级,21,排列组合,拓展篇,extension,145,14,,0.9894,False,92,long,counting,,,排列组合|计数问题|counting,4年级及以前高思导引拓展篇及以下难度,mid,auto,L4,False,周末，老师要从第一组的10名男生和10名女生中选出5人留下打扫卫生.请问： （1）如果老师随意选择，一共有多少种选择方法？ (2）如果老师决定选出2名男生和3名女生，一共有多少种选择方法？,C:\Users\admin\Desktop\试卷分析project\参考教材\奥数\竟赛数学导引 四年级.pdf
4,竞赛数学导引 四年级,21,排列组合,超越篇,challenge,145,1,,0.9982,False,66,medium,counting,,,排列组合|counting,高思导引超越篇难度,high,auto,L4,False,有一些四位数，它们由4个互不相同且不为零的数字组成，并且这4个数字的和等 于11.将所有这样的四位数从小到大依次排列，第20个是多少？,C:\Users\admin\Desktop\试卷分析project\参考教材\奥数\竟赛数学导引 四年级.pdf
4,竞赛数学导引 四年级,21,排列组合,超越篇,challenge,145,2,,0.9954,False,100,long,counting,,,排列组合|counting,高思导引超越篇难度,high,auto,L4,False,在身高互不相同的6个人中，选出3个人站成第一排，另外3个人站成第二排.请 问：（1）如果可以随便站，那么一共有多少种排法？ (2).如果要求第二排最矮的人也比第一排最高的人高，那么一共有多少种不同的排法？,C:\Users\admin\Desktop\试卷分析project\参考教材\奥数\竟赛数学导引 四年级.pdf
4,竞赛数学导引 四年级,21,排列组合,超越篇,challenge,146,3,★,0.9891,False,88,medium,counting,,,排列组合|counting,高思导引超越篇难度,high,auto,L4,False,小口袋中有4个球，大口袋中有6个球，这些球颜色各不相同.请问： （1）任意取出4个球，共有多少种不同的结果？ （2）取出4个球，而且恰好从每个口袋中各取2个球，共有多少种不同结果？,C:\Users\admin\Desktop\试卷分析project\参考教材\奥数\竟赛数学导引 四年级.pdf
4,竞赛数学导引 四年级,21,排列组合,超越篇,challenge,146,4,,0.9988,False,49,medium,counting,,,排列组合|counting,高思导引超越篇难度,high,auto,L4,False,在1～30这30个自然数中任意挑选出2个不同的数，使得它们的和是偶数，一共 有多少种不同的挑选方法？,C:\Users\admin\Desktop\试卷分析project\参考教材\奥数\竟赛数学导引 四年级.pdf
4,竞赛数学导引 四年级,21,排列组合,超越篇,challenge,146,5,★,0.9892,True,49,medium,geometry,,has_diagram,排列组合|geometry,高思导引超越篇难度,high,review,L4,False,如图21-5所示，两条直线上分别有6个点和4 个点.以这些点为顶点，可以连出多少个三角形？ 图21-5,C:\Users\admin\Desktop\试卷分析project\参考教材\奥数\竟赛数学导引 四年级.pdf
4,竞赛数学导引 四年级,21,排列组合,超越篇,challenge,146,6,,0.9858,False,128,very_long,counting,,,排列组合|counting,高思导引超越篇难度,high,auto,L4,False,从15名同学中选出5人，上场参加篮球比赛.请问： （1）如果甲、乙两人必须入选，共有多少种选法？ （2）如果甲、乙两人中至少有一人人选，共有多少种选法？ （3）如果甲、乙、丙三人中恰好人选一人，共有多少种选法？ （4）如果甲、乙、丙不能同时都入选，共有多少种选法？,C:\Users\admin\Desktop\试卷分析project\参考教材\奥数\竟赛数学导引 四年级.pdf
4,竞赛数学导引 四年级,21,排列组合,超越篇,challenge,146,7,,0.9902,False,38,short,counting,,,排列组合|counting,高思导引超越篇难度,high,auto,L4,False,体育课上，老师将小高、墨莫和另7名同学分成3组做游戏，每组3人.（1)一共有,C:\Users\admin\Desktop\试卷分析project\参考教材\奥数\竟赛数学导引 四年级.pdf
4,竞赛数学导引 四年级,21,排列组合,超越篇,challenge,146,8,,0.9965,False,94,long,counting,case_analysis,,排列组合|计数问题|counting|case_analysis,高思导引超越篇难度,high,auto,L4,False,大、小两个口袋中，装有一些同样的小球，大口袋里装有9个小球，分别编号为 1～9；小口袋里装有6个小球，分别编号为1～6.从这两个口袋中分别摸出3个小球，这6个 小球的编号一共有多少种可能情况？,C:\Users\admin\Desktop\试卷分析project\参考教材\奥数\竟赛数学导引 四年级.pdf
4,竞赛数学导引 四年级,22,计数综合一,兴趣篇,interest,147,1,★★,0.9906,False,67,medium,counting,,,计数综合一|counting,4年级及以前高思导引拓展篇及以下难度,low,auto,L1,False,现有面值1元的钞票3张，面值5元的钞票1张，面值10元的钞票2张.如果从中 取出一些钞票（至少取1张），一共可能凑出多少种不同的总钱数？,C:\Users\admin\Desktop\试卷分析project\参考教材\奥数\竟赛数学导引 四年级.pdf
4,竞赛数学导引 四年级,22,计数综合一,兴趣篇,interest,147,2,★★,0.994,False,43,short,counting,,,计数综合一|counting,4年级及以前高思导引拓展篇及以下难度,low,auto,L1,False,一本书从第1页开始编排页码，到最后一页结束时共用了1983个数码.这本书一 共有多少页？,C:\Users\admin\Desktop\试卷分析project\参考教材\奥数\竟赛数学导引 四年级.pdf
4,竞赛数学导引 四年级,22,计数综合一,兴趣篇,interest,147,3,★,0.9944,False,62,medium,geometry,,,计数综合一|geometry,4年级及以前高思导引拓展篇及以下难度,low,auto,L1,False,卡莉娅带着萱萱、小高、墨莫一起到圆明园游玩，他们4人站成一排照相，其中卡莉 娅要站在最左边或者最右边.一共有多少种不同的站法？,C:\Users\admin\Desktop\试卷分析project\参考教材\奥数\竟赛数学导引 四年级.pdf
4,竞赛数学导引 四年级,22,计数综合一,兴趣篇,interest,147,4,★★,0.9909,False,56,medium,counting,,,计数综合一|counting,4年级及以前高思导引拓展篇及以下难度,low,auto,L1,False,有13个球队参加篮球比赛，比赛分两个组，第一组7个队，第二组6个队，各组内 决定冠亚军.请问：一共需要比赛多少场？,C:\Users\admin\Desktop\试卷分析project\参考教材\奥数\竟赛数学导引 四年级.pdf
4,竞赛数学导引 四年级,22,计数综合一,兴趣篇,interest,148,5,★★,0.9863,False,51,medium,counting,,,计数综合一|counting,4年级及以前高思导引拓展篇及以下难度,low,auto,L1,False,从5瓶不同的纯净水，2瓶不同的可乐和6瓶不同的果汁中，拿出2瓶不同类型的 饮料，一共有多少种不同的选法？,C:\Users\admin\Desktop\试卷分析project\参考教材\奥数\竟赛数学导引 四年级.pdf
4,竞赛数学导引 四年级,22,计数综合一,兴趣篇,interest,148,6,★★,0.9846,False,50,medium,counting,,,计数综合一|counting,4年级及以前高思导引拓展篇及以下难度,low,auto,L1,False,从3个黄色的乒乓球和4个白色的乒乓球中，任意取出3个乒乓球，其中至少有一 个白色乒乓球的取法有多少种？,C:\Users\admin\Desktop\试卷分析project\参考教材\奥数\竟赛数学导引 四年级.pdf
4,竞赛数学导引 四年级,22,计数综合一,兴趣篇,interest,148,7,★★,0.981,False,35,short,counting,,,计数综合一|counting,4年级及以前高思导引拓展篇及以下难度,low,auto,L1,False,从1～9中取出7个不同的数，要求它们的和是36，共有多少种不同的取法？,C:\Users\admin\Desktop\试卷分析project\参考教材\奥数\竟赛数学导引 四年级.pdf
4,竞赛数学导引 四年级,22,计数综合一,兴趣篇,interest,148,8,★★,0.9895,False,27,short,counting,,,计数综合一|counting,4年级及以前高思导引拓展篇及以下难度,low,auto,L1,False,用0～4这5个数字可以组成多少个没有重复数字的五位数？,C:\Users\admin\Desktop\试卷分析project\参考教材\奥数\竟赛数学导引 四年级.pdf
4,竞赛数学导引 四年级,22,计数综合一,兴趣篇,interest,148,9,★★,0.9755,False,30,short,counting,,,计数综合一|counting,4年级及以前高思导引拓展篇及以下难度,low,auto,L1,False,用两个1、一个2、一个3、一个4可以组成多少个不同的五位数？,C:\Users\admin\Desktop\试卷分析project\参考教材\奥数\竟赛数学导引 四年级.pdf
4,竞赛数学导引 四年级,22,计数综合一,兴趣篇,interest,148,10,,0.9952,False,36,short,counting,,,计数综合一|计数问题|counting,4年级及以前高思导引拓展篇及以下难度,low,auto,L1,False,5名同学排成一排照相，如果阿呆和阿瓜一定要站在一起，有多少种照相的方式？,C:\Users\admin\Desktop\试卷分析project\参考教材\奥数\竟赛数学导引 四年级.pdf
4,竞赛数学导引 四年级,22,计数综合一,拓展篇,extension,148,1,★★,0.9813,False,99,long,counting,,,计数综合一|counting,4年级及以前高思导引拓展篇及以下难度,mid,auto,L4,False,把自然数1～2008依次写成一排，得到一个多位数： 12345678910111213 *0620072008. 请问：（1）这个多位数一共有多少位？ （2）从左向右数，这个多位数的第2008个数字是多少？,C:\Users\admin\Desktop\试卷分析project\参考教材\奥数\竟赛数学导引 四年级.pdf
4,竞赛数学导引 四年级,22,计数综合一,拓展篇,extension,148,2,★★,0.9965,False,155,very_long,counting,,,计数综合一|counting,4年级及以前高思导引拓展篇及以下难度,mid,auto,L4,False,商场里举行抽奖活动，在一个大箱子里放着9个球，其中红色的、黄色的和绿色的 球各有3个，而且每种颜色的球都分别标有1、2、3号.顾客从箱子里摸出3个球，如果3个球 的颜色全相同或者各不相同，就可以中奖.已知这两种中奖方式分别被设定为一等奖和二等 奖，并且一等奖比二等奖少.问：到底哪种中奖方式是一等奖，哪种是二等奖呢？,C:\Users\admin\Desktop\试卷分析project\参考教材\奥数\竟赛数学导引 四年级.pdf
4,竞赛数学导引 四年级,22,计数综合一,拓展篇,extension,149,3,★★,0.8912,False,82,medium,counting,,,计数综合一|counting,4年级及以前高思导引拓展篇及以下难度,mid,auto,L3,False,工厂某日生产的10件产品中有2件次品，从这10件产品中任意抽出3件进行检 查.请问：（1）一共有多少种不同的抽法？ （ （3）抽出的3件中至少有1件是次品的抽法有多少种？,C:\Users\admin\Desktop\试卷分析project\参考教材\奥数\竟赛数学导引 四年级.pdf
4,竞赛数学导引 四年级,22,计数综合一,拓展篇,extension,149,4,★★,0.9925,False,69,medium,counting,,,计数综合一|counting,4年级及以前高思导引拓展篇及以下难度,mid,auto,L3,False,从4台不同型号的等离子电视机和5台不同型号的液晶电视机中任意取出3台， 其中等离子电视机与液晶电视机至少要各有1台.一共有多少种不同的取法？,C:\Users\admin\Desktop\试卷分析project\参考教材\奥数\竟赛数学导引 四年级.pdf
4,竞赛数学导引 四年级,22,计数综合一,拓展篇,extension,149,5,★★,0.9938,True,44,short,geometry,,has_diagram,计数综合一|geometry,4年级及以前高思导引拓展篇及以下难度,mid,review,L3,False,如图22-1，在半圆弧及其直径上共有9个点，以这些点为顶 点可画出多少个三角形？ 图22-1,C:\Users\admin\Desktop\试卷分析project\参考教材\奥数\竟赛数学导引 四年级.pdf
4,竞赛数学导引 四年级,22,计数综合一,拓展篇,extension,149,6,★★,0.997,False,48,medium,counting,,,计数综合一|counting,4年级及以前高思导引拓展篇及以下难度,mid,auto,L3,False,6名学生和4名老师分成红、蓝两队拔河，要求每个队都是3名学生和2名老师.一 共有多少种分队的方法？,C:\Users\admin\Desktop\试卷分析project\参考教材\奥数\竟赛数学导引 四年级.pdf
4,竞赛数学导引 四年级,22,计数综合一,拓展篇,extension,149,7,,0.9983,False,28,short,counting,,,计数综合一|counting,4年级及以前高思导引拓展篇及以下难度,mid,auto,L3,False,在所有不超过1000的自然数中，数字9一共出现了多少次？,C:\Users\admin\Desktop\试卷分析project\参考教材\奥数\竟赛数学导引 四年级.pdf
4,竞赛数学导引 四年级,22,计数综合一,拓展篇,extension,149,8,,0.9982,False,42,short,counting,,,计数综合一|counting,4年级及以前高思导引拓展篇及以下难度,mid,auto,L3,False,10个人围成一圈，从中选出3个人.要求这3个人中恰有2人相邻.一共有多少种 不同选法？,C:\Users\admin\Desktop\试卷分析project\参考教材\奥数\竟赛数学导引 四年级.pdf
4,竞赛数学导引 四年级,22,计数综合一,拓展篇,extension,149,9,,0.9976,False,36,short,counting,,,计数综合一|counting,4年级及以前高思导引拓展篇及以下难度,mid,auto,L3,False,用0～5这6个数字可以组成多少个没有重复数字的四位数？其中偶数有多少个？,C:\Users\admin\Desktop\试卷分析project\参考教材\奥数\竟赛数学导引 四年级.pdf
4,竞赛数学导引 四年级,22,计数综合一,拓展篇,extension,149,10,,0.9872,False,38,short,counting,,,计数综合一|counting,4年级及以前高思导引拓展篇及以下难度,mid,auto,L3,False,用1～4这4个数字可以组成多少个没有重复数字的三位数？这些三位数的和是 多少？,C:\Users\admin\Desktop\试卷分析project\参考教材\奥数\竟赛数学导引 四年级.pdf
4,竞赛数学导引 四年级,22,计数综合一,拓展篇,extension,150,11,★★,0.9639,False,26,short,counting,,,计数综合一|counting,4年级及以前高思导引拓展篇及以下难度,mid,auto,L3,False,用两个1、两个2、两个3可以组成多少个不同的六位数？,C:\Users\admin\Desktop\试卷分析project\参考教材\奥数\竟赛数学导引 四年级.pdf
4,竞赛数学导引 四年级,22,计数综合一,拓展篇,extension,150,12,★,0.9837,False,138,very_long,counting,,,计数综合一|counting,4年级及以前高思导引拓展篇及以下难度,mid,auto,L4,False,5名同学站成一排，在下列不同的要求下，请分别求出有多少种不同的站法， （1）5个人站成一排； （2）5个人站成一排，小强必须站在中间； （3）5个人站成一排，小强、大强必须有一人站在中间； （4）5个人站成一排，小强、大强必须站在两边； （5）5个人站成一排，小强、大强都没有站在边上.,C:\Users\admin\Desktop\试卷分析project\参考教材\奥数\竟赛数学导引 四年级.pdf
4,竞赛数学导引 四年级,22,计数综合一,拓展篇,extension,150,13,,0.9899,False,76,medium,counting,,,计数综合一|counting,4年级及以前高思导引拓展篇及以下难度,mid,auto,L3,False,6名小朋友A、B、C、D、E、F站成一排.请问： （1）若A、B两人必须相邻，一共有多少种不同的站法？ （2）若A、B两人不能相邻，一共有多少种不同的站法？,C:\Users\admin\Desktop\试卷分析project\参考教材\奥数\竟赛数学导引 四年级.pdf
4,竞赛数学导引 四年级,22,计数综合一,拓展篇,extension,150,14,,0.9953,False,89,medium,counting,,,计数综合一|计数问题|counting,4年级及以前高思导引拓展篇及以下难度,mid,auto,L3,False,学校乒乓球队一共有4名男生和3名女生，某次比赛后他们站成一排照相.请问： （1）如果要求男生不能相邻，一共有多少种不同的站法？ （2）如果要求女生都站在一起，一共有多少种不同的站法？,C:\Users\admin\Desktop\试卷分析project\参考教材\奥数\竟赛数学导引 四年级.pdf
4,竞赛数学导引 四年级,22,计数综合一,超越篇,challenge,150,1,★,0.9907,False,129,very_long,counting,,,计数综合一|counting,高思导引超越篇难度,high,auto,L4,False,有6种不同颜色的小球.请问： （2）如果每种颜色的球都只有1个，从这些球中取出3个装到袋中，共有多少种方法？ （3）如果每种颜色的球都足够多，从这些球中取出3个排成一列，共有多少种方法？ （4）如果每种颜色的球都足够多，从这些球中取出3个装到袋中，共有多少种方法？,C:\Users\admin\Desktop\试卷分析project\参考教材\奥数\竟赛数学导引 四年级.pdf
4,竞赛数学导引 四年级,22,计数综合一,超越篇,challenge,150,2,★,0.9903,False,49,medium,counting,,,计数综合一|counting,高思导引超越篇难度,high,auto,L4,False,有一些四位数的4个数字分别是2个不同的奇数和2个不同的偶数，而且不含有 数字0.这样的四位数有几个？,C:\Users\admin\Desktop\试卷分析project\参考教材\奥数\竟赛数学导引 四年级.pdf
4,竞赛数学导引 四年级,22,计数综合一,超越篇,challenge,151,3,★,0.9937,False,172,very_long,counting,,,计数综合一|counting,高思导引超越篇难度,high,auto,L4,False,用1～4这4个数字组成四位数，至多允许有1个数字重复两次.例如1234、1233 和2414是满足条件的，而1212、3334和3333都不满足条件.请问：一共能组成多少个满足条 件的四位数？ 品组成.请问：（1）如果要求同类型的节目连续演出，那么一共有多少种不同的出场顺序？ （2）如果第一个和最后一个节目不能是小品，那么一共有多少种不同的出场顺序？,C:\Users\admin\Desktop\试卷分析project\参考教材\奥数\竟赛数学导引 四年级.pdf
4,竞赛数学导引 四年级,22,计数综合一,超越篇,challenge,151,5,,0.9977,False,84,medium,counting,growth_consumption,,计数综合一|counting|growth_consumption,高思导引超越篇难度,high,auto,L4,False,在一次合唱比赛中，有身高互不相同的8个人要站成两排，每排4个人，且前后对 齐.而且第二排的每个人都要比他前面的那个人高，这样才不会被挡住.那么一共有多少种不 同的排队方法？,C:\Users\admin\Desktop\试卷分析project\参考教材\奥数\竟赛数学导引 四年级.pdf
4,竞赛数学导引 四年级,22,计数综合一,超越篇,challenge,151,6,★,0.9828,True,190,very_long,geometry,,has_diagram,计数综合一|geometry,高思导引超越篇难度,high,review,L4,False,"有9张同样大小的圆形纸片，其中标有数字“1”的纸片有1 张；标有数字“2""的纸片有2张；标有数字“3”的纸片有3张；标有数字 “4""的纸片也有3张.把这9张圆形纸片如图22-2所示放置在一起，要 求标有相同数字的纸片不许靠在一起.请问： 图22-2 （1)如果在M处放置标有数字“3""的纸片，一共有多少种不同的放 置方法？ （2）如果在M处放置标有数字“2""的纸片，一共有多少种不同的放置方法？",C:\Users\admin\Desktop\试卷分析project\参考教材\奥数\竟赛数学导引 四年级.pdf
4,竞赛数学导引 四年级,22,计数综合一,超越篇,challenge,151,7,,0.9976,False,34,short,counting,,,计数综合一|counting,高思导引超越篇难度,high,auto,L4,False,从三个0、四个1、五个2中挑选出5个数字，能组成多少个不同的五位数？,C:\Users\admin\Desktop\试卷分析project\参考教材\奥数\竟赛数学导引 四年级.pdf
4,竞赛数学导引 四年级,22,计数综合一,超越篇,challenge,151,8,,0.991,False,62,medium,counting,,,计数综合一|计数问题|counting,高思导引超越篇难度,high,auto,L4,False,8个人站队，小高必须站在萱萱和墨莫的中间（不一定相邻），小慧和大智不能相 邻，小光和大亮必须相邻.满足要求的站法一共有多少种？,C:\Users\admin\Desktop\试卷分析project\参考教材\奥数\竟赛数学导引 四年级.pdf
4,竞赛数学导引 四年级,23,最值问题一,兴趣篇,interest,152,1,★,0.9922,False,26,short,general,,,最值问题一|general,4年级及以前高思导引拓展篇及以下难度,low,auto,L1,False,3个连续奇数相乘，所得乘积的个位数字最小可能是多少？,C:\Users\admin\Desktop\试卷分析project\参考教材\奥数\竟赛数学导引 四年级.pdf
4,竞赛数学导引 四年级,23,最值问题一,兴趣篇,interest,152,2,★★,0.9928,False,43,short,general,,,最值问题一|general,4年级及以前高思导引拓展篇及以下难度,low,auto,L1,False,用1、2、4可以组成6个没有重复数字的三位数，这些三位数中相差最小的两个数 之差是多少？,C:\Users\admin\Desktop\试卷分析project\参考教材\奥数\竟赛数学导引 四年级.pdf
4,竞赛数学导引 四年级,23,最值问题一,兴趣篇,interest,152,3,★★,0.9912,False,51,medium,general,,,最值问题一|general,4年级及以前高思导引拓展篇及以下难度,low,auto,L1,False,阿呆和阿瓜两人手里各拿着一张扑克牌，两人牌的点数之和刚好是10.请问两人 牌的点数的乘积最大可能是多少？,C:\Users\admin\Desktop\试卷分析project\参考教材\奥数\竟赛数学导引 四年级.pdf
4,竞赛数学导引 四年级,23,最值问题一,兴趣篇,interest,152,4,,0.9973,False,24,short,general,,,最值问题一|general,4年级及以前高思导引拓展篇及以下难度,low,auto,L1,False,3个自然数的和是19，它们的乘积最大可能是多少？,C:\Users\admin\Desktop\试卷分析project\参考教材\奥数\竟赛数学导引 四年级.pdf
4,竞赛数学导引 四年级,23,最值问题一,兴趣篇,interest,153,5,,0.9605,False,124,very_long,general,,,最值问题一|general,4年级及以前高思导引拓展篇及以下难度,low,auto,L3,False,"（1）请将1～4这4个数分别填人算式“口口×口口”的口中，要使得算式结果最 大，应该怎么填？ (2）请将1～6这6个数分别填人算式“口口口×口口口""的口中，要求5、6分别填在百 位，4、3分别填在十位，1、2分别填在个位，并使得算式结果最大.应该怎么填？",C:\Users\admin\Desktop\试卷分析project\参考教材\奥数\竟赛数学导引 四年级.pdf
4,竞赛数学导引 四年级,23,最值问题一,兴趣篇,interest,153,6,,0.9832,True,58,medium,calculation,,has_diagram,最值问题一|calculation,4年级及以前高思导引拓展篇及以下难度,low,review,L1,False,在图23-1的中间○内填一个数，计算每一条线段两端的数之差 （大减小），然后把这3个差数相加.那么所得的和最小是多少？,C:\Users\admin\Desktop\试卷分析project\参考教材\奥数\竟赛数学导引 四年级.pdf
4,竞赛数学导引 四年级,23,最值问题一,兴趣篇,interest,153,7,,0.9895,True,43,short,general,,has_diagram,最值问题一|general,4年级及以前高思导引拓展篇及以下难度,low,review,L1,False,在所有包含3个相同数码的四位数中，与1389之差（大减小)最 图23-1 小的一个是多少？,C:\Users\admin\Desktop\试卷分析project\参考教材\奥数\竟赛数学导引 四年级.pdf
4,竞赛数学导引 四年级,23,最值问题一,兴趣篇,interest,153,8,,0.9441,False,75,medium,general,,,最值问题一|general,4年级及以前高思导引拓展篇及以下难度,low,auto,L1,False,"把1～6这6个数分别填人算式“口口口一口口口""的口中，要求前一个三位数比后 一个三位数大.（1)这个减法算式的结果最大可能是多少？（2)最小可能是多少？",C:\Users\admin\Desktop\试卷分析project\参考教材\奥数\竟赛数学导引 四年级.pdf
4,竞赛数学导引 四年级,23,最值问题一,兴趣篇,interest,153,9,★,0.9919,False,71,medium,general,,,最值问题一|general,4年级及以前高思导引拓展篇及以下难度,low,auto,L1,False,一个自然数是由数字8、9组成的，它的任意相邻两位都可以看成一个两位数，并且 这些相邻数字组成的两位数都不相等.请问：满足条件的自然数最大是多少？,C:\Users\admin\Desktop\试卷分析project\参考教材\奥数\竟赛数学导引 四年级.pdf
4,竞赛数学导引 四年级,23,最值问题一,兴趣篇,interest,153,10,,0.9969,False,46,medium,general,,,最值问题一|组合问题|general,4年级及以前高思导引拓展篇及以下难度,low,auto,L1,False,如果3个互不相同的自然数之和为20，那么其中最小的数最大可能是多少？最 大的数最小可能是多少？,C:\Users\admin\Desktop\试卷分析project\参考教材\奥数\竟赛数学导引 四年级.pdf
4,竞赛数学导引 四年级,23,最值问题一,拓展篇,extension,153,1,★,0.9934,False,27,short,general,,,最值问题一|general,4年级及以前高思导引拓展篇及以下难度,mid,auto,L3,False,3个连续自然数相乘，所得乘积的个位数字最大可能是多少？,C:\Users\admin\Desktop\试卷分析project\参考教材\奥数\竟赛数学导引 四年级.pdf
4,竞赛数学导引 四年级,23,最值问题一,拓展篇,extension,154,2,★★,0.991,False,117,long,general,,,最值问题一|general,4年级及以前高思导引拓展篇及以下难度,mid,auto,L4,False,（1）在五位数12435的某一位数字后面再插人一个同样的数字（例如：可以在2的 后面插人2得到122435），这样得到的六位数最大可能是多少？ (2）在七位数9876789的某一位数字后面再插人一个同样的数字，这样得到的八位数最 小是多少？,C:\Users\admin\Desktop\试卷分析project\参考教材\奥数\竟赛数学导引 四年级.pdf
4,竞赛数学导引 四年级,23,最值问题一,拓展篇,extension,154,3,★★,0.9809,False,49,medium,geometry,,,最值问题一|geometry,4年级及以前高思导引拓展篇及以下难度,mid,auto,L3,False,用24根长1厘米的火柴棒围成一个矩形，（1)这个矩形的面积最大是多少？（2)如 果用22根火柴棒呢？,C:\Users\admin\Desktop\试卷分析project\参考教材\奥数\竟赛数学导引 四年级.pdf
4,竞赛数学导引 四年级,23,最值问题一,拓展篇,extension,154,4,★,0.9889,False,60,medium,general,,,最值问题一|general,4年级及以前高思导引拓展篇及以下难度,mid,auto,L3,False,有9个同学要进行象棋比赛，他们准备分成两组，不同组的人相互之间只比赛一 场，同组的人之间不比赛.他们一共最多能比赛多少场？,C:\Users\admin\Desktop\试卷分析project\参考教材\奥数\竟赛数学导引 四年级.pdf
4,竞赛数学导引 四年级,23,最值问题一,拓展篇,extension,154,5,,0.998,False,29,short,general,,,最值问题一|general,4年级及以前高思导引拓展篇及以下难度,mid,auto,L3,False,3个互不相同的自然数之和是17，它们的乘积最大可能是多少？,C:\Users\admin\Desktop\试卷分析project\参考教材\奥数\竟赛数学导引 四年级.pdf
4,竞赛数学导引 四年级,23,最值问题一,拓展篇,extension,154,6,,0.9409,False,52,medium,general,,,最值问题一|general,4年级及以前高思导引拓展篇及以下难度,mid,auto,L3,False,"请将2、3、4、5、6、8这6个数分别填人算式“口□□×口□□""的口中，要使得算 式结果最大，应该怎么填？",C:\Users\admin\Desktop\试卷分析project\参考教材\奥数\竟赛数学导引 四年级.pdf
4,竞赛数学导引 四年级,23,最值问题一,拓展篇,extension,154,7,,0.9662,False,43,short,general,,,最值问题一|general,4年级及以前高思导引拓展篇及以下难度,mid,auto,L3,False,请将6～9这4个数分别填入算式“口×口十口口”的口中，要使得算式结果最大， 应该怎么填？,C:\Users\admin\Desktop\试卷分析project\参考教材\奥数\竟赛数学导引 四年级.pdf
4,竞赛数学导引 四年级,23,最值问题一,拓展篇,extension,154,8,★,0.9759,True,58,medium,calculation,,has_diagram,最值问题一|calculation,4年级及以前高思导引拓展篇及以下难度,mid,review,L3,False,在图23-2的中间○内填一个数，计算每一条线段两端的 数之差（大减小），然后把这5个差数相加.问：所得的和最小是多少？,C:\Users\admin\Desktop\试卷分析project\参考教材\奥数\竟赛数学导引 四年级.pdf
4,竞赛数学导引 四年级,23,最值问题一,拓展篇,extension,154,9,,0.9867,True,59,medium,general,,has_diagram,最值问题一|general,4年级及以前高思导引拓展篇及以下难度,mid,review,L3,False,如果7个互不相同的自然数之和为100，那么：(1)其中最小 的数最大可能是多少？（2)最大的数最小可能是多少？ 图23-2,C:\Users\admin\Desktop\试卷分析project\参考教材\奥数\竟赛数学导引 四年级.pdf
4,竞赛数学导引 四年级,23,最值问题一,拓展篇,extension,154,10,,0.9804,False,55,medium,general,,,最值问题一|general,4年级及以前高思导引拓展篇及以下难度,mid,auto,L3,False,一个多位数的各位数字互不相同，而且各位数字之和为23.（1)这样的多位数最 小可能是多少？（2)最大可能是多少？,C:\Users\admin\Desktop\试卷分析project\参考教材\奥数\竟赛数学导引 四年级.pdf
4,竞赛数学导引 四年级,23,最值问题一,拓展篇,extension,155,11,,0.9956,False,105,long,general,,,最值问题一|general,4年级及以前高思导引拓展篇及以下难度,mid,auto,L4,False,有7个盘子排成一排，依次编号为1～7.每个盘子中都放有若干玻璃球，一共放 了80个，其中1号盘子中放了18个玻璃球，并且任意编号相邻的3个盘子中放的玻璃球数之 和都相等.请问：第6个盘子中最多可能放了多少个玻璃球？,C:\Users\admin\Desktop\试卷分析project\参考教材\奥数\竟赛数学导引 四年级.pdf
4,竞赛数学导引 四年级,23,最值问题一,拓展篇,extension,155,12,,0.9959,False,69,medium,general,,,最值问题一|general,4年级及以前高思导引拓展篇及以下难度,mid,auto,L3,False,黑板上写着1～10这10个数字，小明每次擦去2个奇偶性相同的数，再写上它们 的平均数.最后当黑板上只剩下一个自然数时，这个数最大可能是多少？,C:\Users\admin\Desktop\试卷分析project\参考教材\奥数\竟赛数学导引 四年级.pdf
4,竞赛数学导引 四年级,23,最值问题一,拓展篇,extension,155,13,,0.9924,True,62,medium,general,,has_diagram,最值问题一|general,4年级及以前高思导引拓展篇及以下难度,mid,review,L3,False,如图23-3，这是一个正方体的展开图.将它折成一个正方体后，相交于同一顶点 的3个面上的数之和最大是多少？ 图23-3 图23-4,C:\Users\admin\Desktop\试卷分析project\参考教材\奥数\竟赛数学导引 四年级.pdf
4,竞赛数学导引 四年级,23,最值问题一,拓展篇,extension,155,14,,0.9947,True,97,long,geometry,,has_diagram,最值问题一|组合问题|geometry,4年级及以前高思导引拓展篇及以下难度,mid,review,L4,False,如图23－4，在一个正方体方块的左下角A点处有一只蚂蚁，它要沿着正方体的 表面爬行至右上角的B点，去搬运一块食物.为了使这只蚂蚁所走的路线长度最短，它应该怎 么爬行？它可以选择的最短路线一共有几条？,C:\Users\admin\Desktop\试卷分析project\参考教材\奥数\竟赛数学导引 四年级.pdf
4,竞赛数学导引 四年级,23,最值问题一,超越篇,challenge,155,1,,0.9932,False,24,short,number_theory,,,最值问题一|number_theory,高思导引超越篇难度,high,auto,L4,False,一个两位数除以它的各位数字之和，余数最大是多少？,C:\Users\admin\Desktop\试卷分析project\参考教材\奥数\竟赛数学导引 四年级.pdf
4,竞赛数学导引 四年级,23,最值问题一,超越篇,challenge,155,2,,0.9971,False,56,medium,general,,,最值问题一|general,高思导引超越篇难度,high,auto,L4,False,4个小朋友，每人的体重都是整数千克，而且其中任意3人体重之和都大于99千 克.这4个小朋友体重之和最小是多少千克？,C:\Users\admin\Desktop\试卷分析project\参考教材\奥数\竟赛数学导引 四年级.pdf
4,竞赛数学导引 四年级,23,最值问题一,超越篇,challenge,156,3,★,0.979,False,87,medium,general,,,最值问题一|general,高思导引超越篇难度,high,auto,L4,False,将1～30依次写成一排：12345·282930，形成一个多位数，从这个多位数中划掉45 个数字.（1)剩下的数最大是多少？（2)如果要求剩下的数首位不为0，这个数最小是多少？,C:\Users\admin\Desktop\试卷分析project\参考教材\奥数\竟赛数学导引 四年级.pdf
4,竞赛数学导引 四年级,23,最值问题一,超越篇,challenge,156,4,★,0.9818,False,55,medium,general,,,最值问题一|general,高思导引超越篇难度,high,auto,L4,False,用1、2、3、4、6、7、8、9这8个数字分别组成2个四位数，使这2个数的差最小 （大减小），这个差最小是多少？,C:\Users\admin\Desktop\试卷分析project\参考教材\奥数\竟赛数学导引 四年级.pdf
4,竞赛数学导引 四年级,23,最值问题一,超越篇,challenge,156,5,,0.9165,False,68,medium,calculation,,,最值问题一|calculation,高思导引超越篇难度,high,auto,L4,False,将2～8这7个自然数填人算式“□口×□口一□口÷口”的口中，如果算式的计算 结果为整数，那么这个结果：(1)最大是多少？(2)最小是多少？,C:\Users\admin\Desktop\试卷分析project\参考教材\奥数\竟赛数学导引 四年级.pdf
4,竞赛数学导引 四年级,23,最值问题一,超越篇,challenge,156,6,★,0.9237,True,108,long,general,,has_diagram,最值问题一|general,高思导引超越篇难度,high,review,L4,False,如图23-5，一只木箱的长、宽、高分别为5厘米、3厘 米、4厘米.有一只甲虫从A点出发，沿棱爬行，每条棱只允许爬一 次.（1)甲虫最多能爬行多少厘米？（2)如果要求甲虫最后回到A D 点，那么它最多能爬行多少厘米？ 图23-5,C:\Users\admin\Desktop\试卷分析project\参考教材\奥数\竟赛数学导引 四年级.pdf
4,竞赛数学导引 四年级,23,最值问题一,超越篇,challenge,156,7,,0.9235,True,115,long,logic,,has_diagram,最值问题一|logic,高思导引超越篇难度,high,review,L4,False,如图23-6，黑板上写有一个三位数减三位数的算式，其中首位已经确定.接下来， 甲每次报一个数字，乙就把它放入四个方框中的一个，甲要使得差尽量大，乙要使得差尽量 小，如果两人都使用最佳的策略，那么最后的差是多少？ 2□□ -1□□ 图23-6,C:\Users\admin\Desktop\试卷分析project\参考教材\奥数\竟赛数学导引 四年级.pdf
4,竞赛数学导引 四年级,23,最值问题一,超越篇,challenge,156,8,★,0.9917,False,154,very_long,calculation,,,最值问题一|组合问题|calculation,高思导引超越篇难度,high,auto,L4,False,一栋大楼共33层，电梯停在第1层，有32个人分别要去第2层、第3层…第33 层，他们可以选择坐电梯或者走楼梯.有一天电梯坏了，电梯只能在某一层停，每个人可以选 择走楼梯上楼或乘电梯到这一层再走楼梯.每个人上一层楼梯会有3分不满意，下一层楼梯 会有1分不满意.请问：电梯停在哪一层，才能使得所有人不满意的总分数最小？,C:\Users\admin\Desktop\试卷分析project\参考教材\奥数\竟赛数学导引 四年级.pdf
4,竞赛数学导引 四年级,24,逻辑推理一,兴趣篇,interest,157,1,★★,0.9824,False,112,long,logic,,,逻辑推理一|logic,4年级及以前高思导引拓展篇及以下难度,low,auto,L2,False,"甲、乙、丙3人中有1人是牧师，有1人是骗子，还有1人是赌棍.牧师从不说谎，骗 子总说谎，赌棍有时说真话有时说谎话.甲说：“我是牧师.”乙说：“我是骗子.”丙说：“我是赌 棍.""请问：甲、乙、丙3人中谁是牧师？谁是骗子？谁是赌棍？",C:\Users\admin\Desktop\试卷分析project\参考教材\奥数\竟赛数学导引 四年级.pdf
4,竞赛数学导引 四年级,24,逻辑推理一,兴趣篇,interest,157,2,★,0.9927,False,101,long,logic,,,逻辑推理一|logic,4年级及以前高思导引拓展篇及以下难度,low,auto,L2,False,有3只盒子，第1只盒子里装有2个黑球，第2只盒子里装有2个白球，第3只盒子 里装有黑球和白球各1个.现在3只盒子上的标签全贴错了，你能否仅从其中1只盒子里拿 出1个球来，就能确定这3只盒子里各装的是什么球？,C:\Users\admin\Desktop\试卷分析project\参考教材\奥数\竟赛数学导引 四年级.pdf
4,竞赛数学导引 四年级,24,逻辑推理一,兴趣篇,interest,157,3,★★,0.9893,False,116,long,logic,,,逻辑推理一|logic,4年级及以前高思导引拓展篇及以下难度,low,auto,L2,False,墨爷爷手里握有2枚硬币，他让萱萱、小高和墨莫猜哪只手握有硬币.萱萱说：“左 手没有，右手有.”小高说：“右手没有，左手有.”墨莫说：“不会2只手都没有，我猜左手没有.” 结果3个人的话都说对一句，说错一句.请问：墨爷爷是怎么握住硬币的？,C:\Users\admin\Desktop\试卷分析project\参考教材\奥数\竟赛数学导引 四年级.pdf
4,竞赛数学导引 四年级,24,逻辑推理一,兴趣篇,interest,158,4,★,0.9907,False,68,medium,logic,,,逻辑推理一|logic,4年级及以前高思导引拓展篇及以下难度,low,auto,L1,False,甲、乙、丙、丁4位同学的运动衫上印上了不同的号码.赵说：“甲是2号，乙是3 只知道赵、钱、孙、李每人都只说对了一半，请问：丙的号码是几号？,C:\Users\admin\Desktop\试卷分析project\参考教材\奥数\竟赛数学导引 四年级.pdf
4,竞赛数学导引 四年级,24,逻辑推理一,兴趣篇,interest,158,5,,0.9831,False,95,long,logic,,,逻辑推理一|logic,4年级及以前高思导引拓展篇及以下难度,low,auto,L2,False,"A、B、C、D4人在争论今天是星期几.A说：“明天是星期五.”B说：“昨天是星期 日.""C说：“你们俩说的都不对.""D说：“今天不是星期六.""实际上这4人中只有1人说对了. 请问：今天是星期几？",C:\Users\admin\Desktop\试卷分析project\参考教材\奥数\竟赛数学导引 四年级.pdf
4,竞赛数学导引 四年级,24,逻辑推理一,兴趣篇,interest,158,6,★★,0.9853,True,151,very_long,logic,,has_diagram,逻辑推理一|logic,4年级及以前高思导引拓展篇及以下难度,low,review,L3,False,5胞胎穿着颜色各异的衣服如图24-1站成一排，图中标出了他们穿的衣服的颜色. 为了帮助我们分辨他们，5胞胎的妈妈告诉我们如下信息： ①小蓝在小红的旁边； ②小黑没有穿白色衣服； ③穿绿色衣服的不是小绿； ④小黑和小蓝中间隔了2个人； ③小红在最边上. 请问：小白今天穿了什么颜色的衣服？ 红色 蓝色 绿色 黑色 白色 图 24 -1,C:\Users\admin\Desktop\试卷分析project\参考教材\奥数\竟赛数学导引 四年级.pdf
4,竞赛数学导引 四年级,24,逻辑推理一,兴趣篇,interest,158,7,★★,0.9941,False,159,very_long,logic,,,逻辑推理一|logic,4年级及以前高思导引拓展篇及以下难度,low,auto,L3,False,联欢晚会上，萱萱、墨莫和小高3人表演节目，他们都穿着上衣、裤子，戴着帽子，每 种服饰的颜色都是红、白、绿色.已知： ①每个人的服饰都恰好有红、白、绿3种颜色，并且没有2个人的所有服饰颜色都一样； ②墨莫和小高穿着相同颜色的上衣； ③有2个人穿的都是白裤子； ④墨莫戴着白帽子； ③萱萱穿着绿色的上衣. 请问：小高穿着什么颜色的上衣？,C:\Users\admin\Desktop\试卷分析project\参考教材\奥数\竟赛数学导引 四年级.pdf
4,竞赛数学导引 四年级,24,逻辑推理一,兴趣篇,interest,159,8,★★,0.9903,False,81,medium,logic,,,逻辑推理一|logic,4年级及以前高思导引拓展篇及以下难度,low,auto,L1,False,甲、乙、丙3位老师分别教四年级（3)班的语文、数学和英语.已知：甲老师不教英 语；英语老师是一个学生的哥哥；丙是一位女老师，她比数学老师活泼.请问：乙老师教什 么课？,C:\Users\admin\Desktop\试卷分析project\参考教材\奥数\竟赛数学导引 四年级.pdf
4,竞赛数学导引 四年级,24,逻辑推理一,兴趣篇,interest,159,9,,0.9926,False,144,very_long,logic,,,逻辑推理一|logic,4年级及以前高思导引拓展篇及以下难度,low,auto,L3,False,甲、乙、丙、丁4名同学同在一间教室里，他们当中一个人在做数学题，一个人在念 英语，一个人在看小说，一个人在写信.已知： ①甲不在念英语，也不在看小说； ②如果甲不在做数学题，那么丁不在念英语； ③有人说乙在做数学题，或在念英语，但事实并非如此； ④丙既不在看小说，也不在念英语， 请问：在写信的是谁？,C:\Users\admin\Desktop\试卷分析project\参考教材\奥数\竟赛数学导引 四年级.pdf
4,竞赛数学导引 四年级,24,逻辑推理一,兴趣篇,interest,159,10,,0.9912,False,160,very_long,logic,,,逻辑推理一|组合问题|logic,4年级及以前高思导引拓展篇及以下难度,low,auto,L3,False,萱萱、小高、墨莫去参加一次奥运活动，他们3人分别戴着3种不同颜色的帽子， 穿着3种不同颜色的衣服.已知： ①帽子和衣服的颜色都只有红、黄、蓝3种； ②萱萱没戴红帽子，小高没戴黄帽子； ③戴红帽子的那个人没有穿蓝衣服； ④戴黄帽子的那个人穿着红衣服； ③小高没有穿黄色衣服. 请问：萱萱、小高、墨莫各戴什么颜色的帽子，穿什么颜色的衣服？,C:\Users\admin\Desktop\试卷分析project\参考教材\奥数\竟赛数学导引 四年级.pdf
4,竞赛数学导引 四年级,24,逻辑推理一,拓展篇,extension,159,1,★★,0.9828,False,112,long,logic,,,逻辑推理一|logic,4年级及以前高思导引拓展篇及以下难度,mid,auto,L4,False,"甲、乙、丙3人中有1人是牧师，有1人是骗子，还有1人是赌棍.牧师从不说谎，骗 子总说谎，赌棍有时说真话有时说谎话.甲说：“丙是牧师.”乙说：“甲是赌棍.”丙说：“乙是骗 子.""请问：甲、乙、丙3人中谁是牧师？谁是骗子？谁是赌棍？",C:\Users\admin\Desktop\试卷分析project\参考教材\奥数\竟赛数学导引 四年级.pdf
4,竞赛数学导引 四年级,24,逻辑推理一,拓展篇,extension,160,2,,0.9948,False,80,medium,logic,,,逻辑推理一|logic,4年级及以前高思导引拓展篇及以下难度,mid,auto,L3,False,期末考试结束后，甲、乙、丙、丁4名同学在一起议论.甲说：“自然成绩第一名是 是乙.”成绩公布后发现，这四名同学确实分别取得了语文、数学、英语、自然的第一名，但只有,C:\Users\admin\Desktop\试卷分析project\参考教材\奥数\竟赛数学导引 四年级.pdf
4,竞赛数学导引 四年级,24,逻辑推理一,拓展篇,extension,160,3,★★,0.9844,False,123,very_long,logic,,,逻辑推理一|logic,4年级及以前高思导引拓展篇及以下难度,mid,auto,L4,False,"甲、乙、丙、丁4人对A先生的藏书数目作了一个估计.甲说：“A先生有500本书.” 乙说：“A先生至少有1000本书.""丙说：“A先生的书不到2000本.”丁说：“A先生最少有1本 书.”实际上这4个人的估计中只有一句是对的.问：A先生究竞有多少本书？",C:\Users\admin\Desktop\试卷分析project\参考教材\奥数\竟赛数学导引 四年级.pdf
4,竞赛数学导引 四年级,24,逻辑推理一,拓展篇,extension,160,4,,0.9918,False,99,long,logic,,,逻辑推理一|logic,4年级及以前高思导引拓展篇及以下难度,mid,auto,L4,False,法官在审理一起盗窃案的过程中，对4名犯罪嫌疑人甲、乙、丙、丁进行审问.甲说： “罪犯在乙、丙、丁3人之中.”乙说：“我没有作案，是丙偷的.”丙说：“甲、丁之中有1个是罪 有1个罪犯.请你判断：罪犯是谁？,C:\Users\admin\Desktop\试卷分析project\参考教材\奥数\竟赛数学导引 四年级.pdf
4,竞赛数学导引 四年级,24,逻辑推理一,拓展篇,extension,160,5,,0.9926,False,250,very_long,geometry,,,逻辑推理一|geometry,4年级及以前高思导引拓展篇及以下难度,mid,auto,L4,False,爱丽丝梦游仙境时，误人一片魔法森林一健忘森林.在森林中徘徊了很久以后， 爱丽丝很想知道今天是星期几，这时她刚巧碰到了老山羊， 爱丽丝赶忙问它：“请问您知道今天是星期几吗？” 老山羊回答说：“真糟糕，我也不记得了！不过，你可以去问问狮子和独角兽.狮子在星期 一、二、三是说谎的；独角兽在星期四、五、六是说谎的；其余的日子，它们都会说真话.” 于是，爱丽丝就去找狮子和独角兽，并问它们今天是星期几. 独角兽回答说：“昨天是我说谎的日子.” 狮子也回答说：“昨天是我说谎的日子.” 请你帮爱丽丝想一想，今天到底是星期几呢？,C:\Users\admin\Desktop\试卷分析project\参考教材\奥数\竟赛数学导引 四年级.pdf
4,竞赛数学导引 四年级,24,逻辑推理一,拓展篇,extension,161,6,★,0.9877,False,116,long,logic,,,逻辑推理一|logic,4年级及以前高思导引拓展篇及以下难度,mid,auto,L4,False,某参观团根据下列条件从A、B、C、D、E这5个地方中挑选参观地点. ①若去A地，则必须去B地； ②B、C两地中至多去一地； ③D、E两地中至少去一地； ④C、D两地都去或者都不去； ③若去E地，一定要去A、D两地 请问：参观团所去的地点有哪些？,C:\Users\admin\Desktop\试卷分析project\参考教材\奥数\竟赛数学导引 四年级.pdf
4,竞赛数学导引 四年级,24,逻辑推理一,拓展篇,extension,161,7,,0.9969,False,39,short,logic,,,逻辑推理一|logic,4年级及以前高思导引拓展篇及以下难度,mid,auto,L3,False,某校数学竞赛，A、B、C、D、E、F、G、H这8位同学获得前八名，老师让他们猜,C:\Users\admin\Desktop\试卷分析project\参考教材\奥数\竟赛数学导引 四年级.pdf
4,竞赛数学导引 四年级,24,逻辑推理一,拓展篇,extension,161,8,,0.9949,False,121,very_long,logic,,,逻辑推理一|logic,4年级及以前高思导引拓展篇及以下难度,mid,auto,L4,False,徐、王、陈、赵4位师傅分别是木工、车工、电工和钳工，他们都是象棋迷.已知： ①木工只和车工下棋，而且总是输给车工； ②王、陈两位师傅和木工经常一起看球； ③陈师傅与电工下棋互有胜负； ④徐师傅比赵师傅下得好. 请问：徐、王、陈、赵4位师傅各是什么工种？,C:\Users\admin\Desktop\试卷分析project\参考教材\奥数\竟赛数学导引 四年级.pdf
4,竞赛数学导引 四年级,24,逻辑推理一,拓展篇,extension,161,9,★,0.9776,False,108,long,logic,,,逻辑推理一|logic,4年级及以前高思导引拓展篇及以下难度,mid,auto,L4,False,甲、乙、丙、丁4个人分别从事教师、医生、律师、警察职业.已知： ①教师不知道甲的职业； ②医生曾给乙治过病； ③律师是丙的法律顾问； ④丁不是律师； ③乙和丙从未见过面， 请你根据上面的条件判断：甲、乙、丙、丁的职业分别是什么？,C:\Users\admin\Desktop\试卷分析project\参考教材\奥数\竟赛数学导引 四年级.pdf
4,竞赛数学导引 四年级,24,逻辑推理一,拓展篇,extension,162,10,,0.9787,False,111,long,logic,,,逻辑推理一|logic,4年级及以前高思导引拓展篇及以下难度,mid,auto,L4,False,有3户人家，父亲分别姓王、张、陈，母亲分别姓刘、李、胡，每家一个孩子，分别叫 明明（女）、宁宁(女）、松松（男).已知： ①王爸爸和李妈妈的孩子都参加了女子体操队； ②张爸爸的女儿不叫宁宁； ③陈和胡不是一家. 请问：哪些人是一家？,C:\Users\admin\Desktop\试卷分析project\参考教材\奥数\竟赛数学导引 四年级.pdf
4,竞赛数学导引 四年级,24,逻辑推理一,拓展篇,extension,162,11,,0.9985,False,175,very_long,logic,,,逻辑推理一|logic,4年级及以前高思导引拓展篇及以下难度,mid,auto,L4,False,甲、乙、丙、丁4位老师各教2门不同的课.已知： ①甲在星期二没课； ②乙在星期一不给一班上课； 星期 星期一 星期二 ③丙星期二前两节都有课； 班 一班 二班 一班 二班 ④物理老师星期一前两节没课 时间 请你根据上面的课程表判断：他们各教哪2 第一节 语文 地理 物理 语文 第二节 历史 语文 数学 物理 门课？ 第三节 体育 物理 数学 体育 第四节 地理 图画 语文 数学 第五节 物理 数学 生物 语文 第六节 图画 生物 体育,C:\Users\admin\Desktop\试卷分析project\参考教材\奥数\竟赛数学导引 四年级.pdf
4,竞赛数学导引 四年级,24,逻辑推理一,拓展篇,extension,162,12,,0.9907,False,244,very_long,logic,travel_chain,,逻辑推理一|logic|travel_chain,4年级及以前高思导引拓展篇及以下难度,mid,auto,L4,False,甲、乙、丙、丁、戊5人各从图书馆借来1本小说，他们约定读完后互相交换.这5 本书的厚度以及他们5人的阅读速度都差不多，因此5人总是同时交换书，经过数次交换后， 他们都读完了这5本书.已知： ①甲最后读的书是乙读的第二本； ②丙最后读的书是乙读的第四本； ③丙读的第二本书甲在一开始就读了； ④丁最后读的书是丙读的第三本； ③乙读的第四本是戊读的第三本； 6丁第三次读的书是丙一开始读的那本. 设甲、乙、丙、丁、戊5个人最后读的书分别为A、B、C、D、E，请根据以上条件确定：这5 个人读的第四本书分别是什么？,C:\Users\admin\Desktop\试卷分析project\参考教材\奥数\竟赛数学导引 四年级.pdf
4,竞赛数学导引 四年级,24,逻辑推理一,拓展篇,extension,163,13,,0.9937,False,201,very_long,application,travel_chain,,逻辑推理一|application|travel_chain,4年级及以前高思导引拓展篇及以下难度,mid,auto,L4,False,甲、乙两校举行象棋比赛，两校各选5名选手进行循环赛，即每名选手都与对方5 名选手各赛一盘，每天赛五场，共赛五天.甲校的5名选手是丁一、胡二、张三、李四、王五.已知： ①丁一第一天的对手第二天与胡二相遇； ②第三天被李四打败的选手第四天胜了王五； ③王五第四天的对手第五天与胡二下成和棋； ④第五天胜了张三的选手第三天败给胡二； ③王五第二天的对手最后一天与丁一对阵， 请问：第三天与丁一比赛的选手，最后一天与谁比赛？,C:\Users\admin\Desktop\试卷分析project\参考教材\奥数\竟赛数学导引 四年级.pdf
4,竞赛数学导引 四年级,24,逻辑推理一,拓展篇,extension,163,14,,0.9926,False,171,very_long,logic,,,逻辑推理一|组合问题|logic,4年级及以前高思导引拓展篇及以下难度,mid,auto,L4,False,在国际饭店的宴会桌旁，甲、乙、丙、丁4位朋友进行了有趣的交谈，他们分别用了 汉语、英语、法语、日语4种语言，并且还知道： ①甲、乙、丙各会2种语言，丁只会1种语言； ②有一种语言4人中有3人都会； ③甲会日语，丁不会日语，乙不会英语； ④甲与丙、丙与丁不能直接交谈，乙与丙可以直接交谈； ③没有人既会日语，又会法语 请根据上面的条件判断：他们各会什么语言？,C:\Users\admin\Desktop\试卷分析project\参考教材\奥数\竟赛数学导引 四年级.pdf
4,竞赛数学导引 四年级,24,逻辑推理一,超越篇,challenge,163,1,,0.9923,True,91,long,logic,,has_diagram,逻辑推理一|logic,高思导引超越篇难度,high,review,L4,False,如图24-2所示，8张大小相同的正方形纸片摆放在桌子上，其 中正方形纸片A可以完全看到，其他7张正方形纸片由于互相重叠而只露 出一部分.这些纸片从上到下的摆放次序是怎样的？ H G 图24-2,C:\Users\admin\Desktop\试卷分析project\参考教材\奥数\竟赛数学导引 四年级.pdf
4,竞赛数学导引 四年级,24,逻辑推理一,超越篇,challenge,163,2,,0.997,False,120,very_long,logic,,,逻辑推理一|logic,高思导引超越篇难度,high,auto,L4,False,五年级有4个班，每个班有2个班长，召开年级班长会议时每班都有1名班长参 加.参加第一次会议的是A、B、C、D；参加第二次会议的是B、D、E、F；参加第三次会议的 是A、B、E、G.又已知H三次会议都没参加，请问：和A、B、C、D同班的分别是谁？,C:\Users\admin\Desktop\试卷分析project\参考教材\奥数\竟赛数学导引 四年级.pdf
4,竞赛数学导引 四年级,24,逻辑推理一,超越篇,challenge,164,3,★,0.9766,False,115,long,logic,,,逻辑推理一|logic,高思导引超越篇难度,high,auto,L4,False,"赛马比赛前，5位观众给A、B、C、D、E5匹赛马预测名次.甲说：“B第三，C第 五.”乙说：“E第四，D第五.”丙说：“A第一，E第四.”丁说：“C第一，B第二.”戊说：“A第三， D第四.""结果每个名次都有人猜中，请确定各匹马的名次",C:\Users\admin\Desktop\试卷分析project\参考教材\奥数\竟赛数学导引 四年级.pdf
4,竞赛数学导引 四年级,24,逻辑推理一,超越篇,challenge,164,4,,0.9892,False,84,medium,logic,,,逻辑推理一|logic,高思导引超越篇难度,high,auto,L4,False,房间里有12个人，其中有些人总说假话，其余的人总说真话.其中一个人说：“这里 人.”如此往下，至第12个人说：“这里至多有11个老实人.”请问：房间里究竟有多少个老 实人？,C:\Users\admin\Desktop\试卷分析project\参考教材\奥数\竟赛数学导引 四年级.pdf
4,竞赛数学导引 四年级,24,逻辑推理一,超越篇,challenge,164,5,,0.9894,False,170,very_long,logic,,,逻辑推理一|logic,高思导引超越篇难度,high,auto,L4,False,一列国际列车上，有A、B、C、D4位不同国籍的旅客，他们分别穿蓝、黑、灰、褐色 的大衣，坐在一张桌子的两边，每边坐2个人，而且正好与另一边的人面对面.已知： ①英国旅客坐在B先生左侧； ②A先生穿褐色大衣； ③穿黑色大衣的坐在德国旅客右侧； ④D先生的对面坐着美国旅客； ③俄国旅客穿着灰色大衣. 请问：A、B、C、D分别是哪国人？分别穿什么颜色的大衣？,C:\Users\admin\Desktop\试卷分析project\参考教材\奥数\竟赛数学导引 四年级.pdf
4,竞赛数学导引 四年级,24,逻辑推理一,超越篇,challenge,164,6,★,0.9876,False,213,very_long,logic,,,逻辑推理一|logic,高思导引超越篇难度,high,auto,L4,False,A、B、C、D4人分别到甲、乙、丙、丁4个单位办事，已知甲单位星期一不接待，乙 单位星期三不接待，丙单位星期四不接待，丁单位只在星期二、四、六接待，星期日4个单位都 不办公.一天，他们议论起哪天去办事， A说：“你们可别像我前天那样，在人家不接待的日子去.” B说：“我今天必须去，明天人家就不接待了.” C说：“我和B正相反，今天不能去，明天去.” D说：“我从今天起，连着4天哪天去都行.” 请问：这天是星期几？他们分别去哪个单位办事？,C:\Users\admin\Desktop\试卷分析project\参考教材\奥数\竟赛数学导引 四年级.pdf
4,竞赛数学导引 四年级,24,逻辑推理一,超越篇,challenge,165,7,,0.9916,False,163,very_long,application,travel_chain,,逻辑推理一|application|travel_chain,高思导引超越篇难度,high,auto,L4,False,一次羽毛球邀请赛，来自湖北、广东、福建、北京和上海的5名运动员相遇在一起， 据了解： ①李平仅和另外两名运动员比赛过； ②上海运动员和另外3名运动员比赛过； ③陈兵和广东运动员是好朋友，但他们从未比赛过； ④福建运动员和林华比赛过； ③赵新仅与1名运动员比赛过； 广东、福建、北京的3名运动员都相互交过手. 请问：张强是哪个省（市）的运动员？,C:\Users\admin\Desktop\试卷分析project\参考教材\奥数\竟赛数学导引 四年级.pdf
4,竞赛数学导引 四年级,24,逻辑推理一,超越篇,challenge,165,8,,0.9842,False,273,very_long,logic,,,逻辑推理一|组合问题|logic,高思导引超越篇难度,high,auto,L4,False,有甲、乙、丙、丁、戊5个人，每个人都非常有特点，他们来自不同的城市，开不同品 牌的车子，喝不同种类的茶，穿不同颜色的衬衫.一次聚会上他们遇到一起，把车从左到右排 成了一行.已知： ①甲开奔驰； ②乙穿绿衬衫； ③丙喝碧螺春； ④宝马车紧挨在奥迪车的左边； ③宝马车的主人喝铁观音； 北京人穿蓝衬衫； 丰田主人来自天津； ⑧中间那辆车的主人喝龙井茶； 9丁的车在最左边； 上海人的车在穿红衬衫人的车旁边； ①穿白衬衫人的车在天津人的车旁； 广州人喝菊花茶； ③戊是重庆人； 丁的车在别克车的旁边； 上海人的车挨着喝乌龙茶的人的车. 请问：谁穿黑衬衫？他是哪里人？他开什么车？喝什么茶？,C:\Users\admin\Desktop\试卷分析project\参考教材\奥数\竟赛数学导引 四年级.pdf
5,竞赛数学导引 五年级,1,分数计算与比较大小,兴趣篇,interest,15,2,★,0.9575,False,17,short,calculation,,,分数计算与比较大小|calculation,5、6年级及以前高思导引拓展篇及以下难度 或 七年级及以上校内课本难度,low,auto,L1,False,计算：(1） 220200 20200,C:\Users\admin\Desktop\试卷分析project\参考教材\竞赛数学导引 五年级.pdf
5,竞赛数学导引 五年级,1,分数计算与比较大小,兴趣篇,interest,15,3,★,0.7884,False,12,short,calculation,,,分数计算与比较大小|calculation,5、6年级及以前高思导引拓展篇及以下难度 或 七年级及以上校内课本难度,low,auto,L1,False,计算:13 -(3+2)一,C:\Users\admin\Desktop\试卷分析project\参考教材\竞赛数学导引 五年级.pdf
5,竞赛数学导引 五年级,1,分数计算与比较大小,兴趣篇,interest,16,5,★★,0.844,False,16,short,calculation,,,分数计算与比较大小|calculation,5、6年级及以前高思导引拓展篇及以下难度 或 七年级及以上校内课本难度,low,auto,L1,False,计算：×54-16×+27× X3,C:\Users\admin\Desktop\试卷分析project\参考教材\竞赛数学导引 五年级.pdf
5,竞赛数学导引 五年级,1,分数计算与比较大小,兴趣篇,interest,16,6,★★,0.9352,False,25,short,calculation,,,分数计算与比较大小|calculation,5、6年级及以前高思导引拓展篇及以下难度 或 七年级及以上校内课本难度,low,auto,L1,False,计算：9- 66十 +999 6666十 8888 9999,C:\Users\admin\Desktop\试卷分析project\参考教材\竞赛数学导引 五年级.pdf
5,竞赛数学导引 五年级,1,分数计算与比较大小,兴趣篇,interest,16,8,★★,0.8919,False,24,short,calculation,,,分数计算与比较大小|calculation,5、6年级及以前高思导引拓展篇及以下难度 或 七年级及以上校内课本难度,low,auto,L1,False,比较下列分数的大小：（1) Z 1413141513,C:\Users\admin\Desktop\试卷分析project\参考教材\竞赛数学导引 五年级.pdf
5,竞赛数学导引 五年级,1,分数计算与比较大小,兴趣篇,interest,17,10,★★,0.8716,False,22,short,calculation,,,分数计算与比较大小|calculation,5、6年级及以前高思导引拓展篇及以下难度 或 七年级及以上校内课本难度,low,auto,L1,False,比较下列分数的大小：（1） 5X6X7×8X9,C:\Users\admin\Desktop\试卷分析project\参考教材\竞赛数学导引 五年级.pdf
5,竞赛数学导引 五年级,1,分数计算与比较大小,兴趣篇,interest,17,2,★★,0.8781,False,18,short,calculation,,,分数计算与比较大小|calculation,5、6年级及以前高思导引拓展篇及以下难度 或 七年级及以上校内课本难度,low,auto,L1,False,计算:(3+6+1+8)×(2-2),C:\Users\admin\Desktop\试卷分析project\参考教材\竞赛数学导引 五年级.pdf
5,竞赛数学导引 五年级,1,分数计算与比较大小,兴趣篇,interest,"17,18",3,★★,0.7949,False,57,medium,calculation,,cross_page_question,分数计算与比较大小|calculation,5、6年级及以前高思导引拓展篇及以下难度 或 七年级及以上校内课本难度,low,review,L1,False,计算:(2+1×5)÷3-1 +(1I×-6)+(6×-)+(2x-s)+(sx-)+(ε×-1)=9 11— ×13),C:\Users\admin\Desktop\试卷分析project\参考教材\竞赛数学导引 五年级.pdf
5,竞赛数学导引 五年级,1,分数计算与比较大小,兴趣篇,interest,18,7,,0.8942,False,26,short,calculation,,,分数计算与比较大小|calculation,5、6年级及以前高思导引拓展篇及以下难度 或 七年级及以上校内课本难度,low,auto,L1,False,计算:76×(2-)+23×(+)-53×(2-).,C:\Users\admin\Desktop\试卷分析project\参考教材\竞赛数学导引 五年级.pdf
5,竞赛数学导引 五年级,1,分数计算与比较大小,兴趣篇,interest,18,8,,0.9711,False,41,short,calculation,,,分数计算与比较大小|calculation,5、6年级及以前高思导引拓展篇及以下难度 或 七年级及以上校内课本难度,low,auto,L1,False,比较2006× 2004 与2005× 2003 的大小，并计算它们的差。 2005 2004,C:\Users\admin\Desktop\试卷分析project\参考教材\竞赛数学导引 五年级.pdf
5,竞赛数学导引 五年级,1,分数计算与比较大小,兴趣篇,interest,18,9,,0.9477,False,13,short,calculation,,,分数计算与比较大小|calculation,5、6年级及以前高思导引拓展篇及以下难度 或 七年级及以上校内课本难度,low,auto,L1,False,计算：（1)238÷238,C:\Users\admin\Desktop\试卷分析project\参考教材\竞赛数学导引 五年级.pdf
5,竞赛数学导引 五年级,1,分数计算与比较大小,兴趣篇,interest,18,10,★★,0.9778,False,17,short,calculation,,,分数计算与比较大小|calculation,5、6年级及以前高思导引拓展篇及以下难度 或 七年级及以上校内课本难度,low,auto,L1,False,比较下列分数的大小： (1) 3316,C:\Users\admin\Desktop\试卷分析project\参考教材\竞赛数学导引 五年级.pdf
5,竞赛数学导引 五年级,1,分数计算与比较大小,兴趣篇,interest,18,11,★★,0.9559,False,39,short,calculation,,,分数计算与比较大小|calculation,5、6年级及以前高思导引拓展篇及以下难度 或 七年级及以上校内课本难度,low,auto,L1,False,比较下列分数的大小：(1) 981994 11 110 44 443 2222188887,C:\Users\admin\Desktop\试卷分析project\参考教材\竞赛数学导引 五年级.pdf
5,竞赛数学导引 五年级,1,分数计算与比较大小,兴趣篇,interest,19,12,,0.9982,False,17,short,calculation,,,分数计算与比较大小|calculation,5、6年级及以前高思导引拓展篇及以下难度 或 七年级及以上校内课本难度,low,auto,L1,False,比较大小： 131831 101215,C:\Users\admin\Desktop\试卷分析project\参考教材\竞赛数学导引 五年级.pdf
5,竞赛数学导引 五年级,1,分数计算与比较大小,兴趣篇,interest,19,13,★,0.9886,False,49,medium,calculation,,,分数计算与比较大小|calculation,5、6年级及以前高思导引拓展篇及以下难度 或 七年级及以上校内课本难度,low,auto,L1,False,比较下列分数的大小：(1) 1234512346 2005200520052 20062006 20062,C:\Users\admin\Desktop\试卷分析project\参考教材\竞赛数学导引 五年级.pdf
5,竞赛数学导引 五年级,1,分数计算与比较大小,兴趣篇,interest,19,14,,0.9522,False,79,medium,calculation,,,分数计算与比较大小|计算问题|calculation,5、6年级及以前高思导引拓展篇及以下难度 或 七年级及以上校内课本难度,low,auto,L1,False,比较下列分数的大小：（1） 22222_222 （2） 222222 22222 ；(3) 22222 与 66666666 99999 9999 999999 2222 .66666,C:\Users\admin\Desktop\试卷分析project\参考教材\竞赛数学导引 五年级.pdf
5,竞赛数学导引 五年级,1,分数计算与比较大小,超越篇,challenge,19,12,,0.9222,False,15,short,calculation,,,分数计算与比较大小|calculation,高思导引超越篇难度,high,auto,L4,False,X13 363636636636,C:\Users\admin\Desktop\试卷分析project\参考教材\竞赛数学导引 五年级.pdf
5,竞赛数学导引 五年级,1,分数计算与比较大小,超越篇,challenge,20,4,,0.8503,False,16,short,calculation,,,分数计算与比较大小|calculation,高思导引超越篇难度,high,auto,L4,False,计算：（++…+）+（ +++++,C:\Users\admin\Desktop\试卷分析project\参考教材\竞赛数学导引 五年级.pdf
5,竞赛数学导引 五年级,1,分数计算与比较大小,超越篇,challenge,20,5,,0.9853,False,48,medium,calculation,,,分数计算与比较大小|calculation,高思导引超越篇难度,high,auto,L4,False,已知A= 2008，2007 B= 20062005 试比较A，B的大小 20072008 20052006,C:\Users\admin\Desktop\试卷分析project\参考教材\竞赛数学导引 五年级.pdf
5,竞赛数学导引 五年级,1,分数计算与比较大小,超越篇,challenge,20,6,★,0.8509,False,72,medium,calculation,,,分数计算与比较大小|calculation,高思导引超越篇难度,high,auto,L4,False,"A= （20012003） X1001,B= 请将A，B，C按从大到小的顺序排列起来. +·+ 10+11+12_11+12+13 (1-+-+…+-1).",C:\Users\admin\Desktop\试卷分析project\参考教材\竞赛数学导引 五年级.pdf
5,竞赛数学导引 五年级,1,分数计算与比较大小,超越篇,challenge,20,8,,0.8623,False,13,short,calculation,,,分数计算与比较大小|计算问题|calculation,高思导引超越篇难度,high,auto,L4,False,计算：(1×2+2×3)×,C:\Users\admin\Desktop\试卷分析project\参考教材\竞赛数学导引 五年级.pdf
5,竞赛数学导引 五年级,2,整除,兴趣篇,interest,21,1,★,0.9952,False,118,long,number_theory,,,number_theory,5、6年级及以前高思导引拓展篇及以下难度 或 七年级及以上校内课本难度,low,auto,L2,False,下面有9个自然数：14，35，80，152，650，434，4375，9064，24125.在这些自然数 中，请问： （1）有哪些数能被2整除？哪些能被4整除？哪些能被8整除？ （2）有哪些数能被5整除？哪些能被25整除？哪些能被125整除？,C:\Users\admin\Desktop\试卷分析project\参考教材\竞赛数学导引 五年级.pdf
5,竞赛数学导引 五年级,2,整除,兴趣篇,interest,21,2,★,0.994,False,77,medium,number_theory,,,number_theory,5、6年级及以前高思导引拓展篇及以下难度 或 七年级及以上校内课本难度,low,auto,L1,False,有如下9个三位数：452，387，228，975，525，882，715，775，837.这些数中哪些能 被3整除？哪些能被9整除？哪些能同时被2和3整除？,C:\Users\admin\Desktop\试卷分析project\参考教材\竞赛数学导引 五年级.pdf
5,竞赛数学导引 五年级,2,整除,兴趣篇,interest,21,3,★★,0.991,False,61,medium,number_theory,,,number_theory,5、6年级及以前高思导引拓展篇及以下难度 或 七年级及以上校内课本难度,low,auto,L1,False,有如下4个自然数：2695，1804，1963，23205.这些数中哪些能被11整除？哪些 能被7整除？哪些能被13整除？ 除,C:\Users\admin\Desktop\试卷分析project\参考教材\竞赛数学导引 五年级.pdf
5,竞赛数学导引 五年级,2,整除,兴趣篇,interest,22,4,★★,0.9764,False,93,long,number_theory,,,number_theory,5、6年级及以前高思导引拓展篇及以下难度 或 七年级及以上校内课本难度,low,auto,L2,False,一个三位数6口4的十位数字未知.请分别根据下列要求找出“口”中合适的取值： （1）如果要求这个三位数能被3整除，“口”可能等于多少？ （2）如果要求这个三位数能被4整除，“口”可能等于多少？,C:\Users\admin\Desktop\试卷分析project\参考教材\竞赛数学导引 五年级.pdf
5,竞赛数学导引 五年级,2,整除,兴趣篇,interest,22,5,★★,0.98,False,26,short,number_theory,,,number_theory,5、6年级及以前高思导引拓展篇及以下难度 或 七年级及以上校内课本难度,low,auto,L1,False,四位数23口5能被11整除，求出所有满足要求的四位数,C:\Users\admin\Desktop\试卷分析project\参考教材\竞赛数学导引 五年级.pdf
5,竞赛数学导引 五年级,2,整除,兴趣篇,interest,22,6,★★,0.9958,False,93,long,number_theory,,,number_theory,5、6年级及以前高思导引拓展篇及以下难度 或 七年级及以上校内课本难度,low,auto,L2,False,新学年开学了，同学们要改穿新的校服.萱萱收了9位同学的校服费（每人交的钱 水，把方格处的数字污染得看不清了.墨莫看了看，很快就算出了方格处的数字.聪明的读者 们，你们能算出这个数字是多少吗？,C:\Users\admin\Desktop\试卷分析project\参考教材\竞赛数学导引 五年级.pdf
5,竞赛数学导引 五年级,2,整除,兴趣篇,interest,22,7,★★,0.9882,False,29,short,number_theory,,,number_theory,5、6年级及以前高思导引拓展篇及以下难度 或 七年级及以上校内课本难度,low,auto,L1,False,四位数2口9口能同时被3和5整除，求出所有满足要求的四位数,C:\Users\admin\Desktop\试卷分析project\参考教材\竞赛数学导引 五年级.pdf
5,竞赛数学导引 五年级,2,整除,兴趣篇,interest,22,8,,0.9898,False,27,short,number_theory,,,number_theory,5、6年级及以前高思导引拓展篇及以下难度 或 七年级及以上校内课本难度,low,auto,L1,False,四位偶数6口4口能被11整除，求出所有满足要求的四位数,C:\Users\admin\Desktop\试卷分析project\参考教材\竞赛数学导引 五年级.pdf
5,竞赛数学导引 五年级,2,整除,兴趣篇,interest,22,9,,0.9882,False,129,very_long,number_theory,,,number_theory,5、6年级及以前高思导引拓展篇及以下难度 或 七年级及以上校内课本难度,low,auto,L3,False,一天，王经理去电信营业厅为公司安装一部电话.服务人员告诉他，目前只有形如 “1234口6口8”的号码可以申请.也就是说，在申请号码时，方框内的两个数字可以随意选择， 而其余数字不得改动.王经理打算申请一个能同时被8和11整除的号码.请问：他申请的号 码可能是多少？,C:\Users\admin\Desktop\试卷分析project\参考教材\竞赛数学导引 五年级.pdf
5,竞赛数学导引 五年级,2,整除,兴趣篇,interest,23,10,,0.9982,False,60,medium,number_theory,,,数论问题|number_theory,5、6年级及以前高思导引拓展篇及以下难度 或 七年级及以上校内课本难度,low,auto,L1,False,一个各位数字互不相同的四位数能被9整除，把它的个位数字去掉后剩下一个三 位数，这个三位数能被4整除.这个四位数最大是多少？,C:\Users\admin\Desktop\试卷分析project\参考教材\竞赛数学导引 五年级.pdf
5,竞赛数学导引 五年级,2,整除,拓展篇,extension,23,1,★,0.9778,False,155,very_long,number_theory,,,number_theory,5、6年级及以前高思导引拓展篇及以下难度 或 七年级及以上校内课本难度,mid,auto,L4,False,"判断下面11个数的整除性： 23487，3568,8875，6765，5880,7538，198954，6512，93625，864,407. （1）这些数中，有哪些数能被4整除？哪些数能被8整除？ （2）哪些数能被25整除？哪些数能被125整除？ （3）哪些数能被3整除？哪些数能被9整除？ （4）哪些数能被11整除？",C:\Users\admin\Desktop\试卷分析project\参考教材\竞赛数学导引 五年级.pdf
5,竞赛数学导引 五年级,2,整除,拓展篇,extension,23,2,★★,0.9844,False,82,medium,number_theory,,,number_theory,5、6年级及以前高思导引拓展篇及以下难度 或 七年级及以上校内课本难度,mid,auto,L3,False,173口是一个四位数.数学老师说：“我在其中的方框内先后填人3个数字，得到3 个四位数，依次能被9，11，8整除.”问：数学老师在方框中先后填人的3个数字之和是多少？,C:\Users\admin\Desktop\试卷分析project\参考教材\竞赛数学导引 五年级.pdf
5,竞赛数学导引 五年级,2,整除,拓展篇,extension,23,3,★★,0.96,False,35,short,number_theory,,,number_theory,5、6年级及以前高思导引拓展篇及以下难度 或 七年级及以上校内课本难度,mid,auto,L3,False,多位数3232..321能被11整除，满足条件的n最小是多少？ n个32,C:\Users\admin\Desktop\试卷分析project\参考教材\竞赛数学导引 五年级.pdf
5,竞赛数学导引 五年级,2,整除,拓展篇,extension,23,4,,0.9949,False,28,short,number_theory,,,number_theory,5、6年级及以前高思导引拓展篇及以下难度 或 七年级及以上校内课本难度,mid,auto,L3,False,五位数307口能同时被11和25整除.这个五位数是多少？,C:\Users\admin\Desktop\试卷分析project\参考教材\竞赛数学导引 五年级.pdf
5,竞赛数学导引 五年级,2,整除,拓展篇,extension,24,5,★,0.9892,False,114,long,number_theory,,,number_theory,5、6年级及以前高思导引拓展篇及以下难度 或 七年级及以上校内课本难度,mid,auto,L4,False,牛叔叔给45名工人发完工资后，将总钱数记在一张纸上.但是记账的那张纸被香 烟烧了两个洞，上面只剩下“67口8口”，其中方框表示被烧出的洞.牛叔叔记得每名工人的工 资都一样，并且都是整数元.请问：这45名工人的总工资有可能是多少元呢？,C:\Users\admin\Desktop\试卷分析project\参考教材\竞赛数学导引 五年级.pdf
5,竞赛数学导引 五年级,2,整除,拓展篇,extension,24,6,,0.9881,False,29,short,number_theory,,,number_theory,5、6年级及以前高思导引拓展篇及以下难度 或 七年级及以上校内课本难度,mid,auto,L3,False,六位数口2008口能同时被9和11整除.这个六位数是多少？,C:\Users\admin\Desktop\试卷分析project\参考教材\竞赛数学导引 五年级.pdf
5,竞赛数学导引 五年级,2,整除,拓展篇,extension,24,7,★,0.9922,False,53,medium,number_theory,,,number_theory,5、6年级及以前高思导引拓展篇及以下难度 或 七年级及以上校内课本难度,mid,auto,L3,False,请从1，2，3，4，5，6，7这7个数字中选出5个组成一个五位数，使它是99的倍 数.这个五位数最大是多少？,C:\Users\admin\Desktop\试卷分析project\参考教材\竞赛数学导引 五年级.pdf
5,竞赛数学导引 五年级,2,整除,拓展篇,extension,24,8,★,0.992,False,83,medium,number_theory,,,number_theory,5、6年级及以前高思导引拓展篇及以下难度 或 七年级及以上校内课本难度,mid,auto,L3,False,卡莉娅写了一个两位数59，墨莫写了一个两位数89，他们让小高写一个一位数放 在59与89之间拼成一个五位数59口89，使得这个五位数能被7整除.请问：小高写的数是 多少？,C:\Users\admin\Desktop\试卷分析project\参考教材\竞赛数学导引 五年级.pdf
5,竞赛数学导引 五年级,2,整除,拓展篇,extension,24,9,,0.9973,False,40,short,number_theory,,,number_theory,5、6年级及以前高思导引拓展篇及以下难度 或 七年级及以上校内课本难度,mid,auto,L3,False,已知51位数555口999能被13整除，中间方格内的数字是多少？ 25个525个9,C:\Users\admin\Desktop\试卷分析project\参考教材\竞赛数学导引 五年级.pdf
5,竞赛数学导引 五年级,2,整除,拓展篇,extension,24,10,,0.9947,False,104,long,number_theory,,,number_theory,5、6年级及以前高思导引拓展篇及以下难度 或 七年级及以上校内课本难度,mid,auto,L4,False,（1）一个多位数（两位及两位以上），它的各位数字互不相同，并且含有数字0.如 果它能被11整除，那么这个多位数最小是多少？ （2）一个多位数，它的各位数字之和为13，如果它能被11整除，那么这个多位数最小是 多少？,C:\Users\admin\Desktop\试卷分析project\参考教材\竞赛数学导引 五年级.pdf
5,竞赛数学导引 五年级,2,整除,拓展篇,extension,24,11,,0.996,False,44,short,number_theory,,,number_theory,5、6年级及以前高思导引拓展篇及以下难度 或 七年级及以上校内课本难度,mid,auto,L3,False,用数字6，7，8各两个，要组成能同时被6，7，8整除的六位数.请写出一个满足 要求的六位数,C:\Users\admin\Desktop\试卷分析project\参考教材\竞赛数学导引 五年级.pdf
5,竞赛数学导引 五年级,2,整除,拓展篇,extension,25,12,,0.9971,False,149,very_long,number_theory,,,number_theory,5、6年级及以前高思导引拓展篇及以下难度 或 七年级及以上校内课本难度,mid,auto,L4,False,墨莫和小高玩一个数字游戏.墨莫先将一个三位数的百位与个位填好，然后小高 来填写这个三位数的十位.如果最后这个三位数能被11整除，那么小高获胜，否则墨莫获胜 墨莫想了一会，想到了一个必胜的办法，请问：墨莫想到的办法是什么？ 自然数的右端，形成的新数都不能被N十1整除.请问：一共有多少个不大于10的破坏数？,C:\Users\admin\Desktop\试卷分析project\参考教材\竞赛数学导引 五年级.pdf
5,竞赛数学导引 五年级,2,整除,拓展篇,extension,25,14,,0.9987,False,41,short,number_theory,,,数论问题|number_theory,5、6年级及以前高思导引拓展篇及以下难度 或 七年级及以上校内课本难度,mid,auto,L3,False,一个五位数，它的末三位为999.如果这个数能被23整除，那么这个五位数最小 是多少？,C:\Users\admin\Desktop\试卷分析project\参考教材\竞赛数学导引 五年级.pdf
5,竞赛数学导引 五年级,2,整除,超越篇,challenge,25,1,,0.9985,False,31,short,number_theory,,,number_theory,高思导引超越篇难度,high,auto,L4,False,在所有各位数字互不相同的五位数中，能被45整除的数最小是多少？,C:\Users\admin\Desktop\试卷分析project\参考教材\竞赛数学导引 五年级.pdf
5,竞赛数学导引 五年级,2,整除,超越篇,challenge,25,2,★,0.9821,False,78,medium,number_theory,,,number_theory,高思导引超越篇难度,high,auto,L4,False,将自然数1，2，3，，依次写下去形成一个多位数“123456789101112.”.当写 到某个数N时，所形成的多位数恰好第一次能被90整除.请问：N是多少？,C:\Users\admin\Desktop\试卷分析project\参考教材\竞赛数学导引 五年级.pdf
5,竞赛数学导引 五年级,2,整除,超越篇,challenge,25,3,,0.9968,False,33,short,number_theory,,,number_theory,高思导引超越篇难度,high,auto,L4,False,萱萱的爸爸买回来两箱杯子.两个箱子上各贴有一张价签，分别写着“总价,C:\Users\admin\Desktop\试卷分析project\参考教材\竞赛数学导引 五年级.pdf
5,竞赛数学导引 五年级,2,整除,超越篇,challenge,25,117,,0.9874,False,144,very_long,number_theory,,,number_theory,高思导引超越篇难度,high,auto,L4,False,口△元”“总价127.○元”（口，△，○，四个数字已辨认不清，但是它们互不相同）.爸 整数分. 但是爸爸记不清每个价签具体是多少钱，也不记得哪个箱子装的是A型杯子，哪个箱子 装的是B型杯子了.爸爸知道萱萱的数学水平很厉害，于是他想考考萱萱， 场了.” 同学们，你能像萱萱一样把价签上的数分辨出来吗？,C:\Users\admin\Desktop\试卷分析project\参考教材\竞赛数学导引 五年级.pdf
5,竞赛数学导引 五年级,2,整除,超越篇,challenge,26,4,★,0.9823,True,127,very_long,number_theory,,has_diagram,number_theory,高思导引超越篇难度,high,review,L4,False,小高在一张纸条上依次写下2，3，4，5，6，7这6个数字，形成一个六位数.卡莉 娅把这张纸条撕成了三节.这三节纸条上的数 加起来得到的和（如图2-1，三节纸条上的和 为23十456十7=486)能被55整除.请问：卡莉 娅可能是在什么位置撕断的这张纸条？ 图2-1,C:\Users\admin\Desktop\试卷分析project\参考教材\竞赛数学导引 五年级.pdf
5,竞赛数学导引 五年级,2,整除,超越篇,challenge,26,5,★,0.9792,False,85,medium,number_theory,,,number_theory,高思导引超越篇难度,high,auto,L4,False,将一个自然数N接在任一自然数的右面（例如将2接在13的右面得到132)，如果 所得的新数都能被N整除，那么称N为“神奇数”.请求出所有的两位“神奇数” 方框中的两位数是多少？,C:\Users\admin\Desktop\试卷分析project\参考教材\竞赛数学导引 五年级.pdf
5,竞赛数学导引 五年级,2,整除,超越篇,challenge,26,7,★,0.9951,False,64,medium,number_theory,,,number_theory,高思导引超越篇难度,high,auto,L4,False,多位数A由数字1，3，5，7，9组成，每个数字都可以重复出现但至少出现一次， 而且A可以被A中任意一个数字整除.求这样的A的最小值,C:\Users\admin\Desktop\试卷分析project\参考教材\竞赛数学导引 五年级.pdf
5,竞赛数学导引 五年级,2,整除,超越篇,challenge,26,8,,0.9959,False,91,long,number_theory,,,数论问题|number_theory,高思导引超越篇难度,high,auto,L4,False,有一些自然数，从左向右读与从右向左读是完全一样的，我们将这样的数称作“回 文数”.比如2332，181，77都是回文数.如果一个六位回文数除以95的商也是回文数，那么 这个六位数是多少？,C:\Users\admin\Desktop\试卷分析project\参考教材\竞赛数学导引 五年级.pdf
5,竞赛数学导引 五年级,3,质数与合数,兴趣篇,interest,27,1,★,0.9471,False,13,short,number_theory,,,质数与合数|number_theory,5、6年级及以前高思导引拓展篇及以下难度 或 七年级及以上校内课本难度,low,auto,L1,False,请写出50以内所有的质数.,C:\Users\admin\Desktop\试卷分析project\参考教材\竞赛数学导引 五年级.pdf
5,竞赛数学导引 五年级,3,质数与合数,兴趣篇,interest,27,2,★,0.991,False,85,medium,number_theory,,,质数与合数|number_theory,5、6年级及以前高思导引拓展篇及以下难度 或 七年级及以上校内课本难度,low,auto,L1,False,（1）如果两个质数相加等于16，这两个质数有可能等于多少？ (2）如果两个质数相加等于25，这两个质数有可能等于多少？ （3）如果两个质数相加等于29，这样的两个质数存在吗？,C:\Users\admin\Desktop\试卷分析project\参考教材\竞赛数学导引 五年级.pdf
5,竞赛数学导引 五年级,3,质数与合数,兴趣篇,interest,27,3,★,0.9797,False,38,short,number_theory,,,质数与合数|number_theory,5、6年级及以前高思导引拓展篇及以下难度 或 七年级及以上校内课本难度,low,auto,L1,False,"有人说：“任何7个连续整数中一定有质数.""请你举一个例子，说明这句话是错的.",C:\Users\admin\Desktop\试卷分析project\参考教材\竞赛数学导引 五年级.pdf
5,竞赛数学导引 五年级,3,质数与合数,兴趣篇,interest,27,4,,0.9863,False,29,short,number_theory,recursive_or_sequence,,质数与合数|number_theory|recursive_or_sequence,5、6年级及以前高思导引拓展篇及以下难度 或 七年级及以上校内课本难度,low,auto,L2,False,请写出5个质数，使得它们正好构成一个公差为12的等差数列.,C:\Users\admin\Desktop\试卷分析project\参考教材\竞赛数学导引 五年级.pdf
5,竞赛数学导引 五年级,3,质数与合数,兴趣篇,interest,28,5,★,0.9696,False,32,short,number_theory,,,质数与合数|number_theory,5、6年级及以前高思导引拓展篇及以下难度 或 七年级及以上校内课本难度,low,auto,L1,False,请把下面的数分解质因数：(1)160；(2)598；(3)211,C:\Users\admin\Desktop\试卷分析project\参考教材\竞赛数学导引 五年级.pdf
5,竞赛数学导引 五年级,3,质数与合数,兴趣篇,interest,28,6,★★,0.981,False,36,short,number_theory,,,质数与合数|number_theory,5、6年级及以前高思导引拓展篇及以下难度 或 七年级及以上校内课本难度,low,auto,L1,False,三个自然数的乘积为84，其中两个数的和正好等于第三个数.请求出这三个数.,C:\Users\admin\Desktop\试卷分析project\参考教材\竞赛数学导引 五年级.pdf
5,竞赛数学导引 五年级,3,质数与合数,兴趣篇,interest,28,7,★★,0.9784,False,31,short,number_theory,,,质数与合数|number_theory,5、6年级及以前高思导引拓展篇及以下难度 或 七年级及以上校内课本难度,low,auto,L1,False,用一个两位数除330，结果正好能整除.请写出所有可能的两位数.,C:\Users\admin\Desktop\试卷分析project\参考教材\竞赛数学导引 五年级.pdf
5,竞赛数学导引 五年级,3,质数与合数,兴趣篇,interest,28,8,★★,0.9958,False,28,short,number_theory,,,质数与合数|number_theory,5、6年级及以前高思导引拓展篇及以下难度 或 七年级及以上校内课本难度,low,auto,L1,False,两个连续自然数的乘积是1190，这两个数中较小的是多少？,C:\Users\admin\Desktop\试卷分析project\参考教材\竞赛数学导引 五年级.pdf
5,竞赛数学导引 五年级,3,质数与合数,兴趣篇,interest,28,9,★★,0.9904,False,44,short,number_theory,,,质数与合数|number_theory,5、6年级及以前高思导引拓展篇及以下难度 或 七年级及以上校内课本难度,low,auto,L1,False,请将2，5，14，24，27，55，56，99这8个数分成两组，使得这两组数的乘积相等，,C:\Users\admin\Desktop\试卷分析project\参考教材\竞赛数学导引 五年级.pdf
5,竞赛数学导引 五年级,3,质数与合数,兴趣篇,interest,28,10,★★,0.9175,False,31,short,calculation,,,质数与合数|数论问题|calculation,5、6年级及以前高思导引拓展篇及以下难度 或 七年级及以上校内课本难度,low,auto,L1,False,请问：算式1×2×3×…×15的计算结果的末尾有几个连续的0？,C:\Users\admin\Desktop\试卷分析project\参考教材\竞赛数学导引 五年级.pdf
5,竞赛数学导引 五年级,3,质数与合数,拓展篇,extension,28,1,★★,0.9887,False,35,short,number_theory,,,质数与合数|number_theory,5、6年级及以前高思导引拓展篇及以下难度 或 七年级及以上校内课本难度,mid,auto,L3,False,一个两位质数的两个数字交换位置后，仍然是一个质数，请写出所有这样的质数,C:\Users\admin\Desktop\试卷分析project\参考教材\竞赛数学导引 五年级.pdf
5,竞赛数学导引 五年级,3,质数与合数,拓展篇,extension,28,2,,0.9986,False,19,short,number_theory,,,质数与合数|number_theory,5、6年级及以前高思导引拓展篇及以下难度 或 七年级及以上校内课本难度,mid,auto,L3,False,9个连续的自然数中，最多有多少个质数？,C:\Users\admin\Desktop\试卷分析project\参考教材\竞赛数学导引 五年级.pdf
5,竞赛数学导引 五年级,3,质数与合数,拓展篇,extension,29,3,★★,0.9861,False,55,medium,number_theory,,,质数与合数|number_theory,5、6年级及以前高思导引拓展篇及以下难度 或 七年级及以上校内课本难度,mid,auto,L3,False,（1）两个质数的和是39，这两个质数的差是多少？ （2）三个互不相同的质数相加，和为40，这三个质数分别是多少？,C:\Users\admin\Desktop\试卷分析project\参考教材\竞赛数学导引 五年级.pdf
5,竞赛数学导引 五年级,3,质数与合数,拓展篇,extension,29,4,★★,0.9215,False,42,short,number_theory,,,质数与合数|number_theory,5、6年级及以前高思导引拓展篇及以下难度 或 七年级及以上校内课本难度,mid,auto,L3,False,请把下面的数分解质因数：(1)360；(2)539；(3)373；(4)12660.,C:\Users\admin\Desktop\试卷分析project\参考教材\竞赛数学导引 五年级.pdf
5,竞赛数学导引 五年级,3,质数与合数,拓展篇,extension,29,5,★★,0.9948,False,53,medium,calculation,,,质数与合数|calculation,5、6年级及以前高思导引拓展篇及以下难度 或 七年级及以上校内课本难度,mid,auto,L3,False,有一些最简真分数，它们的分子与分母的乘积都等于140.把所有这样的分数从小 到大排列，其中第三个分数是多少？,C:\Users\admin\Desktop\试卷分析project\参考教材\竞赛数学导引 五年级.pdf
5,竞赛数学导引 五年级,3,质数与合数,拓展篇,extension,29,6,,0.9979,False,57,medium,calculation,,,质数与合数|calculation,5、6年级及以前高思导引拓展篇及以下难度 或 七年级及以上校内课本难度,mid,auto,L3,False,小高在做一道计算两位数乘以两位数的乘法题时，把一个乘数中的数字5看成了 8，由此得乘积为1104.正确的乘积是多少？,C:\Users\admin\Desktop\试卷分析project\参考教材\竞赛数学导引 五年级.pdf
5,竞赛数学导引 五年级,3,质数与合数,拓展篇,extension,29,8,,0.9956,False,89,medium,number_theory,,,质数与合数|number_theory,5、6年级及以前高思导引拓展篇及以下难度 或 七年级及以上校内课本难度,mid,auto,L3,False,甲、乙、丙三人打靶，每人打三枪.三人各自中靶的环数之积都是60，且环数是不超 过10的自然数.把三个人按个人总环数由高到低排列，依次是甲、乙、丙.请问：靶子上4环的 那一枪是谁打的？,C:\Users\admin\Desktop\试卷分析project\参考教材\竞赛数学导引 五年级.pdf
5,竞赛数学导引 五年级,3,质数与合数,拓展篇,extension,30,9,★,0.9763,False,43,short,number_theory,,,质数与合数|number_theory,5、6年级及以前高思导引拓展篇及以下难度 或 七年级及以上校内课本难度,mid,auto,L3,False,975×935×972×口，要使这个连乘积的最后4个数字都是0，方框内最小应填什 么数？,C:\Users\admin\Desktop\试卷分析project\参考教材\竞赛数学导引 五年级.pdf
5,竞赛数学导引 五年级,3,质数与合数,拓展篇,extension,30,10,,0.9303,False,67,medium,calculation,,,质数与合数|calculation,5、6年级及以前高思导引拓展篇及以下难度 或 七年级及以上校内课本难度,mid,auto,L3,False,（1）算式1X2X3X×29×30的计算结果的末尾有几个连续的0？ （2）算式31×32×33××150的计算结果的末尾有几个连续的0？,C:\Users\admin\Desktop\试卷分析project\参考教材\竞赛数学导引 五年级.pdf
5,竞赛数学导引 五年级,3,质数与合数,拓展篇,extension,30,11,,0.9781,False,25,short,number_theory,,,质数与合数|number_theory,5、6年级及以前高思导引拓展篇及以下难度 或 七年级及以上校内课本难度,mid,auto,L3,False,请问：两个连续两位数乘积的末尾最多有几个连续的0？,C:\Users\admin\Desktop\试卷分析project\参考教材\竞赛数学导引 五年级.pdf
5,竞赛数学导引 五年级,3,质数与合数,拓展篇,extension,30,12,,0.9964,False,67,medium,number_theory,,,质数与合数|number_theory,5、6年级及以前高思导引拓展篇及以下难度 或 七年级及以上校内课本难度,mid,auto,L3,False,把从1开始的若干个连续的自然数1，2，3，乘到一起.已知这个乘积的末尾13 位恰好都是0.请问：在相乘时最后出现的自然数最小应该是多少？,C:\Users\admin\Desktop\试卷分析project\参考教材\竞赛数学导引 五年级.pdf
5,竞赛数学导引 五年级,3,质数与合数,拓展篇,extension,30,13,,0.9873,False,47,medium,number_theory,,,质数与合数|number_theory,5、6年级及以前高思导引拓展篇及以下难度 或 七年级及以上校内课本难度,mid,auto,L3,False,168乘以一个大于0的整数后正好是一个平方数.乘的这个整数至少是多少？所 得乘积又是多少的平方？,C:\Users\admin\Desktop\试卷分析project\参考教材\竞赛数学导引 五年级.pdf
5,竞赛数学导引 五年级,3,质数与合数,拓展篇,extension,30,14,,0.9937,False,72,medium,number_theory,,,质数与合数|数论问题|number_theory,5、6年级及以前高思导引拓展篇及以下难度 或 七年级及以上校内课本难度,mid,auto,L3,False,（1）60乘以一个三位数后，正好得到一个平方数.这个三位数至少是多少？ （2）72乘以一个三位数后，正好得到一个立方数.这样的三位数一共有多少个？,C:\Users\admin\Desktop\试卷分析project\参考教材\竞赛数学导引 五年级.pdf
5,竞赛数学导引 五年级,3,质数与合数,超越篇,challenge,31,1,★★,0.9888,True,66,medium,number_theory,,has_diagram,质数与合数|number_theory,高思导引超越篇难度,high,review,L4,False,如图3-1，三张卡片上各印有一个数字.从这三张卡片中选 取一张或多张(每张最多选1次)拼成质数，一共可以拼成多少个不同 的质数？ 图3-1,C:\Users\admin\Desktop\试卷分析project\参考教材\竞赛数学导引 五年级.pdf
5,竞赛数学导引 五年级,3,质数与合数,超越篇,challenge,31,2,★,0.9851,False,70,medium,number_theory,,,质数与合数|number_theory,高思导引超越篇难度,high,auto,L4,False,用1，2，3，4，5，6，7，8，9这9个数字组成若干质数，要求每个数字恰好使用一 次.请问：最多能组成多少个质数？请找出一种满足要求的组法，,C:\Users\admin\Desktop\试卷分析project\参考教材\竞赛数学导引 五年级.pdf
5,竞赛数学导引 五年级,3,质数与合数,超越篇,challenge,31,3,,0.9978,False,29,short,number_theory,,,质数与合数|number_theory,高思导引超越篇难度,high,auto,L4,False,三个质数的乘积恰好等于它们和的5倍，这三个质数分别是多少？,C:\Users\admin\Desktop\试卷分析project\参考教材\竞赛数学导引 五年级.pdf
5,竞赛数学导引 五年级,3,质数与合数,超越篇,challenge,31,4,★,0.9687,False,84,medium,number_theory,,,质数与合数|number_theory,高思导引超越篇难度,high,auto,L4,False,在射箭运动中，每射一箭得到的环数都是不超过10的自然数.甲、乙两名运动员各 射了5箭，每人5箭得到的环数的积都是1764，但是甲的总环数比乙少4环.求甲、乙各自的 总环数.,C:\Users\admin\Desktop\试卷分析project\参考教材\竞赛数学导引 五年级.pdf
5,竞赛数学导引 五年级,3,质数与合数,超越篇,challenge,32,5,,0.9946,False,120,very_long,number_theory,,,质数与合数|number_theory,高思导引超越篇难度,high,auto,L4,False,两名运动员进行一场乒乓球比赛，采取三局两胜制.每局先得11分者为胜，如果打 到10平，则先多得2分者为胜.结果三局比赛下来，单方最高得分都不超过20分，把每人每 局得分乘在一起恰为480480.请问：各局的比分分别是多少？（按大比小的方式写出）,C:\Users\admin\Desktop\试卷分析project\参考教材\竞赛数学导引 五年级.pdf
5,竞赛数学导引 五年级,3,质数与合数,超越篇,challenge,32,6,★,0.9705,True,129,very_long,number_theory,,has_diagram,质数与合数|number_theory,高思导引超越篇难度,high,review,L4,False,如图3-2，把13，12，15，25，20这5个数依次排列.（ (13) 它们每相邻的两个数相乘得4个数，这4个数每相邻的两个数相 乘得3个数，这3个数每相邻的两个数相乘得2个数，这2个数 相乘得1个数.请问：最后这个数从个位起向左数，可以连续地数 出几个0？ 图3-2,C:\Users\admin\Desktop\试卷分析project\参考教材\竞赛数学导引 五年级.pdf
5,竞赛数学导引 五年级,3,质数与合数,超越篇,challenge,32,7,,0.9655,False,64,medium,number_theory,,,质数与合数|数论问题|number_theory,高思导引超越篇难度,high,auto,L4,False,从1!，2！，3！，，100！这100个数中去掉一个数，使得剩下各数的乘积是一个完 全平方数.请问：被去掉的那个数是什么？ 100!,C:\Users\admin\Desktop\试卷分析project\参考教材\竞赛数学导引 五年级.pdf
5,竞赛数学导引 五年级,4,包含与排除,兴趣篇,interest,33,1,★,0.9957,False,54,medium,general,,,包含与排除|general,5、6年级及以前高思导引拓展篇及以下难度 或 七年级及以上校内课本难度,low,auto,L1,False,某次练习共有2道题，做对第一题的有40人，这40人中有13人第2题做错了，那么 第1题第2题全对的共有多少人？,C:\Users\admin\Desktop\试卷分析project\参考教材\竞赛数学导引 五年级.pdf
5,竞赛数学导引 五年级,4,包含与排除,兴趣篇,interest,33,2,★★,0.9915,False,77,medium,general,,,包含与排除|general,5、6年级及以前高思导引拓展篇及以下难度 或 七年级及以上校内课本难度,low,auto,L1,False,暑假里，萱萱和小高一起讨论“金陵十八景”.他们发现十八景中的每一处都有人去 过，而且有五处是两人都去过的.如果萱萱去过其中的十二景，那么小高去过其中的几景？,C:\Users\admin\Desktop\试卷分析project\参考教材\竞赛数学导引 五年级.pdf
5,竞赛数学导引 五年级,4,包含与排除,兴趣篇,interest,33,3,★★,0.9939,False,74,medium,general,,,包含与排除|general,5、6年级及以前高思导引拓展篇及以下难度 或 七年级及以上校内课本难度,low,auto,L1,False,在一群小朋友中，有12人看过动画片《黑猫警长》，有21人看过动画片《大闹天 宫》，并且有8人两部动画片都看过.请问：至少看过其中一部的小朋友有多少人？,C:\Users\admin\Desktop\试卷分析project\参考教材\竞赛数学导引 五年级.pdf
5,竞赛数学导引 五年级,4,包含与排除,兴趣篇,interest,34,4,★★,0.9982,False,67,medium,general,,,包含与排除|general,5、6年级及以前高思导引拓展篇及以下难度 或 七年级及以上校内课本难度,low,auto,L1,False,一群小朋友共有40人，他们都喜欢吃馒头或者米饭中的一种或者两种，喜欢吃馒 头的有30人，两种都喜欢吃的有7人，那么喜欢吃米饭的有多少人？,C:\Users\admin\Desktop\试卷分析project\参考教材\竞赛数学导引 五年级.pdf
5,竞赛数学导引 五年级,4,包含与排除,兴趣篇,interest,34,5,★★,0.9977,False,79,medium,general,,,包含与排除|general,5、6年级及以前高思导引拓展篇及以下难度 或 七年级及以上校内课本难度,low,auto,L1,False,五年级一班45个学生参加期末考试.成绩公布后，数学得满分的有10人，数学及 语文均得满分的有3人，这两科都没有得满分的有29人.请问：语文成绩得满分的有多少人？,C:\Users\admin\Desktop\试卷分析project\参考教材\竞赛数学导引 五年级.pdf
5,竞赛数学导引 五年级,4,包含与排除,兴趣篇,interest,34,6,,0.9915,True,129,very_long,geometry,,has_diagram,包含与排除|geometry,5、6年级及以前高思导引拓展篇及以下难度 或 七年级及以上校内课本难度,low,review,L3,False,如图4-1，已知甲、乙、丙三个圆的面积均为30，甲与 乙、乙与丙、甲与丙重合部分的面积分别为6，8，5，同时被这三个 圆覆盖的部分的面积为2.请问： （1）只被甲或乙覆盖，却不被丙覆盖的部分的面积是多少？ （2）只被这3个圆中某一个圆覆盖的部分的面积是多少？ 图4-1,C:\Users\admin\Desktop\试卷分析project\参考教材\竞赛数学导引 五年级.pdf
5,竞赛数学导引 五年级,4,包含与排除,兴趣篇,interest,34,7,,0.9975,False,79,medium,general,case_analysis,,包含与排除|general|case_analysis,5、6年级及以前高思导引拓展篇及以下难度 或 七年级及以上校内课本难度,low,auto,L2,False,在一个由30人组成的合唱队中，每个人都爱喝红茶、绿茶、花茶中的一种或者几 种.其中有10个人爱喝红茶，12个人不爱喝红茶却爱喝绿茶.请问：只爱喝花茶的有多少人？,C:\Users\admin\Desktop\试卷分析project\参考教材\竞赛数学导引 五年级.pdf
5,竞赛数学导引 五年级,4,包含与排除,兴趣篇,interest,34,8,★★,0.998,False,131,very_long,general,,,包含与排除|general,5、6年级及以前高思导引拓展篇及以下难度 或 七年级及以上校内课本难度,low,auto,L3,False,光明小学五年级课外活动有体育、音乐、书法三个小组，参加的人数分别是54人、 46人、36人.同时参加体育小组和音乐小组的有4人，同时参加体育小组和书法小组的有7 人，同时参加音乐小组和书法小组的有10人，三组都参加的有2人.光明小学五年级参加课 外活动的一共有多少人？,C:\Users\admin\Desktop\试卷分析project\参考教材\竞赛数学导引 五年级.pdf
5,竞赛数学导引 五年级,4,包含与排除,兴趣篇,interest,35,9,,0.9935,False,165,very_long,general,,,包含与排除|general,5、6年级及以前高思导引拓展篇及以下难度 或 七年级及以上校内课本难度,low,auto,L3,False,卫生部对120种食物是否含有维生素A，C，E进行调查，结果发现：含维生素A的 有62种，含维生素C的有90种，含维生素E的有68种，同时含维生素A和C的有48种，同 时含维生素A和E的有36种，同时含维生素C和E的有50种，同时含这三种维生素的有25 种.请问： （1）这三种维生素都不含的食物有多少种？ (2）仅含维生素A的食物有多少种？,C:\Users\admin\Desktop\试卷分析project\参考教材\竞赛数学导引 五年级.pdf
5,竞赛数学导引 五年级,4,包含与排除,兴趣篇,interest,35,10,★,0.9886,False,55,medium,general,,,包含与排除|计数问题|general,5、6年级及以前高思导引拓展篇及以下难度 或 七年级及以上校内课本难度,low,auto,L1,False,操场上有50名同学在跑步或跳绳.其中女生有18名，跳绳的同学有31名，跑步 的男生有14名.跳绳的女生有多少名？,C:\Users\admin\Desktop\试卷分析project\参考教材\竞赛数学导引 五年级.pdf
5,竞赛数学导引 五年级,4,包含与排除,拓展篇,extension,35,1,★★,0.9915,False,71,medium,general,,,包含与排除|general,5、6年级及以前高思导引拓展篇及以下难度 或 七年级及以上校内课本难度,mid,auto,L3,False,在一个办公室中，有7个人爱喝茶，10个人爱喝咖啡，3个人既爱喝茶又爱喝咖 啡.如果每个人都至少爱喝茶或咖啡中的一种，那么这个办公室里共有多少人？,C:\Users\admin\Desktop\试卷分析project\参考教材\竞赛数学导引 五年级.pdf
5,竞赛数学导引 五年级,4,包含与排除,拓展篇,extension,35,2,★★,0.9904,False,100,long,general,,,包含与排除|general,5、6年级及以前高思导引拓展篇及以下难度 或 七年级及以上校内课本难度,mid,auto,L4,False,某餐馆有27道招牌菜.卡莉娅吃过其中的13道，墨莫吃过其中的7道，而且有2 道菜是两人都吃过的.请问：有多少道招牌菜是两人都没有吃过的？ 10人两个小组都参加.那么只参加了这两个小组之一的学生共有多少人？,C:\Users\admin\Desktop\试卷分析project\参考教材\竞赛数学导引 五年级.pdf
5,竞赛数学导引 五年级,4,包含与排除,拓展篇,extension,36,5,,0.999,False,107,long,general,,,包含与排除|general,5、6年级及以前高思导引拓展篇及以下难度 或 七年级及以上校内课本难度,mid,auto,L4,False,渔乡小学举行长跑和游泳比赛，共305人参加.参加长跑比赛的有150名男生和90 名女生，参加游泳比赛的有120名男生和70名女生，有110名男生两项比赛都参加了.请问： 只参加游泳比赛而没有参加长跑比赛的女生有多少人？,C:\Users\admin\Desktop\试卷分析project\参考教材\竞赛数学导引 五年级.pdf
5,竞赛数学导引 五年级,4,包含与排除,拓展篇,extension,36,6,,0.9931,False,124,very_long,general,case_analysis,,包含与排除|general|case_analysis,5、6年级及以前高思导引拓展篇及以下难度 或 七年级及以上校内课本难度,mid,auto,L4,False,森林里住着一群小白兔，每只小白兔都爱吃萝卜、白菜和青草中的一种或者几种， 爱吃萝卜的小白兔中有12只不爱吃白菜；爱吃白菜的小白兔中有23只不爱吃青草；爱吃青 草的小白兔中有34只不爱吃萝卜.如果三种食物都爱吃的小白兔有5只，那么这群小白兔一 共有多少只？,C:\Users\admin\Desktop\试卷分析project\参考教材\竞赛数学导引 五年级.pdf
5,竞赛数学导引 五年级,4,包含与排除,拓展篇,extension,36,7,★★,0.998,False,81,medium,general,,,包含与排除|general,5、6年级及以前高思导引拓展篇及以下难度 或 七年级及以上校内课本难度,mid,auto,L3,False,三位基金经理投资若干只股票.张经理买过其中66只，王经理买过其中40只，李 李经理和张经理都买过的有9只，三个人都买过的有6只.请问：这三位经理一共买过多少只 股票？,C:\Users\admin\Desktop\试卷分析project\参考教材\竞赛数学导引 五年级.pdf
5,竞赛数学导引 五年级,4,包含与排除,拓展篇,extension,36,8,,0.9974,False,137,very_long,general,,,包含与排除|general,5、6年级及以前高思导引拓展篇及以下难度 或 七年级及以上校内课本难度,mid,auto,L4,False,唐僧西天取经共经历了81难，其中单独渡过了3难，与孙悟空一起渡过了77难， 与猪八戒一起渡过了65难，与沙和尚一起渡过了62难，同时与孙悟空和猪八戒一起渡过了 64难，同时与孙悟空和沙和尚一起渡过了61难，同时与猪八戒和沙和尚一起渡过了60难.请 问：师徒四人共同渡过的有多少难？,C:\Users\admin\Desktop\试卷分析project\参考教材\竞赛数学导引 五年级.pdf
5,竞赛数学导引 五年级,4,包含与排除,拓展篇,extension,36,9,★,0.9939,False,105,long,general,,,包含与排除|general,5、6年级及以前高思导引拓展篇及以下难度 或 七年级及以上校内课本难度,mid,auto,L4,False,培英学校有学生1000人，其中有500人订阅了《中国少年报》，有350人订阅了《少 年文艺》，有250人订阅了《数学报》，至少订阅两种报刊的有400人，订阅了三种报刊的有100 人.请问：培英学校有多少人没有订报？,C:\Users\admin\Desktop\试卷分析project\参考教材\竞赛数学导引 五年级.pdf
5,竞赛数学导引 五年级,4,包含与排除,拓展篇,extension,37,10,★,0.9761,False,165,very_long,general,,,包含与排除|general,5、6年级及以前高思导引拓展篇及以下难度 或 七年级及以上校内课本难度,mid,auto,L4,False,五年级一班有46名学生参加数学、语文、文艺三项课外小组.其中有24人参加了 数学小组，20人参加了语文小组，既参加数学小组又参加语文小组的有10人.参加文艺小组 的人数是既参加数学小组又参加文艺小组人数的3.5倍，还是三项小组都参加的人数的7 倍，既参加文艺小组也参加语文小组的人数等于三项小组都参加的人数的2倍.求参加文艺 小组的人数.,C:\Users\admin\Desktop\试卷分析project\参考教材\竞赛数学导引 五年级.pdf
5,竞赛数学导引 五年级,4,包含与排除,拓展篇,extension,37,11,,0.9936,False,145,very_long,general,,,包含与排除|general,5、6年级及以前高思导引拓展篇及以下难度 或 七年级及以上校内课本难度,mid,auto,L4,False,学校举行棋类比赛，分为象棋、围棋和军棋三项，每人最多参加其中两项.根据报 有几人获得奖品？ 三人签名的分别有33本、44本和55本，其中同时有甲、乙签名的图书为29本，同时有甲、丙 签名的图书为25本，同时有乙、丙签名的图书为36本.问：这批图书中最少有多少本没有被 甲、乙、丙中的任何一人借阅过？,C:\Users\admin\Desktop\试卷分析project\参考教材\竞赛数学导引 五年级.pdf
5,竞赛数学导引 五年级,4,包含与排除,拓展篇,extension,37,13,,0.9941,False,175,very_long,general,,,包含与排除|计数问题|general,5、6年级及以前高思导引拓展篇及以下难度 或 七年级及以上校内课本难度,mid,auto,L4,False,五年级三班有50名学生，参加语文竞赛的有28人，参加数学竞赛的有22人，参 加英语竞赛的有20人.如果每人最多参加两科竞赛，那么该班未参加竞赛人数最多可能有多 少人？ 乙读了70个故事，丙读了62个故事.请问： （1）甲、乙、丙三人都读过的故事最少有多少个？ (2）如果每个人都是从某一个故事开始，按顺序连续往后读，那么甲、乙、丙三人都读过 的故事最少有多少个？,C:\Users\admin\Desktop\试卷分析project\参考教材\竞赛数学导引 五年级.pdf
5,竞赛数学导引 五年级,4,包含与排除,超越篇,challenge,38,1,,0.9847,False,107,long,general,,,包含与排除|general,高思导引超越篇难度,high,auto,L4,False,森林里住着100只小白兔，凡是不爱吃萝卜的小白兔都爱吃白菜.其中爱吃萝卜的 小白兔数量是爱吃白菜的小白兔数量的2倍，而不爱吃白菜的小白兔数量是不爱吃萝卜的小 白兔数量的3倍.它们当中有多少只小白兔既爱吃萝卜又爱吃白菜？,C:\Users\admin\Desktop\试卷分析project\参考教材\竞赛数学导引 五年级.pdf
5,竞赛数学导引 五年级,4,包含与排除,超越篇,challenge,38,2,,0.9985,False,66,medium,general,,,包含与排除|general,高思导引超越篇难度,high,auto,L4,False,育才小学画展上展出了许多幅画，其中有16幅画不是六年级的，有15幅画不是五 年级的，五、六年级共展出25幅画.其他年级的画共有多少幅？,C:\Users\admin\Desktop\试卷分析project\参考教材\竞赛数学导引 五年级.pdf
5,竞赛数学导引 五年级,4,包含与排除,超越篇,challenge,38,3,,0.9965,False,110,long,general,,,包含与排除|general,高思导引超越篇难度,high,auto,L4,False,高思学校有105名男生和75名女生参加数学竞赛，有95名女生和85名男生参加 作文竞赛.已知该校一共有280名学生参加了竞赛，其中只参加数学竞赛的男生人数与只参 加作文竞赛的女生人数相同.请问：只参加数学竞赛的女生有多少人？,C:\Users\admin\Desktop\试卷分析project\参考教材\竞赛数学导引 五年级.pdf
5,竞赛数学导引 五年级,4,包含与排除,超越篇,challenge,38,4,,0.9879,False,178,very_long,general,,,包含与排除|general,高思导引超越篇难度,high,auto,L4,False,小高和爸爸妈妈去芬兰旅游，他们照了很多照片.回家后，小高先把所有有自已像 的照片放到自己的相册里，再把剩下的有妈妈像的照片放到妈妈的相册里，最后把剩下的照 和妈妈的相册里一共拿出了37张照片放到了自已的相册.妈妈不同意，又把放在小高和爸爸 的相册里所有有自已像的45张照片都拿出来放到了自己的相册.请问：究竞是妈妈和小高的 合影多，还是爸爸和小高的合影多？多几张？,C:\Users\admin\Desktop\试卷分析project\参考教材\竞赛数学导引 五年级.pdf
5,竞赛数学导引 五年级,4,包含与排除,超越篇,challenge,39,5,,0.9969,False,133,very_long,application,,,包含与排除|application,高思导引超越篇难度,high,auto,L4,False,一次测验共有5道试题.测试后统计如下：有81%的同学做对第1题，有85%的 同学做对第2题，有91%的同学做对第3题，有74%的同学做对第4题，有79%的同学做对 第5题.如果做对3道或3道以上试题的同学为考试合格.请问：这次考试的合格率最多达百 分之几？最少达百分之几？,C:\Users\admin\Desktop\试卷分析project\参考教材\竞赛数学导引 五年级.pdf
5,竞赛数学导引 五年级,4,包含与排除,超越篇,challenge,39,6,,0.9975,False,117,long,general,,,包含与排除|general,高思导引超越篇难度,high,auto,L4,False,五年级一班有22人参加语文竞赛，32人参加数学竞赛，27人参加英语竞赛，其 中同时参加语文竞赛和数学竞赛的有12人，同时参加语文竞赛和英语竞赛的有14人，同时 参加数学竞赛和英语竞赛的有15人.请问：五年级一班参加竞赛的总人数最少是多少？,C:\Users\admin\Desktop\试卷分析project\参考教材\竞赛数学导引 五年级.pdf
5,竞赛数学导引 五年级,4,包含与排除,超越篇,challenge,39,7,,0.9956,False,150,very_long,general,,,包含与排除|计数问题|general,高思导引超越篇难度,high,auto,L4,False,在阳光明媚的一天下午，甲、乙、丙、丁四人给100盆花浇水.已知甲浇了30盆，乙 浇了75盆，丙浇了80盆，丁浇了90盆，请问： （1）恰好被3个人浇过的花最少有多少盆？ （2）恰好被1个人浇过的花最多有多少盆？ 度，每隔5厘米划一个刻度，每隔7厘米划一个刻度，如果按刻度把木棍截断，一共可以截成 多少段小木棍？,C:\Users\admin\Desktop\试卷分析project\参考教材\竞赛数学导引 五年级.pdf
5,竞赛数学导引 五年级,5,行程问题四,兴趣篇,interest,40,1,★,0.9943,False,51,medium,application,travel_chain,,行程问题四|application|travel_chain,5、6年级及以前高思导引拓展篇及以下难度 或 七年级及以上校内课本难度,low,auto,L2,False,一艘船在某条河流中顺水速度是每小时30千米，逆水速度是每小时24千米，那么 这条河的水速每小时多少千米？,C:\Users\admin\Desktop\试卷分析project\参考教材\竞赛数学导引 五年级.pdf
5,竞赛数学导引 五年级,5,行程问题四,兴趣篇,interest,40,2,★,0.9987,False,47,medium,application,travel_chain,,行程问题四|application|travel_chain,5、6年级及以前高思导引拓展篇及以下难度 或 七年级及以上校内课本难度,low,auto,L2,False,一条船顺流行驶40千米需要2小时.水流速度为每小时2千米.这条船逆流行驶40 千米需要多少小时？,C:\Users\admin\Desktop\试卷分析project\参考教材\竞赛数学导引 五年级.pdf
5,竞赛数学导引 五年级,5,行程问题四,兴趣篇,interest,40,3,★,0.998,False,70,medium,application,travel_chain,,行程问题四|application|travel_chain,5、6年级及以前高思导引拓展篇及以下难度 或 七年级及以上校内课本难度,low,auto,L2,False,两地相距480千米，一艘轮船在两地之间往返航行，顺流行驶一次需要16小时，逆 流返回需要20小时，该轮船在静水中的速度是多少？水流速度是多少？,C:\Users\admin\Desktop\试卷分析project\参考教材\竞赛数学导引 五年级.pdf
5,竞赛数学导引 五年级,5,行程问题四,兴趣篇,interest,41,4,★★,0.9987,False,84,medium,application,travel_chain,,行程问题四|application|travel_chain,5、6年级及以前高思导引拓展篇及以下难度 或 七年级及以上校内课本难度,low,auto,L2,False,A，B两港相距560千米，甲船在两港间往返一次需105小时，其中逆流航行比顺 流航行多用了35小时.乙船的静水速度是甲船静水速度的2倍，乙船在两港间往返一次需要 多少小时？,C:\Users\admin\Desktop\试卷分析project\参考教材\竞赛数学导引 五年级.pdf
5,竞赛数学导引 五年级,5,行程问题四,兴趣篇,interest,41,5,★★,0.9962,False,164,very_long,application,travel_chain,,行程问题四|application|travel_chain,5、6年级及以前高思导引拓展篇及以下难度 或 七年级及以上校内课本难度,low,auto,L3,False,A，B两个码头间的水路为90千米，其中A码头在上游，B码头在下游.第一天，水 速为每小时3千米，甲、乙两船分别从A，B两码头同时起航同向而行，3小时后乙船追上甲 船.已知甲船的静水速度为每小时18千米，那么乙船的静水速度是多少？第二天由于涨水，水 速变为每小时5千米，甲、乙两船分别从A，B两码头同时起航相向而行，出发多长时间后相遇？,C:\Users\admin\Desktop\试卷分析project\参考教材\竞赛数学导引 五年级.pdf
5,竞赛数学导引 五年级,5,行程问题四,兴趣篇,interest,41,6,★★,0.996,False,67,medium,application,travel_chain,,行程问题四|application|travel_chain,5、6年级及以前高思导引拓展篇及以下难度 或 七年级及以上校内课本难度,low,auto,L2,False,甲、乙两人在300米长的环形跑道上跑步，他俩同时同地同向出发，甲的速度是每 秒5米，乙的速度是每秒3米，那么过多少时间后甲第二次追上乙？,C:\Users\admin\Desktop\试卷分析project\参考教材\竞赛数学导引 五年级.pdf
5,竞赛数学导引 五年级,5,行程问题四,兴趣篇,interest,41,7,★★,0.9971,False,94,long,application,travel_chain,,行程问题四|application|travel_chain,5、6年级及以前高思导引拓展篇及以下难度 或 七年级及以上校内课本难度,low,auto,L2,False,甲、乙两人骑自行车从环形公路上同一地点同时出发，背向而行.这条公路长2400 米，甲骑一圈需要10分钟.如果第一次相遇时甲骑了1440米.请问：乙骑一圈需要多少分钟？ 再过多久他们第二次相遇？,C:\Users\admin\Desktop\试卷分析project\参考教材\竞赛数学导引 五年级.pdf
5,竞赛数学导引 五年级,5,行程问题四,兴趣篇,interest,41,8,★★,0.9976,False,107,long,application,travel_chain,,行程问题四|application|travel_chain,5、6年级及以前高思导引拓展篇及以下难度 或 七年级及以上校内课本难度,low,auto,L2,False,甲、乙两人在400米长的环形跑道上跑步.甲以每分钟300米的速度从起点跑出.1 分钟后，乙从起点同向跑出.又过了5分钟，甲追上乙.请问：乙每分钟跑多少米？如果他们的 速度保持不变，甲还需要再过多少分钟才能第二次追上乙？,C:\Users\admin\Desktop\试卷分析project\参考教材\竞赛数学导引 五年级.pdf
5,竞赛数学导引 五年级,5,行程问题四,兴趣篇,interest,42,9,★,0.9939,False,155,very_long,application,travel_chain,,行程问题四|application|travel_chain,5、6年级及以前高思导引拓展篇及以下难度 或 七年级及以上校内课本难度,low,auto,L3,False,甲、乙两人在环形跑道上训练，他们从同一地点同时出发，背向而行.两人相遇后立 即调头，继续前进.一开始甲的速度是每分钟160米，乙的速度是每分钟120米，调头后甲的 速度提高了一半，乙的速度提高了三分之一.若跑道长500米，甲、乙两人第一次相遇地点与 第二次相遇地点相距多远？（环形路线上两点的距离指沿跑道的最短距离）,C:\Users\admin\Desktop\试卷分析project\参考教材\竞赛数学导引 五年级.pdf
5,竞赛数学导引 五年级,5,行程问题四,兴趣篇,interest,42,10,,0.9859,True,115,long,application,travel_chain,has_diagram,行程问题四|application|travel_chain,5、6年级及以前高思导引拓展篇及以下难度 或 七年级及以上校内课本难度,low,review,L2,False,如图5-1，四边形ABCD是一个边长为100米的正方形，甲、乙两人同时从A点 出发，甲沿逆时针方向每分钟行75米，乙沿顺时针方向每分钟行45米.请问：两人第一次在 CD边（不包括C，D两点）上相遇，是出发以后的第几次相遇？ D C 图5-1,C:\Users\admin\Desktop\试卷分析project\参考教材\竞赛数学导引 五年级.pdf
5,竞赛数学导引 五年级,5,行程问题四,拓展篇,extension,42,1,★,0.9981,False,82,medium,application,,,行程问题四|application,5、6年级及以前高思导引拓展篇及以下难度 或 七年级及以上校内课本难度,mid,auto,L3,False,甲河是乙河的支流，甲河水速为每小时3千米，乙河水速为每小时2千米.一艘船沿 甲河顺水7小时后到达乙河，共航行133千米.这艘船在乙河逆水航行84千米，需要花多少 小时？,C:\Users\admin\Desktop\试卷分析project\参考教材\竞赛数学导引 五年级.pdf
5,竞赛数学导引 五年级,5,行程问题四,拓展篇,extension,42,2,★,0.9987,False,72,medium,application,,,行程问题四|application,5、6年级及以前高思导引拓展篇及以下难度 或 七年级及以上校内课本难度,mid,auto,L3,False,一艘飞艇，顺风6小时行驶了900千米；在同样的风速下，逆风行驶600千米，也用 了6小时.那么在无风的时候，这艘飞艇行驶1000千米要用多少小时？,C:\Users\admin\Desktop\试卷分析project\参考教材\竞赛数学导引 五年级.pdf
5,竞赛数学导引 五年级,5,行程问题四,拓展篇,extension,43,3,★★,0.9952,False,145,very_long,application,travel_chain,,行程问题四|application|travel_chain,5、6年级及以前高思导引拓展篇及以下难度 或 七年级及以上校内课本难度,mid,auto,L4,False,甲、乙两船分别从A港出发逆流而上驶向180千米外的B港，静水中甲船每小时 航行15千米，乙船每小时航行12千米，水流速度是每小时3千米.乙船出发后两小时，甲船 才出发，当甲船追上乙船的时候，甲已离开A港多少千米？若甲船到达B港之后立即返回， 则甲、乙两船相遇地点离刚才甲船追上乙船的地点多少千米？,C:\Users\admin\Desktop\试卷分析project\参考教材\竞赛数学导引 五年级.pdf
5,竞赛数学导引 五年级,5,行程问题四,拓展篇,extension,43,4,★,0.9935,False,172,very_long,application,travel_chain,,行程问题四|application|travel_chain,5、6年级及以前高思导引拓展篇及以下难度 或 七年级及以上校内课本难度,mid,auto,L4,False,一条小河流过A，B，C三镇.其中A，B两镇之间有汽船来往，汽船在静水中的速 度为每小时11千米；B，C两镇之间有木船摆渡，木船在静水中的速度为每小时3.5千米.已 知A，C两镇水路相距45千米，水流速度为每小时1.5千米.某人从A镇上船顺流而下到B 镇，吃午饭用去1小时，接着乘木船又顺流而下到C镇，共用了7小时.请问：A，B两镇间的 距离是多少千米？,C:\Users\admin\Desktop\试卷分析project\参考教材\竞赛数学导引 五年级.pdf
5,竞赛数学导引 五年级,5,行程问题四,拓展篇,extension,43,5,,0.985,False,112,long,application,,,行程问题四|application,5、6年级及以前高思导引拓展篇及以下难度 或 七年级及以上校内课本难度,mid,auto,L4,False,轮船从A城行驶到B城需要3天，而从B城回到A城需要4天.请问：在A城放出 一个无动力的木筏，它漂到B城需多少天？ 米，水速为每小时4千米.现在要求这艘游艇开出之后沿原路回港，而且中途没有油料补给. 请问：这艘游艇最多能够开出多远？,C:\Users\admin\Desktop\试卷分析project\参考教材\竞赛数学导引 五年级.pdf
5,竞赛数学导引 五年级,5,行程问题四,拓展篇,extension,43,7,,0.9888,False,90,long,application,travel_chain,,行程问题四|application|travel_chain,5、6年级及以前高思导引拓展篇及以下难度 或 七年级及以上校内课本难度,mid,auto,L4,False,某人在河里游泳，逆流而上.他在A处丢失一只水壶，向前又游了20分钟后，才发 现丢了水壶，立即返回追寻，在离A处2千米的地方追到.假定此人在静水中的游泳速度为每 分钟60米，求水流速度，,C:\Users\admin\Desktop\试卷分析project\参考教材\竞赛数学导引 五年级.pdf
5,竞赛数学导引 五年级,5,行程问题四,拓展篇,extension,44,8,★★,0.9951,False,101,long,application,travel_chain,,行程问题四|application|travel_chain,5、6年级及以前高思导引拓展篇及以下难度 或 七年级及以上校内课本难度,mid,auto,L4,False,黑、白两只小猫在周长为300米的湖边赛跑，黑猫的速度为每秒5米，白猫的速度 为每秒7米.若两只小猫同时从同一地点出发，背向而行.多少秒后两只小猫第一次相遇？如 果它们继续不停跑下去，2分钟内一共相遇多少次？,C:\Users\admin\Desktop\试卷分析project\参考教材\竞赛数学导引 五年级.pdf
5,竞赛数学导引 五年级,5,行程问题四,拓展篇,extension,44,9,,0.9975,False,97,long,application,travel_chain,,行程问题四|application|travel_chain,5、6年级及以前高思导引拓展篇及以下难度 或 七年级及以上校内课本难度,mid,auto,L4,False,在400米长的环形跑道上，甲、乙两人分别从A，B两地同时出发，同向而行.4分 钟后，甲第一次追上乙，又经过10分钟甲第二次追上乙.已知甲的速度是每秒3米，那么乙的 速度是多少？A，B两地相距多少米？,C:\Users\admin\Desktop\试卷分析project\参考教材\竞赛数学导引 五年级.pdf
5,竞赛数学导引 五年级,5,行程问题四,拓展篇,extension,44,10,,0.997,False,94,long,application,,,行程问题四|application,5、6年级及以前高思导引拓展篇及以下难度 或 七年级及以上校内课本难度,mid,auto,L4,False,有一个周长40米的圆形水池.甲沿着水池边散步，每秒钟走1米；乙沿着水池边 跑步，每秒钟跑3.5米.甲、乙两人从同一地点同时出发，同向而行.当乙第8次追上甲时，他 还需要跑多少米才能回到出发点？,C:\Users\admin\Desktop\试卷分析project\参考教材\竞赛数学导引 五年级.pdf
5,竞赛数学导引 五年级,5,行程问题四,拓展篇,extension,44,11,,0.9858,False,96,long,application,travel_chain,,行程问题四|application|travel_chain,5、6年级及以前高思导引拓展篇及以下难度 或 七年级及以上校内课本难度,mid,auto,L4,False,甲、乙两人在一条圆形跑道上锻炼.他们分别从跑道某条直径的两端同时出发，相 向而行.当乙走了100米时，他们第一次相遇.相遇后两人继续前进，在甲走完一周前60米处 第二次相遇.求这条圆形跑道的周长.,C:\Users\admin\Desktop\试卷分析project\参考教材\竞赛数学导引 五年级.pdf
5,竞赛数学导引 五年级,5,行程问题四,拓展篇,extension,44,12,,0.9818,True,154,very_long,application,travel_chain,has_diagram,行程问题四|application|travel_chain,5、6年级及以前高思导引拓展篇及以下难度 或 七年级及以上校内课本难度,mid,review,L4,False,如图5-2，甲、乙两辆汽车在周长为360米的圆形道上 行驶，甲车每分钟行驶20米.它们分别从相距90米的A，B两点 同时出发，背向而行，相遇后乙车立即返回，甲车不改变方向，当乙 车到达B点时，甲车经过B点后恰好又回到A点.此时甲车立即调 头前进，乙车经过B点继续行驶.请问：再过多少分钟甲车与乙车 再次相遇？ B 图5-2,C:\Users\admin\Desktop\试卷分析project\参考教材\竞赛数学导引 五年级.pdf
5,竞赛数学导引 五年级,5,行程问题四,拓展篇,extension,45,13,★,0.9012,True,138,very_long,application,travel_chain,has_diagram,行程问题四|application|travel_chain,5、6年级及以前高思导引拓展篇及以下难度 或 七年级及以上校内课本难度,mid,review,L4,False,如图5-3，学校操场的400米跑道中套着300米小跑道，大跑道与小跑道有200米 路程相重.甲以每秒6米的速度沿大跑道逆时针方向跑，乙以每秒4米的速度沿小跑道顺时针 方向跑，两人同时从两跑道的交点A处出发，当他们第二次在跑道上相遇时，甲共跑了多少米？ 里 甲一> 《个由 图5-3 图5-4,C:\Users\admin\Desktop\试卷分析project\参考教材\竞赛数学导引 五年级.pdf
5,竞赛数学导引 五年级,5,行程问题四,拓展篇,extension,45,14,,0.9896,True,41,short,application,,has_diagram,行程问题四|application,5、6年级及以前高思导引拓展篇及以下难度 或 七年级及以上校内课本难度,mid,review,L3,False,如图5－4，一个正方形房屋的边长为10米.甲、乙两人分别从房屋的两个墙角同 看见乙？,C:\Users\admin\Desktop\试卷分析project\参考教材\竞赛数学导引 五年级.pdf
5,竞赛数学导引 五年级,5,行程问题四,超越篇,challenge,"45,46",1,★,0.9969,False,235,very_long,application,travel_chain,cross_page_question,行程问题四|application|travel_chain,高思导引超越篇难度,high,review,L4,False,甲、乙两艘游船顺水航行的速度均是每小时7千米，逆水航行的速度均是每小时5 千米.现在甲、乙两船从某地同时出发，甲先逆流而上再顺流而下，乙先顺流而下再逆流而上， 1小时后它们都回到了出发点.请问：在这1小时内有多少分钟两船的行进方向相同？ 上.相遇时，甲、乙两船的航程是相等的.相遇后两船继续前进.甲船到达B地、乙船到达A地 后，都立即按原来的路线返航，两船第二次相遇时，甲船比乙船少行1000米.如果从两船第一 次相遇到第二次相遇间隔1小时20分，那么河水的流速为每小时多少千米？,C:\Users\admin\Desktop\试卷分析project\参考教材\竞赛数学导引 五年级.pdf
5,竞赛数学导引 五年级,5,行程问题四,超越篇,challenge,46,3,,0.9874,False,93,long,application,travel_chain,,行程问题四|application|travel_chain,高思导引超越篇难度,high,auto,L4,False,一条河上有甲、乙两个码头，甲码头在乙码头的上游50千米处.一艘客船和一艘 货船分别从甲、乙两码头同时出发向上游行驶，两船的静水速度相同.客船出发时有一物品从 时恰好和货船相遇.求水流的速度。,C:\Users\admin\Desktop\试卷分析project\参考教材\竞赛数学导引 五年级.pdf
5,竞赛数学导引 五年级,5,行程问题四,超越篇,challenge,46,4,,0.998,False,85,medium,application,reverse_process|travel_chain,,行程问题四|application|reverse_process|travel_chain,高思导引超越篇难度,high,auto,L4,False,在一条圆形跑道上，甲、乙两人分别从A，B两点同时出发，反向而行.6分钟后两 人相遇，再过4分钟甲到达B点，又过8分钟两人再次相遇.则甲、乙两人绕跑道环行一周各 需要多少分钟？,C:\Users\admin\Desktop\试卷分析project\参考教材\竞赛数学导引 五年级.pdf
5,竞赛数学导引 五年级,5,行程问题四,超越篇,challenge,46,5,,0.972,False,122,very_long,application,reverse_process|travel_chain,,行程问题四|application|reverse_process|travel_chain,高思导引超越篇难度,high,auto,L4,False,有一条长度为4200米的环形车道，甲车从A点出发35秒后，乙车从A点反向出 向，那么乙车将在行驶完一圈之前追上甲车，并且追上甲车的地点恰好还在B点.乙车追上甲 车之后立刻折返，甲车继续前进，那么两车会在距离A点300米的地方迎面相遇.求乙车的 速度。,C:\Users\admin\Desktop\试卷分析project\参考教材\竞赛数学导引 五年级.pdf
5,竞赛数学导引 五年级,5,行程问题四,超越篇,challenge,47,6,,0.9886,True,171,very_long,application,travel_chain,has_diagram,行程问题四|application|travel_chain,高思导引超越篇难度,high,review,L4,False,如图5-5，8时10分，甲、乙两人分别从相 ←由 距60米的A，B两地出发，按顺时针方向沿长方形 ABCD的边走向D点.甲、乙两人的速度相同.甲8时20 分到D点后，丙、丁两人立即从D点出发.丙由D向A 走去，8时24分与乙在E点相遇；丁由D向C走去，8↑ 时30分在F点被乙追上.丙、丁两人的速度也相同.问：乙B 三角形BEF的面积是多少平方米？ 图5-5,C:\Users\admin\Desktop\试卷分析project\参考教材\竞赛数学导引 五年级.pdf
5,竞赛数学导引 五年级,5,行程问题四,超越篇,challenge,47,7,,0.993,False,160,very_long,application,travel_chain,,行程问题四|application|travel_chain,高思导引超越篇难度,high,auto,L4,False,A地位于河流的上游，B地位于河流的下游.每天早上，甲船从A地、乙船从B地 同时出发相向而行.从12月1号开始，两船都装上了新的发动机，在静水中的速度变为原来 的1.5倍，这时两船的相遇地点与平时相比变化了1千米.由于天气原因，今天（12月6号）的 水速变为平时的2倍.试问：今天两船的相遇地点与12月2号相比，将变化多少千米？,C:\Users\admin\Desktop\试卷分析project\参考教材\竞赛数学导引 五年级.pdf
5,竞赛数学导引 五年级,5,行程问题四,超越篇,challenge,47,8,,0.9768,True,215,very_long,application,travel_chain,has_diagram,行程问题四|application|travel_chain,高思导引超越篇难度,high,review,L4,False,有甲、乙两名选手在一条河中进行划船比赛.如图5-6，赛道是在河中央的长方形 ABCD，其中，AD=100米，AB=80米.已知水流从左到右，速度为每秒1米.甲、乙两名选手 从A处同时出发，甲沿A→B→C→D→A的方向划行，乙沿A→D→C→B→A的方向划行.若 已知甲船在静水中的速度比乙船在静水中的速度每秒快1米 (注：两船在AB和CD上的划行速度视为静水速度)，且两人B C P 河流 CD.问：在比赛开 D 始5分钟内两人一共相遇多少次？ 图5-6,C:\Users\admin\Desktop\试卷分析project\参考教材\竞赛数学导引 五年级.pdf
5,竞赛数学导引 五年级,6,几何计数,兴趣篇,interest,48,1,★,0.9666,True,81,medium,geometry,,has_diagram,几何计数|geometry,5、6年级及以前高思导引拓展篇及以下难度 或 七年级及以上校内课本难度,low,review,L1,False,如图6-1，线段AB，BC，CD，DE的长度都是3厘米.请问：图中一共有多少条线 段？这些线段的长度之和是多少厘米？ 3厘米 3厘米 3厘米 3厘米 人 B C D 图6-1 图6-2,C:\Users\admin\Desktop\试卷分析project\参考教材\竞赛数学导引 五年级.pdf
5,竞赛数学导引 五年级,6,几何计数,兴趣篇,interest,48,2,★★,0.9856,True,121,very_long,geometry,,has_diagram,几何计数|geometry,5、6年级及以前高思导引拓展篇及以下难度 或 七年级及以上校内课本难度,low,review,L3,False,小明把巧克力棒摆成了如图6-2所示的形状，其中每一条小短边代表一个巧克力 棒.请问： （1）一共有多少个巧克力棒？ （2）这些巧克力棒共构成了多少个三角形？ (3）嘴馋的小明吃掉一个巧克力棒后（图中两端带有箭头的小边)，剩下的图形中还有多 少个三角形？,C:\Users\admin\Desktop\试卷分析project\参考教材\竞赛数学导引 五年级.pdf
5,竞赛数学导引 五年级,6,几何计数,兴趣篇,interest,49,3,,0.983,True,85,medium,geometry,,has_diagram,几何计数|geometry,5、6年级及以前高思导引拓展篇及以下难度 或 七年级及以上校内课本难度,low,review,L1,False,如图6-3，它是由18个大小相同的小正三角形拼成的四边形，其中某些相邻的小 正三角形可以拼成较大的正三角形.图中包含“￥”的各种大小的正三角形一共有多少个？ 图6-3 图6-4,C:\Users\admin\Desktop\试卷分析project\参考教材\竞赛数学导引 五年级.pdf
5,竞赛数学导引 五年级,6,几何计数,兴趣篇,interest,49,4,,0.9822,False,18,short,geometry,,,几何计数|geometry,5、6年级及以前高思导引拓展篇及以下难度 或 七年级及以上校内课本难度,low,auto,L1,False,数一数，图6-4中共有多少个三角形？,C:\Users\admin\Desktop\试卷分析project\参考教材\竞赛数学导引 五年级.pdf
5,竞赛数学导引 五年级,6,几何计数,兴趣篇,interest,49,5,★★,0.9868,True,35,short,geometry,,has_diagram,几何计数|geometry,5、6年级及以前高思导引拓展篇及以下难度 或 七年级及以上校内课本难度,low,review,L1,False,如图6-5，在一个4×4的方格表中，共有多少个正方形？ 图6-5 图6-6,C:\Users\admin\Desktop\试卷分析project\参考教材\竞赛数学导引 五年级.pdf
5,竞赛数学导引 五年级,6,几何计数,兴趣篇,interest,49,6,,0.9874,True,26,short,geometry,,has_diagram,几何计数|geometry,5、6年级及以前高思导引拓展篇及以下难度 或 七年级及以上校内课本难度,low,review,L1,False,如图6-6，数一数图中一共有多少条线段？多少个矩形？,C:\Users\admin\Desktop\试卷分析project\参考教材\竞赛数学导引 五年级.pdf
5,竞赛数学导引 五年级,6,几何计数,兴趣篇,interest,49,7,,0.9847,True,49,medium,geometry,,has_diagram,几何计数|geometry,5、6年级及以前高思导引拓展篇及以下难度 或 七年级及以上校内课本难度,low,review,L1,False,如图6-7，AB，CD，EF，MN互相平行，则图中梯形个数与三角形个数的差是多少？ 图6-7 图6-8,C:\Users\admin\Desktop\试卷分析project\参考教材\竞赛数学导引 五年级.pdf
5,竞赛数学导引 五年级,6,几何计数,兴趣篇,interest,49,8,,0.9937,True,52,medium,geometry,,has_diagram,几何计数|geometry,5、6年级及以前高思导引拓展篇及以下难度 或 七年级及以上校内课本难度,low,review,L1,False,如图6-8，125个黑色与白色小立方体相间排列拼成了一个大立方体，其中露在表 面上的黑色小立方体有多少个？,C:\Users\admin\Desktop\试卷分析project\参考教材\竞赛数学导引 五年级.pdf
5,竞赛数学导引 五年级,6,几何计数,兴趣篇,interest,49,9,★★,0.9956,False,25,short,geometry,,,几何计数|geometry,5、6年级及以前高思导引拓展篇及以下难度 或 七年级及以上校内课本难度,low,auto,L1,False,平面上有9个点，以这些点为顶点可以连出多少条线段？,C:\Users\admin\Desktop\试卷分析project\参考教材\竞赛数学导引 五年级.pdf
5,竞赛数学导引 五年级,6,几何计数,兴趣篇,interest,50,10,★,0.9654,True,27,short,geometry,,has_diagram,几何计数|geometry,5、6年级及以前高思导引拓展篇及以下难度 或 七年级及以上校内课本难度,low,review,L1,False,如图6-9，在2×3的长方形中，每个小正方形的面积都是,C:\Users\admin\Desktop\试卷分析project\参考教材\竞赛数学导引 五年级.pdf
5,竞赛数学导引 五年级,6,几何计数,兴趣篇,interest,50,1,,0.9967,False,39,short,geometry,,,几何计数|计数问题|geometry,5、6年级及以前高思导引拓展篇及以下难度 或 七年级及以上校内课本难度,low,auto,L1,False,请问：以A，B，C，D，E，F，G为顶点且面积为1的三角形共有多 少个？ 图6-9,C:\Users\admin\Desktop\试卷分析project\参考教材\竞赛数学导引 五年级.pdf
5,竞赛数学导引 五年级,6,几何计数,拓展篇,extension,50,1,,0.9927,True,36,short,geometry,,has_diagram,几何计数|geometry,5、6年级及以前高思导引拓展篇及以下难度 或 七年级及以上校内课本难度,mid,review,L3,False,如图6-10，数一数，图中有多少个三角形？ 图6-10 图6-11 图6-12,C:\Users\admin\Desktop\试卷分析project\参考教材\竞赛数学导引 五年级.pdf
5,竞赛数学导引 五年级,6,几何计数,拓展篇,extension,50,2,★★,0.9703,True,31,short,geometry,,has_diagram,几何计数|geometry,5、6年级及以前高思导引拓展篇及以下难度 或 七年级及以上校内课本难度,mid,review,L3,False,如图6-11和6-12，数一数，两个图形中分别有多少个三角形？,C:\Users\admin\Desktop\试卷分析project\参考教材\竞赛数学导引 五年级.pdf
5,竞赛数学导引 五年级,6,几何计数,拓展篇,extension,50,3,,0.9908,True,33,short,geometry,,has_diagram,几何计数|geometry,5、6年级及以前高思导引拓展篇及以下难度 或 七年级及以上校内课本难度,mid,review,L3,False,如图6-13，数一数下面的三个图形中分别有多少个三角形？ 图6-13,C:\Users\admin\Desktop\试卷分析project\参考教材\竞赛数学导引 五年级.pdf
5,竞赛数学导引 五年级,6,几何计数,拓展篇,extension,50,4,★,0.989,True,31,short,geometry,,has_diagram,几何计数|geometry,5、6年级及以前高思导引拓展篇及以下难度 或 七年级及以上校内课本难度,mid,review,L3,False,如图6-14，数一数，图中有多少个三角形？ 图6-14 图6-15,C:\Users\admin\Desktop\试卷分析project\参考教材\竞赛数学导引 五年级.pdf
5,竞赛数学导引 五年级,6,几何计数,拓展篇,extension,50,5,,0.9759,True,36,short,geometry,,has_diagram,几何计数|geometry,5、6年级及以前高思导引拓展篇及以下难度 或 七年级及以上校内课本难度,mid,review,L3,False,如图6-15，数一数，图中共有多少个长方形？（正方形是一种特殊的长方形）,C:\Users\admin\Desktop\试卷分析project\参考教材\竞赛数学导引 五年级.pdf
5,竞赛数学导引 五年级,6,几何计数,拓展篇,extension,51,6,,0.9961,True,72,medium,geometry,,has_diagram,几何计数|geometry,5、6年级及以前高思导引拓展篇及以下难度 或 七年级及以上校内课本难度,mid,review,L3,False,如图6-16，四条边长度都相等的四边形称为菱形.用16个同样大小的菱形组成如 图所示的一个大菱形.数一数，图中共有多少个菱形？ 图6-16 图6-17,C:\Users\admin\Desktop\试卷分析project\参考教材\竞赛数学导引 五年级.pdf
5,竞赛数学导引 五年级,6,几何计数,拓展篇,extension,51,7,,0.9946,True,75,medium,geometry,,has_diagram,几何计数|geometry,5、6年级及以前高思导引拓展篇及以下难度 或 七年级及以上校内课本难度,mid,review,L3,False,如图6-17，这是一个长为9，宽为4的网格，每一个小格都是一个正方形.请问： （1）从中可以数出多少个长方形？ （2）从中可以数出多少个包含黑点的长方形？,C:\Users\admin\Desktop\试卷分析project\参考教材\竞赛数学导引 五年级.pdf
5,竞赛数学导引 五年级,6,几何计数,拓展篇,extension,51,8,★,0.9851,True,32,short,geometry,,has_diagram,几何计数|geometry,5、6年级及以前高思导引拓展篇及以下难度 或 七年级及以上校内课本难度,mid,review,L3,False,如图6-18，数一数，图中共有多少个长方形？ 图6-18 图6-19,C:\Users\admin\Desktop\试卷分析project\参考教材\竞赛数学导引 五年级.pdf
5,竞赛数学导引 五年级,6,几何计数,拓展篇,extension,51,9,,0.982,True,24,short,geometry,,has_diagram,几何计数|geometry,5、6年级及以前高思导引拓展篇及以下难度 或 七年级及以上校内课本难度,mid,review,L3,False,如图6-19，数一数，图中共有多少个平行四边形？,C:\Users\admin\Desktop\试卷分析project\参考教材\竞赛数学导引 五年级.pdf
5,竞赛数学导引 五年级,6,几何计数,拓展篇,extension,51,10,,0.9957,True,60,medium,geometry,,has_diagram,几何计数|geometry,5、6年级及以前高思导引拓展篇及以下难度 或 七年级及以上校内课本难度,mid,review,L3,False,如图6-20，18个大小相同的小正三角形拼成了一个平行四边形.数一数，图中共 有多少个梯形？ 图6-20 图6-21 图6-22,C:\Users\admin\Desktop\试卷分析project\参考教材\竞赛数学导引 五年级.pdf
5,竞赛数学导引 五年级,6,几何计数,拓展篇,extension,51,11,★★,0.9878,True,49,medium,geometry,,has_diagram,几何计数|geometry,5、6年级及以前高思导引拓展篇及以下难度 或 七年级及以上校内课本难度,mid,review,L3,False,如图6-21，木板上钉着12枚钉子，排成三行四列的长方阵.用橡皮筋一共可以套 出多少个不同的三角形？,C:\Users\admin\Desktop\试卷分析project\参考教材\竞赛数学导引 五年级.pdf
5,竞赛数学导引 五年级,6,几何计数,拓展篇,extension,51,12,★,0.9751,True,39,short,geometry,,has_diagram,几何计数|geometry,5、6年级及以前高思导引拓展篇及以下难度 或 七年级及以上校内课本难度,mid,review,L3,False,如图6-22，方格纸上放了20枚棋子，以这些棋子为顶点，可以连出多少个正方形？,C:\Users\admin\Desktop\试卷分析project\参考教材\竞赛数学导引 五年级.pdf
5,竞赛数学导引 五年级,6,几何计数,拓展篇,extension,52,13,,0.9934,True,85,medium,geometry,,has_diagram,几何计数|geometry,5、6年级及以前高思导引拓展篇及以下难度 或 七年级及以上校内课本难度,mid,review,L3,False,一个平面封闭图形，只要组成它的边中有一条边不是直线段，就将这个图形称为 曲边形，例如圆、半圆、扇形等都是曲边形.在图6－23中，共有多少个不同的曲边形？ 图6-23 图6-24,C:\Users\admin\Desktop\试卷分析project\参考教材\竞赛数学导引 五年级.pdf
5,竞赛数学导引 五年级,6,几何计数,拓展篇,extension,52,14,,0.9913,True,55,medium,geometry,,has_diagram,几何计数|计数问题|geometry,5、6年级及以前高思导引拓展篇及以下难度 或 七年级及以上校内课本难度,mid,review,L3,False,如图6-24，一个2X3的网格中，每个小正方形的面积都是1.以这些格点为顶 点，可以连成多少个面积为1的三角形？,C:\Users\admin\Desktop\试卷分析project\参考教材\竞赛数学导引 五年级.pdf
5,竞赛数学导引 五年级,6,几何计数,超越篇,challenge,52,1,★,0.9749,False,52,medium,geometry,,,几何计数|geometry,高思导引超越篇难度,high,auto,L4,False,图6-25是一个等边三角形的点阵.以这些点为顶点，可以画出 多少个等腰三角形（包括等边三角形）？ 图6-25,C:\Users\admin\Desktop\试卷分析project\参考教材\竞赛数学导引 五年级.pdf
5,竞赛数学导引 五年级,6,几何计数,超越篇,challenge,52,2,,0.9921,True,33,short,geometry,,has_diagram,几何计数|geometry,高思导引超越篇难度,high,review,L4,False,如图6-26，数一数，图中共有多少个三角形？ ★ 图6-26 图6-27,C:\Users\admin\Desktop\试卷分析project\参考教材\竞赛数学导引 五年级.pdf
5,竞赛数学导引 五年级,6,几何计数,超越篇,challenge,52,3,★,0.9707,True,76,medium,geometry,,has_diagram,几何计数|geometry,高思导引超越篇难度,high,review,L4,False,如图6-27，这是一个4×8的矩形网格，每一个小格都是一个正方形.请问： （1）包含有两个“★”的矩形共有多少个？ （2）至少包含一个“★”的矩形有多少个？,C:\Users\admin\Desktop\试卷分析project\参考教材\竞赛数学导引 五年级.pdf
5,竞赛数学导引 五年级,6,几何计数,超越篇,challenge,53,4,★,0.9902,True,91,long,geometry,,has_diagram,几何计数|geometry,高思导引超越篇难度,high,review,L4,False,如图6-28，在图中的3×3正方形格子中，格线的交点称为格点.例如：A，B，C这 3个点都是格点.那么，以格点为顶点，且完全覆盖了阴影部分小方格的三角形共有多少个？ 图6-28 图6-29,C:\Users\admin\Desktop\试卷分析project\参考教材\竞赛数学导引 五年级.pdf
5,竞赛数学导引 五年级,6,几何计数,超越篇,challenge,53,5,,0.99,True,36,short,geometry,,has_diagram,几何计数|geometry,高思导引超越篇难度,high,review,L4,False,如图6-29，用12个点将圆周12等分.以这些点为顶点的梯形共有多少个？,C:\Users\admin\Desktop\试卷分析project\参考教材\竞赛数学导引 五年级.pdf
5,竞赛数学导引 五年级,6,几何计数,超越篇,challenge,53,6,,0.9944,True,85,medium,geometry,,has_diagram,几何计数|geometry,高思导引超越篇难度,high,review,L4,False,一个平面封闭图形，只要组成它的边中有一条边不是直线段，就将这个图形称为 曲边形，例如圆、半圆、扇形等都是曲边形.在图6－30中，共有多少个不同的曲边形？ 图6-30 图6-31,C:\Users\admin\Desktop\试卷分析project\参考教材\竞赛数学导引 五年级.pdf
5,竞赛数学导引 五年级,6,几何计数,超越篇,challenge,53,7,,0.9924,True,50,medium,geometry,,has_diagram,几何计数|geometry,高思导引超越篇难度,high,review,L4,False,如图6-31，木板上钉着16枚钉子，排成四行四列的方阵.用橡皮筋一共可以套出 多少个不同的等腰三角形？,C:\Users\admin\Desktop\试卷分析project\参考教材\竞赛数学导引 五年级.pdf
5,竞赛数学导引 五年级,6,几何计数,超越篇,challenge,53,8,,0.9874,True,118,long,geometry,,has_diagram,几何计数|计数问题|geometry,高思导引超越篇难度,high,review,L4,False,如图6-32，在3×3的方格表内，每个小正方形的面积均为1.请问： （1）以格点为顶点共可以连出多少个面积为4的三角形？ （2）以格点为顶点共可以连出多少个面积为3的三角形？ （3）以格点为顶点共可以连出多少个面积为1.5的三角形？ 图6-32,C:\Users\admin\Desktop\试卷分析project\参考教材\竞赛数学导引 五年级.pdf
5,竞赛数学导引 五年级,7,约数与倍数,兴趣篇,interest,54,1,★,0.9618,False,42,short,number_theory,,,约数与倍数|number_theory,5、6年级及以前高思导引拓展篇及以下难度 或 七年级及以上校内课本难度,low,auto,L1,False,(1)请写出4个24的约数；(2)请写出4个24的倍数；(3)请写出24的所有约数.,C:\Users\admin\Desktop\试卷分析project\参考教材\竞赛数学导引 五年级.pdf
5,竞赛数学导引 五年级,7,约数与倍数,兴趣篇,interest,54,2,★,0.9618,False,29,short,number_theory,,,约数与倍数|number_theory,5、6年级及以前高思导引拓展篇及以下难度 或 七年级及以上校内课本难度,low,auto,L1,False,(1)请写出105的所有约数；(2)请写出72的所有约数.,C:\Users\admin\Desktop\试卷分析project\参考教材\竞赛数学导引 五年级.pdf
5,竞赛数学导引 五年级,7,约数与倍数,兴趣篇,interest,54,3,★★,0.974,False,30,short,number_theory,,,约数与倍数|number_theory,5、6年级及以前高思导引拓展篇及以下难度 或 七年级及以上校内课本难度,low,auto,L1,False,（1)20000的约数有多少个？（2)720的约数有多少个？,C:\Users\admin\Desktop\试卷分析project\参考教材\竞赛数学导引 五年级.pdf
5,竞赛数学导引 五年级,7,约数与倍数,兴趣篇,interest,54,4,★★,0.906,False,49,medium,calculation,,,约数与倍数|calculation,5、6年级及以前高思导引拓展篇及以下难度 或 七年级及以上校内课本难度,low,auto,L1,False,计算：(1)(28，72)，[28，72]；(2)(28，44，260)，[28，44，260].,C:\Users\admin\Desktop\试卷分析project\参考教材\竞赛数学导引 五年级.pdf
5,竞赛数学导引 五年级,7,约数与倍数,兴趣篇,interest,55,5,★★,0.9741,False,22,short,number_theory,,,约数与倍数|number_theory,5、6年级及以前高思导引拓展篇及以下难度 或 七年级及以上校内课本难度,low,auto,L1,False,两个数的差是6，它们的最大公约数可能是多少？,C:\Users\admin\Desktop\试卷分析project\参考教材\竞赛数学导引 五年级.pdf
5,竞赛数学导引 五年级,7,约数与倍数,兴趣篇,interest,55,6,★★,0.9521,False,51,medium,number_theory,,,约数与倍数|number_theory,5、6年级及以前高思导引拓展篇及以下难度 或 七年级及以上校内课本难度,low,auto,L1,False,（1）求1085和1178的最大公约数和最小公倍数； (2）求3553，3910和1411的最大公约数.,C:\Users\admin\Desktop\试卷分析project\参考教材\竞赛数学导引 五年级.pdf
5,竞赛数学导引 五年级,7,约数与倍数,兴趣篇,interest,55,7,★★,0.9946,False,84,medium,number_theory,,,约数与倍数|number_theory,5、6年级及以前高思导引拓展篇及以下难度 或 七年级及以上校内课本难度,low,auto,L1,False,教师节到了，校工会买了320个苹果、240个橘子、200个香蕉来慰问退休老职工. 请问：用这些水果最多可以分成多少份同样的礼物？在每份礼物中，苹果、橘子、香蕉各有多 少个？,C:\Users\admin\Desktop\试卷分析project\参考教材\竞赛数学导引 五年级.pdf
5,竞赛数学导引 五年级,7,约数与倍数,兴趣篇,interest,55,8,★,0.9876,False,70,medium,geometry,,,约数与倍数|geometry,5、6年级及以前高思导引拓展篇及以下难度 或 七年级及以上校内课本难度,low,auto,L1,False,一块长方形草地，长120米，宽90米.现在在它的四周种树，要求四个角和各边中 点都种树，且相邻两棵树之间的距离都相等.请问：最少要种多少棵树？,C:\Users\admin\Desktop\试卷分析project\参考教材\竞赛数学导引 五年级.pdf
5,竞赛数学导引 五年级,7,约数与倍数,兴趣篇,interest,55,9,★★,0.9878,False,39,short,number_theory,,,约数与倍数|number_theory,5、6年级及以前高思导引拓展篇及以下难度 或 七年级及以上校内课本难度,low,auto,L1,False,甲数和乙数的最大公约数是6，最小公倍数是90.如果甲数是18，那么乙数是多少？,C:\Users\admin\Desktop\试卷分析project\参考教材\竞赛数学导引 五年级.pdf
5,竞赛数学导引 五年级,7,约数与倍数,兴趣篇,interest,55,10,★★,0.9845,False,36,short,number_theory,,,约数与倍数|number_theory,5、6年级及以前高思导引拓展篇及以下难度 或 七年级及以上校内课本难度,low,auto,L1,False,墨莫和小高在黑板上各写了一个自然数，它们的最大公约数是42，最小公倍数是,C:\Users\admin\Desktop\试卷分析project\参考教材\竞赛数学导引 五年级.pdf
5,竞赛数学导引 五年级,7,约数与倍数,兴趣篇,interest,55,168,,0.9994,False,12,short,number_theory,,,约数与倍数|数论问题|number_theory,5、6年级及以前高思导引拓展篇及以下难度 或 七年级及以上校内课本难度,low,auto,L1,False,那么这两个数的和是多少？,C:\Users\admin\Desktop\试卷分析project\参考教材\竞赛数学导引 五年级.pdf
5,竞赛数学导引 五年级,7,约数与倍数,拓展篇,extension,55,1,★★,0.9599,False,24,short,number_theory,,,约数与倍数|number_theory,5、6年级及以前高思导引拓展篇及以下难度 或 七年级及以上校内课本难度,mid,auto,L3,False,72共有多少个约数？其中有多少个约数是3的倍数？,C:\Users\admin\Desktop\试卷分析project\参考教材\竞赛数学导引 五年级.pdf
5,竞赛数学导引 五年级,7,约数与倍数,拓展篇,extension,56,2,,0.9947,False,29,short,number_theory,,,约数与倍数|number_theory,5、6年级及以前高思导引拓展篇及以下难度 或 七年级及以上校内课本难度,mid,auto,L3,False,5400共有多少个约数？求出所有约数乘积的质因数分解形式.,C:\Users\admin\Desktop\试卷分析project\参考教材\竞赛数学导引 五年级.pdf
5,竞赛数学导引 五年级,7,约数与倍数,拓展篇,extension,56,3,,0.9978,False,74,medium,number_theory,,,约数与倍数|number_theory,5、6年级及以前高思导引拓展篇及以下难度 或 七年级及以上校内课本难度,mid,auto,L3,False,有甲、乙两个数，它们的最小公倍数是甲数的27倍.已知甲数是2，4，6，8，10， 12，14，16的倍数，但不是18的倍数；乙数是两位数.乙数是多少？,C:\Users\admin\Desktop\试卷分析project\参考教材\竞赛数学导引 五年级.pdf
5,竞赛数学导引 五年级,7,约数与倍数,拓展篇,extension,56,4,,0.999,False,45,medium,number_theory,,,约数与倍数|number_theory,5、6年级及以前高思导引拓展篇及以下难度 或 七年级及以上校内课本难度,mid,auto,L3,False,两数乘积为2800，已知其中一个数的约数个数比另一个数的约数个数多1.这两个 数分别是多少？,C:\Users\admin\Desktop\试卷分析project\参考教材\竞赛数学导引 五年级.pdf
5,竞赛数学导引 五年级,7,约数与倍数,拓展篇,extension,56,5,★★,0.9014,False,50,medium,calculation,,,约数与倍数|calculation,5、6年级及以前高思导引拓展篇及以下难度 或 七年级及以上校内课本难度,mid,auto,L3,False,计算：(1)(391，357)，[391，357]；(2)(18，24，36)，[18，24，36],C:\Users\admin\Desktop\试卷分析project\参考教材\竞赛数学导引 五年级.pdf
5,竞赛数学导引 五年级,7,约数与倍数,拓展篇,extension,56,6,★★,0.9823,False,37,short,number_theory,,,约数与倍数|number_theory,5、6年级及以前高思导引拓展篇及以下难度 或 七年级及以上校内课本难度,mid,auto,L3,False,1547，1573，1859这三个数的最大公约数是多少？最小公倍数是多少？,C:\Users\admin\Desktop\试卷分析project\参考教材\竞赛数学导引 五年级.pdf
5,竞赛数学导引 五年级,7,约数与倍数,拓展篇,extension,56,7,★★,0.9929,False,71,medium,number_theory,,,约数与倍数|number_theory,5、6年级及以前高思导引拓展篇及以下难度 或 七年级及以上校内课本难度,mid,auto,L3,False,张阿姨把225个苹果、350个梨和150个橘子平均分给小朋友们，最后剩下9个苹 果、26个梨和6个橘子没分出去.请问：每个小朋友分了多少个苹果？,C:\Users\admin\Desktop\试卷分析project\参考教材\竞赛数学导引 五年级.pdf
5,竞赛数学导引 五年级,7,约数与倍数,拓展篇,extension,56,8,★★,0.972,False,31,short,number_theory,,,约数与倍数|number_theory,5、6年级及以前高思导引拓展篇及以下难度 或 七年级及以上校内课本难度,mid,auto,L3,False,一个数和16的最大公约数是8，最小公倍数是80.这个数是多少？,C:\Users\admin\Desktop\试卷分析project\参考教材\竞赛数学导引 五年级.pdf
5,竞赛数学导引 五年级,7,约数与倍数,拓展篇,extension,57,9,,0.9987,False,44,short,number_theory,,,约数与倍数|number_theory,5、6年级及以前高思导引拓展篇及以下难度 或 七年级及以上校内课本难度,mid,auto,L3,False,两个自然数不成倍数关系，它们的最大公约数是18，最小公倍数是216.这两个数 分别是多少？,C:\Users\admin\Desktop\试卷分析project\参考教材\竞赛数学导引 五年级.pdf
5,竞赛数学导引 五年级,7,约数与倍数,拓展篇,extension,57,10,★,0.9874,False,43,short,number_theory,,,约数与倍数|number_theory,5、6年级及以前高思导引拓展篇及以下难度 或 七年级及以上校内课本难度,mid,auto,L3,False,两个数的最大公约数是6，最小公倍数是420，如果这两个数相差18，那么较小的 数是多少？,C:\Users\admin\Desktop\试卷分析project\参考教材\竞赛数学导引 五年级.pdf
5,竞赛数学导引 五年级,7,约数与倍数,拓展篇,extension,57,11,,0.9964,False,59,medium,number_theory,,,约数与倍数|number_theory,5、6年级及以前高思导引拓展篇及以下难度 或 七年级及以上校内课本难度,mid,auto,L3,False,卡莉娅、小高、萱萱在黑板上各写了一个自然数，这三个自然数的最大公约数是 35，最小公倍数是70.这三个数的和可能是多少？,C:\Users\admin\Desktop\试卷分析project\参考教材\竞赛数学导引 五年级.pdf
5,竞赛数学导引 五年级,7,约数与倍数,拓展篇,extension,57,12,,0.9976,False,38,short,number_theory,,,约数与倍数|number_theory,5、6年级及以前高思导引拓展篇及以下难度 或 七年级及以上校内课本难度,mid,auto,L3,False,有4个不同的正整数，它们的和是1111.请问：它们的最大公约数最大能是多少？,C:\Users\admin\Desktop\试卷分析project\参考教材\竞赛数学导引 五年级.pdf
5,竞赛数学导引 五年级,7,约数与倍数,拓展篇,extension,57,13,★,0.9935,False,59,medium,number_theory,,,约数与倍数|number_theory,5、6年级及以前高思导引拓展篇及以下难度 或 七年级及以上校内课本难度,mid,auto,L3,False,甲、乙两个数的最小公倍数是90，乙、丙两个数的最小公倍数是105，甲、丙两个数 的最小公倍数是126.请问：甲数是多少？,C:\Users\admin\Desktop\试卷分析project\参考教材\竞赛数学导引 五年级.pdf
5,竞赛数学导引 五年级,7,约数与倍数,拓展篇,extension,57,14,,0.9964,False,62,medium,number_theory,,,约数与倍数|数论问题|number_theory,5、6年级及以前高思导引拓展篇及以下难度 或 七年级及以上校内课本难度,mid,auto,L3,False,甲、乙是两个不同的自然数.它们都只含有质因数2和3，并且都有12个约数.它 们的最大公约数是12.请问：甲、乙两数之和是多少？,C:\Users\admin\Desktop\试卷分析project\参考教材\竞赛数学导引 五年级.pdf
5,竞赛数学导引 五年级,7,约数与倍数,超越篇,challenge,58,1,,0.9926,False,25,short,number_theory,,,约数与倍数|number_theory,高思导引超越篇难度,high,auto,L4,False,360共有多少个奇约数？所有这些奇约数的和是多少？,C:\Users\admin\Desktop\试卷分析project\参考教材\竞赛数学导引 五年级.pdf
5,竞赛数学导引 五年级,7,约数与倍数,超越篇,challenge,58,2,,0.9905,False,32,short,number_theory,,,约数与倍数|number_theory,高思导引超越篇难度,high,auto,L4,False,求出所有恰好含有10个约数的两位数，并求出每个数的所有约数之和.,C:\Users\admin\Desktop\试卷分析project\参考教材\竞赛数学导引 五年级.pdf
5,竞赛数学导引 五年级,7,约数与倍数,超越篇,challenge,58,3,,0.9721,False,58,medium,number_theory,,,约数与倍数|number_theory,高思导引超越篇难度,high,auto,L4,False,"已知a与b的最大公约数是4，a与c，6与c的最小公倍数都是100,而且a≤b.满 足条件的自然数a，b，c共有多少组？",C:\Users\admin\Desktop\试卷分析project\参考教材\竞赛数学导引 五年级.pdf
5,竞赛数学导引 五年级,7,约数与倍数,超越篇,challenge,58,4,,0.9993,False,23,short,number_theory,,,约数与倍数|number_theory,高思导引超越篇难度,high,auto,L4,False,所有70的倍数中，共有多少个数恰有70个约数？,C:\Users\admin\Desktop\试卷分析project\参考教材\竞赛数学导引 五年级.pdf
5,竞赛数学导引 五年级,7,约数与倍数,超越篇,challenge,58,5,,0.9951,False,39,short,number_theory,,,约数与倍数|number_theory,高思导引超越篇难度,high,auto,L4,False,自然数n是1，2，3，，10的公倍数，而且它恰有72个约数.n的最小值是多少？,C:\Users\admin\Desktop\试卷分析project\参考教材\竞赛数学导引 五年级.pdf
5,竞赛数学导引 五年级,7,约数与倍数,超越篇,challenge,59,6,,0.9892,False,107,long,geometry,,,约数与倍数|geometry,高思导引超越篇难度,high,auto,L4,False,三条圆形跑道，圆心都在操场中的旗杆处.里圈跑道长告 千米，中圈跑道长 米，外圈跑道长 人都在旗杆的正东方向，甲每小时跑3六千米，乙每小时跑4千米，丙每小时跑5千米.他们 同时出发，请问：几小时后，三人第一次同时回到出发点？,C:\Users\admin\Desktop\试卷分析project\参考教材\竞赛数学导引 五年级.pdf
5,竞赛数学导引 五年级,7,约数与倍数,超越篇,challenge,59,7,,0.919,True,178,very_long,number_theory,,has_diagram,约数与倍数|number_theory,高思导引超越篇难度,high,review,L4,False,"如图7-1，在一个600×600的方格表ABCD中， 将A与线段CD上除端点外的所有格点N1，N2，N3，""，Ns99 分别相连，得到599条线段.请问，在这些线段中： （1）不会与其他格点相交的线段共有多少条？ (2）经过格点最多的线段共经过多少个格点（不包括它的 端点）？ （3）除去端点，还恰好经过29个格点的线段有多少条？ N N2 *** Ns9g8N599 图7-1",C:\Users\admin\Desktop\试卷分析project\参考教材\竞赛数学导引 五年级.pdf
5,竞赛数学导引 五年级,7,约数与倍数,超越篇,challenge,59,8,,0.9966,False,66,medium,number_theory,,,约数与倍数|数论问题|number_theory,高思导引超越篇难度,high,auto,L4,False,有些自然数等于自身约数个数的平方，例如1和9都具有此性质.请问：是否还有 其他自然数具有此性质？如果有，请举例；如果没有，请说明理由，,C:\Users\admin\Desktop\试卷分析project\参考教材\竞赛数学导引 五年级.pdf
5,竞赛数学导引 五年级,8,分数与循环小数,兴趣篇,interest,60,1,★,0.7945,False,49,medium,calculation,,,分数与循环小数|calculation,5、6年级及以前高思导引拓展篇及以下难度 或 七年级及以上校内课本难度,low,auto,L1,False,把下列分数化为小数： 1） 1313 ：(2）- 9’11’33 (3) (4) 7’13’37 6’22’90”,C:\Users\admin\Desktop\试卷分析project\参考教材\竞赛数学导引 五年级.pdf
5,竞赛数学导引 五年级,8,分数与循环小数,兴趣篇,interest,60,2,★,0.9749,False,38,short,calculation,,,分数与循环小数|calculation,5、6年级及以前高思导引拓展篇及以下难度 或 七年级及以上校内课本难度,low,auto,L1,False,把下列小数化成分数：(1)0.23，0.479；(2)0.12，0.255.,C:\Users\admin\Desktop\试卷分析project\参考教材\竞赛数学导引 五年级.pdf
5,竞赛数学导引 五年级,8,分数与循环小数,兴趣篇,interest,60,3,★★,0.9616,False,50,medium,calculation,,,分数与循环小数|calculation,5、6年级及以前高思导引拓展篇及以下难度 或 七年级及以上校内课本难度,low,auto,L1,False,把下列循环小数转化为分数：(1)0.1，0.4;(2)0.01，0.35；(3)0.08，0.38.,C:\Users\admin\Desktop\试卷分析project\参考教材\竞赛数学导引 五年级.pdf
5,竞赛数学导引 五年级,8,分数与循环小数,兴趣篇,interest,60,4,★★,0.9797,False,33,short,calculation,,,分数与循环小数|calculation,5、6年级及以前高思导引拓展篇及以下难度 或 七年级及以上校内课本难度,low,auto,L1,False,把下列循环小数转化为分数：0.7，0.12，0.123，0.123,C:\Users\admin\Desktop\试卷分析project\参考教材\竞赛数学导引 五年级.pdf
5,竞赛数学导引 五年级,8,分数与循环小数,兴趣篇,interest,61,5,★★,0.968,False,60,medium,calculation,,,分数与循环小数|calculation,5、6年级及以前高思导引拓展篇及以下难度 或 七年级及以上校内课本难度,low,auto,L1,False,计算：(1)0.1+0.2+0.3;(2)0.2+0.3+0.4;(3)0.3+0.5+0.7;(4)0.1+0.12+,C:\Users\admin\Desktop\试卷分析project\参考教材\竞赛数学导引 五年级.pdf
5,竞赛数学导引 五年级,8,分数与循环小数,兴趣篇,interest,61,0,,0.9902,False,17,short,calculation,,,分数与循环小数|calculation,5、6年级及以前高思导引拓展篇及以下难度 或 七年级及以上校内课本难度,low,auto,L1,False,123;(5)0.12+0.23.,C:\Users\admin\Desktop\试卷分析project\参考教材\竞赛数学导引 五年级.pdf
5,竞赛数学导引 五年级,8,分数与循环小数,兴趣篇,interest,61,6,,0.9787,False,43,short,calculation,,,分数与循环小数|calculation,5、6年级及以前高思导引拓展篇及以下难度 或 七年级及以上校内课本难度,low,auto,L1,False,计算：0.12345+0.23451+0.34512+0.45123+0.51234.,C:\Users\admin\Desktop\试卷分析project\参考教材\竞赛数学导引 五年级.pdf
5,竞赛数学导引 五年级,8,分数与循环小数,兴趣篇,interest,61,7,★,0.9516,False,46,medium,calculation,,,分数与循环小数|calculation,5、6年级及以前高思导引拓展篇及以下难度 或 七年级及以上校内课本难度,low,auto,L1,False,计算下列各式，并用小数表示计算结果：(1)1.86×0.351；(2)0.38÷0.518.,C:\Users\admin\Desktop\试卷分析project\参考教材\竞赛数学导引 五年级.pdf
5,竞赛数学导引 五年级,8,分数与循环小数,兴趣篇,interest,61,8,,0.9547,False,42,short,calculation,,,分数与循环小数|calculation,5、6年级及以前高思导引拓展篇及以下难度 或 七年级及以上校内课本难度,low,auto,L1,False,将算式0.3+0.6-0.3×0.6+0.3÷0.6的计算结果用循环小数表示是多少？,C:\Users\admin\Desktop\试卷分析project\参考教材\竞赛数学导引 五年级.pdf
5,竞赛数学导引 五年级,8,分数与循环小数,兴趣篇,interest,61,9,,0.9833,False,34,short,calculation,,,分数与循环小数|calculation,5、6年级及以前高思导引拓展篇及以下难度 或 七年级及以上校内课本难度,low,auto,L1,False,把分数告化成小数后，从小数点后第一位起连续1000位数字的和是多少？,C:\Users\admin\Desktop\试卷分析project\参考教材\竞赛数学导引 五年级.pdf
5,竞赛数学导引 五年级,8,分数与循环小数,兴趣篇,interest,61,10,,0.9901,False,42,short,calculation,,,分数与循环小数|计算问题|calculation,5、6年级及以前高思导引拓展篇及以下难度 或 七年级及以上校内课本难度,low,auto,L1,False,真分数化成小数后，如果从小数点后第一位起连续若干个数字之和是2000.a 应该是多少？,C:\Users\admin\Desktop\试卷分析project\参考教材\竞赛数学导引 五年级.pdf
5,竞赛数学导引 五年级,8,分数与循环小数,拓展篇,extension,61,2,,0.9925,False,43,short,calculation,,,分数与循环小数|calculation,5、6年级及以前高思导引拓展篇及以下难度 或 七年级及以上校内课本难度,mid,auto,L3,False,把下列循环小数转化为分数：0.48，0.1353，3.1703，6.36538461.,C:\Users\admin\Desktop\试卷分析project\参考教材\竞赛数学导引 五年级.pdf
5,竞赛数学导引 五年级,8,分数与循环小数,拓展篇,extension,62,3,,0.9532,False,89,medium,calculation,,,分数与循环小数|calculation,5、6年级及以前高思导引拓展篇及以下难度 或 七年级及以上校内课本难度,mid,auto,L3,False,（1）把下面这些分数化为小数后，哪些是有限小数？哪些是纯循环小数？哪些是 混循环小数？ 3312.15171884135 4’50′17′77′150’192′308’625’1111,C:\Users\admin\Desktop\试卷分析project\参考教材\竞赛数学导引 五年级.pdf
5,竞赛数学导引 五年级,8,分数与循环小数,拓展篇,extension,62,4,★,0.9699,False,81,medium,calculation,,,分数与循环小数|calculation,5、6年级及以前高思导引拓展篇及以下难度 或 七年级及以上校内课本难度,mid,auto,L3,False,计算：(1)0.02+0.31+0.45;(2)0.1+0.12+0.1234;(3)0.12+0.53+0.69； (4)0.67+0.212+0.i11020.,C:\Users\admin\Desktop\试卷分析project\参考教材\竞赛数学导引 五年级.pdf
5,竞赛数学导引 五年级,8,分数与循环小数,拓展篇,extension,62,5,,0.9769,False,71,medium,calculation,,,分数与循环小数|calculation,5、6年级及以前高思导引拓展篇及以下难度 或 七年级及以上校内课本难度,mid,auto,L3,False,计算： (1) 0.01+0.12+0.23+0.34+.+0.78+0.89; (2) 0.01+0.12+0.23+0.34+0.78+0.89.,C:\Users\admin\Desktop\试卷分析project\参考教材\竞赛数学导引 五年级.pdf
5,竞赛数学导引 五年级,8,分数与循环小数,拓展篇,extension,62,6,,0.9589,False,45,medium,calculation,,,分数与循环小数|calculation,5、6年级及以前高思导引拓展篇及以下难度 或 七年级及以上校内课本难度,mid,auto,L3,False,计算： (1)(4.2-0.48)÷2.05； (2) 0.132X (0.135+0.135).,C:\Users\admin\Desktop\试卷分析project\参考教材\竞赛数学导引 五年级.pdf
5,竞赛数学导引 五年级,8,分数与循环小数,拓展篇,extension,62,7,★,0.9582,False,41,short,calculation,,,分数与循环小数|calculation,5、6年级及以前高思导引拓展篇及以下难度 或 七年级及以上校内课本难度,mid,auto,L3,False,计算：(1.2169+0.18)÷2.0981.(将结果表示为分数和小数两种形式),C:\Users\admin\Desktop\试卷分析project\参考教材\竞赛数学导引 五年级.pdf
5,竞赛数学导引 五年级,8,分数与循环小数,拓展篇,extension,62,9,,0.8182,False,18,short,calculation,,,分数与循环小数|calculation,5、6年级及以前高思导引拓展篇及以下难度 或 七年级及以上校内课本难度,mid,auto,L3,False,计算：1十- （结果用循环小数表示） y,C:\Users\admin\Desktop\试卷分析project\参考教材\竞赛数学导引 五年级.pdf
5,竞赛数学导引 五年级,8,分数与循环小数,拓展篇,extension,63,10,,0.9892,False,45,medium,calculation,,,分数与循环小数|calculation,5、6年级及以前高思导引拓展篇及以下难度 或 七年级及以上校内课本难度,mid,auto,L3,False,将最简真分数化成小数后，从小数点后第一位开始的连续n位数之和为9006， a与n分别为多少？,C:\Users\admin\Desktop\试卷分析project\参考教材\竞赛数学导引 五年级.pdf
5,竞赛数学导引 五年级,8,分数与循环小数,拓展篇,extension,63,11,,0.9827,False,136,very_long,calculation,,,分数与循环小数|calculation,5、6年级及以前高思导引拓展篇及以下难度 或 七年级及以上校内课本难度,mid,auto,L4,False,小高写了一个错误的不等式：0.2008>0.2008>0.2008>0.2008.请给式子中每 个小数都添加循环点，使不等号成立.请问：添加循环点后这四个数中最大数与最小数的和等 于多少？ .88 多少？ 1325683 化成小数后，两个循环小数的小数点后第2008位数字的和是多少？,C:\Users\admin\Desktop\试卷分析project\参考教材\竞赛数学导引 五年级.pdf
5,竞赛数学导引 五年级,8,分数与循环小数,拓展篇,extension,63,13,,0.9947,False,53,medium,calculation,,,分数与循环小数|calculation,5、6年级及以前高思导引拓展篇及以下难度 或 七年级及以上校内课本难度,mid,auto,L3,False,小高将1.23乘以一个数α时，把1.23误看成1.23，使乘积比正确结果减少0.3. 则正确结果应该是多少？,C:\Users\admin\Desktop\试卷分析project\参考教材\竞赛数学导引 五年级.pdf
5,竞赛数学导引 五年级,8,分数与循环小数,拓展篇,extension,63,14,,0.9829,False,37,short,calculation,,,分数与循环小数|calculation,5、6年级及以前高思导引拓展篇及以下难度 或 七年级及以上校内课本难度,mid,auto,L3,False,墨莫将0.321乘以一个数α时，看丢了一个循环点，使得乘积比正确结果减少了,C:\Users\admin\Desktop\试卷分析project\参考教材\竞赛数学导引 五年级.pdf
5,竞赛数学导引 五年级,8,分数与循环小数,拓展篇,extension,63,0,,0.9951,False,10,short,calculation,,short_question_text,分数与循环小数|计算问题|calculation,5、6年级及以前高思导引拓展篇及以下难度 或 七年级及以上校内课本难度,mid,unsafe,L3,False,正确结果应该是多少？,C:\Users\admin\Desktop\试卷分析project\参考教材\竞赛数学导引 五年级.pdf
5,竞赛数学导引 五年级,8,分数与循环小数,超越篇,challenge,"63,64",1,★,0.9896,False,112,long,calculation,,cross_page_question,分数与循环小数|calculation,高思导引超越篇难度,high,review,L4,False,将循环小数0.027与0.179672相乘，取近似值，要求保留一百位小数.该近似值的 最后一位小数是多少？ 2511 ≈1.37，算式左边的方格中都是整数，右边的结果为四舍 五人到百分位后的近似值，那么方格中填人的三个数分别是多少？,C:\Users\admin\Desktop\试卷分析project\参考教材\竞赛数学导引 五年级.pdf
5,竞赛数学导引 五年级,8,分数与循环小数,超越篇,challenge,64,3,,0.9981,False,72,medium,calculation,,,分数与循环小数|calculation,高思导引超越篇难度,high,auto,L4,False,划去0.5738367981的小数点后的六个数字，再添上表示循环节的两个圆点，可 以得到一个循环小数.这样的小数中最大的数为多少？最小的数为多少？,C:\Users\admin\Desktop\试卷分析project\参考教材\竞赛数学导引 五年级.pdf
5,竞赛数学导引 五年级,8,分数与循环小数,超越篇,challenge,64,4,,0.999,False,68,medium,calculation,,,分数与循环小数|calculation,高思导引超越篇难度,high,auto,L4,False,给小数0.2138045976添加表示循环节的两个圆点，得到一个循环小数.要使得 这个循环小数的小数点后第100位数字是7，应该怎么添加？,C:\Users\admin\Desktop\试卷分析project\参考教材\竞赛数学导引 五年级.pdf
5,竞赛数学导引 五年级,8,分数与循环小数,超越篇,challenge,64,5,★,0.9767,False,53,medium,calculation,,,分数与循环小数|calculation,高思导引超越篇难度,high,auto,L4,False,有两个循环小数a和6，a的循环节有3位，6的循环节有6位.这两个数之和的循 环节最多有多少位？最少有多少位？,C:\Users\admin\Desktop\试卷分析project\参考教材\竞赛数学导引 五年级.pdf
5,竞赛数学导引 五年级,8,分数与循环小数,超越篇,challenge,64,6,,0.9975,False,98,long,calculation,,,分数与循环小数|calculation,高思导引超越篇难度,high,auto,L4,False,只用数字1，2，3各一次可以组成很多不含重复数字的循环小数（循环点和小数点 可以任意添加，例如1.32，12.3，3.12).这些小数的总和是多少？ 部分为2位，循环节为3位，那么这个分数最大是多少？,C:\Users\admin\Desktop\试卷分析project\参考教材\竞赛数学导引 五年级.pdf
5,竞赛数学导引 五年级,8,分数与循环小数,超越篇,challenge,64,8,,0.9869,False,71,medium,calculation,,,分数与循环小数|计算问题|calculation,高思导引超越篇难度,high,auto,L4,False,我们把由数字0和7组成的小数叫做“特殊数”，例如7.07，77.007都是“特殊 数”.如果我们将1写成若干个“特殊数”的和，最少要写成多少个？,C:\Users\admin\Desktop\试卷分析project\参考教材\竞赛数学导引 五年级.pdf
5,竞赛数学导引 五年级,9,比较与估算,兴趣篇,interest,65,1,★★,0.9332,False,65,medium,counting,,,比较与估算|counting,5、6年级及以前高思导引拓展篇及以下难度 或 七年级及以上校内课本难度,low,auto,L1,False,分别比较下面每组中两个数的大小： (2)0.423与号； 6”23” 列，第4个数是0.51，那么按从大到小排列时，第4个数是哪一个数？,C:\Users\admin\Desktop\试卷分析project\参考教材\竞赛数学导引 五年级.pdf
5,竞赛数学导引 五年级,9,比较与估算,兴趣篇,interest,66,4,★★,0.9577,False,23,short,general,,,比较与估算|general,5、6年级及以前高思导引拓展篇及以下难度 或 七年级及以上校内课本难度,low,auto,L1,False,在不等式 的方框中填人一个自然数，使得不等式成立,C:\Users\admin\Desktop\试卷分析project\参考教材\竞赛数学导引 五年级.pdf
5,竞赛数学导引 五年级,9,比较与估算,兴趣篇,interest,66,6,,0.9595,False,43,short,counting,,,比较与估算|counting,5、6年级及以前高思导引拓展篇及以下难度 或 七年级及以上校内课本难度,low,auto,L1,False,A= 1129’ B= 1327 C= ，D= ，请将A，B，C， D，E按从小到大的顺序排列起来，,C:\Users\admin\Desktop\试卷分析project\参考教材\竞赛数学导引 五年级.pdf
5,竞赛数学导引 五年级,9,比较与估算,兴趣篇,interest,66,8,★★,0.9391,False,36,short,calculation,,,比较与估算|calculation,5、6年级及以前高思导引拓展篇及以下难度 或 七年级及以上校内课本难度,low,auto,L1,False,计算：0.16+0.142857+0.125+0.1，结果保留三位小数.,C:\Users\admin\Desktop\试卷分析project\参考教材\竞赛数学导引 五年级.pdf
5,竞赛数学导引 五年级,9,比较与估算,兴趣篇,interest,66,9,★★,0.9927,False,79,medium,calculation,,,比较与估算|calculation,5、6年级及以前高思导引拓展篇及以下难度 或 七年级及以上校内课本难度,low,auto,L1,False,某次考试中，13名同学的平均分四舍五人到十分位后等于85.4，且每名同学的得 分都是整数.请问：这13名同学的总分是多少？计算平均分时四舍五人到百分位等于多少？,C:\Users\admin\Desktop\试卷分析project\参考教材\竞赛数学导引 五年级.pdf
5,竞赛数学导引 五年级,9,比较与估算,兴趣篇,interest,66,10,,0.8775,False,10,short,general,,,比较与估算|计算问题|general,5、6年级及以前高思导引拓展篇及以下难度 或 七年级及以上校内课本难度,low,auto,L1,False,算式1 十3 +…+11,C:\Users\admin\Desktop\试卷分析project\参考教材\竞赛数学导引 五年级.pdf
5,竞赛数学导引 五年级,9,比较与估算,拓展篇,extension,67,3,,0.9989,False,11,short,calculation,,short_question_text,比较与估算|calculation,5、6年级及以前高思导引拓展篇及以下难度 或 七年级及以上校内课本难度,mid,unsafe,L3,False,在下面9个分数算式中：,C:\Users\admin\Desktop\试卷分析project\参考教材\竞赛数学导引 五年级.pdf
5,竞赛数学导引 五年级,9,比较与估算,拓展篇,extension,67,3,,0.8947,False,24,short,general,,,比较与估算|general,5、6年级及以前高思导引拓展篇及以下难度 或 七年级及以上校内课本难度,mid,auto,L3,False,10 六十 第几个算式的结果最小？这个结果等于多少？,C:\Users\admin\Desktop\试卷分析project\参考教材\竞赛数学导引 五年级.pdf
5,竞赛数学导引 五年级,9,比较与估算,拓展篇,extension,67,4,,0.8969,False,57,medium,general,,,比较与估算|general,5、6年级及以前高思导引拓展篇及以下难度 或 七年级及以上校内课本难度,mid,auto,L3,False,下面的4个算式中，哪个算式的结果最大？ ① (1+1)×20； ②(24+2)×30；③(+)×40； ④(1+)×50.,C:\Users\admin\Desktop\试卷分析project\参考教材\竞赛数学导引 五年级.pdf
5,竞赛数学导引 五年级,9,比较与估算,拓展篇,extension,"67,68",5,★,0.994,False,62,medium,calculation,,cross_page_question,比较与估算|calculation,5、6年级及以前高思导引拓展篇及以下难度 或 七年级及以上校内课本难度,mid,review,L3,False,从所有分母小于10的真分数中，找出一个最接近0.618的分数 的方框中填入一个自然数，使得不等号成立.一共有多少种 不同的填法？,C:\Users\admin\Desktop\试卷分析project\参考教材\竞赛数学导引 五年级.pdf
5,竞赛数学导引 五年级,9,比较与估算,拓展篇,extension,68,7,,0.9463,False,8,short,general,,short_question_text,比较与估算|general,5、6年级及以前高思导引拓展篇及以下难度 或 七年级及以上校内课本难度,mid,unsafe,L3,False,65，1.65+,C:\Users\admin\Desktop\试卷分析project\参考教材\竞赛数学导引 五年级.pdf
5,竞赛数学导引 五年级,9,比较与估算,拓展篇,extension,68,1,,0.8642,False,21,short,general,,,比较与估算|general,5、6年级及以前高思导引拓展篇及以下难度 或 七年级及以上校内课本难度,mid,auto,L3,False,"65十 "".,1.65+ 30' 30’ 是多少？",C:\Users\admin\Desktop\试卷分析project\参考教材\竞赛数学导引 五年级.pdf
5,竞赛数学导引 五年级,9,比较与估算,拓展篇,extension,68,8,,0.8969,False,29,short,calculation,,,比较与估算|calculation,5、6年级及以前高思导引拓展篇及以下难度 或 七年级及以上校内课本难度,mid,auto,L3,False,算式一 计算结果的整数部分是多少？ 111213 +·+ 1920,C:\Users\admin\Desktop\试卷分析project\参考教材\竞赛数学导引 五年级.pdf
5,竞赛数学导引 五年级,9,比较与估算,拓展篇,extension,68,10,,0.8717,False,25,short,calculation,,,比较与估算|calculation,5、6年级及以前高思导引拓展篇及以下难度 或 七年级及以上校内课本难度,mid,auto,L3,False,算式1十- +…+ 计算结果的整数部分是多少？ 1516,C:\Users\admin\Desktop\试卷分析project\参考教材\竞赛数学导引 五年级.pdf
5,竞赛数学导引 五年级,9,比较与估算,拓展篇,extension,68,11,,0.9739,False,62,medium,calculation,,,比较与估算|calculation,5、6年级及以前高思导引拓展篇及以下难度 或 七年级及以上校内课本难度,mid,auto,L3,False,（1)算式33.333×33.333计算结果的整数部分是多少？ （2）算式333.33×333.33计算结果的整数部分是多少？,C:\Users\admin\Desktop\试卷分析project\参考教材\竞赛数学导引 五年级.pdf
5,竞赛数学导引 五年级,9,比较与估算,拓展篇,extension,68,12,,0.9932,False,50,medium,calculation,,,比较与估算|calculation,5、6年级及以前高思导引拓展篇及以下难度 或 七年级及以上校内课本难度,mid,auto,L3,False,将两个小数四舍五入到个位后，所得到的数值分别是7和9.这两个小数乘积的 整数部分共有多少种可能的取值？,C:\Users\admin\Desktop\试卷分析project\参考教材\竞赛数学导引 五年级.pdf
5,竞赛数学导引 五年级,9,比较与估算,拓展篇,extension,69,13,,0.9992,False,35,short,calculation,,,比较与估算|calculation,5、6年级及以前高思导引拓展篇及以下难度 或 七年级及以上校内课本难度,mid,auto,L3,False,有一道题目要求17个自然数的平均数，结果保留两位小数.冬冬的计算结果是,C:\Users\admin\Desktop\试卷分析project\参考教材\竞赛数学导引 五年级.pdf
5,竞赛数学导引 五年级,9,比较与估算,拓展篇,extension,69,11,,0.959,False,75,medium,application,,,比较与估算|application,5、6年级及以前高思导引拓展篇及以下难度 或 七年级及以上校内课本难度,mid,auto,L3,False,28，老师说这个数百分位上的数字错了，其他数位上的数都正确，请问：正确答案是多少？ 果为四舍五人到千分位后的近似值.方框中填入的三个数字分别为多少？ 超越,C:\Users\admin\Desktop\试卷分析project\参考教材\竞赛数学导引 五年级.pdf
5,竞赛数学导引 五年级,9,比较与估算,拓展篇,extension,69,1,★★,0.9562,False,23,short,calculation,,,比较与估算|calculation,5、6年级及以前高思导引拓展篇及以下难度 或 七年级及以上校内课本难度,mid,auto,L3,False,算式 计算结果的整数部分是多少？ 1011 2829,C:\Users\admin\Desktop\试卷分析project\参考教材\竞赛数学导引 五年级.pdf
5,竞赛数学导引 五年级,9,比较与估算,拓展篇,extension,69,2,★,0.9847,False,75,medium,calculation,,,比较与估算|calculation,5、6年级及以前高思导引拓展篇及以下难度 或 七年级及以上校内课本难度,mid,auto,L3,False,算式5.285714×4.9×3.857142计算结果的整数部分是多少？ <1中，方框里填的都是整数，且不等式成立.这个式子左边最大是 多少？请说明理由.,C:\Users\admin\Desktop\试卷分析project\参考教材\竞赛数学导引 五年级.pdf
5,竞赛数学导引 五年级,9,比较与估算,拓展篇,extension,"69,70",4,★,0.9944,False,96,long,calculation,,cross_page_question,比较与估算|calculation,5、6年级及以前高思导引拓展篇及以下难度 或 七年级及以上校内课本难度,mid,review,L4,False,两个小数相乘，乘积四舍五人以后是22.5.这两个数都只有一位小数，且整数部分 都是4.请问：这两个数的乘积四舍五人前是多少？ 数，计算剩下数的平均数保留两位小数后是12.52.老师擦掉的数是多少？,C:\Users\admin\Desktop\试卷分析project\参考教材\竞赛数学导引 五年级.pdf
5,竞赛数学导引 五年级,9,比较与估算,拓展篇,extension,70,6,★,0.9932,False,137,very_long,general,,,比较与估算|general,5、6年级及以前高思导引拓展篇及以下难度 或 七年级及以上校内课本难度,mid,auto,L4,False,某天中午，3个老师买盒饭吃.如果买4盒分着吃可以让大家都吃饱，而且还有剩 余.此时又来了一位老师，结果发现再多买一盒还不够大家吃.后来又来了若干位老师，结果 再多买几盒盒饭后，不多不少刚好够大家吃.如果每个老师的饭量都一样，那么后来至少再来 了多少位老师？ 20081 1983 的大小,C:\Users\admin\Desktop\试卷分析project\参考教材\竞赛数学导引 五年级.pdf
5,竞赛数学导引 五年级,9,比较与估算,拓展篇,extension,70,8,,0.9984,False,74,medium,calculation,,,比较与估算|计算问题|calculation,5、6年级及以前高思导引拓展篇及以下难度 或 七年级及以上校内课本难度,mid,auto,L3,False,小姚计算27个正整数的平均数，保留六位小数后为8.329610，老师说结果中某 些数字肯定是错的，那么小姚至少算错了几个数字？此时正确的平均数是多少？,C:\Users\admin\Desktop\试卷分析project\参考教材\竞赛数学导引 五年级.pdf
5,竞赛数学导引 五年级,10,数字谜综合一,兴趣篇,interest,71,1,★★,0.9938,False,57,medium,calculation,,,数字谜综合一|calculation,5、6年级及以前高思导引拓展篇及以下难度 或 七年级及以上校内课本难度,low,auto,L1,False,有一个整数，在它的个位与十位之间加上一个小数点后，得到一个小数.这个小数 与原来的整数之差是264.6.求原来的整数,C:\Users\admin\Desktop\试卷分析project\参考教材\竞赛数学导引 五年级.pdf
5,竞赛数学导引 五年级,10,数字谜综合一,兴趣篇,interest,71,2,,0.9635,False,113,long,general,,,数字谜综合一|general,5、6年级及以前高思导引拓展篇及以下难度 或 七年级及以上校内课本难度,low,auto,L2,False,试将1，2，3，4，5，6，7分别填人下面的方框中，每个数字只用一次：口口口（这是 一个三位数)，口口口(这是一个三位数），口(这是一个一位数)，使得这三个数中任意两个都 互质.已知其中一个三位数已填好，它是714，求另外两个数.,C:\Users\admin\Desktop\试卷分析project\参考教材\竞赛数学导引 五年级.pdf
5,竞赛数学导引 五年级,10,数字谜综合一,兴趣篇,interest,71,3,,0.9945,False,32,short,number_theory,,,数字谜综合一|number_theory,5、6年级及以前高思导引拓展篇及以下难度 或 七年级及以上校内课本难度,low,auto,L1,False,用1至9这9个数字各一次组成若干个数，这些数中最多有多少个合数？,C:\Users\admin\Desktop\试卷分析project\参考教材\竞赛数学导引 五年级.pdf
5,竞赛数学导引 五年级,10,数字谜综合一,兴趣篇,interest,72,4,★★,0.9932,True,94,long,geometry,,has_diagram,数字谜综合一|geometry,5、6年级及以前高思导引拓展篇及以下难度 或 七年级及以上校内课本难度,low,review,L2,False,如图10-1，4个小三角形的顶点处有6个圆圈.在这些圆圈 中分别填上6个质数（可以重复），使得它们的和是20，而且每个小三角 形3个顶点上的数之和相等.请问：这6个质数的乘积是多少？ 图10-1,C:\Users\admin\Desktop\试卷分析project\参考教材\竞赛数学导引 五年级.pdf
5,竞赛数学导引 五年级,10,数字谜综合一,兴趣篇,interest,72,5,,0.9978,False,71,medium,calculation,,,数字谜综合一|calculation,5、6年级及以前高思导引拓展篇及以下难度 或 七年级及以上校内课本难度,low,auto,L1,False,在一个带有余数的除法算式中，商比除数大2，在被除数、除数、商和余数中，最大 数与最小数之差是1023.请问：此算式中的4个数之和最大可能是多少？,C:\Users\admin\Desktop\试卷分析project\参考教材\竞赛数学导引 五年级.pdf
5,竞赛数学导引 五年级,10,数字谜综合一,兴趣篇,interest,72,6,★★,0.9836,False,61,medium,general,,,数字谜综合一|general,5、6年级及以前高思导引拓展篇及以下难度 或 七年级及以上校内课本难度,low,auto,L1,False,在乘法算式“迎杯×春杯=好好好”中，不同的汉字表示不同的数字，相同的汉字表 示相同的数字.请问：“迎十春十杯十好”等于多少？,C:\Users\admin\Desktop\试卷分析project\参考教材\竞赛数学导引 五年级.pdf
5,竞赛数学导引 五年级,10,数字谜综合一,兴趣篇,interest,72,7,★★,0.9164,False,56,medium,general,,,数字谜综合一|general,5、6年级及以前高思导引拓展篇及以下难度 或 七年级及以上校内课本难度,low,auto,L1,False,将1至9这9个数填人下面算式中的9个方框内（每个数字只能用一次)，使等式 成立. □□□×□□=□□×□□=5568,C:\Users\admin\Desktop\试卷分析project\参考教材\竞赛数学导引 五年级.pdf
5,竞赛数学导引 五年级,10,数字谜综合一,兴趣篇,interest,72,8,,0.9883,False,110,long,calculation,,,数字谜综合一|calculation,5、6年级及以前高思导引拓展篇及以下难度 或 七年级及以上校内课本难度,low,auto,L2,False,"小数0.AB化成最简分数后，分子与分母的和为63，那么这个小数是多少？ 数学竞赛 7""中，华、罗、庚、金、杯、数、学、竞、赛九个字，分别代表数 字1，2，3，4，5，6，7，8，9.已知“竞=8，赛=6”，请把这个算式写出来.",C:\Users\admin\Desktop\试卷分析project\参考教材\竞赛数学导引 五年级.pdf
5,竞赛数学导引 五年级,10,数字谜综合一,兴趣篇,interest,73,10,,0.9906,False,85,medium,number_theory,,,数字谜综合一|数字谜问题|number_theory,5、6年级及以前高思导引拓展篇及以下难度 或 七年级及以上校内课本难度,low,auto,L1,False,已知“BAD+BAD=GOOD”是一个正确的加法算式，其中相同的字母代表相同 的数字，不同的字母代表不同的数字，已知GOOD不是8的倍数.请问：ABGD代表的四位数 是什么？,C:\Users\admin\Desktop\试卷分析project\参考教材\竞赛数学导引 五年级.pdf
5,竞赛数学导引 五年级,10,数字谜综合一,拓展篇,extension,73,1,★★,0.9871,False,64,medium,calculation,,,数字谜综合一|calculation,5、6年级及以前高思导引拓展篇及以下难度 或 七年级及以上校内课本难度,mid,auto,L3,False,有一个四位数，在它的某位数字后加上一个小数点，得到一个小数.再把这个小数 和原来的四位数相加，得数是4003.64.求这个四位数.,C:\Users\admin\Desktop\试卷分析project\参考教材\竞赛数学导引 五年级.pdf
5,竞赛数学导引 五年级,10,数字谜综合一,拓展篇,extension,73,2,★★,0.9762,False,75,medium,calculation,,,数字谜综合一|calculation,5、6年级及以前高思导引拓展篇及以下难度 或 七年级及以上校内课本难度,mid,auto,L3,False,[4.2×5-(1÷2.5+9.1÷0.7)]÷0.04=100. 改动上面算式中一个数的小数点的位置，使其成为一个正确的等式，那么被改动的数变 为多少？,C:\Users\admin\Desktop\试卷分析project\参考教材\竞赛数学导引 五年级.pdf
5,竞赛数学导引 五年级,10,数字谜综合一,拓展篇,extension,73,3,,0.991,False,77,medium,general,,,数字谜综合一|general,5、6年级及以前高思导引拓展篇及以下难度 或 七年级及以上校内课本难度,mid,auto,L3,False,用0至9这10个数字恰好组成一位数、两位数、三位数、四位数各一个（每个数字 只能用一次），且这四个数两两互质.其中的四位数是2940，另外三个数可能是多少？,C:\Users\admin\Desktop\试卷分析project\参考教材\竞赛数学导引 五年级.pdf
5,竞赛数学导引 五年级,10,数字谜综合一,拓展篇,extension,73,4,,0.9743,False,61,medium,general,,,数字谜综合一|general,5、6年级及以前高思导引拓展篇及以下难度 或 七年级及以上校内课本难度,mid,auto,L3,False,数数×科学=学数学. 在上面的算式中，每一个汉字代表一个数字，不同的汉字代表不同的数字.请问：“数学” 所代表的两位数是多少？,C:\Users\admin\Desktop\试卷分析project\参考教材\竞赛数学导引 五年级.pdf
5,竞赛数学导引 五年级,10,数字谜综合一,拓展篇,extension,74,5,,0.8789,False,45,medium,general,,,数字谜综合一|general,5、6年级及以前高思导引拓展篇及以下难度 或 七年级及以上校内课本难度,mid,auto,L3,False,"在等式“△×△×○×△=△□△□△""中，，△，○，分别代表不同 的数字.四位数口△○是多少？",C:\Users\admin\Desktop\试卷分析project\参考教材\竞赛数学导引 五年级.pdf
5,竞赛数学导引 五年级,10,数字谜综合一,拓展篇,extension,74,6,★,0.9535,False,60,medium,general,,,数字谜综合一|general,5、6年级及以前高思导引拓展篇及以下难度 或 七年级及以上校内课本难度,mid,auto,L3,False,将1，2，3，4，5，6，7，8，9这9个数字分别填人下式的各个方框中，使等式成立： □□×□□=□□×□□□=3634.,C:\Users\admin\Desktop\试卷分析project\参考教材\竞赛数学导引 五年级.pdf
5,竞赛数学导引 五年级,10,数字谜综合一,拓展篇,extension,74,7,,0.9947,False,42,short,calculation,,,数字谜综合一|calculation,5、6年级及以前高思导引拓展篇及以下难度 或 七年级及以上校内课本难度,mid,auto,L3,False,循环小数0.AB化成最简分数后，分子与分母之和为40，那么A和B分别是多少？ 是多少？,C:\Users\admin\Desktop\试卷分析project\参考教材\竞赛数学导引 五年级.pdf
5,竞赛数学导引 五年级,10,数字谜综合一,拓展篇,extension,74,9,,0.9758,False,66,medium,number_theory,,,数字谜综合一|number_theory,5、6年级及以前高思导引拓展篇及以下难度 或 七年级及以上校内课本难度,mid,auto,L3,False,把质数373按数位拆开（不改变各数之间的顺序），只能得到3，7，37，73这四个 数，它们仍然都是质数.请找出所有具有这种性质的质数，,C:\Users\admin\Desktop\试卷分析project\参考教材\竞赛数学导引 五年级.pdf
5,竞赛数学导引 五年级,10,数字谜综合一,拓展篇,extension,74,10,,0.9387,False,95,long,calculation,,,数字谜综合一|calculation,5、6年级及以前高思导引拓展篇及以下难度 或 七年级及以上校内课本难度,mid,auto,L4,False,"在下面各题中，请你用给出的四个数，适当进行加、减、乘、除运算，每个数恰好用 一次，使得计算结果等于24. (1)1，4，5，6；(2)1,5，5，5；(3)3，3,7,7；(4)3，3，8，8.",C:\Users\admin\Desktop\试卷分析project\参考教材\竞赛数学导引 五年级.pdf
5,竞赛数学导引 五年级,10,数字谜综合一,拓展篇,extension,75,11,,0.9118,False,50,medium,general,,,数字谜综合一|general,5、6年级及以前高思导引拓展篇及以下难度 或 七年级及以上校内课本难度,mid,auto,L3,False,把1至6填人下面的方框中，每个数字恰好使用一次，使得等式成立.请写出所有 的答案. □□=□'□×□'□,C:\Users\admin\Desktop\试卷分析project\参考教材\竞赛数学导引 五年级.pdf
5,竞赛数学导引 五年级,10,数字谜综合一,拓展篇,extension,75,12,,0.8998,True,81,medium,geometry,,has_diagram,数字谜综合一|geometry,5、6年级及以前高思导引拓展篇及以下难度 或 七年级及以上校内课本难度,mid,review,L3,False,如图10-2所示，三角形纸片盖住的都是质数数字，正方形纸片 △□口△1 盖住的都是合数数字.要使得两个加数的差尽可能小，较大的加数是多少？ +△△1 1010△ 图10-2,C:\Users\admin\Desktop\试卷分析project\参考教材\竞赛数学导引 五年级.pdf
5,竞赛数学导引 五年级,10,数字谜综合一,拓展篇,extension,75,13,,0.9817,False,70,medium,general,,,数字谜综合一|general,5、6年级及以前高思导引拓展篇及以下难度 或 七年级及以上校内课本难度,mid,auto,L3,False,在下面两个算式中，相同的汉字表示相同的数字，不同的汉字表示不同的数字. 花相似人不同代表的六位数是多少？ 年年×岁岁=花相似 岁岁÷年年=人÷不同,C:\Users\admin\Desktop\试卷分析project\参考教材\竞赛数学导引 五年级.pdf
5,竞赛数学导引 五年级,10,数字谜综合一,拓展篇,extension,75,14,★,0.9802,True,53,medium,general,,has_diagram,数字谜综合一|数字谜问题|general,5、6年级及以前高思导引拓展篇及以下难度 或 七年级及以上校内课本难度,mid,review,L3,False,在图10-3所示的算式中，每个字母代表一个数字，不同的字 HO-NG KONG CHINA 位数是多少？ 图10-3,C:\Users\admin\Desktop\试卷分析project\参考教材\竞赛数学导引 五年级.pdf
5,竞赛数学导引 五年级,10,数字谜综合一,超越篇,challenge,75,1,★,0.9958,False,73,medium,calculation,,,数字谜综合一|calculation,高思导引超越篇难度,high,auto,L4,False,两个学生计算同一个乘法算式，两个乘数都是两位数.他们各抄错了一个数字，但 计算结果都是1360.实际上正确结果的个位不是0，那么正确结果应该是多少？,C:\Users\admin\Desktop\试卷分析project\参考教材\竞赛数学导引 五年级.pdf
5,竞赛数学导引 五年级,10,数字谜综合一,超越篇,challenge,75,2,★,0.9887,False,40,short,number_theory,,,数字谜综合一|number_theory,高思导引超越篇难度,high,auto,L4,False,用0至9这10个数字组成一些质数（每个数字恰好用一次)，这些质数的和最小是 多少？,C:\Users\admin\Desktop\试卷分析project\参考教材\竞赛数学导引 五年级.pdf
5,竞赛数学导引 五年级,10,数字谜综合一,超越篇,challenge,76,3,★,0.9887,False,44,short,calculation,,,数字谜综合一|calculation,高思导引超越篇难度,high,auto,L4,False,已知A=0.a136是纯循环小数，将它写成最简分数后，使得分母最小.那么这个分 数是多少？,C:\Users\admin\Desktop\试卷分析project\参考教材\竞赛数学导引 五年级.pdf
5,竞赛数学导引 五年级,10,数字谜综合一,超越篇,challenge,76,4,,0.9906,False,105,long,general,,,数字谜综合一|general,高思导引超越篇难度,high,auto,L4,False,数学家维纳在博士毕业典礼上说：“我现在年龄的三次方是一个四位数，现在年龄 的四次方是一个六位数，并且这两个数刚好包含数字0至9各一次，所以所有数字都得朝拜 我.我将在数学领域干出一番大事业.”请问：他是几岁毕业的？,C:\Users\admin\Desktop\试卷分析project\参考教材\竞赛数学导引 五年级.pdf
5,竞赛数学导引 五年级,10,数字谜综合一,超越篇,challenge,76,5,,0.9948,False,50,medium,general,,,数字谜综合一|general,高思导引超越篇难度,high,auto,L4,False,一个四位数的每一位数字都是非零的偶数.它又恰好是某个偶数数字组成的数的 平方.请问：这个四位数是多少？,C:\Users\admin\Desktop\试卷分析project\参考教材\竞赛数学导引 五年级.pdf
5,竞赛数学导引 五年级,10,数字谜综合一,超越篇,challenge,76,6,★,0.8232,True,64,medium,number_theory,,has_diagram,数字谜综合一|number_theory,高思导引超越篇难度,high,review,L4,False,在图10－4所示算式的每个方框内填人一个数字，要求所填的数字都是质数，并使 竖式成立 7 □ X 口口 □□□□ 口口口口 口口口口口 图10-4,C:\Users\admin\Desktop\试卷分析project\参考教材\竞赛数学导引 五年级.pdf
5,竞赛数学导引 五年级,10,数字谜综合一,超越篇,challenge,76,7,,0.9666,False,44,short,general,,,数字谜综合一|general,高思导引超越篇难度,high,auto,L4,False,a，6，c是三个互不相同的自然数，且满足abc×bca=7bc×cba，求三位数abc.,C:\Users\admin\Desktop\试卷分析project\参考教材\竞赛数学导引 五年级.pdf
5,竞赛数学导引 五年级,10,数字谜综合一,超越篇,challenge,76,8,,0.985,False,79,medium,general,,,数字谜综合一|数字谜问题|general,高思导引超越篇难度,high,auto,L4,False,已知算式abc×bca×cab=234235286，其中a>b>c.后来发现右边的乘积的数字 顺序出现错误，但是知道个位的6是正确的，那么原式中的abc是多少？,C:\Users\admin\Desktop\试卷分析project\参考教材\竞赛数学导引 五年级.pdf
5,竞赛数学导引 五年级,11,和差倍分问题,兴趣篇,interest,77,1,★,0.9926,False,53,medium,general,,,和差倍分问题|general,5、6年级及以前高思导引拓展篇及以下难度 或 七年级及以上校内课本难度,low,auto,L1,False,有红、黄两种颜色的小球，其中红色小球有60个，黄色小球的数量比红色小球的 倍还多1个，那么一共有小球多少个？,C:\Users\admin\Desktop\试卷分析project\参考教材\竞赛数学导引 五年级.pdf
5,竞赛数学导引 五年级,11,和差倍分问题,兴趣篇,interest,77,2,★,0.9955,False,53,medium,general,,,和差倍分问题|general,5、6年级及以前高思导引拓展篇及以下难度 或 七年级及以上校内课本难度,low,auto,L1,False,运输连要将450枚弹药送到前线，其中炮弹占了 ，其余都是手榴弹.由于遇上敌军 伏击，炮弹损失了 ，而手榴弹只剩下,C:\Users\admin\Desktop\试卷分析project\参考教材\竞赛数学导引 五年级.pdf
5,竞赛数学导引 五年级,11,和差倍分问题,兴趣篇,interest,77,3,★,0.9921,False,37,short,general,,,和差倍分问题|general,5、6年级及以前高思导引拓展篇及以下难度 或 七年级及以上校内课本难度,low,auto,L1,False,有水果糖和奶糖共800颗，其中水果糖的数量是奶糖的 一，那么水果糖有多少颗？,C:\Users\admin\Desktop\试卷分析project\参考教材\竞赛数学导引 五年级.pdf
5,竞赛数学导引 五年级,11,和差倍分问题,兴趣篇,interest,78,4,★★,0.9914,False,92,long,general,,,和差倍分问题|general,5、6年级及以前高思导引拓展篇及以下难度 或 七年级及以上校内课本难度,low,auto,L2,False,学校举行新年自助餐会，一共准备了1000瓶饮料，其中一部分是可乐，剩下的全是 果汁.一个小时后，果汁已经减少了 ，但可乐的数量却没有改变.如果此时饮料还剩872瓶， 那么可乐的数量是多少瓶？,C:\Users\admin\Desktop\试卷分析project\参考教材\竞赛数学导引 五年级.pdf
5,竞赛数学导引 五年级,11,和差倍分问题,兴趣篇,interest,78,5,★★,0.9941,False,54,medium,general,,,和差倍分问题|general,5、6年级及以前高思导引拓展篇及以下难度 或 七年级及以上校内课本难度,low,auto,L1,False,口袋里装着红、黄、绿三种颜色的球.其中红球占总球数的 ，黄球占总球数的 绿球比黄球多50个.口袋里一共有几个球？,C:\Users\admin\Desktop\试卷分析project\参考教材\竞赛数学导引 五年级.pdf
5,竞赛数学导引 五年级,11,和差倍分问题,兴趣篇,interest,78,6,★★,0.9834,False,155,very_long,general,,,和差倍分问题|general,5、6年级及以前高思导引拓展篇及以下难度 或 七年级及以上校内课本难度,low,auto,L3,False,游戏公司计划生产一批限量版的游戏机.现在已完成计划的： 台，总产量就超过计划的.原计划生产多少台？ ，前两天一共完成了56个.请问：这批零件共有几个？ .请问：乙、丙两桶哪桶水 多？如果把三桶水倒人一个大缸里，甲桶中的水占其中的几分之几？ 墨莫11本书后，墨莫的科普书数量就变成了卡莉亚的子 .原来墨莫比卡莉娅少多少本书？,C:\Users\admin\Desktop\试卷分析project\参考教材\竞赛数学导引 五年级.pdf
5,竞赛数学导引 五年级,11,和差倍分问题,兴趣篇,interest,79,10,,0.9796,False,62,medium,general,,,和差倍分问题|general,5、6年级及以前高思导引拓展篇及以下难度 或 七年级及以上校内课本难度,low,auto,L1,False,课间很多同学在操场上活动，其中女生占总人数的一 .后来又来了12个女生，使 得女生人数达到男生人数的号.操场上现在有多少名同学？,C:\Users\admin\Desktop\试卷分析project\参考教材\竞赛数学导引 五年级.pdf
5,竞赛数学导引 五年级,11,和差倍分问题,拓展篇,extension,79,1,★★,0.9781,False,76,medium,general,,,和差倍分问题|general,5、6年级及以前高思导引拓展篇及以下难度 或 七年级及以上校内课本难度,mid,auto,L3,False,等候公共汽车的人整齐地排成一列，小高也在其中.他数了一下人数，发现排在他 前面的人数占总人数的一 ，排在他后面的人数占总人数的一 从前往后数，小高排在第几个？,C:\Users\admin\Desktop\试卷分析project\参考教材\竞赛数学导引 五年级.pdf
5,竞赛数学导引 五年级,11,和差倍分问题,拓展篇,extension,79,2,★★,0.99,False,45,medium,general,,,和差倍分问题|general,5、6年级及以前高思导引拓展篇及以下难度 或 七年级及以上校内课本难度,mid,auto,L3,False,五年级原来有学生325人，新学期男生增加25人，女生减少了 了16人.请问：现有男生多少人？,C:\Users\admin\Desktop\试卷分析project\参考教材\竞赛数学导引 五年级.pdf
5,竞赛数学导引 五年级,11,和差倍分问题,拓展篇,extension,79,3,★★,0.9927,False,89,medium,calculation,,,和差倍分问题|calculation,5、6年级及以前高思导引拓展篇及以下难度 或 七年级及以上校内课本难度,mid,auto,L3,False,墨莫、小高两人玩电子游戏，通过第一关后，墨莫得了120分，小高得了200分.接 下来，他们俩在第二关得到了相同的分数.累加两关总得分，墨莫的得分是小高的.两人在 第二关各得了多少分？,C:\Users\admin\Desktop\试卷分析project\参考教材\竞赛数学导引 五年级.pdf
5,竞赛数学导引 五年级,11,和差倍分问题,拓展篇,extension,"79,80",4,★★,0.9871,False,71,medium,general,,cross_page_question,和差倍分问题|general,5、6年级及以前高思导引拓展篇及以下难度 或 七年级及以上校内课本难度,mid,review,L3,False,有一堆砖，搬走总数的后又运来306块.这时这堆砖比最开始还多了亏·这堆砖 原来有多少块？ 订了65本，还剩下1350张纸.这批纸原来一共有多少张？,C:\Users\admin\Desktop\试卷分析project\参考教材\竞赛数学导引 五年级.pdf
5,竞赛数学导引 五年级,11,和差倍分问题,拓展篇,extension,80,6,★★,0.9909,False,74,medium,general,,,和差倍分问题|general,5、6年级及以前高思导引拓展篇及以下难度 或 七年级及以上校内课本难度,mid,auto,L3,False,"刚打完篮球，小高觉得非常渴，就拿起一大瓶矿泉水狂喝.他第一口就喝了整瓶水 的一半，第二口又喝了剩下的 ，第三口则喝了剩下的 ,第四口再喝剩下的，第五口喝了",C:\Users\admin\Desktop\试卷分析project\参考教材\竞赛数学导引 五年级.pdf
5,竞赛数学导引 五年级,11,和差倍分问题,拓展篇,extension,80,7,,0.9836,False,69,medium,general,,,和差倍分问题|general,5、6年级及以前高思导引拓展篇及以下难度 或 七年级及以上校内课本难度,mid,auto,L3,False,红星机械厂有三个车间，第一车间的人数是第二、三车间人数和的 ，第二车间的 人数是第一、三车间人数和的子 ，第三车间有105人.求该厂工人的总数.,C:\Users\admin\Desktop\试卷分析project\参考教材\竞赛数学导引 五年级.pdf
5,竞赛数学导引 五年级,11,和差倍分问题,拓展篇,extension,80,8,,0.9959,False,47,medium,general,,,和差倍分问题|general,5、6年级及以前高思导引拓展篇及以下难度 或 七年级及以上校内课本难度,mid,auto,L3,False,现有苹果、橘子、梨、菠萝四种水果各若干个，苹果的数目是其他三种水果总数的 这些水果一共有多少个？,C:\Users\admin\Desktop\试卷分析project\参考教材\竞赛数学导引 五年级.pdf
5,竞赛数学导引 五年级,11,和差倍分问题,拓展篇,extension,80,9,,0.9806,False,52,medium,general,,,和差倍分问题|general,5、6年级及以前高思导引拓展篇及以下难度 或 七年级及以上校内课本难度,mid,auto,L3,False,2008年5月，某爱心慈善组织向四川大地震中受灾严重的汶川地区捐赠帐篷.他 们第一次向汶川运去了全部帐篷的,C:\Users\admin\Desktop\试卷分析project\参考教材\竞赛数学导引 五年级.pdf
5,竞赛数学导引 五年级,11,和差倍分问题,拓展篇,extension,81,10,,0.9953,True,38,short,general,,has_diagram,和差倍分问题|general,5、6年级及以前高思导引拓展篇及以下难度 或 七年级及以上校内课本难度,mid,review,L3,False,图11-1是某市的园林规划图，其中草地占正方形的 少平方米？ 草地 竹林 图11-1,C:\Users\admin\Desktop\试卷分析project\参考教材\竞赛数学导引 五年级.pdf
5,竞赛数学导引 五年级,11,和差倍分问题,拓展篇,extension,81,11,,0.9887,True,86,medium,general,,has_diagram,和差倍分问题|general,5、6年级及以前高思导引拓展篇及以下难度 或 七年级及以上校内课本难度,mid,review,L3,False,如图11-2，甲、乙、丙三根木棒插在水池中，它们的长度之和是360厘米.甲木棒 露在水面上，乙木棒有露在水面上，丙木棒有号 露在水面上.请问：水深是多少厘米？ 水面 水深 图11-2,C:\Users\admin\Desktop\试卷分析project\参考教材\竞赛数学导引 五年级.pdf
5,竞赛数学导引 五年级,11,和差倍分问题,拓展篇,extension,81,12,,0.9902,False,55,medium,general,,,和差倍分问题|general,5、6年级及以前高思导引拓展篇及以下难度 或 七年级及以上校内课本难度,mid,auto,L3,False,小高和墨莫一起玩游戏牌.开始时小高手里的牌数是墨莫手里牌数的 一共有多少张牌？ 了总球数的.现在口袋里有多少个球？,C:\Users\admin\Desktop\试卷分析project\参考教材\竞赛数学导引 五年级.pdf
5,竞赛数学导引 五年级,11,和差倍分问题,拓展篇,extension,82,14,★,0.9845,False,67,medium,general,,,和差倍分问题|general,5、6年级及以前高思导引拓展篇及以下难度 或 七年级及以上校内课本难度,mid,auto,L3,False,水池中立着长短两根木桩.长木桩露出水面部分比短木桩露出部分长 当水面 .问水面再升高多少厘米，短 木桩露出水面长度将是长木桩露出水面长度的立,C:\Users\admin\Desktop\试卷分析project\参考教材\竞赛数学导引 五年级.pdf
5,竞赛数学导引 五年级,11,和差倍分问题,超越篇,challenge,82,1,,0.9962,False,65,medium,general,,,和差倍分问题|general,高思导引超越篇难度,high,auto,L4,False,装订车间的工人要将一批书打包后送往邮局，每包中装的书一样多.第一次，他们 多出的零头一起，刚好又打了11包.请问：这批书共有多少本？,C:\Users\admin\Desktop\试卷分析project\参考教材\竞赛数学导引 五年级.pdf
5,竞赛数学导引 五年级,11,和差倍分问题,超越篇,challenge,82,2,,0.9987,False,80,medium,general,,,和差倍分问题|general,高思导引超越篇难度,high,auto,L4,False,劳动小学五年级选出女生总人数的 和22名男生参加数学竞赛，剩下的女生人数 是剩下男生人数的2倍.如果女生的总人数比男生的总人数多2人，那么劳动小学五年级共 有多少人？,C:\Users\admin\Desktop\试卷分析project\参考教材\竞赛数学导引 五年级.pdf
5,竞赛数学导引 五年级,11,和差倍分问题,超越篇,challenge,82,3,,0.9973,False,88,medium,general,,,和差倍分问题|general,高思导引超越篇难度,high,auto,L4,False,有三堆棋子，每堆棋子数一样多，并且都只有黑、白两色棋子.已知第一堆里的黑子 和第二堆里的白子一样多，第三堆里的黑子占全部黑子的 .把这三堆棋子集中在一起，白子 占全部棋子的几分之几？,C:\Users\admin\Desktop\试卷分析project\参考教材\竞赛数学导引 五年级.pdf
5,竞赛数学导引 五年级,11,和差倍分问题,超越篇,challenge,82,4,,0.9804,False,107,long,general,,,和差倍分问题|general,高思导引超越篇难度,high,auto,L4,False,某工厂有A，B，C，D，E五个车间，人数各不相等.由于工作需要，把B车间工人 的 调人A车间，C车间工人的一 调人B车间，D车间工人的一 调人C车间，E车间工人的 调人D车间.现在五个车间都是30人.原来每个车间各有多少人？,C:\Users\admin\Desktop\试卷分析project\参考教材\竞赛数学导引 五年级.pdf
5,竞赛数学导引 五年级,11,和差倍分问题,超越篇,challenge,83,5,,0.9812,False,98,long,general,,,和差倍分问题|general,高思导引超越篇难度,high,auto,L4,False,从飞机的窗口向外望去，萱萱看见部分海岛、部分白云以及不大的一片海域.其中 白云占去了窗口画面的一半，它遮住了全部海岛的于 ，因此海岛只占窗口画面的一.请问：被 白云遮住的那部分海洋占窗口画面的几分之几？,C:\Users\admin\Desktop\试卷分析project\参考教材\竞赛数学导引 五年级.pdf
5,竞赛数学导引 五年级,11,和差倍分问题,超越篇,challenge,83,6,,0.9974,False,114,long,general,,,和差倍分问题|general,高思导引超越篇难度,high,auto,L4,False,有A，B，C，D四根材料相同的蜡烛，其中A和B一样粗，C和D一样粗，A和C 一样长，B和D一样长.把四根蜡烛同时点燃，过了6小时，D首先烧完，此时B所剩长度是 C的2倍；再过1小时40分钟，C正好烧完.请问：A，B还可以再燃烧多久？,C:\Users\admin\Desktop\试卷分析project\参考教材\竞赛数学导引 五年级.pdf
5,竞赛数学导引 五年级,11,和差倍分问题,超越篇,challenge,83,7,,0.994,True,149,very_long,general,,has_diagram,和差倍分问题|general,高思导引超越篇难度,high,review,L4,False,如图11-3所示，两根粗细相同、材质相同但长度不同的蜡烛竖直 地漂在水面上.一开始，长蜡烛露出水面的部分是短蜡烛总长度的一半；将两 根蜡烛同时点燃1小时后，长蜡烛露出水面的部分与短蜡烛总长度相等.已知 蜡烛漂在水面上时，露出水面的长度始终等于蜡烛在水下长度的 图11-3 烛还可再烧多久，长蜡烛还可再烧多久？,C:\Users\admin\Desktop\试卷分析project\参考教材\竞赛数学导引 五年级.pdf
5,竞赛数学导引 五年级,11,和差倍分问题,超越篇,challenge,83,8,,0.9981,False,61,medium,general,,,和差倍分问题|general,高思导引超越篇难度,high,auto,L4,False,甲、乙、丙三个好朋友去超市买了100元的商品.如果甲付钱，那么甲剩下的钱将 是乙、丙剩下钱的 甲、乙、丙开始时一共带了多少钱？,C:\Users\admin\Desktop\试卷分析project\参考教材\竞赛数学导引 五年级.pdf
5,竞赛数学导引 五年级,12,应用题拓展,兴趣篇,interest,84,1,★,0.9981,False,51,medium,application,,,应用题拓展|application,5、6年级及以前高思导引拓展篇及以下难度 或 七年级及以上校内课本难度,low,auto,L1,False,包子铺里有许多肉包子和菜包子，如果肉包子和菜包子的个数比为3：7，菜包子有 84个，那么肉包子有多少个？,C:\Users\admin\Desktop\试卷分析project\参考教材\竞赛数学导引 五年级.pdf
5,竞赛数学导引 五年级,12,应用题拓展,兴趣篇,interest,84,2,★,0.9963,False,95,long,application,,,应用题拓展|application,5、6年级及以前高思导引拓展篇及以下难度 或 七年级及以上校内课本难度,low,auto,L2,False,水果店运来了西瓜和哈密瓜共234个.如果西瓜和哈密瓜的个数比为5：4，那么水 果店运来的西瓜和哈密瓜各多少个？ 女生报名参赛，这时男生和女生的人数比变为11：10.请问：后来报名的女生有多少人？,C:\Users\admin\Desktop\试卷分析project\参考教材\竞赛数学导引 五年级.pdf
5,竞赛数学导引 五年级,12,应用题拓展,兴趣篇,interest,85,4,★★,0.9952,False,161,very_long,application,,,应用题拓展|application,5、6年级及以前高思导引拓展篇及以下难度 或 七年级及以上校内课本难度,low,auto,L3,False,松鼠一家三口出门采摘松果，松鼠爸爸采得最快，他每采摘7颗松果，松鼠妈妈只 能采摘6颗；松鼠宝宝采得最慢，他每采摘2颗，松鼠妈妈已经采摘了3颗.一天下来，他们一 共采摘了340颗松果.试问：其中有多少颗是松鼠宝宝采的？ 第二批与第三批的人数比是3：2.已知第一批的人数比第二、三批的总和少55人.请问：育才 小学五年级一共有多少人？,C:\Users\admin\Desktop\试卷分析project\参考教材\竞赛数学导引 五年级.pdf
5,竞赛数学导引 五年级,12,应用题拓展,兴趣篇,interest,85,6,★★,0.9953,False,45,medium,application,,,应用题拓展|application,5、6年级及以前高思导引拓展篇及以下难度 或 七年级及以上校内课本难度,low,auto,L1,False,一堆围棋子共有100多枚，其中黑棋子与白棋子的数量比是34：35，那么其中黑棋 子有多少枚？,C:\Users\admin\Desktop\试卷分析project\参考教材\竞赛数学导引 五年级.pdf
5,竞赛数学导引 五年级,12,应用题拓展,兴趣篇,interest,85,7,★★,0.9869,False,67,medium,application,,,应用题拓展|application,5、6年级及以前高思导引拓展篇及以下难度 或 七年级及以上校内课本难度,low,auto,L1,False,博雅小学五年级有200人.在一次数学竞赛中，参赛人数的六 鼓励奖，其余的人没有得奖.试问：该校五年级学生中有多少人没有参加这次数学竞赛？,C:\Users\admin\Desktop\试卷分析project\参考教材\竞赛数学导引 五年级.pdf
5,竞赛数学导引 五年级,12,应用题拓展,兴趣篇,interest,85,8,,0.9967,False,145,very_long,application,,,应用题拓展|application,5、6年级及以前高思导引拓展篇及以下难度 或 七年级及以上校内课本难度,low,auto,L3,False,甲、乙、丙三堆棋子总共有100多枚.先从甲堆分一些棋子给另外两堆，使得乙、丙 两堆的棋子数增加1倍；接着，从乙堆分一些棋子给另外两堆，使得甲、丙两堆各增加2倍；最 后，从丙堆分一些棋子给另外两堆，使得甲、乙两堆各增加3倍，此时甲、乙、丙三堆棋子数的 比是1：2：3.请问：原来三堆棋子各有多少枚？,C:\Users\admin\Desktop\试卷分析project\参考教材\竞赛数学导引 五年级.pdf
5,竞赛数学导引 五年级,12,应用题拓展,兴趣篇,interest,86,9,★★,0.9821,False,67,medium,application,,,应用题拓展|application,5、6年级及以前高思导引拓展篇及以下难度 或 七年级及以上校内课本难度,low,auto,L1,False,今年，爷爷的年龄是小明年龄的6倍.若干年后，爷爷的年龄将是小明年龄的5倍. 再过若干年，爷爷的年龄将是小明年龄的4倍.求爷爷今年的年龄，,C:\Users\admin\Desktop\试卷分析project\参考教材\竞赛数学导引 五年级.pdf
5,竞赛数学导引 五年级,12,应用题拓展,兴趣篇,interest,86,10,,0.9968,False,112,long,calculation,defined_operation,,应用题拓展|calculation|defined_operation,5、6年级及以前高思导引拓展篇及以下难度 或 七年级及以上校内课本难度,low,auto,L2,False,龙泉乡水电站按户收取电费，具体规定是：如果每月用电不超过24度，就按每度 9分钱收费；如果超过24度，超出的部分按每度2角钱收费.这个月小宇家比小达家多交了9 角6分钱的电费（用电按整度计算）.问：小宇家和小达家各交了多少电费？,C:\Users\admin\Desktop\试卷分析project\参考教材\竞赛数学导引 五年级.pdf
5,竞赛数学导引 五年级,12,应用题拓展,拓展篇,extension,86,1,★,0.9972,False,69,medium,application,,,应用题拓展|application,5、6年级及以前高思导引拓展篇及以下难度 或 七年级及以上校内课本难度,mid,auto,L3,False,红旗小学共有师生1081人.其中老师与学生的人数之比为2：45，男生与女生的人 数之比为5：4.请问：红旗小学的老师、男生和女生各有多少人？,C:\Users\admin\Desktop\试卷分析project\参考教材\竞赛数学导引 五年级.pdf
5,竞赛数学导引 五年级,12,应用题拓展,拓展篇,extension,86,2,★★,0.9971,False,66,medium,application,,,应用题拓展|application,5、6年级及以前高思导引拓展篇及以下难度 或 七年级及以上校内课本难度,mid,auto,L3,False,萱萱去商店买了4千克水果糖、2千克奶糖和3千克巧克力糖.如果每块糖果的重 量都相同，奶糖和巧克力糖一共有160块，那么水果糖有多少块？,C:\Users\admin\Desktop\试卷分析project\参考教材\竞赛数学导引 五年级.pdf
5,竞赛数学导引 五年级,12,应用题拓展,拓展篇,extension,86,3,★★,0.9889,False,72,medium,application,,,应用题拓展|application,5、6年级及以前高思导引拓展篇及以下难度 或 七年级及以上校内课本难度,mid,auto,L3,False,万泉小学的师生在植树节栽种柳树、杨树和槐树共860棵，其中柳树和杨树棵数的 比为3：4，杨树与槐树棵数的比为5：2.请问：这三种树各栽种了多少棵？,C:\Users\admin\Desktop\试卷分析project\参考教材\竞赛数学导引 五年级.pdf
5,竞赛数学导引 五年级,12,应用题拓展,拓展篇,extension,87,4,,0.9955,False,97,long,application,,,应用题拓展|application,5、6年级及以前高思导引拓展篇及以下难度 或 七年级及以上校内课本难度,mid,auto,L4,False,某厂一月份与二月份生产零件的个数比为4：5.后来改进生产技术，三月份生产 的零件个数与前两个月的总产量之比为4：3，且三月份比二月份多生产了1610个零件.请 问：这家工厂第一季度共生产多少个零件？,C:\Users\admin\Desktop\试卷分析project\参考教材\竞赛数学导引 五年级.pdf
5,竞赛数学导引 五年级,12,应用题拓展,拓展篇,extension,87,5,★,0.994,False,176,very_long,application,,,应用题拓展|application,5、6年级及以前高思导引拓展篇及以下难度 或 七年级及以上校内课本难度,mid,auto,L4,False,有48本书分给两组小朋友，已知第二组比第一组多5人.如果把书全都分给第一 组，一部分小朋友每人能拿到5本，其他小朋友每人能拿到4本；如果把书全都分给第二组， 一部分小朋友每人能拿到4本，其他小朋友每人能拿到3本.问：两组一共有多少人？ 已知家长和老师共有22人，家长比老师多，妈妈比爸爸多，女老师比妈妈多2人，至少有1名 男老师.问：在这些人中，爸爸有多少人？,C:\Users\admin\Desktop\试卷分析project\参考教材\竞赛数学导引 五年级.pdf
5,竞赛数学导引 五年级,12,应用题拓展,拓展篇,extension,87,7,★★,0.9828,False,36,short,application,,,应用题拓展|application,5、6年级及以前高思导引拓展篇及以下难度 或 七年级及以上校内课本难度,mid,auto,L3,False,志远中学有三个年级，共900多名学生，其中初一的学生数恰好占学生总数的，,C:\Users\admin\Desktop\试卷分析project\参考教材\竞赛数学导引 五年级.pdf
5,竞赛数学导引 五年级,12,应用题拓展,拓展篇,extension,87,8,★★,0.9953,False,58,medium,application,,,应用题拓展|application,5、6年级及以前高思导引拓展篇及以下难度 或 七年级及以上校内课本难度,mid,auto,L3,False,小明将100枚棋子分成三堆，已知第一堆比第二堆的2倍还多，第二堆也比第三堆 的2倍要多.请问：第三堆最多有多少枚棋子？,C:\Users\admin\Desktop\试卷分析project\参考教材\竞赛数学导引 五年级.pdf
5,竞赛数学导引 五年级,12,应用题拓展,拓展篇,extension,87,9,★★,0.9862,False,44,short,application,,,应用题拓展|application,5、6年级及以前高思导引拓展篇及以下难度 或 七年级及以上校内课本难度,mid,auto,L3,False,把100个人分成四队，第一队人数是第二队人数的1倍，是第三队人数的1倍， 求第四队的人数.,C:\Users\admin\Desktop\试卷分析project\参考教材\竞赛数学导引 五年级.pdf
5,竞赛数学导引 五年级,12,应用题拓展,拓展篇,extension,88,10,,0.9879,False,67,medium,application,,,应用题拓展|application,5、6年级及以前高思导引拓展篇及以下难度 或 七年级及以上校内课本难度,mid,auto,L3,False,甲、乙、丙三人各有一些书.甲、乙共有54本，乙、丙共有79本，已知三人中书最多 的那个人书的数量是书最少的人的2倍.请问：乙有多少本书？,C:\Users\admin\Desktop\试卷分析project\参考教材\竞赛数学导引 五年级.pdf
5,竞赛数学导引 五年级,12,应用题拓展,拓展篇,extension,88,11,,0.9885,False,76,medium,application,,,应用题拓展|application,5、6年级及以前高思导引拓展篇及以下难度 或 七年级及以上校内课本难度,mid,auto,L3,False,甲、乙、丙三人各有一些棋子，其中棋子数最多的人比最少的人多出60多枚棋子， 甲先拿出自己的一半平分给乙、丙，然后乙拿出自己的平分给甲、丙，最后丙拿出自己的,C:\Users\admin\Desktop\试卷分析project\参考教材\竞赛数学导引 五年级.pdf
5,竞赛数学导引 五年级,12,应用题拓展,拓展篇,extension,88,12,,0.9927,False,94,long,application,,,应用题拓展|application,5、6年级及以前高思导引拓展篇及以下难度 或 七年级及以上校内课本难度,mid,auto,L4,False,有两堆石头，如果从第一堆中取出20块石头放进第二堆，那么第二堆的石头是第 一堆的2倍；如果从第二堆中取出一些石头放进第一堆，那么第一堆的石头是第二堆的6倍. 问：第一堆中最少可能有多少块石头？,C:\Users\admin\Desktop\试卷分析project\参考教材\竞赛数学导引 五年级.pdf
5,竞赛数学导引 五年级,12,应用题拓展,拓展篇,extension,88,13,,0.9977,False,142,very_long,application,,,应用题拓展|application,5、6年级及以前高思导引拓展篇及以下难度 或 七年级及以上校内课本难度,mid,auto,L4,False,北京市出租车的起步价是3千米以内10元，3千米后按每千米2元计费，当里程 超过15千米后，超出部分按每千米3元计费.小明、小亮两人都从游乐园分别坐出租车回家， 小明比小亮多花了23元.请问：小明家距离游乐园最远是多少千米？（不足1千米按1千米 计，假定两人回家一路上没有红绿灯，也没有堵车）,C:\Users\admin\Desktop\试卷分析project\参考教材\竞赛数学导引 五年级.pdf
5,竞赛数学导引 五年级,12,应用题拓展,拓展篇,extension,88,14,,0.9967,False,132,very_long,application,,,应用题拓展|application,5、6年级及以前高思导引拓展篇及以下难度 或 七年级及以上校内课本难度,mid,auto,L4,False,团体游园购买公园门票的票价如表12-1所示 表12-1 购票人数 50人以下 50~100人 100人以上 每人票价 12元 10元 8元 今有甲、乙两个旅游团，如果分别购票，两团总计应付门票费1142元.如果合在一起作为 一个团体购票，应付门票费864元.问：这两个旅游团各有多少人？,C:\Users\admin\Desktop\试卷分析project\参考教材\竞赛数学导引 五年级.pdf
5,竞赛数学导引 五年级,12,应用题拓展,超越篇,challenge,89,1,,0.9943,False,78,medium,application,,,应用题拓展|application,高思导引超越篇难度,high,auto,L4,False,植物园里菊花与月季花的盆数之比是3：4，兰花与郁金香的盆数之比是5：6，菊 花与郁金香的盆数之比是4：5.如果月季比兰花多50多盆，那么菊花比郁金香少多少盆？,C:\Users\admin\Desktop\试卷分析project\参考教材\竞赛数学导引 五年级.pdf
5,竞赛数学导引 五年级,12,应用题拓展,超越篇,challenge,89,2,,0.9992,False,95,long,application,,,应用题拓展|application,高思导引超越篇难度,high,auto,L4,False,甲、乙、丙、丁包揽了班里期中考试的前四名.甲、乙的得分之和是108分，乙、丙的 得分之和是149分，丙、丁的得分之和是121分，并且知道其中第一名的得分是第三名的2 倍，那么第二名的得分是多少？,C:\Users\admin\Desktop\试卷分析project\参考教材\竞赛数学导引 五年级.pdf
5,竞赛数学导引 五年级,12,应用题拓展,超越篇,challenge,89,3,★,0.9976,False,90,long,application,,,应用题拓展|application,高思导引超越篇难度,high,auto,L4,False,有四人的体重都是整千克数，他们两两合称体重，共称了五次，称得的千克数分别 是99，113，125，130，144.其中有两人没有一起称过，那么这两个人中较重的那个人的体重 是多少千克？,C:\Users\admin\Desktop\试卷分析project\参考教材\竞赛数学导引 五年级.pdf
5,竞赛数学导引 五年级,12,应用题拓展,超越篇,challenge,89,4,★,0.9945,False,103,long,application,,,应用题拓展|application,高思导引超越篇难度,high,auto,L4,False,有若干盒卡片，每盒中卡片数一样多.把这些卡片分给一些小朋友，如果只分一盒， 每人至少可以得到7张；如果每人分8张卡片，则还缺少5张.现在把所有卡片都分完，每人 分到60张，而且还多出4张.问：共有多少个小朋友？,C:\Users\admin\Desktop\试卷分析project\参考教材\竞赛数学导引 五年级.pdf
5,竞赛数学导引 五年级,12,应用题拓展,超越篇,challenge,90,5,,0.9913,False,166,very_long,application,,,应用题拓展|application,高思导引超越篇难度,high,auto,L4,False,某次考试共有100道题，每题一分，做错不扣分，甲、乙、丙三位同学分别得90分、 70分、50分.其中3个人都做出来的题叫做“容易题”，只有1个人做出来的题目叫做“较难 题”，没人做出来的题目叫做“特难题”，且“较难题”是“特难题”的3倍.又已知丙同学做出的 题中超过80%的是“容易题”，但又不全是“容易题”.请问：“特难题”共有多少道？,C:\Users\admin\Desktop\试卷分析project\参考教材\竞赛数学导引 五年级.pdf
5,竞赛数学导引 五年级,12,应用题拓展,超越篇,challenge,90,6,,0.997,False,100,long,application,,,应用题拓展|application,高思导引超越篇难度,high,auto,L4,False,中关村一小、中关村二小两校春游的人数都是10的整数倍，出行时两校人员不合 乘一辆车，且每辆车尽量坐满.现在知道，若两校都租用有14个座位的旅游车，则两校共需租 种车7辆.问两校参加这次春游的人数各是多少？,C:\Users\admin\Desktop\试卷分析project\参考教材\竞赛数学导引 五年级.pdf
5,竞赛数学导引 五年级,12,应用题拓展,超越篇,challenge,90,7,,0.9991,False,38,short,application,,,应用题拓展|application,高思导引超越篇难度,high,auto,L4,False,工地要用每根长7.4米的原材料做100套钢筋，每套3根，长度分别为2.9米、,C:\Users\admin\Desktop\试卷分析project\参考教材\竞赛数学导引 五年级.pdf
5,竞赛数学导引 五年级,12,应用题拓展,超越篇,challenge,90,1,,0.9984,False,22,short,application,,,应用题拓展|application,高思导引超越篇难度,high,auto,L4,False,5米、2.1米.请问：至少要用多少根原材料？,C:\Users\admin\Desktop\试卷分析project\参考教材\竞赛数学导引 五年级.pdf
5,竞赛数学导引 五年级,12,应用题拓展,超越篇,challenge,90,8,,0.9961,False,220,very_long,application,,,应用题拓展|application,高思导引超越篇难度,high,auto,L4,False,四只猴子摘了一堆桃子，它们准备先回去睡一觉后再来分桃子.过了一会，其中一 只猴子来了，它见别的猴子没来，便把桃子平分成4堆，发现余下3个，于是给其中三堆各多 分了一个桃子，然后拿走余下的一堆跑掉了；又过一会儿，另一只猴子来了，它见别的猴子没 来，把桃子也分成4堆，发现还是多出3个，于是也给其中三堆各多分了一个桃子，自已带着 余下的一堆跑掉了；轮到另外两只猴子时，分别发生了同样的事情.如果最后一只猴子至少拿 走了一个桃子，那么这堆桃子至少有多少个？,C:\Users\admin\Desktop\试卷分析project\参考教材\竞赛数学导引 五年级.pdf
5,竞赛数学导引 五年级,13,计算综合一,兴趣篇,interest,91,1,★,0.9558,False,49,medium,calculation,,,计算综合一|calculation,5、6年级及以前高思导引拓展篇及以下难度 或 七年级及以上校内课本难度,low,auto,L1,False,计算： (1)1+2+4+8+16+32+64+128+256； (2)1+ 8163264128256,C:\Users\admin\Desktop\试卷分析project\参考教材\竞赛数学导引 五年级.pdf
5,竞赛数学导引 五年级,13,计算综合一,兴趣篇,interest,91,2,★,0.9291,False,25,short,calculation,,,计算综合一|calculation,5、6年级及以前高思导引拓展篇及以下难度 或 七年级及以上校内课本难度,low,auto,L1,False,计算：384+192+96+48+24+12+6.,C:\Users\admin\Desktop\试卷分析project\参考教材\竞赛数学导引 五年级.pdf
5,竞赛数学导引 五年级,13,计算综合一,兴趣篇,interest,91,3,★★,0.9229,False,16,short,calculation,,,计算综合一|calculation,5、6年级及以前高思导引拓展篇及以下难度 或 七年级及以上校内课本难度,low,auto,L1,False,计算：3+3²+3+3+3+3.,C:\Users\admin\Desktop\试卷分析project\参考教材\竞赛数学导引 五年级.pdf
5,竞赛数学导引 五年级,13,计算综合一,兴趣篇,interest,92,4,★★,0.953,False,29,short,calculation,,,计算综合一|calculation,5、6年级及以前高思导引拓展篇及以下难度 或 七年级及以上校内课本难度,low,auto,L1,False,计算： 1995+19951995+199519951995,C:\Users\admin\Desktop\试卷分析project\参考教材\竞赛数学导引 五年级.pdf
5,竞赛数学导引 五年级,13,计算综合一,兴趣篇,interest,92,5,★★,0.8477,False,20,short,calculation,,,计算综合一|calculation,5、6年级及以前高思导引拓展篇及以下难度 或 七年级及以上校内课本难度,low,auto,L1,False,计算：1 +2 +4 +5 +7 +...+100,C:\Users\admin\Desktop\试卷分析project\参考教材\竞赛数学导引 五年级.pdf
5,竞赛数学导引 五年级,13,计算综合一,兴趣篇,interest,92,6,★★,0.8414,False,41,short,calculation,defined_operation,,计算综合一|calculation|defined_operation,5、6年级及以前高思导引拓展篇及以下难度 或 七年级及以上校内课本难度,low,auto,L2,False,规定新运算“V”为：aVb=a×b-a.计算：(1)5V7；(2)3V（4V5).,C:\Users\admin\Desktop\试卷分析project\参考教材\竞赛数学导引 五年级.pdf
5,竞赛数学导引 五年级,13,计算综合一,兴趣篇,interest,92,7,★★,0.8492,False,45,medium,calculation,defined_operation,,计算综合一|calculation|defined_operation,5、6年级及以前高思导引拓展篇及以下难度 或 七年级及以上校内课本难度,low,auto,L2,False,规定新运算“”为：α*b=3×a-2×b. (1)计算：(号); (2)已知*（x)=- ，求x,C:\Users\admin\Desktop\试卷分析project\参考教材\竞赛数学导引 五年级.pdf
5,竞赛数学导引 五年级,13,计算综合一,兴趣篇,interest,92,8,,0.9956,True,91,long,calculation,,has_diagram,计算综合一|calculation,5、6年级及以前高思导引拓展篇及以下难度 或 七年级及以上校内课本难度,low,review,L2,False,图13－1中除了每行两端的数之外，其余每个数都是与它相连的上一行的两个数 的平均数，例如：2.75是2.5和3的平均数.请问：第100行中的各数之和是多少？ 第1行 第2行 第3行 图13-1,C:\Users\admin\Desktop\试卷分析project\参考教材\竞赛数学导引 五年级.pdf
5,竞赛数学导引 五年级,13,计算综合一,兴趣篇,interest,92,9,★★,0.9479,False,89,medium,calculation,recursive_or_sequence,,计算综合一|calculation|recursive_or_sequence,5、6年级及以前高思导引拓展篇及以下难度 或 七年级及以上校内课本难度,low,auto,L2,False,"有这样一列数，前两个数分别是0和1，从第三个数开始，每一个数都是前两个数 的和： 0，1，1,2,3，5，8，13,21，34， 请问：这个数列的第1000个数除以8所得的余数是多少？",C:\Users\admin\Desktop\试卷分析project\参考教材\竞赛数学导引 五年级.pdf
5,竞赛数学导引 五年级,13,计算综合一,兴趣篇,interest,93,10,,0.9786,False,32,short,calculation,recursive_or_sequence,,计算综合一|计算问题|calculation|recursive_or_sequence,5、6年级及以前高思导引拓展篇及以下难度 或 七年级及以上校内课本难度,low,auto,L2,False,观察数列 求： （1）数列中第150项； （2）数列中前300项的和.,C:\Users\admin\Desktop\试卷分析project\参考教材\竞赛数学导引 五年级.pdf
5,竞赛数学导引 五年级,13,计算综合一,拓展篇,extension,93,1,,0.9897,True,135,very_long,calculation,,has_diagram,计算综合一|calculation,5、6年级及以前高思导引拓展篇及以下难度 或 七年级及以上校内课本难度,mid,review,L4,False,如图13-2，有一个边长为81厘米的等边三角形，将它每条边都三等分，以中间那 一份为边向外作等边三角形，得到图13-3.由图13-3通过同样方法又得到图13-4.如果再 由图13－4通过同样方法得到一个新的图形，试问：这个新的图形的周长是多少？ 图13-2 图13-3 图13-4,C:\Users\admin\Desktop\试卷分析project\参考教材\竞赛数学导引 五年级.pdf
5,竞赛数学导引 五年级,13,计算综合一,拓展篇,extension,93,2,★★,0.8957,False,31,short,calculation,,,计算综合一|calculation,5、6年级及以前高思导引拓展篇及以下难度 或 七年级及以上校内课本难度,mid,auto,L3,False,计算： (1)1+2+2²+23+2+2+26+2”； (2)1+,C:\Users\admin\Desktop\试卷分析project\参考教材\竞赛数学导引 五年级.pdf
5,竞赛数学导引 五年级,13,计算综合一,拓展篇,extension,93,3,,0.9958,False,74,medium,calculation,,,计算综合一|calculation,5、6年级及以前高思导引拓展篇及以下难度 或 七年级及以上校内课本难度,mid,auto,L3,False,某工厂生产一种新型的乒乓球，第一天生产出了若干个，接下来每天的产量恰好是 前一天的1.5倍，且每天都生产整数个乒乓球.请问：第一周的总产量至少是多少？,C:\Users\admin\Desktop\试卷分析project\参考教材\竞赛数学导引 五年级.pdf
5,竞赛数学导引 五年级,13,计算综合一,拓展篇,extension,94,4,,0.9295,False,48,medium,calculation,,,计算综合一|calculation,5、6年级及以前高思导引拓展篇及以下难度 或 七年级及以上校内课本难度,mid,auto,L3,False,计算：41 +52 +63 1×2×3+2×4×6+*+100×200×300 1999²-1999+1,C:\Users\admin\Desktop\试卷分析project\参考教材\竞赛数学导引 五年级.pdf
5,竞赛数学导引 五年级,13,计算综合一,拓展篇,extension,94,7,,0.8718,False,72,medium,calculation,defined_operation,,计算综合一|calculation|defined_operation,5、6年级及以前高思导引拓展篇及以下难度 或 七年级及以上校内课本难度,mid,auto,L3,False,"对于任意的两个自然数a和b，规定新运算“0""为：ab=aX（a十1)×（a十2)×…× (a十b—1).如果(x03)03=15600，求x的值，",C:\Users\admin\Desktop\试卷分析project\参考教材\竞赛数学导引 五年级.pdf
5,竞赛数学导引 五年级,13,计算综合一,拓展篇,extension,94,8,★,0.9454,False,153,very_long,calculation,defined_operation,,计算综合一|calculation|defined_operation,5、6年级及以前高思导引拓展篇及以下难度 或 七年级及以上校内课本难度,mid,auto,L4,False,"定义新运算aΩb为a与b之间（包含a，b)所有与a奇偶性相同的自然数的平均 数，例如：7Ω14=（7+9+11+13)÷4=10,18Ω10=（18+16+14+12+10)÷5=14. (1)计算：10Ω19； (2）在算式口Q(19Ω99)=80的方框中填入恰当的自然数后可使等式成立，请问：所填的 数是什么？",C:\Users\admin\Desktop\试卷分析project\参考教材\竞赛数学导引 五年级.pdf
5,竞赛数学导引 五年级,13,计算综合一,拓展篇,extension,94,9,,0.9968,False,26,short,calculation,,,计算综合一|calculation,5、6年级及以前高思导引拓展篇及以下难度 或 七年级及以上校内课本难度,mid,auto,L3,False,1至2008这2008个自然数的所有数字之和是多少？,C:\Users\admin\Desktop\试卷分析project\参考教材\竞赛数学导引 五年级.pdf
5,竞赛数学导引 五年级,13,计算综合一,拓展篇,extension,94,10,,0.9852,False,73,medium,calculation,,,计算综合一|calculation,5、6年级及以前高思导引拓展篇及以下难度 或 七年级及以上校内课本难度,mid,auto,L3,False,有一串数如下：1，2，4，7，11，16，它的规律是：由1开始，依次加1，加2，加3，逐 个产生这串数，直到第50个数为止.求第50个数除以3的余数,C:\Users\admin\Desktop\试卷分析project\参考教材\竞赛数学导引 五年级.pdf
5,竞赛数学导引 五年级,13,计算综合一,拓展篇,extension,95,11,,0.9833,False,146,very_long,calculation,recursive_or_sequence,,计算综合一|calculation|recursive_or_sequence,5、6年级及以前高思导引拓展篇及以下难度 或 七年级及以上校内课本难度,mid,auto,L4,False,70个数排成一行，除了两头的两个数以外，每个数的3倍都恰好等于与它相邻的 两个数之和.这一行最左边的几个数是这样的：0，1，3，8，21，请问：这列数中除以6余1 的数有多少个？ 1313513571 20052007的 的规律， 问： （1）数列中第2008项是什么？ （2）数列中前2008项的和是多少？,C:\Users\admin\Desktop\试卷分析project\参考教材\竞赛数学导引 五年级.pdf
5,竞赛数学导引 五年级,13,计算综合一,拓展篇,extension,95,13,,0.8647,False,51,medium,calculation,,,计算综合一|calculation,5、6年级及以前高思导引拓展篇及以下难度 或 七年级及以上校内课本难度,mid,auto,L3,False,观察下面的数阵： 1'2 ，23，45 根据前五行数所表达的规律，求： (1) (2）第28行第19个数是什么？,C:\Users\admin\Desktop\试卷分析project\参考教材\竞赛数学导引 五年级.pdf
5,竞赛数学导引 五年级,13,计算综合一,拓展篇,extension,95,14,,0.9332,True,93,long,calculation,,has_diagram,计算综合一|计算问题|calculation,5、6年级及以前高思导引拓展篇及以下难度 或 七年级及以上校内课本难度,mid,review,L4,False,将从1开始的自然数按照如图13-5所示的规律排成数阵，数1000所在的行与 列中分别有一个最小的数，求这两个数的和， 12910…. 43811.… 56712.…. 16 1514 13* 图13-5,C:\Users\admin\Desktop\试卷分析project\参考教材\竞赛数学导引 五年级.pdf
5,竞赛数学导引 五年级,13,计算综合一,超越篇,challenge,96,1,,0.9871,False,18,short,calculation,,,计算综合一|calculation,高思导引超越篇难度,high,auto,L4,False,求所有分母为360的最简真分数的和.,C:\Users\admin\Desktop\试卷分析project\参考教材\竞赛数学导引 五年级.pdf
5,竞赛数学导引 五年级,13,计算综合一,超越篇,challenge,96,2,★,0.8213,False,62,medium,calculation,,,计算综合一|calculation,高思导引超越篇难度,high,auto,L4,False,有一种运算“￥”，满足以下条件： ①2￥3=5； ②a×b=b*a； （各叫崇晋十，X）*D+9*D=（3+9）D 请计算：8￥9.,C:\Users\admin\Desktop\试卷分析project\参考教材\竞赛数学导引 五年级.pdf
5,竞赛数学导引 五年级,13,计算综合一,超越篇,challenge,96,3,,0.9798,False,123,very_long,calculation,grouping|recursive_or_sequence,,计算综合一|calculation|grouping|recursive_or_sequence,高思导引超越篇难度,high,auto,L4,False,"下面的数列是按某种规律排列的：1，3，4，7，11，18，29，47，试问： (1）其中第300个数被6除余几？ (2）如果数列按第n组含有n个数的规律分组，成为：(1)，(3，4)，（7，11，18)，""那么 第300组内各数之和除以6的余数是多少？",C:\Users\admin\Desktop\试卷分析project\参考教材\竞赛数学导引 五年级.pdf
5,竞赛数学导引 五年级,13,计算综合一,超越篇,challenge,96,4,,0.9908,True,76,medium,calculation,,has_diagram,计算综合一|calculation,高思导引超越篇难度,high,review,L4,False,如图13-6所示的数阵中，从第2行起，每行都是把上一行抄一遍，然后在相邻两 数之间填入它们的和.请问：第999行各数之和被7除所得的余数是多少？ 图13-6,C:\Users\admin\Desktop\试卷分析project\参考教材\竞赛数学导引 五年级.pdf
5,竞赛数学导引 五年级,13,计算综合一,超越篇,challenge,97,5,★,0.9977,False,135,very_long,calculation,,,计算综合一|calculation,高思导引超越篇难度,high,auto,L4,False,有一个圆，第一次用一条直径将圆周分成两个半圆周，在每个分点上标上1；第二 次，再将两个半圆周分别分成两个 圆周，在新产生的分点上标上相邻两数之和的 第三 次，再将八个 圆周分别分成两个 圆周，在新产生的分点上标上相邻两数之和的 如此进行了100次.请问：最后圆周上的所有数之和是多少？,C:\Users\admin\Desktop\试卷分析project\参考教材\竞赛数学导引 五年级.pdf
5,竞赛数学导引 五年级,13,计算综合一,超越篇,challenge,97,6,,0.9748,True,116,long,calculation,,has_diagram,计算综合一|calculation,高思导引超越篇难度,high,review,L4,False,将非零自然数按照图13-7中的规律不断写出，发现有些数被写出多次，还有些 数是多少？ 1234.…979899 2345.….9899100 4567100101102 78910103104105 11121314107108109 图13-7,C:\Users\admin\Desktop\试卷分析project\参考教材\竞赛数学导引 五年级.pdf
5,竞赛数学导引 五年级,13,计算综合一,超越篇,challenge,97,8,,0.9047,False,55,medium,calculation,defined_operation,,计算综合一|计算问题|calculation|defined_operation,高思导引超越篇难度,high,auto,L4,False,规定运算“Q”对任意的x，y，x都满足xΩx=5，xΩ（yΩz）=（xΩy)十z一5.试求 2009Q1949.,C:\Users\admin\Desktop\试卷分析project\参考教材\竞赛数学导引 五年级.pdf
5,竞赛数学导引 五年级,14,直线形计算二,兴趣篇,interest,98,1,★,0.8806,True,63,medium,calculation,,has_diagram,直线形计算二|calculation,5、6年级及以前高思导引拓展篇及以下难度 或 七年级及以上校内课本难度,low,review,L1,False,"如图14-1,在三角形ABC中，AB是AD的3倍，三角形ACD的面积是5平方厘 米.请问：三角形ABC的面积是多少？ D 图 14 -1",C:\Users\admin\Desktop\试卷分析project\参考教材\竞赛数学导引 五年级.pdf
5,竞赛数学导引 五年级,14,直线形计算二,兴趣篇,interest,98,2,★★,0.9782,True,103,long,calculation,,has_diagram,直线形计算二|calculation,5、6年级及以前高思导引拓展篇及以下难度 或 七年级及以上校内课本难度,low,review,L2,False,如图14-2，四边形ABCD是直角梯形.其中AD=12（厘米)，AB=8（厘米)， BC=15（厘米），且三角形ADE，四边形DEBF，三角形CDF的面积相等.阴影三角形DEF的 面积是多少平方厘米？ 图14-2,C:\Users\admin\Desktop\试卷分析project\参考教材\竞赛数学导引 五年级.pdf
5,竞赛数学导引 五年级,14,直线形计算二,兴趣篇,interest,99,3,★★,0.9891,True,64,medium,calculation,,has_diagram,直线形计算二|calculation,5、6年级及以前高思导引拓展篇及以下难度 或 七年级及以上校内课本难度,low,review,L1,False,一块长方形的土地被分割成4个小长方形，其中三块的面积如图14-3所示（单 位：平方米），剩下一块的面积应该是多少平方米？ 图14-3,C:\Users\admin\Desktop\试卷分析project\参考教材\竞赛数学导引 五年级.pdf
5,竞赛数学导引 五年级,14,直线形计算二,兴趣篇,interest,99,4,★★,0.9668,True,76,medium,calculation,,has_diagram,直线形计算二|calculation,5、6年级及以前高思导引拓展篇及以下难度 或 七年级及以上校内课本难度,low,review,L1,False,如图14-4，在三角形ABC中，BC是DC的3倍，AC是EC的3倍.三角形DEC 的面积是3平方厘米.请问：三角形ABC的面积是多少平方厘米？ D 图 14 -4,C:\Users\admin\Desktop\试卷分析project\参考教材\竞赛数学导引 五年级.pdf
5,竞赛数学导引 五年级,14,直线形计算二,兴趣篇,interest,99,5,★★,0.9926,True,71,medium,calculation,,has_diagram,直线形计算二|calculation,5、6年级及以前高思导引拓展篇及以下难度 或 七年级及以上校内课本难度,low,review,L1,False,如图14-5，E是BC上靠近C的三等分点，且ED是AD的2倍.三角形ABC的 面积为36平方厘米.三角形BDE的面积是多少平方厘米？ E 图14-5,C:\Users\admin\Desktop\试卷分析project\参考教材\竞赛数学导引 五年级.pdf
5,竞赛数学导引 五年级,14,直线形计算二,兴趣篇,interest,99,6,★★,0.9654,True,87,medium,calculation,,has_diagram,直线形计算二|calculation,5、6年级及以前高思导引拓展篇及以下难度 或 七年级及以上校内课本难度,low,review,L1,False,如图14-6所示，已知三角形BEC的面积等于20平方厘米，E是AB边上靠近B 点的四等分点.三角形AED的面积是多少平方厘米？平行四边形DECF的面积是多少平方 厘米？ 图 14-6,C:\Users\admin\Desktop\试卷分析project\参考教材\竞赛数学导引 五年级.pdf
5,竞赛数学导引 五年级,14,直线形计算二,兴趣篇,interest,100,7,,0.9705,True,56,medium,calculation,,has_diagram,直线形计算二|calculation,5、6年级及以前高思导引拓展篇及以下难度 或 七年级及以上校内课本难度,low,review,L1,False,如图14-7，已知平行四边形ABCD的面积为36，三角形AOD的面积为8.三角形 BOC的面积为多少？ D 图14-7,C:\Users\admin\Desktop\试卷分析project\参考教材\竞赛数学导引 五年级.pdf
5,竞赛数学导引 五年级,14,直线形计算二,兴趣篇,interest,100,8,★★,0.9896,True,77,medium,calculation,,has_diagram,直线形计算二|calculation,5、6年级及以前高思导引拓展篇及以下难度 或 七年级及以上校内课本难度,low,review,L1,False,如图14-8，长方形ABCD的面积是96平方厘米，E是AD边上靠近D点的三等 分点，F是CD边上靠近C点的四等分点.阴影部分的面积是多少平方厘米？ 图14-8,C:\Users\admin\Desktop\试卷分析project\参考教材\竞赛数学导引 五年级.pdf
5,竞赛数学导引 五年级,14,直线形计算二,兴趣篇,interest,100,9,,0.9885,True,68,medium,calculation,,has_diagram,直线形计算二|calculation,5、6年级及以前高思导引拓展篇及以下难度 或 七年级及以上校内课本难度,low,review,L1,False,如图14-9，把一个正方形的相邻两边分别增加3和5厘米，结果面积增加了71平 方厘米（阴影部分）.原正方形的面积为多少平方厘米？ 图14-9,C:\Users\admin\Desktop\试卷分析project\参考教材\竞赛数学导引 五年级.pdf
5,竞赛数学导引 五年级,14,直线形计算二,兴趣篇,interest,100,10,,0.9829,True,74,medium,calculation,,has_diagram,直线形计算二|几何问题|calculation,5、6年级及以前高思导引拓展篇及以下难度 或 七年级及以上校内课本难度,low,review,L1,False,如图14－10所示，把一个正方形的相邻两边分别减少2厘米和4厘米，结果面积 减少了46平方厘米（阴影部分).原正方形的面积为多少平方厘米？ 图14-10,C:\Users\admin\Desktop\试卷分析project\参考教材\竞赛数学导引 五年级.pdf
5,竞赛数学导引 五年级,14,直线形计算二,拓展篇,extension,101,1,★★,0.9583,True,72,medium,calculation,,has_diagram,直线形计算二|calculation,5、6年级及以前高思导引拓展篇及以下难度 或 七年级及以上校内课本难度,mid,review,L3,False,如图14-11，有9个小长方形，其中的5个小长方形的面积分别为4，8，12，16，20 平方米.其余4个长方形的面积分别是多少平方米？ 图14 - 11,C:\Users\admin\Desktop\试卷分析project\参考教材\竞赛数学导引 五年级.pdf
5,竞赛数学导引 五年级,14,直线形计算二,拓展篇,extension,101,2,★★,0.975,True,66,medium,calculation,,has_diagram,直线形计算二|calculation,5、6年级及以前高思导引拓展篇及以下难度 或 七年级及以上校内课本难度,mid,review,L3,False,图14-12中三角形ABC的面积是180平方厘米，D是BC的中点，AD是AE的 3倍.三角形ABE的面积是多少平方厘米？ D 图14-12,C:\Users\admin\Desktop\试卷分析project\参考教材\竞赛数学导引 五年级.pdf
5,竞赛数学导引 五年级,14,直线形计算二,拓展篇,extension,101,3,,0.994,True,90,long,calculation,,has_diagram,直线形计算二|calculation,5、6年级及以前高思导引拓展篇及以下难度 或 七年级及以上校内课本难度,mid,review,L4,False,如图14-13，在四边形ABCD中，已知CD= 3DF，AE=3ED，而且三角形BFC的面积为6平方厘米， 四边形BEDF的面积为7平方厘米.大四边形ABCD的面 积是多少？ 图14-13,C:\Users\admin\Desktop\试卷分析project\参考教材\竞赛数学导引 五年级.pdf
5,竞赛数学导引 五年级,14,直线形计算二,拓展篇,extension,101,4,,0.9685,True,65,medium,calculation,,has_diagram,直线形计算二|calculation,5、6年级及以前高思导引拓展篇及以下难度 或 七年级及以上校内课本难度,mid,review,L3,False,如图14-14，把三角形DEF的各边向外延长1倍后得到 三角形ABC，三角形ABC的面积为1.三角形DEF的面积是多少？ 图 14 -14,C:\Users\admin\Desktop\试卷分析project\参考教材\竞赛数学导引 五年级.pdf
5,竞赛数学导引 五年级,14,直线形计算二,拓展篇,extension,102,5,★★,0.9872,True,71,medium,calculation,,has_diagram,直线形计算二|calculation,5、6年级及以前高思导引拓展篇及以下难度 或 七年级及以上校内课本难度,mid,review,L3,False,如图14-15，将一个长为18的长方形，分成一个三角形和一个梯形，而且梯形的面 积是三角形的5倍.三角形ABE的边BE的长是多少？ E 图14-15,C:\Users\admin\Desktop\试卷分析project\参考教材\竞赛数学导引 五年级.pdf
5,竞赛数学导引 五年级,14,直线形计算二,拓展篇,extension,102,6,,0.956,True,71,medium,calculation,,has_diagram,直线形计算二|calculation,5、6年级及以前高思导引拓展篇及以下难度 或 七年级及以上校内课本难度,mid,review,L3,False,如图14-16，E是AB边上靠近A点的三等分点，梯形ABCD的面积是三角形 AEC面积的5倍.请问：梯形的下底长是上底长的几倍？ E H 图14-16,C:\Users\admin\Desktop\试卷分析project\参考教材\竞赛数学导引 五年级.pdf
5,竞赛数学导引 五年级,14,直线形计算二,拓展篇,extension,102,7,,0.9857,True,100,long,calculation,,has_diagram,直线形计算二|calculation,5、6年级及以前高思导引拓展篇及以下难度 或 七年级及以上校内课本难度,mid,review,L4,False,如图14-17，一个长方形被分成4个不同颜色的三角形，红色三角形的面积是9平 方厘米，黄色三角形的面积是21平方厘米，绿色三角形的面积是10平方厘米，那么蓝色三角 形的面积是多少平方厘米？ 蓝 绿 图 14-17,C:\Users\admin\Desktop\试卷分析project\参考教材\竞赛数学导引 五年级.pdf
5,竞赛数学导引 五年级,14,直线形计算二,拓展篇,extension,102,8,★,0.9948,True,92,long,calculation,,has_diagram,直线形计算二|calculation,5、6年级及以前高思导引拓展篇及以下难度 或 七年级及以上校内课本难度,mid,review,L4,False,图14-18中，正方形ABCD的面积为1.把每条边都3等分，然后将这8个等分点 与正方形内部的某一点P相连接，形成4个阴影的四边形和4个空白的三角形.阴影部分的 总面积是多少？ 图14-18,C:\Users\admin\Desktop\试卷分析project\参考教材\竞赛数学导引 五年级.pdf
5,竞赛数学导引 五年级,14,直线形计算二,拓展篇,extension,103,9,★,0.9885,True,84,medium,calculation,,has_diagram,直线形计算二|calculation,5、6年级及以前高思导引拓展篇及以下难度 或 七年级及以上校内课本难度,mid,review,L3,False,如图14-19，在梯形ABCD中，E是AB的中点.已知梯 形ABCD的面积为35平方厘米，三角形ABD的面积为13平方厘 米.三角形BCE的面积为多少平方厘米？ 图14-19,C:\Users\admin\Desktop\试卷分析project\参考教材\竞赛数学导引 五年级.pdf
5,竞赛数学导引 五年级,14,直线形计算二,拓展篇,extension,103,10,,0.997,True,71,medium,calculation,,has_diagram,直线形计算二|calculation,5、6年级及以前高思导引拓展篇及以下难度 或 七年级及以上校内课本难度,mid,review,L3,False,在图14-20中，正方形ADEB和正方形ECFG底边对齐，两个正方形边长分别 为6和4.三角形ACG和三角形BDF的面积分别是多少？ 图14-20,C:\Users\admin\Desktop\试卷分析project\参考教材\竞赛数学导引 五年级.pdf
5,竞赛数学导引 五年级,14,直线形计算二,拓展篇,extension,103,11,★,0.9943,True,83,medium,calculation,,has_diagram,直线形计算二|calculation,5、6年级及以前高思导引拓展篇及以下难度 或 七年级及以上校内课本难度,mid,review,L3,False,图14-21是由边长分别为10厘米、12 厘米、8厘米的正方形构成的，有一条与AB边平行 的直线EF将此图形分成面积相等的两部分，那么E BF的长度为多少厘米？ 图14-21,C:\Users\admin\Desktop\试卷分析project\参考教材\竞赛数学导引 五年级.pdf
5,竞赛数学导引 五年级,14,直线形计算二,拓展篇,extension,103,12,,0.9851,True,152,very_long,calculation,,has_diagram,直线形计算二|calculation,5、6年级及以前高思导引拓展篇及以下难度 或 七年级及以上校内课本难度,mid,review,L4,False,（1）如14-22中左图所示，把一个正方形的相邻两边分别增加2厘米和4厘米， 结果面积增加了50平方厘米（阴影部分).原正方形的面积为多少平方厘米？ (2）如14-22中右图所示，把一个正方形的相邻两边分别减少3厘米和5厘米，结果面 积减少了65平方厘米（阴影部分).原正方形的面积为多少平方厘米？ 图14-22,C:\Users\admin\Desktop\试卷分析project\参考教材\竞赛数学导引 五年级.pdf
5,竞赛数学导引 五年级,14,直线形计算二,拓展篇,extension,104,13,★,0.9903,True,68,medium,calculation,,has_diagram,直线形计算二|calculation,5、6年级及以前高思导引拓展篇及以下难度 或 七年级及以上校内课本难度,mid,review,L3,False,如图14-23，四边形ABCD内有一点O，O点到四条边的垂线都是4厘米.四边 形的周长是36厘米.四边形的面积是多少平方厘米？ 图14-23,C:\Users\admin\Desktop\试卷分析project\参考教材\竞赛数学导引 五年级.pdf
5,竞赛数学导引 五年级,14,直线形计算二,拓展篇,extension,104,14,,0.9928,True,76,medium,calculation,,has_diagram,直线形计算二|几何问题|calculation,5、6年级及以前高思导引拓展篇及以下难度 或 七年级及以上校内课本难度,mid,review,L3,False,如图14-24，直角三角形ABC套住了一个正方形CDEF， E点恰好在AB边上.直角边AC长20厘米，BC长12厘米.正方形的边长 为多少厘米？ 图14-24,C:\Users\admin\Desktop\试卷分析project\参考教材\竞赛数学导引 五年级.pdf
5,竞赛数学导引 五年级,14,直线形计算二,超越篇,challenge,104,1,,0.9895,True,68,medium,calculation,,has_diagram,直线形计算二|calculation,高思导引超越篇难度,high,review,L4,False,如图14-25，三角形ABC的每边长都是96厘米，用折 线把这个三角形分割成面积相等的四个三角形.请求出CE和CF 的长度之和. 图14-25,C:\Users\admin\Desktop\试卷分析project\参考教材\竞赛数学导引 五年级.pdf
5,竞赛数学导引 五年级,14,直线形计算二,超越篇,challenge,104,2,★,0.9926,True,76,medium,calculation,,has_diagram,直线形计算二|calculation,高思导引超越篇难度,high,review,L4,False,如图14-26，把四边形ABCD的各边都延长1倍，得 到一个新四边形EFGH.如果ABCD的面积是5平方厘米，则 EFGH的面积是多少平方厘米？ 图14-26,C:\Users\admin\Desktop\试卷分析project\参考教材\竞赛数学导引 五年级.pdf
5,竞赛数学导引 五年级,14,直线形计算二,超越篇,challenge,105,3,,0.9734,True,86,medium,calculation,,has_diagram,直线形计算二|calculation,高思导引超越篇难度,high,review,L4,False,图14-27中ABCD是正方形，图中数字是各线段的 长度（单位：厘米).过I点的线段IM将五边形EFGHI分成面 积相等的两部分.线段BM的长度是多少厘米？ M B1F 图14-27,C:\Users\admin\Desktop\试卷分析project\参考教材\竞赛数学导引 五年级.pdf
5,竞赛数学导引 五年级,14,直线形计算二,超越篇,challenge,105,4,★,0.9926,True,78,medium,calculation,,has_diagram,直线形计算二|calculation,高思导引超越篇难度,high,review,L4,False,如图14-28，在钝角三角形ABC中，M为AB边的中点，MD，EC都垂直于BC 边.若三角形BDE的面积是3平方厘米，则三角形ABC的面积是多少？ 图14-28,C:\Users\admin\Desktop\试卷分析project\参考教材\竞赛数学导引 五年级.pdf
5,竞赛数学导引 五年级,14,直线形计算二,超越篇,challenge,105,5,,0.9924,True,54,medium,calculation,,has_diagram,直线形计算二|calculation,高思导引超越篇难度,high,review,L4,False,在图14-29中，大正方形面积比小正方形面积大40平方厘米.大正方形面积是多 少平方厘米？ 20厘米 图14-29,C:\Users\admin\Desktop\试卷分析project\参考教材\竞赛数学导引 五年级.pdf
5,竞赛数学导引 五年级,14,直线形计算二,超越篇,challenge,105,6,,0.9949,True,88,medium,calculation,,has_diagram,直线形计算二|calculation,高思导引超越篇难度,high,review,L4,False,如图14-30，直角三角形ABC的三边长分别为AC=30分米，AB=18分米，BC= 24分米，ED垂直于AC，且ED=95厘米.问正方形BFEG的边长是多少厘米？ G 图14-30,C:\Users\admin\Desktop\试卷分析project\参考教材\竞赛数学导引 五年级.pdf
5,竞赛数学导引 五年级,14,直线形计算二,超越篇,challenge,106,7,★,0.9747,True,189,very_long,calculation,travel_chain,has_diagram,直线形计算二|calculation|travel_chain,高思导引超越篇难度,high,review,L4,False,菜鸟和大虾在武林大会上相遇，争夺武林盟主的地位.三百回合大战后，两人不分 胜负.突然，菜鸟向对手发出一枚飞镖.说时迟，那时快，飞镖已经接近大虾的胸口，只见大虾 迅速抽身向左闪开，同时用手中的宝剑向飞镖劈去，只听见“堂”的一声，飞镖被劈成了两半. 如图14-31，菜鸟的飞镖是正六角星的形状，边长为5.被大虾劈开的刀口如虚线所示，那么 较小的那部分残片占到整体面积的几分之几？ 图14-31,C:\Users\admin\Desktop\试卷分析project\参考教材\竞赛数学导引 五年级.pdf
5,竞赛数学导引 五年级,14,直线形计算二,超越篇,challenge,106,8,,0.9917,True,72,medium,calculation,,has_diagram,直线形计算二|几何问题|calculation,高思导引超越篇难度,high,review,L4,False,如图14-32，将三个边长为1的正方形组合在一起，中间的正方形的两个顶点恰好 是另外两个正方形的中心.请问：图中阴影部分的面积是多少？ 图14-32,C:\Users\admin\Desktop\试卷分析project\参考教材\竞赛数学导引 五年级.pdf
5,竞赛数学导引 五年级,15,圆与扇形,兴趣篇,interest,107,1,★,0.9911,False,39,short,geometry,,,圆与扇形|geometry,5、6年级及以前高思导引拓展篇及以下难度 或 七年级及以上校内课本难度,low,auto,L1,False,已知一个扇形的圆心角为120°，半径为2，这个扇形的面积和周长各是多少？（π取,C:\Users\admin\Desktop\试卷分析project\参考教材\竞赛数学导引 五年级.pdf
5,竞赛数学导引 五年级,15,圆与扇形,兴趣篇,interest,107,2,★★,0.9933,False,50,medium,geometry,,,圆与扇形|geometry,5、6年级及以前高思导引拓展篇及以下难度 或 七年级及以上校内课本难度,low,auto,L1,False,已知一个圆的面积是28.26平方厘米，那么这个圆的半径和周长分别是多少？（π 取3.14) 取3.14),C:\Users\admin\Desktop\试卷分析project\参考教材\竞赛数学导引 五年级.pdf
5,竞赛数学导引 五年级,15,圆与扇形,兴趣篇,interest,108,4,★,0.9852,True,131,very_long,geometry,,has_diagram,圆与扇形|geometry,5、6年级及以前高思导引拓展篇及以下难度 或 七年级及以上校内课本难度,low,review,L3,False,（1）根据图15-1所给的数值，求这个图形的外周长和面积.（π取3.14) (2）如图15-2，有8个半径为1厘米的小圆，用它们圆周的一部分连成一个花瓣图形， 图中的黑点是这些圆的圆心.如果圆周率π取3.14，那么花瓣图形的周长和面积分别是 多少？ 图15-1 图15-2,C:\Users\admin\Desktop\试卷分析project\参考教材\竞赛数学导引 五年级.pdf
5,竞赛数学导引 五年级,15,圆与扇形,兴趣篇,interest,108,5,,0.9018,True,52,medium,geometry,,has_diagram,圆与扇形|geometry,5、6年级及以前高思导引拓展篇及以下难度 或 七年级及以上校内课本难度,low,review,L1,False,如图15-3，求各图形中阴影部分的面积.（图中长度单位为厘米，π取3.14) (1) (2) (3) 图15-3,C:\Users\admin\Desktop\试卷分析project\参考教材\竞赛数学导引 五年级.pdf
5,竞赛数学导引 五年级,15,圆与扇形,兴趣篇,interest,108,6,,0.93,True,51,medium,geometry,,has_diagram,圆与扇形|geometry,5、6年级及以前高思导引拓展篇及以下难度 或 七年级及以上校内课本难度,low,review,L1,False,如图15-4，求各图中阴影部分的面积.（图中长度单位为厘米，π取3.14) (1) (2) (3) 图15-4,C:\Users\admin\Desktop\试卷分析project\参考教材\竞赛数学导引 五年级.pdf
5,竞赛数学导引 五年级,15,圆与扇形,兴趣篇,interest,109,7,,0.9904,True,78,medium,geometry,,has_diagram,圆与扇形|geometry,5、6年级及以前高思导引拓展篇及以下难度 或 七年级及以上校内课本难度,low,review,L1,False,图15-5中甲区域比乙区域的面积大57平方厘米，且半圆的半径是10厘米.其中 直角三角形竖直的直角边的长度是多少？（π取3.14) 20厘米 图15-5 图15-6,C:\Users\admin\Desktop\试卷分析project\参考教材\竞赛数学导引 五年级.pdf
5,竞赛数学导引 五年级,15,圆与扇形,兴趣篇,interest,109,8,,0.9774,True,23,short,geometry,,has_diagram,圆与扇形|geometry,5、6年级及以前高思导引拓展篇及以下难度 或 七年级及以上校内课本难度,low,review,L1,False,求图15-6中阴影部分的面积.（π取3.14),C:\Users\admin\Desktop\试卷分析project\参考教材\竞赛数学导引 五年级.pdf
5,竞赛数学导引 五年级,15,圆与扇形,兴趣篇,interest,109,9,,0.9531,True,88,medium,geometry,,has_diagram,圆与扇形|geometry,5、6年级及以前高思导引拓展篇及以下难度 或 七年级及以上校内课本难度,low,review,L1,False,如图15-7，在3X3的方格表中，分别以A，E为圆心，3，2为半径，画出圆心角都 是90的两段圆弧.图中阴影部分的面积是多少？（π取3.14) IV ⅢI B C DE 图15-7 图15-8,C:\Users\admin\Desktop\试卷分析project\参考教材\竞赛数学导引 五年级.pdf
5,竞赛数学导引 五年级,15,圆与扇形,兴趣篇,interest,109,10,,0.9819,True,100,long,geometry,travel_chain|geometry_transform,has_diagram,圆与扇形|几何问题|geometry|travel_chain|geometry_transform,5、6年级及以前高思导引拓展篇及以下难度 或 七年级及以上校内课本难度,low,review,L3,False,一条直线上放着一个长和宽分别为4厘米和3厘米的长方形I（图15－8).让这 个长方形绕顶点B顺时针旋转90°后到达长方形Ⅱ的位置，这样连续做三次，A点到达E点的 位置.求A点经过的总路程的长度.（π取3）,C:\Users\admin\Desktop\试卷分析project\参考教材\竞赛数学导引 五年级.pdf
5,竞赛数学导引 五年级,15,圆与扇形,拓展篇,extension,109,1,★,0.9888,False,78,medium,geometry,,,圆与扇形|geometry,5、6年级及以前高思导引拓展篇及以下难度 或 七年级及以上校内课本难度,mid,auto,L3,False,（1）已知一个扇形的半径为2厘米，弧长为3.14，这个扇形的面积是多少？ (2）已知一个半圆形的面积是56.52平方厘米，求这个半圆形的周长.（π取3.14),C:\Users\admin\Desktop\试卷分析project\参考教材\竞赛数学导引 五年级.pdf
5,竞赛数学导引 五年级,15,圆与扇形,拓展篇,extension,110,2,★★,0.9601,False,51,medium,geometry,,,圆与扇形|geometry,5、6年级及以前高思导引拓展篇及以下难度 或 七年级及以上校内课本难度,mid,auto,L3,False,已知一个扇形的面积为18.84平方厘米，圆心角为60°，这个扇形的半径和周长各 是多少？（π取3.14）,C:\Users\admin\Desktop\试卷分析project\参考教材\竞赛数学导引 五年级.pdf
5,竞赛数学导引 五年级,15,圆与扇形,拓展篇,extension,110,3,,0.9499,True,48,medium,geometry,,has_diagram,圆与扇形|geometry,5、6年级及以前高思导引拓展篇及以下难度 或 七年级及以上校内课本难度,mid,review,L3,False,如图15-9，求各图中阴影部分的面积.（图中长度单位为厘米，π取3.14) (1) (2) 图15-9,C:\Users\admin\Desktop\试卷分析project\参考教材\竞赛数学导引 五年级.pdf
5,竞赛数学导引 五年级,15,圆与扇形,拓展篇,extension,110,4,,0.9889,True,82,medium,geometry,,has_diagram,圆与扇形|geometry,5、6年级及以前高思导引拓展篇及以下难度 或 七年级及以上校内课本难度,mid,review,L3,False,如图15-10，直角三角形ABC的面积是45，分别以B， C为圆心，3为半径画圆.已知图中阴影部分的面积是35.58.请 问：角A是多少度？（π取3.14) 图15-10,C:\Users\admin\Desktop\试卷分析project\参考教材\竞赛数学导引 五年级.pdf
5,竞赛数学导引 五年级,15,圆与扇形,拓展篇,extension,110,5,,0.9722,True,104,long,geometry,,has_diagram,圆与扇形|geometry,5、6年级及以前高思导引拓展篇及以下难度 或 七年级及以上校内课本难度,mid,review,L4,False,图15-11是一个直径是3厘米的半圆，AB是直径.如图15-12所示，让A点不 动，把整个半圆逆时针转60°，此时B点移动到C点.请问：图中阴影部分的面积是多少平方厘 米？(π取3.14) 图15-11 图15-12,C:\Users\admin\Desktop\试卷分析project\参考教材\竞赛数学导引 五年级.pdf
5,竞赛数学导引 五年级,15,圆与扇形,拓展篇,extension,111,6,,0.9904,True,73,medium,geometry,,has_diagram,圆与扇形|geometry,5、6年级及以前高思导引拓展篇及以下难度 或 七年级及以上校内课本难度,mid,review,L3,False,如图15－13，在一块面积为36平方厘米的圆形铝板中，裁出了7个同样大小的圆 铝板.问：余下的边角料的总面积是多少平方厘米？ 图15-13 图15-14,C:\Users\admin\Desktop\试卷分析project\参考教材\竞赛数学导引 五年级.pdf
5,竞赛数学导引 五年级,15,圆与扇形,拓展篇,extension,111,7,,0.9935,True,71,medium,geometry,,has_diagram,圆与扇形|geometry,5、6年级及以前高思导引拓展篇及以下难度 或 七年级及以上校内课本难度,mid,review,L3,False,图15-14中的4个圆的圆心是正方形的4个顶点，它们的公共点是该正方形的中 心.如果每个圆的半径都是1厘米，那么阴影部分的总面积是多少平方厘米？,C:\Users\admin\Desktop\试卷分析project\参考教材\竞赛数学导引 五年级.pdf
5,竞赛数学导引 五年级,15,圆与扇形,拓展篇,extension,111,8,,0.9921,True,91,long,geometry,,has_diagram,圆与扇形|geometry,5、6年级及以前高思导引拓展篇及以下难度 或 七年级及以上校内课本难度,mid,review,L4,False,图15-15中有一个等腰直角三角形ABC，一个以AB为直 径的半圆和一个以BC为半径的扇形.已知AB=BC=10厘米，那么图 中阴影部分的面积为多少平方厘米？（π取3.14) 图15-15,C:\Users\admin\Desktop\试卷分析project\参考教材\竞赛数学导引 五年级.pdf
5,竞赛数学导引 五年级,15,圆与扇形,拓展篇,extension,111,9,,0.9938,True,56,medium,geometry,,has_diagram,圆与扇形|geometry,5、6年级及以前高思导引拓展篇及以下难度 或 七年级及以上校内课本难度,mid,review,L3,False,图15-16是由一个圆与一个直角扇形重叠组成的，其中 圆的直径与扇形的半径都是4.图中阴影部分的面积是多少？（π取,C:\Users\admin\Desktop\试卷分析project\参考教材\竞赛数学导引 五年级.pdf
5,竞赛数学导引 五年级,15,圆与扇形,拓展篇,extension,111,3,,0.9917,True,6,short,geometry,,has_diagram|short_question_text,圆与扇形|geometry,5、6年级及以前高思导引拓展篇及以下难度 或 七年级及以上校内课本难度,mid,unsafe,L3,False,图15-16,C:\Users\admin\Desktop\试卷分析project\参考教材\竞赛数学导引 五年级.pdf
5,竞赛数学导引 五年级,15,圆与扇形,拓展篇,extension,111,10,★,0.9726,True,123,very_long,geometry,,has_diagram,圆与扇形|geometry,5、6年级及以前高思导引拓展篇及以下难度 或 七年级及以上校内课本难度,mid,review,L4,False,（1）如图15-17，已知外面大圆的半径是4， 求正方形以及里面小圆的面积.（答案用π表示） (2）已知图15-18中正方形的边长为2，分别以其 四个顶点为圆心的直角扇形恰好交于正方形中心，求图 中阴影部分的面积.（答案用π表示) 图15-17 图15-18,C:\Users\admin\Desktop\试卷分析project\参考教材\竞赛数学导引 五年级.pdf
5,竞赛数学导引 五年级,15,圆与扇形,拓展篇,extension,112,11,,0.9921,True,58,medium,geometry,,has_diagram,圆与扇形|geometry,5、6年级及以前高思导引拓展篇及以下难度 或 七年级及以上校内课本难度,mid,review,L3,False,图15-19中有一个矩形和两个半径分别为5和2的直角扇 形.请问：两个阴影部分的面积之差是多少？（π取3） 图15-19,C:\Users\admin\Desktop\试卷分析project\参考教材\竞赛数学导引 五年级.pdf
5,竞赛数学导引 五年级,15,圆与扇形,拓展篇,extension,112,12,,0.9812,True,112,long,geometry,,has_diagram,圆与扇形|geometry,5、6年级及以前高思导引拓展篇及以下难度 或 七年级及以上校内课本难度,mid,review,L4,False,（1）根据图15-20中给出的数值，求这个图形的外周长和面积.（π取3.14) （2）如图15－21，有七根直径为5厘米的塑料管，用一根橡皮筋把它们扎成一捆，此时橡 皮筋的长度是多少厘米？（π取3.14） 图15-20 图15-21,C:\Users\admin\Desktop\试卷分析project\参考教材\竞赛数学导引 五年级.pdf
5,竞赛数学导引 五年级,15,圆与扇形,拓展篇,extension,112,13,,0.9906,True,112,long,geometry,,has_diagram,圆与扇形|geometry,5、6年级及以前高思导引拓展篇及以下难度 或 七年级及以上校内课本难度,mid,review,L4,False,如图15-22，一只小狗被拴在一个边长为4米的正五 边形的建筑物的一个顶点处，四周都是空地.绳长刚好够小狗走到 建筑物外墙边的任一位置.小狗的活动范围是多少平方米？（建筑 外墙不可逾越，小狗身长忽略不计，π取3.14) 图15-22,C:\Users\admin\Desktop\试卷分析project\参考教材\竞赛数学导引 五年级.pdf
5,竞赛数学导引 五年级,15,圆与扇形,拓展篇,extension,112,14,,0.9889,True,152,very_long,geometry,,has_diagram,圆与扇形|几何问题|geometry,5、6年级及以前高思导引拓展篇及以下难度 或 七年级及以上校内课本难度,mid,review,L4,False,（1）图15－23中正方形的边长是4厘米，圆形的半径是1厘米.当圆形绕正方形 滚动一周又回到原来位置时，扫过的面积有多大？（π取3.14) (2）图15-24中等边三角形的边长是3厘米，圆形的半径是1厘米.当圆形绕等边三角 形滚动一周又回到原来位置时，扫过的面积有多大？（π取3.14) 图15-23 图15-24,C:\Users\admin\Desktop\试卷分析project\参考教材\竞赛数学导引 五年级.pdf
5,竞赛数学导引 五年级,15,圆与扇形,超越篇,challenge,113,1,,0.9684,True,58,medium,geometry,,has_diagram,圆与扇形|geometry,高思导引超越篇难度,high,review,L4,False,如图15-25，边长为4的正方形中依次挖去了四个半圆.阴影部分的面积是多少？ (答案用π表示） 图15-25 图15-26,C:\Users\admin\Desktop\试卷分析project\参考教材\竞赛数学导引 五年级.pdf
5,竞赛数学导引 五年级,15,圆与扇形,超越篇,challenge,113,2,,0.9937,True,59,medium,geometry,,has_diagram,圆与扇形|geometry,高思导引超越篇难度,high,review,L4,False,如图15-26，直角三角形的三条边长分别为6，8，10，它的内部放了一个半圆.图 中阴影部分的面积是多少？（答案用表示）,C:\Users\admin\Desktop\试卷分析project\参考教材\竞赛数学导引 五年级.pdf
5,竞赛数学导引 五年级,15,圆与扇形,超越篇,challenge,113,3,,0.989,True,75,medium,geometry,,has_diagram,圆与扇形|geometry,高思导引超越篇难度,high,review,L4,False,图15-27中是一个半径为10厘米、中心角为135°的扇形，D，E是弧BC的三等分 点，那么阴影部分的面积为多少平方厘米？（π取3.14) A 图15-27,C:\Users\admin\Desktop\试卷分析project\参考教材\竞赛数学导引 五年级.pdf
5,竞赛数学导引 五年级,15,圆与扇形,超越篇,challenge,113,4,,0.9909,True,57,medium,geometry,,has_diagram,圆与扇形|geometry,高思导引超越篇难度,high,review,L4,False,如图15-28所示，有7个大小相同的圆叠放在一起.如果每个圆的面积都是10，那 么阴影部分的面积是多少？ 图15-28,C:\Users\admin\Desktop\试卷分析project\参考教材\竞赛数学导引 五年级.pdf
5,竞赛数学导引 五年级,15,圆与扇形,超越篇,challenge,114,5,,0.9921,True,77,medium,geometry,,has_diagram,圆与扇形|geometry,高思导引超越篇难度,high,review,L4,False,图15-29中阴影部分为一个空心零件的设计图，该零件由三个半圆套成，其中最 大半圆的直径为12厘米.该零件的面积为多少平方厘米？（π取3.14) 图15-29,C:\Users\admin\Desktop\试卷分析project\参考教材\竞赛数学导引 五年级.pdf
5,竞赛数学导引 五年级,15,圆与扇形,超越篇,challenge,114,6,★,0.9835,False,55,medium,geometry,geometry_transform,,圆与扇形|geometry|geometry_transform,高思导引超越篇难度,high,auto,L4,False,把一个等腰直角三角形绕直角顶点逆时针旋转90度.如果它的直角边长为10，求 它的斜边扫过的面积.（π取3.14）,C:\Users\admin\Desktop\试卷分析project\参考教材\竞赛数学导引 五年级.pdf
5,竞赛数学导引 五年级,15,圆与扇形,超越篇,challenge,114,7,★,0.93,True,95,long,geometry,,has_diagram,圆与扇形|geometry,高思导引超越篇难度,high,review,L4,False,如图15-30，在一个正方形中恰好放了四个相同的半圆，每个半圆的直径恰好都在 边上.一些线段的长度如图所示，那么中间的阴影面积与四个角上的阴影面积之差是多少？ (π取3.14） -6+ 图15-30,C:\Users\admin\Desktop\试卷分析project\参考教材\竞赛数学导引 五年级.pdf
5,竞赛数学导引 五年级,15,圆与扇形,超越篇,challenge,114,8,,0.995,True,118,long,geometry,,has_diagram,圆与扇形|geometry,高思导引超越篇难度,high,review,L4,False,一个等边三角形边长为2厘米，以它的每个顶点为圆心，边长为半径分别作一段 弧形成一个曲边三角形，如图15-31.现在固定一个曲边三角形A，用另一个曲边三角形B围 绕着它滚动.那么B滚动一周回到原来位置的过程中，扫过的面积是多少平方厘米？（π取,C:\Users\admin\Desktop\试卷分析project\参考教材\竞赛数学导引 五年级.pdf
5,竞赛数学导引 五年级,15,圆与扇形,超越篇,challenge,114,3,,0.9977,True,6,short,geometry,,has_diagram|short_question_text,圆与扇形|几何问题|geometry,高思导引超越篇难度,high,unsafe,L4,False,图15-31,C:\Users\admin\Desktop\试卷分析project\参考教材\竞赛数学导引 五年级.pdf
5,竞赛数学导引 五年级,16,余数,兴趣篇,interest,115,1,★,0.9884,False,20,short,number_theory,,,number_theory,5、6年级及以前高思导引拓展篇及以下难度 或 七年级及以上校内课本难度,low,auto,L1,False,72除以一个数，余数是7.商可能是多少？,C:\Users\admin\Desktop\试卷分析project\参考教材\竞赛数学导引 五年级.pdf
5,竞赛数学导引 五年级,16,余数,兴趣篇,interest,115,2,★★,0.9647,False,28,short,number_theory,,,number_theory,5、6年级及以前高思导引拓展篇及以下难度 或 七年级及以上校内课本难度,low,auto,L1,False,97和79除以一个数的余数都是7，那么这个数可能是多少？,C:\Users\admin\Desktop\试卷分析project\参考教材\竞赛数学导引 五年级.pdf
5,竞赛数学导引 五年级,16,余数,兴趣篇,interest,115,3,★★,0.9857,False,38,short,number_theory,,,number_theory,5、6年级及以前高思导引拓展篇及以下难度 或 七年级及以上校内课本难度,low,auto,L1,False,100和84除以同一个数，得到的余数相同，但余数不为0.这个除数可能是多少？,C:\Users\admin\Desktop\试卷分析project\参考教材\竞赛数学导引 五年级.pdf
5,竞赛数学导引 五年级,16,余数,兴趣篇,interest,115,4,★,0.9959,False,45,medium,number_theory,,,number_theory,5、6年级及以前高思导引拓展篇及以下难度 或 七年级及以上校内课本难度,low,auto,L1,False,20080808除以9的余数是多少？除以8和25的余数分别是多少？除以11的余数 是多少？ 数,C:\Users\admin\Desktop\试卷分析project\参考教材\竞赛数学导引 五年级.pdf
5,竞赛数学导引 五年级,16,余数,兴趣篇,interest,116,5,★★,0.9761,False,52,medium,number_theory,,,number_theory,5、6年级及以前高思导引拓展篇及以下难度 或 七年级及以上校内课本难度,low,auto,L1,False,（1)135×137十139除以5的余数是多少？（2)3579×1357十13579除以9的余数 是多少？,C:\Users\admin\Desktop\试卷分析project\参考教材\竞赛数学导引 五年级.pdf
5,竞赛数学导引 五年级,16,余数,兴趣篇,interest,116,6,★,0.9814,False,84,medium,number_theory,defined_operation,,number_theory|defined_operation,5、6年级及以前高思导引拓展篇及以下难度 或 七年级及以上校内课本难度,low,auto,L2,False,4个运动员进行乒乓球比赛，他们的号码分别为101，126，173，193.规定每两人 之间比赛的盘数是他们号码的和除以3所得的余数.请问：比赛盘数最多的运动员打了多 少盘？,C:\Users\admin\Desktop\试卷分析project\参考教材\竞赛数学导引 五年级.pdf
5,竞赛数学导引 五年级,16,余数,兴趣篇,interest,116,7,★★,0.9956,False,91,long,number_theory,,,number_theory,5、6年级及以前高思导引拓展篇及以下难度 或 七年级及以上校内课本难度,low,auto,L2,False,某工厂有128名工人生产零件，他们每个月工作23天，在工作期间每人每天可以 生产300个零件.月底将这些零件按17个一包的规格打包，发现最后一包不够17个.请问： 最后一包有多少个零件？,C:\Users\admin\Desktop\试卷分析project\参考教材\竞赛数学导引 五年级.pdf
5,竞赛数学导引 五年级,16,余数,兴趣篇,interest,116,8,★,0.9642,False,47,medium,number_theory,,,number_theory,5、6年级及以前高思导引拓展篇及以下难度 或 七年级及以上校内课本难度,low,auto,L1,False,（1)2除以7的余数是多少？（2)141除以11的余数是多少？（3)28除以13的余 数是多少？,C:\Users\admin\Desktop\试卷分析project\参考教材\竞赛数学导引 五年级.pdf
5,竞赛数学导引 五年级,16,余数,兴趣篇,interest,116,9,,0.9981,False,31,short,number_theory,,,number_theory,5、6年级及以前高思导引拓展篇及以下难度 或 七年级及以上校内课本难度,low,auto,L1,False,一个三位数除以21余17，除以20也余17.这个数最小是多少？,C:\Users\admin\Desktop\试卷分析project\参考教材\竞赛数学导引 五年级.pdf
5,竞赛数学导引 五年级,16,余数,兴趣篇,interest,116,10,★★,0.9909,False,38,short,number_theory,,,number_theory,5、6年级及以前高思导引拓展篇及以下难度 或 七年级及以上校内课本难度,low,auto,L1,False,有一个数，除以3的余数是2，除以4的余数是1.请问：这个数除以12余数是几？,C:\Users\admin\Desktop\试卷分析project\参考教材\竞赛数学导引 五年级.pdf
5,竞赛数学导引 五年级,16,余数,兴趣篇,interest,117,1,★,0.996,False,24,short,number_theory,,,number_theory,5、6年级及以前高思导引拓展篇及以下难度 或 七年级及以上校内课本难度,low,auto,L1,False,1111除以一个两位数，余数是66.求这个两位数,C:\Users\admin\Desktop\试卷分析project\参考教材\竞赛数学导引 五年级.pdf
5,竞赛数学导引 五年级,16,余数,兴趣篇,interest,117,2,★,0.9846,False,69,medium,number_theory,,,number_theory,5、6年级及以前高思导引拓展篇及以下难度 或 七年级及以上校内课本难度,low,auto,L1,False,（1）421421…421除以4和125的余数分别为多少？ 21个421 （2）808808…808除以9和11的余数分别是多少？ 21个808,C:\Users\admin\Desktop\试卷分析project\参考教材\竞赛数学导引 五年级.pdf
5,竞赛数学导引 五年级,16,余数,兴趣篇,interest,117,3,★★,0.9948,False,71,medium,number_theory,,,number_theory,5、6年级及以前高思导引拓展篇及以下难度 或 七年级及以上校内课本难度,low,auto,L1,False,一年有365天，轮船制造厂每天都可以生产零件1234个.年终将这些零件按19个 一包的规格打包，最后一包不够19个.请问：最后一包有多少个零件？,C:\Users\admin\Desktop\试卷分析project\参考教材\竞赛数学导引 五年级.pdf
5,竞赛数学导引 五年级,16,余数,兴趣篇,interest,117,4,★★,0.9366,False,27,short,number_theory,,,number_theory,5、6年级及以前高思导引拓展篇及以下难度 或 七年级及以上校内课本难度,low,auto,L1,False,自然数2X2×2X…×2-1的个位数字是多少？ 67个2,C:\Users\admin\Desktop\试卷分析project\参考教材\竞赛数学导引 五年级.pdf
5,竞赛数学导引 五年级,16,余数,兴趣篇,interest,117,5,,0.8467,False,39,short,calculation,,,calculation,5、6年级及以前高思导引拓展篇及以下难度 或 七年级及以上校内课本难度,low,auto,L1,False,算式12007+207+32007++2006207计算结果的个位数字是多少？,C:\Users\admin\Desktop\试卷分析project\参考教材\竞赛数学导引 五年级.pdf
5,竞赛数学导引 五年级,16,余数,兴趣篇,interest,117,6,★,0.9184,False,30,short,number_theory,,,number_theory,5、6年级及以前高思导引拓展篇及以下难度 或 七年级及以上校内课本难度,low,auto,L1,False,8+8×8十*+8×8×….×8除以5的余数是多少？ 10个8,C:\Users\admin\Desktop\试卷分析project\参考教材\竞赛数学导引 五年级.pdf
5,竞赛数学导引 五年级,16,余数,兴趣篇,interest,117,7,,0.9967,False,38,short,number_theory,,,number_theory,5、6年级及以前高思导引拓展篇及以下难度 或 七年级及以上校内课本难度,low,auto,L1,False,一个自然数除以49余23，除以48也余23.这个自然数被14除的余数是多少？,C:\Users\admin\Desktop\试卷分析project\参考教材\竞赛数学导引 五年级.pdf
5,竞赛数学导引 五年级,16,余数,兴趣篇,interest,118,8,,0.9961,False,30,short,number_theory,,,number_theory,5、6年级及以前高思导引拓展篇及以下难度 或 七年级及以上校内课本难度,low,auto,L1,False,一个自然数除以19余9，除以23余7.这个自然数最小是多少？,C:\Users\admin\Desktop\试卷分析project\参考教材\竞赛数学导引 五年级.pdf
5,竞赛数学导引 五年级,16,余数,兴趣篇,interest,118,9,,0.9955,False,113,long,number_theory,,,number_theory,5、6年级及以前高思导引拓展篇及以下难度 或 七年级及以上校内课本难度,low,auto,L2,False,刘叔叔养了400多只兔子.如果每3只兔子关在一个笼子里，那么最后一个笼子里 有2只；如果每5只兔子关在一个笼子里，那么最后一个笼子里有4只；如果每7只兔子关在 一个笼子里，那么最后一个笼子里有5只.请问：刘叔叔一共养了多少只兔子？,C:\Users\admin\Desktop\试卷分析project\参考教材\竞赛数学导引 五年级.pdf
5,竞赛数学导引 五年级,16,余数,兴趣篇,interest,118,10,,0.9946,False,100,long,number_theory,,,number_theory,5、6年级及以前高思导引拓展篇及以下难度 或 七年级及以上校内课本难度,low,auto,L2,False,"100多名小朋友站成一列.从第一人开始依次按1，2，3，，11的顺序循环报 数，最后一名同学报的数是9；如果按1，2，3，""，13的顺序循环报数，那么最后一名同学报 的数是11.请问：一共有多少名小朋友？",C:\Users\admin\Desktop\试卷分析project\参考教材\竞赛数学导引 五年级.pdf
5,竞赛数学导引 五年级,16,余数,兴趣篇,interest,118,11,,0.9766,False,29,short,number_theory,,,number_theory,5、6年级及以前高思导引拓展篇及以下难度 或 七年级及以上校内课本难度,low,auto,L1,False,123123.…123除以99的余数是多少？ 123个123,C:\Users\admin\Desktop\试卷分析project\参考教材\竞赛数学导引 五年级.pdf
5,竞赛数学导引 五年级,16,余数,兴趣篇,interest,118,12,★,0.9917,False,62,medium,number_theory,,,number_theory,5、6年级及以前高思导引拓展篇及以下难度 或 七年级及以上校内课本难度,low,auto,L1,False,把63个苹果，90个橘子，130个梨平均分给一些同学，最后一共剩下25个水果 没有分出去.请问：剩下个数最多的水果剩下多少个？,C:\Users\admin\Desktop\试卷分析project\参考教材\竞赛数学导引 五年级.pdf
5,竞赛数学导引 五年级,16,余数,兴趣篇,interest,118,13,,0.9984,False,36,short,number_theory,,,number_theory,5、6年级及以前高思导引拓展篇及以下难度 或 七年级及以上校内课本难度,low,auto,L1,False,有一个大于1的整数，用它除300，262，205得到相同的余数，求这个数,C:\Users\admin\Desktop\试卷分析project\参考教材\竞赛数学导引 五年级.pdf
5,竞赛数学导引 五年级,16,余数,兴趣篇,interest,118,14,★,0.9966,False,65,medium,number_theory,,,数论问题|number_theory,5、6年级及以前高思导引拓展篇及以下难度 或 七年级及以上校内课本难度,low,auto,L1,False,用61和90分别除以某一个数，除完后发现两次除法都除不尽，而且前一次所得 的余数是后一次的2倍.如果这个数大于1，那么这个数是多少？,C:\Users\admin\Desktop\试卷分析project\参考教材\竞赛数学导引 五年级.pdf
5,竞赛数学导引 五年级,16,余数,超越篇,challenge,119,1,,0.9966,False,46,medium,number_theory,,,number_theory,高思导引超越篇难度,high,auto,L4,False,从1依次写到99，可以组成一个多位数12345979899.这个多位数除以11的余 数是多少？,C:\Users\admin\Desktop\试卷分析project\参考教材\竞赛数学导引 五年级.pdf
5,竞赛数学导引 五年级,16,余数,超越篇,challenge,119,2,,0.9488,False,36,short,calculation,,,calculation,高思导引超越篇难度,high,auto,L4,False,算式7+7×7+十7×7×…×7计算结果的末两位数字是多少？ 2008个7,C:\Users\admin\Desktop\试卷分析project\参考教材\竞赛数学导引 五年级.pdf
5,竞赛数学导引 五年级,16,余数,超越篇,challenge,119,3,,0.9276,False,29,short,calculation,,,calculation,高思导引超越篇难度,high,auto,L4,False,算式1×3X5×7X×2007计算结果的末两位数字是多少？,C:\Users\admin\Desktop\试卷分析project\参考教材\竞赛数学导引 五年级.pdf
5,竞赛数学导引 五年级,16,余数,超越篇,challenge,119,4,,0.9989,False,93,long,number_theory,,,number_theory,高思导引超越篇难度,high,auto,L4,False,有5000多根牙签，按以下6种规格分成小包：如果10根一包，最后还剩9根；如果 9根一包，最后还剩8根；如果依次以8，7，6，5根为一包，最后分别剩7，6，5，4根.原来一 共有牙签多少根？,C:\Users\admin\Desktop\试卷分析project\参考教材\竞赛数学导引 五年级.pdf
5,竞赛数学导引 五年级,16,余数,超越篇,challenge,119,5,,0.9987,False,42,short,number_theory,,,number_theory,高思导引超越篇难度,high,auto,L4,False,有三个连续的自然数，它们从小到大依次是5，7，9的倍数.这三个连续自然数最 小是多少？,C:\Users\admin\Desktop\试卷分析project\参考教材\竞赛数学导引 五年级.pdf
5,竞赛数学导引 五年级,16,余数,超越篇,challenge,119,6,★,0.983,False,30,short,number_theory,,,number_theory,高思导引超越篇难度,high,auto,L4,False,请找出所有的三位数，使它除以7，11，13的余数之和尽可能大,C:\Users\admin\Desktop\试卷分析project\参考教材\竞赛数学导引 五年级.pdf
5,竞赛数学导引 五年级,16,余数,超越篇,challenge,119,7,★,0.9798,False,40,short,number_theory,,,number_theory,高思导引超越篇难度,high,auto,L4,False,已知21!=AB0909421717094CD000，那么四位数ABCD是多少？,C:\Users\admin\Desktop\试卷分析project\参考教材\竞赛数学导引 五年级.pdf
5,竞赛数学导引 五年级,16,余数,超越篇,challenge,119,8,,0.9696,False,56,medium,number_theory,,,数论问题|number_theory,高思导引超越篇难度,high,auto,L4,False,"有一些自然数n，满足：2""一n是3的倍数，3""一n是5的倍数，5""一n是2的倍数.请 问：这样的n中最小的是多少？",C:\Users\admin\Desktop\试卷分析project\参考教材\竞赛数学导引 五年级.pdf
5,竞赛数学导引 五年级,17,工程问题,兴趣篇,interest,120,1,★,0.9978,False,61,medium,application,work_rate,,工程问题|application|work_rate,5、6年级及以前高思导引拓展篇及以下难度 或 七年级及以上校内课本难度,low,auto,L2,False,工厂有一批共450个零件需要加工，如果甲单独做需要30天完成，如果乙单独做需 要15天完成，那么他们两人合作需要多少天完成？,C:\Users\admin\Desktop\试卷分析project\参考教材\竞赛数学导引 五年级.pdf
5,竞赛数学导引 五年级,17,工程问题,兴趣篇,interest,120,2,★,0.9865,False,110,long,application,,,工程问题|application,5、6年级及以前高思导引拓展篇及以下难度 或 七年级及以上校内课本难度,low,auto,L2,False,甲、乙两辆车运一堆煤，如果只用甲车运，15小时可以运完；如果只用乙车运，10小 时可以运完.请问： (1）如果两车一起运，多少小时可以运完？ (2）如果甲车从早上8点开始运煤，乙车下午1点才开始运，那么几点的时候可以把煤 运完？,C:\Users\admin\Desktop\试卷分析project\参考教材\竞赛数学导引 五年级.pdf
5,竞赛数学导引 五年级,17,工程问题,兴趣篇,interest,121,3,★,0.9965,False,66,medium,application,,,工程问题|application,5、6年级及以前高思导引拓展篇及以下难度 或 七年级及以上校内课本难度,low,auto,L1,False,甲、乙两辆车运一堆煤，如果两辆车一起运，10小时可以运完；如果只用甲车运，15 小时可以运完.请问：如果只用乙车运，多少小时可以运完？,C:\Users\admin\Desktop\试卷分析project\参考教材\竞赛数学导引 五年级.pdf
5,竞赛数学导引 五年级,17,工程问题,兴趣篇,interest,121,4,★,0.9957,False,81,medium,application,,,工程问题|application,5、6年级及以前高思导引拓展篇及以下难度 或 七年级及以上校内课本难度,low,auto,L1,False,一项工作，甲单独做20天可以完成，乙单独做30天可以完成.现在两人合做，用16 天就完成了工作，已知在这16天中甲休息了2天，乙休息了若干天.请问：乙休息了多少天？,C:\Users\admin\Desktop\试卷分析project\参考教材\竞赛数学导引 五年级.pdf
5,竞赛数学导引 五年级,17,工程问题,兴趣篇,interest,121,5,★★,0.9937,False,79,medium,application,work_rate,,工程问题|application|work_rate,5、6年级及以前高思导引拓展篇及以下难度 或 七年级及以上校内课本难度,low,auto,L2,False,如果甲、乙两队合做一项工程，恰好24天完成；如果乙队先做5天，然后甲队来帮 忙，又共同做了10天后，全部工程才完成了一半.请问：甲队单独完成这项工程需要多少天？,C:\Users\admin\Desktop\试卷分析project\参考教材\竞赛数学导引 五年级.pdf
5,竞赛数学导引 五年级,17,工程问题,兴趣篇,interest,121,6,★★,0.9844,False,73,medium,application,work_rate,,工程问题|application|work_rate,5、6年级及以前高思导引拓展篇及以下难度 或 七年级及以上校内课本难度,low,auto,L2,False,一项工程，甲单独做要6小时完成，乙单独做要10小时完成.如果按甲、乙、甲、 乙.的顺序交替工作，每人工作1小时后交换，那么需要多少小时才能完成任务？,C:\Users\admin\Desktop\试卷分析project\参考教材\竞赛数学导引 五年级.pdf
5,竞赛数学导引 五年级,17,工程问题,兴趣篇,interest,121,7,★★,0.9892,False,68,medium,application,work_rate,,工程问题|application|work_rate,5、6年级及以前高思导引拓展篇及以下难度 或 七年级及以上校内课本难度,low,auto,L2,False,有一批工人做某项工程，原计划4天完成.如果增加6人，只需要3天就能完成.现 在人数不仅没有增加，反而减少了9人，求完成这项工程需要的天数，,C:\Users\admin\Desktop\试卷分析project\参考教材\竞赛数学导引 五年级.pdf
5,竞赛数学导引 五年级,17,工程问题,兴趣篇,interest,121,8,★,0.9939,False,81,medium,application,,,工程问题|application,5、6年级及以前高思导引拓展篇及以下难度 或 七年级及以上校内课本难度,low,auto,L1,False,甲、乙两队分别在A，B两块地植树，B地需要植树的数量是A地的两倍.已知甲 在A，B两地同时开始，当甲队做完后便去B地和乙队共同工作.请问：两队要用多少天才能 种完树？,C:\Users\admin\Desktop\试卷分析project\参考教材\竞赛数学导引 五年级.pdf
5,竞赛数学导引 五年级,17,工程问题,兴趣篇,interest,122,9,★,0.9922,False,93,long,application,,,工程问题|application,5、6年级及以前高思导引拓展篇及以下难度 或 七年级及以上校内课本难度,low,auto,L2,False,一水池装有一个进水管和一个排水管.如果单开进水管，5小时可将空池灌满；如 果单开排水管，7小时可将整池水排完.现在先打开进水管，2小时后打开排水管.请问：再过 多长时间池内将恰好存有半池水？,C:\Users\admin\Desktop\试卷分析project\参考教材\竞赛数学导引 五年级.pdf
5,竞赛数学导引 五年级,17,工程问题,兴趣篇,interest,122,10,,0.9978,False,119,long,application,work_rate,,工程问题|application|work_rate,5、6年级及以前高思导引拓展篇及以下难度 或 七年级及以上校内课本难度,low,auto,L2,False,师傅带着两名徒弟加工一批零件，按加工零件数量的比例分配3000元报酬.如果 按照原定计划，师傅应该得到1800元，但开始工作前有一名徒弟生病住院，最后是师傅和另 一名徒弟完成了所有工作.如果两个徒弟的工作效率相同，请问：师傅实际应得到多少元？,C:\Users\admin\Desktop\试卷分析project\参考教材\竞赛数学导引 五年级.pdf
5,竞赛数学导引 五年级,17,工程问题,拓展篇,extension,122,1,★★,0.9955,False,128,very_long,application,,,工程问题|application,5、6年级及以前高思导引拓展篇及以下难度 或 七年级及以上校内课本难度,mid,auto,L4,False,一条公路，甲队单独修需20天完成，乙队单独修需30天完成，请问： （1）如果甲、乙两队合做，共需要多少天完成？ （2）如果甲、乙两队合修若干天之后，乙队停工休息，而甲队继续修了5天才修完，那么乙 队一共修了多少天？ 用6小时15分钟印完.请问：这批资料共有多少张？,C:\Users\admin\Desktop\试卷分析project\参考教材\竞赛数学导引 五年级.pdf
5,竞赛数学导引 五年级,17,工程问题,拓展篇,extension,122,3,,0.9976,False,103,long,application,,,工程问题|application,5、6年级及以前高思导引拓展篇及以下难度 或 七年级及以上校内课本难度,mid,auto,L4,False,有一条公路，甲队单独修需20天，乙队单独修需30天，丙队单独修需40天.现在 让三个队合修，但中间甲队撤出去到另外工地，结果用了12天才把这条公路修完.请问：当甲 队撤出后，乙、丙两队又共同合修了多少天才完成？,C:\Users\admin\Desktop\试卷分析project\参考教材\竞赛数学导引 五年级.pdf
5,竞赛数学导引 五年级,17,工程问题,拓展篇,extension,123,4,,0.9876,False,95,long,application,defined_operation,,工程问题|application|defined_operation,5、6年级及以前高思导引拓展篇及以下难度 或 七年级及以上校内课本难度,mid,auto,L4,False,甲、乙两人共同完成一项工作.如果甲、乙两人合做2天后，剩下的由乙单独做，刚 好在规定时间完成；如果甲单独做需要18天完成；如果乙单独做，则要超过规定时间3天才 能完成.求完成这项工作规定的天数，,C:\Users\admin\Desktop\试卷分析project\参考教材\竞赛数学导引 五年级.pdf
5,竞赛数学导引 五年级,17,工程问题,拓展篇,extension,123,5,,0.979,False,107,long,application,work_rate,,工程问题|application|work_rate,5、6年级及以前高思导引拓展篇及以下难度 或 七年级及以上校内课本难度,mid,auto,L4,False,一项工程，乙单独做要14天完成；如果第一天甲做，第二天乙做，第三天甲做，第四 天乙做……两人这样轮流做，需要9天完工；如果第一天乙做，第二天甲做，第三天乙做，第四 天甲做·两人这样轮流做，会比上次轮流的做法多用多少天？,C:\Users\admin\Desktop\试卷分析project\参考教材\竞赛数学导引 五年级.pdf
5,竞赛数学导引 五年级,17,工程问题,拓展篇,extension,123,6,,0.9981,False,153,very_long,application,work_rate,,工程问题|application|work_rate,5、6年级及以前高思导引拓展篇及以下难度 或 七年级及以上校内课本难度,mid,auto,L4,False,甲、乙、丙三队要完成A，B两项工程.B工程的工作量比A工程的工作量多.已 知甲队单独完成A工程要40天，乙、丙两队单独完成B工程分别需要60天、75天.开始时甲 队做A工程，乙、丙两队共同做B工程；几天后，又调丙队与甲队共同完成A工程，剩下乙队 单独做B工程，结果两个工程同时完成.请问：丙队与乙队合做了多少天？,C:\Users\admin\Desktop\试卷分析project\参考教材\竞赛数学导引 五年级.pdf
5,竞赛数学导引 五年级,17,工程问题,拓展篇,extension,123,7,,0.9762,False,208,very_long,application,case_analysis,,工程问题|application|case_analysis,5、6年级及以前高思导引拓展篇及以下难度 或 七年级及以上校内课本难度,mid,auto,L4,False,俄国文学家列夫·托尔斯泰的庄园里有大、小两片草地.每年秋天，农民们都要将 草收割贮存起来，冬季当作牲畜的饲料.大草地的面积恰好为小草地面积的2倍.这一年有一 些割草人去草地割草.上午他们都在大草地里干活，午后这些人平均分成两半，一半人继续留 在大草地割草，到傍晚收工时（上、下午工作时间相同)恰好刚收割完；另一半人到小草地干 儿结账时，讲了上述情况，话音刚落，托尔斯泰就算出了共有多少个割草人，同学们你们能算 出来吗？ 1109,C:\Users\admin\Desktop\试卷分析project\参考教材\竞赛数学导引 五年级.pdf
5,竞赛数学导引 五年级,17,工程问题,拓展篇,extension,124,8,★★,0.9897,False,68,medium,application,,,工程问题|application,5、6年级及以前高思导引拓展篇及以下难度 或 七年级及以上校内课本难度,mid,auto,L3,False,蓄水池有甲、乙两个进水管，单开甲管需12小时注满水，单开乙管需18小时注满 水.现要求10小时注满水池，那么甲、乙两管至少要合开多长时间？,C:\Users\admin\Desktop\试卷分析project\参考教材\竞赛数学导引 五年级.pdf
5,竞赛数学导引 五年级,17,工程问题,拓展篇,extension,124,9,,0.9979,False,99,long,application,,,工程问题|application,5、6年级及以前高思导引拓展篇及以下难度 或 七年级及以上校内课本难度,mid,auto,L4,False,蓄水池有甲、乙、丙三个进水管.如果想灌满整池水，单开甲管需10小时，单开乙管 需12小时，单开丙管需15小时.上午8点三个管同时打开，中间甲管因故关闭，结果到下午2 点水池被灌满.问：甲管在何时被关闭？,C:\Users\admin\Desktop\试卷分析project\参考教材\竞赛数学导引 五年级.pdf
5,竞赛数学导引 五年级,17,工程问题,拓展篇,extension,124,10,,0.9954,False,154,very_long,application,travel_chain,,工程问题|application|travel_chain,5、6年级及以前高思导引拓展篇及以下难度 或 七年级及以上校内课本难度,mid,auto,L4,False,某水库建有10个泄洪闸，现有水库的水位已经超过安全线，上游河水还在按不变 的速度流入.为了防洪，需调节泄洪速度.假设每个闸门泄洪的速度相同，经测算，若打开1个 泄洪闸，30小时水位降至安全线；若打开2个泄洪闸，10小时水位降至安全线.现在抗洪指 挥部队要求在2.5小时使水位降至安全线以下，至少要同时打开几个闸门？,C:\Users\admin\Desktop\试卷分析project\参考教材\竞赛数学导引 五年级.pdf
5,竞赛数学导引 五年级,17,工程问题,拓展篇,extension,124,11,,0.9979,False,96,long,application,,,工程问题|application,5、6年级及以前高思导引拓展篇及以下难度 或 七年级及以上校内课本难度,mid,auto,L4,False,某水池的容积是100立方米，它有甲、乙两个进水管和一个排水管.甲、乙两管单 管放水，需要6小时将水池中的水放完；如果甲管进水而排水管放水，需要2小时将水池中的 水放完.问：水池中原有水多少立方米？,C:\Users\admin\Desktop\试卷分析project\参考教材\竞赛数学导引 五年级.pdf
5,竞赛数学导引 五年级,17,工程问题,拓展篇,extension,125,12,★,0.9945,False,104,long,application,growth_consumption,,工程问题|application|growth_consumption,5、6年级及以前高思导引拓展篇及以下难度 或 七年级及以上校内课本难度,mid,auto,L4,False,画展9时开门，但早有人来排队等候人场.从第一个观众来到时起，每分钟来的观 众人数一样多.如果开3个人场口，9时9分就不再有人排队；如果开5个人场口，9时5分就 没有人排队.请问：第一个观众到达的时间是8时多少分？,C:\Users\admin\Desktop\试卷分析project\参考教材\竞赛数学导引 五年级.pdf
5,竞赛数学导引 五年级,17,工程问题,拓展篇,extension,125,13,,0.9984,False,123,very_long,application,case_analysis|work_rate,,工程问题|application|case_analysis|work_rate,5、6年级及以前高思导引拓展篇及以下难度 或 七年级及以上校内课本难度,mid,auto,L4,False,甲、乙、丙三人承包一项工程，发给他们的工资共1800元.三人完成这项工程的具 体情况是：甲、乙两人合做6天完成了工程的；因甲中途有事，由乙、丙合做2天，完成了余 下工程的；之后三人合做5天完成了这项工程.如果按完成工作量的多少来付酬，每人应得 多少元？,C:\Users\admin\Desktop\试卷分析project\参考教材\竞赛数学导引 五年级.pdf
5,竞赛数学导引 五年级,17,工程问题,拓展篇,extension,125,14,,0.9872,True,159,very_long,application,travel_chain,has_diagram,工程问题|application|travel_chain,5、6年级及以前高思导引拓展篇及以下难度 或 七年级及以上校内课本难度,mid,review,L4,False,如图17-1，有一个口的立方体水箱，在其侧面一条高的 三等分点处有两个排水孔A和B，它们排水时的速度相同且保持不变. 现在以一定的速度从上面的进水管往水箱注水.如果打开A孔，关闭B OA 孔，经过20分钟可将水箱注满；如果关闭A孔，打开B孔，经过22分钟 可将水箱注满.如果两个孔都打开，那么注满水箱的时间是多少分钟？ 图17-1,C:\Users\admin\Desktop\试卷分析project\参考教材\竞赛数学导引 五年级.pdf
5,竞赛数学导引 五年级,17,工程问题,超越篇,challenge,125,1,★,0.989,False,48,medium,application,work_rate,,工程问题|application|work_rate,高思导引超越篇难度,high,auto,L4,False,甲工程队每工作5天必须休息1天，乙工程队每工作6天必须休息2天，一项工 作完成这项工程需要多少天？,C:\Users\admin\Desktop\试卷分析project\参考教材\竞赛数学导引 五年级.pdf
5,竞赛数学导引 五年级,17,工程问题,超越篇,challenge,126,2,★,0.9955,False,103,long,application,,,工程问题|application,高思导引超越篇难度,high,auto,L4,False,一水箱有甲、乙、丙三根进水管，如果只打开甲、丙两管，甲管注人30吨水时，水箱 已满；如果只打开乙、丙两管，乙管注人40吨水时，水箱才满.已知乙管每分钟注水量是甲管 的1.5倍.请问：该水箱注满时可容纳多少吨水？,C:\Users\admin\Desktop\试卷分析project\参考教材\竞赛数学导引 五年级.pdf
5,竞赛数学导引 五年级,17,工程问题,超越篇,challenge,126,3,,0.9811,False,87,medium,application,work_rate,,工程问题|application|work_rate,高思导引超越篇难度,high,auto,L4,False,甲、乙两人分别加工一批零件，甲用A机器需要6小时才能完成任务，用B机器 效率降低60%，乙用B机器需要10小时才能完成任务，用A机器效率提高20%.如果甲用A 成任务所用的时间，,C:\Users\admin\Desktop\试卷分析project\参考教材\竞赛数学导引 五年级.pdf
5,竞赛数学导引 五年级,17,工程问题,超越篇,challenge,126,4,,0.9963,False,198,very_long,application,work_rate,,工程问题|application|work_rate,高思导引超越篇难度,high,auto,L4,False,甲、乙、丙三个工程队要完成一项工程，原计划三个队同时做，并且按照三个队工 作效率的比进行分配.但是若干天之后，甲队因为种种原因退出，把甲队剩下工程的一交给乙 队完成， 交给丙队完成.如果仍然要按时完成该工程，乙队就必须将工作效率提高20%，丙 队则必须提高30%.问：甲、乙、丙原来的工作效率之比是多少？如果工程结束时，按照工作量 付给报酬，甲队得到2700元，乙队得到6300元，那么丙队可以得到多少元？,C:\Users\admin\Desktop\试卷分析project\参考教材\竞赛数学导引 五年级.pdf
5,竞赛数学导引 五年级,17,工程问题,超越篇,challenge,126,5,,0.9947,False,149,very_long,application,travel_chain,,工程问题|application|travel_chain,高思导引超越篇难度,high,auto,L4,False,禁有一个长方体的容器，侧面有一个小洞，如果水面超过了小洞，那么容器内的水将 会以一定的速度向外流出.现在打开1个水龙头向容器内注水，注到一半的时候用了80分 钟，又过了100分钟容器内恰好注满水.已知水龙头注水的速度是小洞漏水速度的1.5倍.试 问：如果用2个龙头一起向容器内注水，需要多少分钟可以注满？,C:\Users\admin\Desktop\试卷分析project\参考教材\竞赛数学导引 五年级.pdf
5,竞赛数学导引 五年级,17,工程问题,超越篇,challenge,127,6,,0.9875,False,121,very_long,application,travel_chain,,工程问题|application|travel_chain,高思导引超越篇难度,high,auto,L4,False,有甲、乙两个容积相同的空立方体水箱，在它们的侧面上分别有排水孔A和B.A 5和1 一起向两水箱注水，并通过管道使A孔排出的水直接流入乙箱，这样经过70分钟后，甲、乙两 水箱恰好同时被注满.试问：如果以上述的速度向乙箱注水，乙箱从空到满需要多少分钟？,C:\Users\admin\Desktop\试卷分析project\参考教材\竞赛数学导引 五年级.pdf
5,竞赛数学导引 五年级,17,工程问题,超越篇,challenge,127,7,,0.9976,False,102,long,application,,,工程问题|application,高思导引超越篇难度,high,auto,L4,False,有一个正方体水箱，在某个侧面相同高度的地方开有3个大小相同的出水孔，用 出水孔，需要多用2分钟将水箱注满；如果打开2个出水孔，则需要35分钟将水箱注满.请 问：当3个出水孔全开的时候，多少分钟可以将水箱注满？,C:\Users\admin\Desktop\试卷分析project\参考教材\竞赛数学导引 五年级.pdf
5,竞赛数学导引 五年级,17,工程问题,超越篇,challenge,127,8,,0.996,False,122,very_long,application,work_rate,,工程问题|application|work_rate,高思导引超越篇难度,high,auto,L4,False,一项工程，甲先做若干天后由乙继续做，丙在工程完成一半时前来帮忙，待工程完 成 时离去，结果恰好按计划完成任务，其中乙做了工程总量的一半；如果丙不来帮忙，仅由 乙接替甲一直做下去，就会比计划推迟 成.已知乙的工作效率是丙的3倍.请问：原计划工期是多少天？,C:\Users\admin\Desktop\试卷分析project\参考教材\竞赛数学导引 五年级.pdf
5,竞赛数学导引 五年级,18,牛吃草问题与钟表问题,兴趣篇,interest,128,1,★★,0.9912,False,63,medium,application,,,牛吃草问题与钟表问题|application,5、6年级及以前高思导引拓展篇及以下难度 或 七年级及以上校内课本难度,low,auto,L1,False,有一片草地上原有300.千克草，如果这片草地每天能长出10千克草，而每头牛每 天要吃5千克草，请问：6头牛几天会把这片草地吃完？,C:\Users\admin\Desktop\试卷分析project\参考教材\竞赛数学导引 五年级.pdf
5,竞赛数学导引 五年级,18,牛吃草问题与钟表问题,兴趣篇,interest,128,2,★★,0.9905,False,60,medium,application,growth_consumption,,牛吃草问题与钟表问题|application|growth_consumption,5、6年级及以前高思导引拓展篇及以下难度 或 七年级及以上校内课本难度,low,auto,L2,False,有一片匀速生长的草地，可以供10头牛吃20天，或者供15头牛吃10天，那么这 片草地上每天生长出的草量可以供几头牛吃1天？,C:\Users\admin\Desktop\试卷分析project\参考教材\竞赛数学导引 五年级.pdf
5,竞赛数学导引 五年级,18,牛吃草问题与钟表问题,兴趣篇,interest,128,3,★★,0.9864,False,110,long,application,,,牛吃草问题与钟表问题|application,5、6年级及以前高思导引拓展篇及以下难度 或 七年级及以上校内课本难度,low,auto,L2,False,有一片牧场，草每天都在均匀地生长.如果在牧场上放养24头牛，那么6天就把草 吃完了；如果只放养21头牛，那么8天才把草吃完.请问： (1）要使得草永远吃不完，最多可以放养多少头牛？ (2）如果放养36头牛，多少天可以把草吃完？,C:\Users\admin\Desktop\试卷分析project\参考教材\竞赛数学导引 五年级.pdf
5,竞赛数学导引 五年级,18,牛吃草问题与钟表问题,兴趣篇,interest,129,4,★★,0.9903,False,93,long,application,,,牛吃草问题与钟表问题|application,5、6年级及以前高思导引拓展篇及以下难度 或 七年级及以上校内课本难度,low,auto,L2,False,有一片均匀生长的草地，可以供18头牛吃40天，或者供12头牛与36只羊吃25 天，如果1头牛每天的吃草量相当于3只羊每天的吃草量.请问：这片草地让17头牛与多少 只羊一起吃，刚好16天吃完？,C:\Users\admin\Desktop\试卷分析project\参考教材\竞赛数学导引 五年级.pdf
5,竞赛数学导引 五年级,18,牛吃草问题与钟表问题,兴趣篇,interest,129,5,★★,0.9857,False,60,medium,application,,,牛吃草问题与钟表问题|application,5、6年级及以前高思导引拓展篇及以下难度 或 七年级及以上校内课本难度,low,auto,L1,False,有一座时钟现在显示上午10点整.问： （1）多少分钟后，分针与时针第一次重合？ （2）再经过多少分钟，分针与时针第二次重合？,C:\Users\admin\Desktop\试卷分析project\参考教材\竞赛数学导引 五年级.pdf
5,竞赛数学导引 五年级,18,牛吃草问题与钟表问题,兴趣篇,interest,129,6,★★,0.9898,False,58,medium,application,,,牛吃草问题与钟表问题|application,5、6年级及以前高思导引拓展篇及以下难度 或 七年级及以上校内课本难度,low,auto,L1,False,卡莉娅早上6点半起床，赶到学校时发现手表上的时针和分针恰好第一次张开成 一条直线，那么卡莉娅到达学校的时间是几点几分？,C:\Users\admin\Desktop\试卷分析project\参考教材\竞赛数学导引 五年级.pdf
5,竞赛数学导引 五年级,18,牛吃草问题与钟表问题,兴趣篇,interest,129,7,★★,0.9942,False,77,medium,application,,,牛吃草问题与钟表问题|application,5、6年级及以前高思导引拓展篇及以下难度 或 七年级及以上校内课本难度,low,auto,L1,False,小高在9点与10点之间开始解一道数学题，当时手表的时针和分针正好成一条直 线.当小高解完这道题时，时针和分针刚好第一次重合.请问：小高解这道题用了多少分钟？,C:\Users\admin\Desktop\试卷分析project\参考教材\竞赛数学导引 五年级.pdf
5,竞赛数学导引 五年级,18,牛吃草问题与钟表问题,兴趣篇,interest,129,8,,0.9859,False,96,long,application,,,牛吃草问题与钟表问题|application,5、6年级及以前高思导引拓展篇及以下难度 或 七年级及以上校内课本难度,low,auto,L2,False,下午6点多时墨莫吃完晚饭开始看动画片，动画片开始时他看手表，发现时针和分 针的夹角为110°.在新闻联播前动画片放完了，墨莫又看手表，发现时针和分针的夹角仍是 110°那么动画片一共放了多少分钟？,C:\Users\admin\Desktop\试卷分析project\参考教材\竞赛数学导引 五年级.pdf
5,竞赛数学导引 五年级,18,牛吃草问题与钟表问题,兴趣篇,interest,129,9,,0.9941,False,50,medium,application,,,牛吃草问题与钟表问题|application,5、6年级及以前高思导引拓展篇及以下难度 或 七年级及以上校内课本难度,low,auto,L1,False,在早晨6点到7点之间有一时刻，钟面上的“6”字恰好在时针与分针的正中央.请 问：这一时刻是6点多少分？,C:\Users\admin\Desktop\试卷分析project\参考教材\竞赛数学导引 五年级.pdf
5,竞赛数学导引 五年级,18,牛吃草问题与钟表问题,兴趣篇,interest,130,10,,0.9942,False,93,long,application,,,牛吃草问题与钟表问题|application,5、6年级及以前高思导引拓展篇及以下难度 或 七年级及以上校内课本难度,low,auto,L2,False,一个快钟每小时比标准时间快1分钟，一个慢钟每小时比标准时间慢3分钟.现 在将两个钟同时调到标准时间，结果在24小时内，快钟显示9点整时，慢钟恰好显示8点整， 请问：这个时候的标准时间是多少？,C:\Users\admin\Desktop\试卷分析project\参考教材\竞赛数学导引 五年级.pdf
5,竞赛数学导引 五年级,18,牛吃草问题与钟表问题,拓展篇,extension,130,1,★★,0.9954,False,110,long,application,,,牛吃草问题与钟表问题|application,5、6年级及以前高思导引拓展篇及以下难度 或 七年级及以上校内课本难度,mid,auto,L4,False,有一片牧场，草每天都在均匀地生长.如果在牧场上放养18头牛，那么10天能把 草吃完；如果只放养24头牛，那么7天就把草吃完了.请问： （1）如果放养32头牛，多少天可以把草吃完？ （2）要放养多少头牛，才能恰好14天把草吃完？,C:\Users\admin\Desktop\试卷分析project\参考教材\竞赛数学导引 五年级.pdf
5,竞赛数学导引 五年级,18,牛吃草问题与钟表问题,拓展篇,extension,130,2,★,0.9905,False,106,long,application,growth_consumption,,牛吃草问题与钟表问题|application|growth_consumption,5、6年级及以前高思导引拓展篇及以下难度 或 七年级及以上校内课本难度,mid,auto,L4,False,一片均匀生长的草地，如果有15头牛吃草，那么8天可以把草全部吃完；如果起初 这15头牛在草地上吃了2天后，又来了2头牛，则总共7天就可以把草吃完.如果起初这15 头牛吃了2天后，又来了5头牛，再过多少天可以把草吃完？,C:\Users\admin\Desktop\试卷分析project\参考教材\竞赛数学导引 五年级.pdf
5,竞赛数学导引 五年级,18,牛吃草问题与钟表问题,拓展篇,extension,130,3,★★,0.9941,False,97,long,application,,,牛吃草问题与钟表问题|application,5、6年级及以前高思导引拓展篇及以下难度 或 七年级及以上校内课本难度,mid,auto,L4,False,进人冬季后，有一片牧场上的草开始枯菱，因此草会均匀地减少.现在开始在这片 牧场上放羊，如果有38只羊，把草吃完需要25天；如果有30只羊，把草吃完需要30天.如果 有20只羊，这片牧场可以吃多少天？,C:\Users\admin\Desktop\试卷分析project\参考教材\竞赛数学导引 五年级.pdf
5,竞赛数学导引 五年级,18,牛吃草问题与钟表问题,拓展篇,extension,130,4,★★,0.9917,False,107,long,application,,,牛吃草问题与钟表问题|application,5、6年级及以前高思导引拓展篇及以下难度 或 七年级及以上校内课本难度,mid,auto,L4,False,一个露天水池底部有若干同样大小的进水管.这天蓄水时恰好赶上下雨，每分钟注 人水池的雨水量相同.如果打开24根进水管，5分钟能注满水池；如果打开12根进水管，8 分钟能注满水池；如果打开8根进水管，多少分钟能将水池注满？,C:\Users\admin\Desktop\试卷分析project\参考教材\竞赛数学导引 五年级.pdf
5,竞赛数学导引 五年级,18,牛吃草问题与钟表问题,拓展篇,extension,131,5,,0.9971,False,90,long,application,,,牛吃草问题与钟表问题|application,5、6年级及以前高思导引拓展篇及以下难度 或 七年级及以上校内课本难度,mid,auto,L4,False,把一片均匀生长的大草地分成三块，面积分别为5公顷、15公顷和24公顷.如果 第一块草地可以供10头牛吃30天，第二块草地可以供28头牛吃45天，那么第三块草地可以 供多少头牛吃80天？,C:\Users\admin\Desktop\试卷分析project\参考教材\竞赛数学导引 五年级.pdf
5,竞赛数学导引 五年级,18,牛吃草问题与钟表问题,拓展篇,extension,131,6,★★,0.9865,False,67,medium,application,,,牛吃草问题与钟表问题|application,5、6年级及以前高思导引拓展篇及以下难度 或 七年级及以上校内课本难度,mid,auto,L3,False,一个时钟现在显示的时间是3点整，请问： (1）多少分钟后，时针与分针第一次重合？ （2）再经过多少分钟后，时针与分针第一次张开成一条直线？,C:\Users\admin\Desktop\试卷分析project\参考教材\竞赛数学导引 五年级.pdf
5,竞赛数学导引 五年级,18,牛吃草问题与钟表问题,拓展篇,extension,131,7,,0.9991,False,47,medium,application,,,牛吃草问题与钟表问题|application,5、6年级及以前高思导引拓展篇及以下难度 或 七年级及以上校内课本难度,mid,auto,L3,False,在9点23分时，时针和分针的夹角是多少度？从这一时刻开始，经过多少分钟，时 针和分针第一次垂直？,C:\Users\admin\Desktop\试卷分析project\参考教材\竞赛数学导引 五年级.pdf
5,竞赛数学导引 五年级,18,牛吃草问题与钟表问题,拓展篇,extension,131,8,★★,0.9917,False,83,medium,application,,,牛吃草问题与钟表问题|application,5、6年级及以前高思导引拓展篇及以下难度 或 七年级及以上校内课本难度,mid,auto,L3,False,小高晚上去超市买东西，到的时候是7点24分，买完出来的时候仍然是7点多，且 分针和时针所夹的角度与到超市时相同.请问：小高出来的时候是7点几分？买东西一共花 了多少分钟？,C:\Users\admin\Desktop\试卷分析project\参考教材\竞赛数学导引 五年级.pdf
5,竞赛数学导引 五年级,18,牛吃草问题与钟表问题,拓展篇,extension,131,9,,0.9975,True,72,medium,application,,has_diagram,牛吃草问题与钟表问题|application,5、6年级及以前高思导引拓展篇及以下难度 或 七年级及以上校内课本难度,mid,review,L3,False,图18-1中是一个特殊的钟，分针每80分钟走一圈，分针 走8圈时针就走一圈.从分针与时针重合开始，到分针与时针第三次 成直角需要多少分钟？ 图18-1,C:\Users\admin\Desktop\试卷分析project\参考教材\竞赛数学导引 五年级.pdf
5,竞赛数学导引 五年级,18,牛吃草问题与钟表问题,拓展篇,extension,132,10,,0.9987,False,56,medium,application,,,牛吃草问题与钟表问题|application,5、6年级及以前高思导引拓展篇及以下难度 或 七年级及以上校内课本难度,mid,auto,L3,False,小明上了一节课，时间不到1小时，他发现下课时与上课时手表上时针与分针的 位置刚好对调.请问：这一堂课上了多少分钟？,C:\Users\admin\Desktop\试卷分析project\参考教材\竞赛数学导引 五年级.pdf
5,竞赛数学导引 五年级,18,牛吃草问题与钟表问题,拓展篇,extension,132,11,★,0.9887,False,49,medium,application,,,牛吃草问题与钟表问题|application,5、6年级及以前高思导引拓展篇及以下难度 或 七年级及以上校内课本难度,mid,auto,L3,False,在早晨6点到7点之间有一个时刻，钟面上的数字“5”恰好在时针与分针的正中 央.请问：这时是6点几分？,C:\Users\admin\Desktop\试卷分析project\参考教材\竞赛数学导引 五年级.pdf
5,竞赛数学导引 五年级,18,牛吃草问题与钟表问题,拓展篇,extension,132,12,★★,0.9968,False,131,very_long,application,,,牛吃草问题与钟表问题|application,5、6年级及以前高思导引拓展篇及以下难度 或 七年级及以上校内课本难度,mid,auto,L4,False,卡莉娅的手表比家里的闹钟走得要快一些.这天中午12点时，卡莉娅把手表和闹 钟校准，但当闹钟走到下午1点时，手表显示的时间是1点5分.请问： （1）当闹钟显示当天下午5点的时候，手表显示的时间是几点几分？ （2）当手表显示当天下午6点半的时候，闹钟显示的时间是几点几分？,C:\Users\admin\Desktop\试卷分析project\参考教材\竞赛数学导引 五年级.pdf
5,竞赛数学导引 五年级,18,牛吃草问题与钟表问题,拓展篇,extension,132,13,,0.9957,False,134,very_long,application,,,牛吃草问题与钟表问题|application,5、6年级及以前高思导引拓展篇及以下难度 或 七年级及以上校内课本难度,mid,auto,L4,False,（1）卡莉娅的闹钟比标准时间每小时快3分钟.一天晚上11点，卡莉娅把钟校 准，并把闹铃定在第二天早上6点.试问：当闹铃响起时，标准时间是几点几分？ （2）墨莫的手表比标准时间每小时慢4分钟.一天早上8点，墨莫将表校准.试问：当这只 表指向下午3点的时候，标准时间是几点几分？,C:\Users\admin\Desktop\试卷分析project\参考教材\竞赛数学导引 五年级.pdf
5,竞赛数学导引 五年级,18,牛吃草问题与钟表问题,拓展篇,extension,132,14,,0.996,True,94,long,application,,has_diagram,牛吃草问题与钟表问题|application,5、6年级及以前高思导引拓展篇及以下难度 或 七年级及以上校内课本难度,mid,review,L4,False,如图18-2所示，某科学家设计了一只怪钟.这只怪钟每 昼夜10小时，每小时100分钟.当这只钟显示5点时，实际上是中午 12点.问：当这只钟第一次显示6点75分时，实际上是什么时间？ 图18-2,C:\Users\admin\Desktop\试卷分析project\参考教材\竞赛数学导引 五年级.pdf
5,竞赛数学导引 五年级,18,牛吃草问题与钟表问题,超越篇,challenge,133,1,★,0.994,False,127,very_long,application,,,牛吃草问题与钟表问题|application,高思导引超越篇难度,high,auto,L4,False,第一、二、三号牧场的面积依次为3公顷、5公顷、7公顷，三个牧场上的草长得一 样密，且生长得一样快.有两群牛，第一群牛2天将一号牧场的草吃完，又用5天将二号牧场 的草吃完.在这7天里，第二群牛刚好将三号牧场的草吃完.如果第一群牛有15头，那么第二 群牛有多少头？,C:\Users\admin\Desktop\试卷分析project\参考教材\竞赛数学导引 五年级.pdf
5,竞赛数学导引 五年级,18,牛吃草问题与钟表问题,超越篇,challenge,133,2,,0.9979,False,41,short,application,case_analysis,,牛吃草问题与钟表问题|application|case_analysis,高思导引超越篇难度,high,auto,L4,False,钟面上会出现时针与分针重合的情况，也会出现时针与分针关于钟面左右对称的 情况.请问：,C:\Users\admin\Desktop\试卷分析project\参考教材\竞赛数学导引 五年级.pdf
5,竞赛数学导引 五年级,18,牛吃草问题与钟表问题,超越篇,challenge,133,3,★,0.9965,False,60,medium,application,,,牛吃草问题与钟表问题|application,高思导引超越篇难度,high,auto,L4,False,现在的时间在10点与11点之间，如果在6分钟后表的分针的位置恰好与3分钟 前时针的位置方向相反，那么现在的时间是几点几分？,C:\Users\admin\Desktop\试卷分析project\参考教材\竞赛数学导引 五年级.pdf
5,竞赛数学导引 五年级,18,牛吃草问题与钟表问题,超越篇,challenge,"133,134",4,,0.9971,False,174,very_long,application,,cross_page_question,牛吃草问题与钟表问题|application,高思导引超越篇难度,high,review,L4,False,某工厂的一只不准的时钟需要69分钟(标准时间)时针与分针才能重合一次.工 间就算加班，加班每小时付给工资6元.如果一个工人照此钟工作8小时，他实际上应得到工 资多少元？ 钟，另一面钟的分针与时针重合一次用66分钟，现在把两面钟都在标准时间0：00校准.试 问：当它们再次出现在钟面上同一位置，且分针与时针重合（不一定都指向12点），是几天几 小时几分钟之后？,C:\Users\admin\Desktop\试卷分析project\参考教材\竞赛数学导引 五年级.pdf
5,竞赛数学导引 五年级,18,牛吃草问题与钟表问题,超越篇,challenge,134,6,,0.9988,False,106,long,application,,,牛吃草问题与钟表问题|application,高思导引超越篇难度,high,auto,L4,False,王老师有一只手表和一个闹钟，他发现闹钟每走一个小时，他的手表会多走30秒， 但闹钟却比标准时间每小时慢30秒.在今天中午12点王老师把手表和标准时间校准，那么 明天中午12点时，王老师的手表显示的时间是几点几分几秒？,C:\Users\admin\Desktop\试卷分析project\参考教材\竞赛数学导引 五年级.pdf
5,竞赛数学导引 五年级,18,牛吃草问题与钟表问题,超越篇,challenge,134,7,,0.9924,True,223,very_long,application,travel_chain,has_diagram,牛吃草问题与钟表问题|application|travel_chain,高思导引超越篇难度,high,review,L4,False,如图18-3所示，一块正方形草地被分为完全相同的四块以及中间的阴影部分， 已知草一开始是均匀分布，且以恒定的速度均匀生长.但如果某块地上的草被吃光，就不再生 全部吃完（这期间其他草地的草正常生长).之后他让一半牛在2号草地上吃 草，另一半在3号草地上吃草，结果又过了6天，这两个草地上的草也全部吃 的牛放在阴影草地上吃草，而剩下的牛放在4号草地上， 最后发现两块草地上的草同时吃完.如果一开始就让这群牛在整块草地上吃 草，那么吃完这些草需要多少天？ 图18-3,C:\Users\admin\Desktop\试卷分析project\参考教材\竞赛数学导引 五年级.pdf
5,竞赛数学导引 五年级,18,牛吃草问题与钟表问题,超越篇,challenge,134,8,,0.9974,False,103,long,application,case_analysis,,牛吃草问题与钟表问题|application|case_analysis,高思导引超越篇难度,high,auto,L4,False,有一只表没有秒针，而且时针和分针无法辨别.在多数情况下可根据两针所指的 位置判断出正确的时间，但有时也会出现两种可能，使你判断不出正确的时间.请问：从中午 12时到夜里12时这段时间会遇到多少次无法判断的情况？,C:\Users\admin\Desktop\试卷分析project\参考教材\竞赛数学导引 五年级.pdf
5,竞赛数学导引 五年级,19,直线形计算三,兴趣篇,interest,135,1,★★,0.9641,True,66,medium,calculation,,has_diagram,直线形计算三|calculation,5、6年级及以前高思导引拓展篇及以下难度 或 七年级及以上校内课本难度,low,review,L1,False,如图19-1，在三角形ABC中，AD的长度是AB的 ，AE的长度是AC的 问：三角形AED的面积是三角形ABC面积的几分之几？ 图 19 -1,C:\Users\admin\Desktop\试卷分析project\参考教材\竞赛数学导引 五年级.pdf
5,竞赛数学导引 五年级,19,直线形计算三,兴趣篇,interest,135,2,★★,0.9884,True,58,medium,calculation,,has_diagram,直线形计算三|calculation,5、6年级及以前高思导引拓展篇及以下难度 或 七年级及以上校内课本难度,low,review,L1,False,如图19-2，在三角形ABC中，BC=3CD，AC=3AE，那么三角形ABC的面积是 三角形CDE的多少倍？ 图19-2,C:\Users\admin\Desktop\试卷分析project\参考教材\竞赛数学导引 五年级.pdf
5,竞赛数学导引 五年级,19,直线形计算三,兴趣篇,interest,136,3,★★,0.9838,True,136,very_long,calculation,,has_diagram,直线形计算三|calculation,5、6年级及以前高思导引拓展篇及以下难度 或 七年级及以上校内课本难度,low,review,L3,False,如图19-3，某公园的外轮廓是四边形ABCD，被对角 线AC，BD分成4个部分.三角形AOB的面积是3平方千米，三 角形BOC的面积是2平方千米，三角形COD的面积是1平方千 米.如果公园由大小为6.9平方千米的陆地和一块人工湖组成， 那么人工湖的面积是多少平方千米？ D 图19-3,C:\Users\admin\Desktop\试卷分析project\参考教材\竞赛数学导引 五年级.pdf
5,竞赛数学导引 五年级,19,直线形计算三,兴趣篇,interest,136,4,★★,0.9834,True,55,medium,calculation,,has_diagram,直线形计算三|calculation,5、6年级及以前高思导引拓展篇及以下难度 或 七年级及以上校内课本难度,low,review,L1,False,"如图19-4,在梯形ABCD中，AD长9厘米，BC长15厘米，BD长12厘米，那么 OD长多少厘米？ D 图19-4",C:\Users\admin\Desktop\试卷分析project\参考教材\竞赛数学导引 五年级.pdf
5,竞赛数学导引 五年级,19,直线形计算三,兴趣篇,interest,136,5,★★,0.9863,True,69,medium,calculation,,has_diagram,直线形计算三|calculation,5、6年级及以前高思导引拓展篇及以下难度 或 七年级及以上校内课本难度,low,review,L1,False,如图19-5，在梯形ABCD中，三角形ABO的面积是6平方厘米，且BC的长是AD 的2倍.请问：梯形ABCD的面积是多少平方厘米？ 图19-5,C:\Users\admin\Desktop\试卷分析project\参考教材\竞赛数学导引 五年级.pdf
5,竞赛数学导引 五年级,19,直线形计算三,兴趣篇,interest,136,6,,0.9731,True,57,medium,calculation,,has_diagram,直线形计算三|calculation,5、6年级及以前高思导引拓展篇及以下难度 或 七年级及以上校内课本难度,low,review,L1,False,如图19-6，已知平行四边形ABCD的面积为72，E点是BC上靠近B点的三等分 点，求图中阴影部分的面积 C 图19-6,C:\Users\admin\Desktop\试卷分析project\参考教材\竞赛数学导引 五年级.pdf
5,竞赛数学导引 五年级,19,直线形计算三,兴趣篇,interest,136,7,,0.9736,True,40,short,calculation,,has_diagram,直线形计算三|calculation,5、6年级及以前高思导引拓展篇及以下难度 或 七年级及以上校内课本难度,low,review,L1,False,图19-7中的两个正方形的边长分别为6分米和8分 米，求阴影部分的面积. 图19-7,C:\Users\admin\Desktop\试卷分析project\参考教材\竞赛数学导引 五年级.pdf
5,竞赛数学导引 五年级,19,直线形计算三,兴趣篇,interest,137,8,★★,0.9668,True,53,medium,calculation,,has_diagram,直线形计算三|calculation,5、6年级及以前高思导引拓展篇及以下难度 或 七年级及以上校内课本难度,low,review,L1,False,如图19-8，梯形ABCD的对角线相互垂直.三角形AOB的面积是12，OD的长是 4，求OC的长 D 图19-8,C:\Users\admin\Desktop\试卷分析project\参考教材\竞赛数学导引 五年级.pdf
5,竞赛数学导引 五年级,19,直线形计算三,兴趣篇,interest,137,9,,0.9672,True,65,medium,calculation,,has_diagram,直线形计算三|calculation,5、6年级及以前高思导引拓展篇及以下难度 或 七年级及以上校内课本难度,low,review,L1,False,在图19-9中，正方形ABCD的边长为5厘米，且三角形CEF的面积比三角形 ADF的面积大5平方厘米，求CE的长。 D B C E 图19-9,C:\Users\admin\Desktop\试卷分析project\参考教材\竞赛数学导引 五年级.pdf
5,竞赛数学导引 五年级,19,直线形计算三,兴趣篇,interest,137,10,,0.9853,True,42,short,calculation,,has_diagram,直线形计算三|几何问题|calculation,5、6年级及以前高思导引拓展篇及以下难度 或 七年级及以上校内课本难度,low,review,L1,False,如图19-10，请根据所给的条件，计算出大梯形的面积(长度单位：厘米). 图19-10,C:\Users\admin\Desktop\试卷分析project\参考教材\竞赛数学导引 五年级.pdf
5,竞赛数学导引 五年级,19,直线形计算三,拓展篇,extension,137,1,,0.9932,True,61,medium,calculation,,has_diagram,直线形计算三|calculation,5、6年级及以前高思导引拓展篇及以下难度 或 七年级及以上校内课本难度,mid,review,L3,False,如图19-11，AC的长度是AD的 ，且三角形AED的面积是三角形ABC面积的 一半.请问：AE是AB的几分之几？ 图19-11,C:\Users\admin\Desktop\试卷分析project\参考教材\竞赛数学导引 五年级.pdf
5,竞赛数学导引 五年级,19,直线形计算三,拓展篇,extension,138,2,,0.9221,True,36,short,calculation,,has_diagram,直线形计算三|calculation,5、6年级及以前高思导引拓展篇及以下难度 或 七年级及以上校内课本难度,mid,review,L3,False,"如图19-12，已知AE= AC,CD= BC,BF= SAIER 图19-12",C:\Users\admin\Desktop\试卷分析project\参考教材\竞赛数学导引 五年级.pdf
5,竞赛数学导引 五年级,19,直线形计算三,拓展篇,extension,138,3,★★,0.9748,True,147,very_long,calculation,,has_diagram,直线形计算三|calculation,5、6年级及以前高思导引拓展篇及以下难度 或 七年级及以上校内课本难度,mid,review,L4,False,如图19-13，深20厘米的长方形水箱装满水放在平台上 （1）如图19-14，当水箱这样倾斜，水箱中水流出 ，这时AB长多少厘米？ (2）如图19-15，当水箱这样倾斜到AB的长度为8厘米后，再把水箱放平，如图19-16， 这时水箱中水的深度是多少厘米？ 图19-13 图 19 - 14 图19-15 图19-16,C:\Users\admin\Desktop\试卷分析project\参考教材\竞赛数学导引 五年级.pdf
5,竞赛数学导引 五年级,19,直线形计算三,拓展篇,extension,138,4,★★,0.9848,True,73,medium,calculation,,has_diagram,直线形计算三|calculation,5、6年级及以前高思导引拓展篇及以下难度 或 七年级及以上校内课本难度,mid,review,L3,False,如图19-17，已知长方形ADEF的面积是16，三角形ADB的面积是2，三角形 ACF的面积是4.请问：三角形ABC的面积是多少？ A F D 图19-17,C:\Users\admin\Desktop\试卷分析project\参考教材\竞赛数学导引 五年级.pdf
5,竞赛数学导引 五年级,19,直线形计算三,拓展篇,extension,"138,139",5,,0.9908,True,56,medium,calculation,,has_diagram|cross_page_question,直线形计算三|calculation,5、6年级及以前高思导引拓展篇及以下难度 或 七年级及以上校内课本难度,mid,review,L3,False,如图19-18，3个相同的正方形拼在一起，每个正方形的边长为 6，求三角形ABC的面积. D 图19-18 图19-19,C:\Users\admin\Desktop\试卷分析project\参考教材\竞赛数学导引 五年级.pdf
5,竞赛数学导引 五年级,19,直线形计算三,拓展篇,extension,139,7,★★,0.994,True,105,long,calculation,,has_diagram,直线形计算三|calculation,5、6年级及以前高思导引拓展篇及以下难度 或 七年级及以上校内课本难度,mid,review,L4,False,图19-20中四边形ABCD的对角线AC和BD交于点O，如果三角形ABD的面积 是30平方厘米，三角形ABC的面积是48平方厘米，三角形BCD的面积是50平方厘米.请 问：三角形BOC的面积是多少？ B D 图19-20,C:\Users\admin\Desktop\试卷分析project\参考教材\竞赛数学导引 五年级.pdf
5,竞赛数学导引 五年级,19,直线形计算三,拓展篇,extension,139,8,★,0.9914,True,65,medium,calculation,,has_diagram,直线形计算三|calculation,5、6年级及以前高思导引拓展篇及以下难度 或 七年级及以上校内课本难度,mid,review,L3,False,如图19-21，梯形ABCD中，三角形ABE的面积是60平方米，AC的长是AE的4 倍，梯形ABCD的面积是多少平方米？ 图19-21,C:\Users\admin\Desktop\试卷分析project\参考教材\竞赛数学导引 五年级.pdf
5,竞赛数学导引 五年级,19,直线形计算三,拓展篇,extension,139,9,,0.9886,True,52,medium,calculation,,has_diagram,直线形计算三|calculation,5、6年级及以前高思导引拓展篇及以下难度 或 七年级及以上校内课本难度,mid,review,L3,False,如图19-22所示，梯形ABCD的面积是36，下底长是上底长的2倍，阴影三角形 的面积是多少？ 图19-22,C:\Users\admin\Desktop\试卷分析project\参考教材\竞赛数学导引 五年级.pdf
5,竞赛数学导引 五年级,19,直线形计算三,拓展篇,extension,140,10,,0.9449,True,49,medium,calculation,,has_diagram,直线形计算三|calculation,5、6年级及以前高思导引拓展篇及以下难度 或 七年级及以上校内课本难度,mid,review,L3,False,如图19-23，边长为8厘米和12厘米的两个正方形 G 并排放在一起，求图中阴影部分的面积 图19-23,C:\Users\admin\Desktop\试卷分析project\参考教材\竞赛数学导引 五年级.pdf
5,竞赛数学导引 五年级,19,直线形计算三,拓展篇,extension,140,11,★,0.9925,True,67,medium,calculation,,has_diagram,直线形计算三|calculation,5、6年级及以前高思导引拓展篇及以下难度 或 七年级及以上校内课本难度,mid,review,L3,False,如图19-24，在正方形ABCD中，E，F分别是BC，CD的 中点，已知正方形ABCD的面积为60平方厘米，求阴影部分的面积 图19-24,C:\Users\admin\Desktop\试卷分析project\参考教材\竞赛数学导引 五年级.pdf
5,竞赛数学导引 五年级,19,直线形计算三,拓展篇,extension,140,12,,0.998,True,89,medium,calculation,,has_diagram,直线形计算三|calculation,5、6年级及以前高思导引拓展篇及以下难度 或 七年级及以上校内课本难度,mid,review,L3,False,如图19-25所示，平行四边形ABCD的边BC长10厘米，直角三角形BCE的直角边 EC长8厘米，已知两块阴影部分的面积和比三角形EFG的面积大10平方厘米，求CF的长 图19-25,C:\Users\admin\Desktop\试卷分析project\参考教材\竞赛数学导引 五年级.pdf
5,竞赛数学导引 五年级,19,直线形计算三,拓展篇,extension,140,13,★,0.9442,True,85,medium,calculation,grouping,has_diagram,直线形计算三|calculation|grouping,5、6年级及以前高思导引拓展篇及以下难度 或 七年级及以上校内课本难度,mid,review,L3,False,如图19-26，已知D是BC的中点，E是 AC的中点.三角形ABC由①至这5部分组成，其 中①的面积比④多6平方厘米.请问：三角形ABC的 面积是多少平方厘米？ ① ③ 图19-26,C:\Users\admin\Desktop\试卷分析project\参考教材\竞赛数学导引 五年级.pdf
5,竞赛数学导引 五年级,19,直线形计算三,拓展篇,extension,140,14,,0.9543,True,32,short,calculation,,has_diagram,直线形计算三|几何问题|calculation,5、6年级及以前高思导引拓展篇及以下难度 或 七年级及以上校内课本难度,mid,review,L3,False,根据图19-27中所给的条件，求梯形ABCD的 面积. 图19-27,C:\Users\admin\Desktop\试卷分析project\参考教材\竞赛数学导引 五年级.pdf
5,竞赛数学导引 五年级,19,直线形计算三,超越篇,challenge,141,1,,0.9548,True,57,medium,calculation,,has_diagram,直线形计算三|calculation,高思导引超越篇难度,high,review,L4,False,在图19-28中，S△OAB=SABC=S△BCD=SCDE=S△DEF=1，请问：S△CDF是多少？ 图19-28,C:\Users\admin\Desktop\试卷分析project\参考教材\竞赛数学导引 五年级.pdf
5,竞赛数学导引 五年级,19,直线形计算三,超越篇,challenge,141,2,★,0.9926,True,101,long,calculation,,has_diagram,直线形计算三|calculation,高思导引超越篇难度,high,review,L4,False,如图19-29，ABCDEF为正六边形.G，H，I，J，K，L分别为AB，BC，CD， DE，EF，FA边上的三等分点，形成了正六边形GHIJKL.请问：小正六边形占大正六边形面 积的几分之几？ 图19-29,C:\Users\admin\Desktop\试卷分析project\参考教材\竞赛数学导引 五年级.pdf
5,竞赛数学导引 五年级,19,直线形计算三,超越篇,challenge,141,3,★,0.9903,True,64,medium,calculation,,has_diagram,直线形计算三|calculation,高思导引超越篇难度,high,review,L4,False,如图19-30，等腰直角三角形ABC的面积是8， AE=CF，四边形BEOF的面积比三角形AOC的面积大4， 求AE的长 图19-30,C:\Users\admin\Desktop\试卷分析project\参考教材\竞赛数学导引 五年级.pdf
5,竞赛数学导引 五年级,19,直线形计算三,超越篇,challenge,141,4,★,0.9841,True,66,medium,calculation,,has_diagram,直线形计算三|calculation,高思导引超越篇难度,high,review,L4,False,如图19-31，ABCD是正方形，AE=DF=4，已知三角形AEG与三角形DEF的 面积比为2：3，求三角形EFG的面积. 图19-31,C:\Users\admin\Desktop\试卷分析project\参考教材\竞赛数学导引 五年级.pdf
5,竞赛数学导引 五年级,19,直线形计算三,超越篇,challenge,142,5,,0.9835,True,47,medium,calculation,,has_diagram,直线形计算三|calculation,高思导引超越篇难度,high,review,L4,False,如图19-32，正方形ABCD的面积为1，BF=2FC，求阴影四边形FHJG的面积 图19-32,C:\Users\admin\Desktop\试卷分析project\参考教材\竞赛数学导引 五年级.pdf
5,竞赛数学导引 五年级,19,直线形计算三,超越篇,challenge,142,6,,0.9962,True,65,medium,calculation,,has_diagram,直线形计算三|calculation,高思导引超越篇难度,high,review,L4,False,如图19-33，四边形BCDE是正方形，三角形ABC是直角三角形.若AB长3厘 米，AC长4厘米，试求三角形ABE的面积 图19-33,C:\Users\admin\Desktop\试卷分析project\参考教材\竞赛数学导引 五年级.pdf
5,竞赛数学导引 五年级,19,直线形计算三,超越篇,challenge,142,7,,0.9841,True,92,long,calculation,,has_diagram,直线形计算三|calculation,高思导引超越篇难度,high,review,L4,False,"如图19-34，一个长方形被分为面积比为5：6：7：8：9的A，B，C，D,E五块， 其中A和B是长方形，且A的长等于B的周长的一半.请问：A，B，C，D，E的周长比为多少？ 图19-34",C:\Users\admin\Desktop\试卷分析project\参考教材\竞赛数学导引 五年级.pdf
5,竞赛数学导引 五年级,19,直线形计算三,超越篇,challenge,142,8,,0.9935,True,84,medium,calculation,,has_diagram,直线形计算三|几何问题|calculation,高思导引超越篇难度,high,review,L4,False,如图19-35，三角形ABC为等腰直角三角形，C为直角顶点，P，Q为AB边上的 两点：又已知AP长度为3，BQ长度为4，PCQ=45°，那么PQ的长度是多少？ 图19-35,C:\Users\admin\Desktop\试卷分析project\参考教材\竞赛数学导引 五年级.pdf
5,竞赛数学导引 五年级,20,行程问题五,兴趣篇,interest,143,1,★,0.9894,False,127,very_long,application,travel_chain,,行程问题五|application|travel_chain,5、6年级及以前高思导引拓展篇及以下难度 或 七年级及以上校内课本难度,low,auto,L3,False,邮递员早晨7点出发送一份邮件到对面的村里，从邮局开始先走12千米的上坡路， 再走6千米的下坡路.上坡的速度是3千米/时，下坡的速度是6千米/时.请问： （1）邮递员去村里的平均速度是多少？ （2）邮递员返回时的平均速度是多少？ （3）邮递员往返的平均速度是多少？,C:\Users\admin\Desktop\试卷分析project\参考教材\竞赛数学导引 五年级.pdf
5,竞赛数学导引 五年级,20,行程问题五,兴趣篇,interest,"143,144",2,★★,0.9946,False,97,long,application,travel_chain,cross_page_question,行程问题五|application|travel_chain,5、6年级及以前高思导引拓展篇及以下难度 或 七年级及以上校内课本难度,low,review,L2,False,王老师开车去学校，前一半时间车速为每小时40千米，后一半时间车速变为每小 时60千米，那么他的平均速度是每小时多少千米？ 前的速度只有30千米/时，那么在后一半路程中，速度必须达到多少才能准时到家？,C:\Users\admin\Desktop\试卷分析project\参考教材\竞赛数学导引 五年级.pdf
5,竞赛数学导引 五年级,20,行程问题五,兴趣篇,interest,144,4,★★,0.9942,False,56,medium,application,travel_chain,,行程问题五|application|travel_chain,5、6年级及以前高思导引拓展篇及以下难度 或 七年级及以上校内课本难度,low,auto,L2,False,一辆汽车原计划6小时从A城到B城.汽车行驶了一半路程后，因故在途中停留 12千米/时，那么A，B两城相距多少千米？,C:\Users\admin\Desktop\试卷分析project\参考教材\竞赛数学导引 五年级.pdf
5,竞赛数学导引 五年级,20,行程问题五,兴趣篇,interest,144,5,,0.9944,False,86,medium,application,travel_chain,,行程问题五|application|travel_chain,5、6年级及以前高思导引拓展篇及以下难度 或 七年级及以上校内课本难度,low,auto,L2,False,甲、乙两人在400米圆形跑道上进行10000米比赛.两人从起点同时同向出发，开 米/秒，而乙的速度增加0.5米/秒，直到乙比甲快.请问：领先者到达终点时，另一人距终点多 少米？,C:\Users\admin\Desktop\试卷分析project\参考教材\竞赛数学导引 五年级.pdf
5,竞赛数学导引 五年级,20,行程问题五,兴趣篇,interest,144,6,,0.9949,False,148,very_long,application,recursive_or_sequence|travel_chain,,行程问题五|application|recursive_or_sequence|travel_chain,5、6年级及以前高思导引拓展篇及以下难度 或 七年级及以上校内课本难度,low,auto,L3,False,一个圆的周长为1.26米，两只蚂蚁从一条直径的两端同时出发沿圆周相向爬行. 这两只蚂蚁每秒钟分别爬行5.5厘米和3.5厘米，在运动过程中它们不断地调头.如果把出 发算作第零次调头，那么相邻两次调头的时间间隔依次是1秒，3秒，5秒，即一个由连 续奇数组成的数列.问：两只蚂蚁爬行了多长时间才能第一次相遇？,C:\Users\admin\Desktop\试卷分析project\参考教材\竞赛数学导引 五年级.pdf
5,竞赛数学导引 五年级,20,行程问题五,兴趣篇,interest,144,7,,0.9882,True,121,very_long,application,,has_diagram,行程问题五|application,5、6年级及以前高思导引拓展篇及以下难度 或 七年级及以上校内课本难度,low,review,L3,False,如图20-1所示，甲、乙两人绕着一个正方形的房子玩捉 迷藏.正方形ABCD的边长为24米，甲、乙都从A点出发逆时针行 进.甲出发时，乙要靠在A点的墙壁上数10秒后再出发.已知甲每 秒跑4米，乙每秒跑6米.请问：乙出发几秒后第一次看到甲？ D 图20-1,C:\Users\admin\Desktop\试卷分析project\参考教材\竞赛数学导引 五年级.pdf
5,竞赛数学导引 五年级,20,行程问题五,兴趣篇,interest,145,8,,0.9957,False,111,long,application,travel_chain,,行程问题五|application|travel_chain,5、6年级及以前高思导引拓展篇及以下难度 或 七年级及以上校内课本难度,low,auto,L2,False,刘老师从家到单位时，前 的路程骑车，后面的路程乘车；从单位回家时，前的 路程乘车，后面的路程骑车.结果去单位的时间比回家的时间少2分钟.已知刘老师骑车每小 时行8千米，乘车每小时行16千米.请问：刘老师家到单位的距离是多少千米？,C:\Users\admin\Desktop\试卷分析project\参考教材\竞赛数学导引 五年级.pdf
5,竞赛数学导引 五年级,20,行程问题五,兴趣篇,interest,145,9,★,0.9909,False,67,medium,application,travel_chain,,行程问题五|application|travel_chain,5、6年级及以前高思导引拓展篇及以下难度 或 七年级及以上校内课本难度,low,auto,L2,False,甲、乙两人分别从A，B两地同时出发，6小时后在中点相遇；若甲每小时多走4千 米，乙提前1小时出发，则仍在中点相遇.那么两地相距多少千米？,C:\Users\admin\Desktop\试卷分析project\参考教材\竞赛数学导引 五年级.pdf
5,竞赛数学导引 五年级,20,行程问题五,兴趣篇,interest,145,10,,0.9889,True,207,very_long,application,travel_chain,has_diagram,行程问题五|application|travel_chain,5、6年级及以前高思导引拓展篇及以下难度 或 七年级及以上校内课本难度,low,review,L3,False,如图20-2所示，A与B，B与C之间的公路长度相等，且每段公路上都有限速标 志（单位：千米/时).甲货车从A出发，乙货车从C出发，并且两车在A、C之间往返行驶.结 果当甲车到达C后再返回到B时，乙车刚好第一次到达B.已知甲、乙两车在各段公路上均以 所能达到的最快速度行驶（不会超过车子本身的最高时速，也 限速70 不能超过公路上的最高限速），且甲车的最高时速是乙车的4！ 限速40 倍，那么甲车的最高时速是多少？ A B C 图20-2,C:\Users\admin\Desktop\试卷分析project\参考教材\竞赛数学导引 五年级.pdf
5,竞赛数学导引 五年级,20,行程问题五,拓展篇,extension,145,1,★★,0.9303,True,107,long,application,travel_chain,has_diagram,行程问题五|application|travel_chain,5、6年级及以前高思导引拓展篇及以下难度 或 七年级及以上校内课本难度,mid,review,L4,False,如图20－3所示，一只蚂蚁沿等边三角形的三条边爬行，在 三条边上它每分钟分别爬行50厘米、20厘米、40厘米.蚂蚁由A点 开始，如果顺时针爬行一周，平均速度是多少？如果顺时针爬行了一周 半，平均速度又是多少？ A 图20-3,C:\Users\admin\Desktop\试卷分析project\参考教材\竞赛数学导引 五年级.pdf
5,竞赛数学导引 五年级,20,行程问题五,拓展篇,extension,146,2,,0.9889,False,106,long,application,travel_chain,,行程问题五|application|travel_chain,5、6年级及以前高思导引拓展篇及以下难度 或 七年级及以上校内课本难度,mid,auto,L4,False,甲、乙两班进行越野行军比赛，甲班以4千米/时的速度走了路程的一半，又以6千 米/时的速度走完了另一半；乙班在比赛过程中，一半时间以4千米/时的速度行进，另一半时 间以6千米/时的速度行进.问：甲、乙两班哪个班将获胜？,C:\Users\admin\Desktop\试卷分析project\参考教材\竞赛数学导引 五年级.pdf
5,竞赛数学导引 五年级,20,行程问题五,拓展篇,extension,146,3,,0.9971,False,132,very_long,application,travel_chain,,行程问题五|application|travel_chain,5、6年级及以前高思导引拓展篇及以下难度 或 七年级及以上校内课本难度,mid,auto,L4,False,甲、乙两地相距100千米，小张先骑摩托车从甲地出发，1小时后小李驾驶汽车从 甲地出发，两人同时到达乙地.摩托车开始速度是每小时50千米，中途减速后为每小时40千 米.汽车速度是每小时80千米，汽车曾在途中停驶10分钟.请问：小张驾驶的摩托车是在他 出发多少小时后减速的？,C:\Users\admin\Desktop\试卷分析project\参考教材\竞赛数学导引 五年级.pdf
5,竞赛数学导引 五年级,20,行程问题五,拓展篇,extension,146,4,,0.9935,True,164,very_long,application,travel_chain,has_diagram,行程问题五|application|travel_chain,5、6年级及以前高思导引拓展篇及以下难度 或 七年级及以上校内课本难度,mid,review,L4,False,男、女两名田径运动员在长120米的斜坡上练习跑步（如图20-4所示，坡顶为A， 坡底为B).两人同时从A点出发，在A，B之间不停地往返奔跑， 已知男运动员上坡速度是每秒3米，下坡速度是每秒5米，女运动 员上坡速度是每秒2米，下坡速度是每秒3米.请问：两人第一次迎 B 面相遇的地点离A点多少米？第二次迎面相遇的地点离A点多 图20-4 少米？,C:\Users\admin\Desktop\试卷分析project\参考教材\竞赛数学导引 五年级.pdf
5,竞赛数学导引 五年级,20,行程问题五,拓展篇,extension,146,5,,0.9987,False,142,very_long,application,travel_chain,,行程问题五|application|travel_chain,5、6年级及以前高思导引拓展篇及以下难度 或 七年级及以上校内课本难度,mid,auto,L4,False,小明和小强从400米环形跑道的同一点出发，背向而行.当他们第1次相遇时，小 明转身往回跑；再次相遇时，小强转身往回跑；以后的每次相遇分别是小明和小强两人交替调 转方向.两人的速度在运动过程中始终保持不变，小明每秒跑3米，小强每秒跑5米.试问：当 他们第99次相遇时，相遇点距离出发点多少米？,C:\Users\admin\Desktop\试卷分析project\参考教材\竞赛数学导引 五年级.pdf
5,竞赛数学导引 五年级,20,行程问题五,拓展篇,extension,146,6,,0.9934,False,158,very_long,application,travel_chain,,行程问题五|application|travel_chain,5、6年级及以前高思导引拓展篇及以下难度 或 七年级及以上校内课本难度,mid,auto,L4,False,在一条南北走向的公路上有A，B两镇，A镇在B镇北面4.8千米处.甲、乙两人 分别同时从A镇、B镇出发向南行走，甲的速度是每小时9千米，乙的速度是每小时6千米. 甲在运动过程中始终不改变方向，而乙向南走3分钟后，便转身往回走2分钟，接着按照先向 南走3分钟，再向北走2分钟的方式循环运动.请问：两人相遇的地点距B镇多少千米？,C:\Users\admin\Desktop\试卷分析project\参考教材\竞赛数学导引 五年级.pdf
5,竞赛数学导引 五年级,20,行程问题五,拓展篇,extension,147,7,★,0.9889,False,115,long,application,,,行程问题五|application,5、6年级及以前高思导引拓展篇及以下难度 或 七年级及以上校内课本难度,mid,auto,L4,False,龟兔赛跑，全程1.04千米.兔子每小时跑4千米，乌龟每小时爬0.6千米.乌龟不 停地爬，但兔子却边跑边玩，兔子先跑了1分钟然后玩15分钟，又跑2分钟然后玩15分钟，再 跑3分钟然后玩15分钟请问：先到达终点的比后到达终点的快多少分钟？,C:\Users\admin\Desktop\试卷分析project\参考教材\竞赛数学导引 五年级.pdf
5,竞赛数学导引 五年级,20,行程问题五,拓展篇,extension,147,8,,0.9246,True,207,very_long,application,,has_diagram,行程问题五|application,5、6年级及以前高思导引拓展篇及以下难度 或 七年级及以上校内课本难度,mid,review,L4,False,如图20-5所示，甲、乙两人绕着一个正方形的房子玩捉迷藏.正方形ABCD的边 长为24米，甲、乙都从A点出发逆时针行进.甲出发时，乙要靠在A点的墙壁上，10秒后再出 发.已知甲每秒跑4米，乙每秒跑6米，且两人每到达一个顶点都需要休息3秒钟.请问：乙出 发几秒后第一次追上甲？ A 中、 D B 图20-5 图20-6 出发，甲每分钟走75米，乙每分钟走65米，且两人每到达一个顶点都需要休息2分钟.求甲 从出发到第一次看见乙所用的时间，,C:\Users\admin\Desktop\试卷分析project\参考教材\竞赛数学导引 五年级.pdf
5,竞赛数学导引 五年级,20,行程问题五,拓展篇,extension,147,10,,0.9919,False,112,long,application,travel_chain,,行程问题五|application|travel_chain,5、6年级及以前高思导引拓展篇及以下难度 或 七年级及以上校内课本难度,mid,auto,L4,False,甲、乙两人分别从A、B两地同时出发相向而行，20分钟后在某处相遇.如果甲 每分钟多走15米，而乙比甲提前2分钟出发，则相遇时仍在此处.如果甲比乙晚4分钟出发， 乙每分钟少走25米，也能在此处相遇.那么A，B两地之间相距多少千米？,C:\Users\admin\Desktop\试卷分析project\参考教材\竞赛数学导引 五年级.pdf
5,竞赛数学导引 五年级,20,行程问题五,拓展篇,extension,147,11,,0.9955,False,144,very_long,application,travel_chain,,行程问题五|application|travel_chain,5、6年级及以前高思导引拓展篇及以下难度 或 七年级及以上校内课本难度,mid,auto,L4,False,小明准时从家出发，以3.6千米/时的速度从家步行去学校，恰好提前5分钟到 校.某天，当他走了1.2千米，发现手表慢了10分钟，因此立即跑步前进，到学校恰好准时上 课.后来算了一下，如果小明从家开始就跑步，可以比一直步行早15分钟到学校.那么他家离 学校多少千米？小明跑步的速度是每小时多少千米？,C:\Users\admin\Desktop\试卷分析project\参考教材\竞赛数学导引 五年级.pdf
5,竞赛数学导引 五年级,20,行程问题五,拓展篇,extension,148,12,,0.9921,False,289,very_long,application,travel_chain,,行程问题五|application|travel_chain,5、6年级及以前高思导引拓展篇及以下难度 或 七年级及以上校内课本难度,mid,auto,L4,False,甲、乙两车分别从A、B两地同时出发相向而行，6小时后相遇在C点.如果甲车 速度不变，乙车每小时多行5千米，则相遇地点距C点12千米；如果乙车速度不变，甲车每小 时多行5千米，则相遇地点距C点16千米.请问：A、B两地间的距离是多少千米？ 立即返回甲地，来回共用了3小时.李刚在平坦路上比上坡路每小时多骑6千米，下坡路比平 坦路每小时多骑3千米.还知道他在第1小时比第2小时少骑5千米，第2小时比第3小时少 骑3千米.其中，第2小时骑了一段上坡路，又骑了一段平坦路.请问： （1）李刚骑上坡路所用的时间是多少分钟？ （2）李刚骑下坡路所用的时间是多少分钟？ （3）甲、乙两地之间的距离是多少千米？,C:\Users\admin\Desktop\试卷分析project\参考教材\竞赛数学导引 五年级.pdf
5,竞赛数学导引 五年级,20,行程问题五,拓展篇,extension,148,14,,0.9946,True,213,very_long,application,travel_chain,has_diagram,行程问题五|application|travel_chain,5、6年级及以前高思导引拓展篇及以下难度 或 七年级及以上校内课本难度,mid,review,L4,False,如图20-7所示，有4个村镇A，B，C，D，在连接它们的3段等长的公路AB， BC，CD上，汽车行驶的最高时速限制分别是60千米/时、20千米/时和30千米/时.一辆客 车从A镇出发驶向D镇，到达D镇后立即返回；一辆货车同时从D镇出发，驶向B镇.两车 相遇在C镇，而当货车到达B镇时，客车又回到了C镇.已知客车和货车在各段公路上均以 其所能达到且被允许的最大速度行驶，货车在与客车相遇后自身 所具有的最高时速比相遇前提高了 A D 图20-7,C:\Users\admin\Desktop\试卷分析project\参考教材\竞赛数学导引 五年级.pdf
5,竞赛数学导引 五年级,20,行程问题五,超越篇,challenge,148,1,★,0.9922,False,100,long,application,travel_chain,,行程问题五|application|travel_chain,高思导引超越篇难度,high,auto,L4,False,学校组织春游，同学们下午一点出发，走了一段平坦的路，爬了一座山，然后按原路 返回，下午七点回到学校.已知他们的步行速度平地为4千米/时，上山为3千米/时，下山为6 千米/时.请问：同学们一共走了多少千米？,C:\Users\admin\Desktop\试卷分析project\参考教材\竞赛数学导引 五年级.pdf
5,竞赛数学导引 五年级,20,行程问题五,超越篇,challenge,149,2,★,0.9928,True,113,long,application,travel_chain,has_diagram,行程问题五|application|travel_chain,高思导引超越篇难度,high,review,L4,False,男、女两名运动员在长350米的斜坡AB（A为坡顶、B为坡底） 男女 上跑步，二人同时从坡顶出发，在A，B间往返奔跑，已知速度如图20-8 上坡 所示，那么男运动员第二次追上女运动员的位置距坡顶多少米？ 下坡53 （单位：米/秒） 图20-8,C:\Users\admin\Desktop\试卷分析project\参考教材\竞赛数学导引 五年级.pdf
5,竞赛数学导引 五年级,20,行程问题五,超越篇,challenge,149,3,,0.9889,False,93,long,application,travel_chain,,行程问题五|application|travel_chain,高思导引超越篇难度,high,auto,L4,False,甲、乙两车从A，B两地同时出发相向而行，5小时相遇；如果乙车提前1小时出 发，则在不到中点13千米处与甲车相遇；如果甲车提前1小时出发，则过中点37千米后与乙 车相遇.求甲车与乙车的速度差，,C:\Users\admin\Desktop\试卷分析project\参考教材\竞赛数学导引 五年级.pdf
5,竞赛数学导引 五年级,20,行程问题五,超越篇,challenge,149,4,,0.9931,True,179,very_long,application,travel_chain,has_diagram,行程问题五|application|travel_chain,高思导引超越篇难度,high,review,L4,False,如图20-9，在一条马路边有A，B，C，D四个车站，甲、乙两辆相同的汽车分别从 A，D两地出发相向而行，在BC的中点相遇.已知它们在AB，BC，CD上的速度分别为30千 米/时，40千米/时，50千米/时.如果甲晚出发 1小时，则它们将在B点相遇；如果乙在每一 A B D 段上的速度都减半，而甲的速度不变，它们的 图20-9 相遇地点离B点65千米.请求出A，D之间 的距离.,C:\Users\admin\Desktop\试卷分析project\参考教材\竞赛数学导引 五年级.pdf
5,竞赛数学导引 五年级,20,行程问题五,超越篇,challenge,149,5,,0.9737,True,169,very_long,application,reverse_process|travel_chain,has_diagram,行程问题五|application|reverse_process|travel_chain,高思导引超越篇难度,high,review,L4,False,如图20-10，正方形ABCD是一条环形公路.已知汽车在AB NV 上时速是90千米，在BC上的时速是120千米，在CD上的时速是60千 米，在DA上的时速是80千米.从CD上一点P，同时反向各发出一辆汽 车，它们将在AB中点相遇.如果从PC的中点M，同时反向各发出一辆 汽车，它们将在AB上一点N相遇.问：AN占AB的几分之几？ DP M 图20-10,C:\Users\admin\Desktop\试卷分析project\参考教材\竞赛数学导引 五年级.pdf
5,竞赛数学导引 五年级,20,行程问题五,超越篇,challenge,149,6,,0.9979,False,132,very_long,application,travel_chain,,行程问题五|application|travel_chain,高思导引超越篇难度,high,auto,L4,False,在400米环形跑道上进行10000米赛跑.乙始终保持一个固定的速度前进；甲刚 开始的速度比乙慢，但一直没有被乙追上.计时到30分0秒时甲开始加速并保持这个速度； 36分0秒时甲追上乙，46分0秒时甲再次追上乙，47分40秒时甲到达终点.问：计时到几分 几秒时乙到达终点？,C:\Users\admin\Desktop\试卷分析project\参考教材\竞赛数学导引 五年级.pdf
5,竞赛数学导引 五年级,20,行程问题五,超越篇,challenge,150,7,,0.9934,True,236,very_long,application,travel_chain,has_diagram,行程问题五|application|travel_chain,高思导引超越篇难度,high,review,L4,False,圆形跑道的40%是平路，60%则设置了跨栏（如图20-11中粗线部分）.甲、乙两 人的平路速度分别为5米/秒和6米/秒，跨栏速度分别为4米/秒和3米/秒.第一次两人从A 点出发逆时针跑，甲先跑了5秒钟，然后乙再出发.结果两人在跑第一圈的时候相遇了两次， 且两次相遇的间隔为15秒.问： （1）跑道总长为多少米？ 相遇时间间隔为45秒，那么甲和乙应该谁先跑，先跑多少秒？ （3）如果两人从A点出发按顺时针方向跑，而且在跑第一圈的时候相遇两次，那么后跑 的人最少晚出发几秒钟？ A 图20-11,C:\Users\admin\Desktop\试卷分析project\参考教材\竞赛数学导引 五年级.pdf
5,竞赛数学导引 五年级,20,行程问题五,超越篇,challenge,150,8,,0.9935,True,169,very_long,application,travel_chain,has_diagram,行程问题五|application|travel_chain,高思导引超越篇难度,high,review,L4,False,"如图20-12所示，正方形跑道的周长为360米，甲、乙两人同时从正方形跑道的A 点出发，按顺时针方向行进.甲的速度始终为5米/秒；乙最初的速度为6米/秒，第一次拐弯 后速度减少 加 ""如此下去.请问：出发后多少秒甲、乙两人第1次相遇，相遇地点在何处？出发后多 少秒他们第100次相遇，相遇地点在何处？（注意：两人在一起即为相遇.） 甲、乙 图20-12",C:\Users\admin\Desktop\试卷分析project\参考教材\竞赛数学导引 五年级.pdf
5,竞赛数学导引 五年级,21,数字问题,兴趣篇,interest,151,1,★★,0.9906,False,59,medium,general,,,数字问题|general,5、6年级及以前高思导引拓展篇及以下难度 或 七年级及以上校内课本难度,low,auto,L1,False,一个四位数，在它的个位后面再添上数字“0”可以得到一个五位数，这个五位数与 四位数的和等于24684，这个四位数是多少？,C:\Users\admin\Desktop\试卷分析project\参考教材\竞赛数学导引 五年级.pdf
5,竞赛数学导引 五年级,21,数字问题,兴趣篇,interest,151,2,★★,0.9762,False,22,short,general,,,数字问题|general,5、6年级及以前高思导引拓展篇及以下难度 或 七年级及以上校内课本难度,low,auto,L1,False,一个两位数等于它的数字和的6倍，求这个两位数,C:\Users\admin\Desktop\试卷分析project\参考教材\竞赛数学导引 五年级.pdf
5,竞赛数学导引 五年级,21,数字问题,兴趣篇,interest,151,3,★★,0.9884,False,47,medium,general,,,数字问题|general,5、6年级及以前高思导引拓展篇及以下难度 或 七年级及以上校内课本难度,low,auto,L1,False,用3个不同的数字能组成6个不同的三位数，这6个三位数的和是2886，求6个三 位数中最小的一个.,C:\Users\admin\Desktop\试卷分析project\参考教材\竞赛数学导引 五年级.pdf
5,竞赛数学导引 五年级,21,数字问题,兴趣篇,interest,151,4,★★,0.9854,False,93,long,general,,,数字问题|general,5、6年级及以前高思导引拓展篇及以下难度 或 七年级及以上校内课本难度,low,auto,L2,False,"有一个两位数，在它前面加上数字“3""可以得到一个三位数；在它后面加上数字“3” 也得到一个三位数；在它前、后各加一个数字“3”得到一个四位数.已知得到的三个数总和为 3600，求原来的两位数",C:\Users\admin\Desktop\试卷分析project\参考教材\竞赛数学导引 五年级.pdf
5,竞赛数学导引 五年级,21,数字问题,兴趣篇,interest,152,5,,0.983,False,56,medium,general,,,数字问题|general,5、6年级及以前高思导引拓展篇及以下难度 或 七年级及以上校内课本难度,low,auto,L1,False,有A，B两个整数，A的各位数字之和为35，B的各位数字之和为26，且两数相加 时进位三次，求A十B的各位数字之和.,C:\Users\admin\Desktop\试卷分析project\参考教材\竞赛数学导引 五年级.pdf
5,竞赛数学导引 五年级,21,数字问题,兴趣篇,interest,152,6,,0.9984,False,73,medium,general,,,数字问题|general,5、6年级及以前高思导引拓展篇及以下难度 或 七年级及以上校内课本难度,low,auto,L1,False,一张卡片上写了一个五位数，李老师给学生看时拿倒了，这时卡片上还是一个五位 数.这个五位数比原来的五位数小71355.问：原来卡片上写的五位数是多少？,C:\Users\admin\Desktop\试卷分析project\参考教材\竞赛数学导引 五年级.pdf
5,竞赛数学导引 五年级,21,数字问题,兴趣篇,interest,152,7,,0.9515,False,38,short,general,,,数字问题|general,5、6年级及以前高思导引拓展篇及以下难度 或 七年级及以上校内课本难度,low,auto,L1,False,有一个四位数2M9N，它是由M个2的积与N个9的积相乘得到的，求这个四 位数.,C:\Users\admin\Desktop\试卷分析project\参考教材\竞赛数学导引 五年级.pdf
5,竞赛数学导引 五年级,21,数字问题,兴趣篇,interest,152,8,★★,0.9488,False,28,short,number_theory,,,数字问题|number_theory,5、6年级及以前高思导引拓展篇及以下难度 或 七年级及以上校内课本难度,low,auto,L1,False,如果488.….84是9的倍数，那么n最小是多少？ n个8,C:\Users\admin\Desktop\试卷分析project\参考教材\竞赛数学导引 五年级.pdf
5,竞赛数学导引 五年级,21,数字问题,兴趣篇,interest,152,9,,0.9829,False,26,short,number_theory,,,数字问题|number_theory,5、6年级及以前高思导引拓展篇及以下难度 或 七年级及以上校内课本难度,low,auto,L1,False,如果1233…3是27的倍数，那么n最小是几？ n个3,C:\Users\admin\Desktop\试卷分析project\参考教材\竞赛数学导引 五年级.pdf
5,竞赛数学导引 五年级,21,数字问题,兴趣篇,interest,152,10,★,0.9913,False,57,medium,number_theory,,,数字问题|数字谜问题|number_theory,5、6年级及以前高思导引拓展篇及以下难度 或 七年级及以上校内课本难度,low,auto,L1,False,从1至9这9个数中选出8个不同的数字，组成能被24整除的八位数.试问：在 这样的八位数中，最大的和最小的分别是多少？,C:\Users\admin\Desktop\试卷分析project\参考教材\竞赛数学导引 五年级.pdf
5,竞赛数学导引 五年级,21,数字问题,拓展篇,extension,152,1,★★,0.985,False,48,medium,general,,,数字问题|general,5、6年级及以前高思导引拓展篇及以下难度 或 七年级及以上校内课本难度,mid,auto,L3,False,今年是2008年，小王说：我的年龄正好与我出生那年年份的四个数字之和相同.” 请问：小王今年多大？,C:\Users\admin\Desktop\试卷分析project\参考教材\竞赛数学导引 五年级.pdf
5,竞赛数学导引 五年级,21,数字问题,拓展篇,extension,152,2,★★,0.9539,False,38,short,general,,,数字问题|general,5、6年级及以前高思导引拓展篇及以下难度 或 七年级及以上校内课本难度,mid,auto,L3,False,在一个两位数的两个数字中间加一个0，所得的三位数比原数大8倍，求这个两 位数.,C:\Users\admin\Desktop\试卷分析project\参考教材\竞赛数学导引 五年级.pdf
5,竞赛数学导引 五年级,21,数字问题,拓展篇,extension,153,3,★★,0.9901,False,55,medium,general,,,数字问题|general,5、6年级及以前高思导引拓展篇及以下难度 或 七年级及以上校内课本难度,mid,auto,L3,False,把一个两位数的个位数字与十位数字交换后得到一个新数，新数与原数的和恰好 是某个自然数的平方.请问：这个和是多少？,C:\Users\admin\Desktop\试卷分析project\参考教材\竞赛数学导引 五年级.pdf
5,竞赛数学导引 五年级,21,数字问题,拓展篇,extension,153,4,,0.9987,False,62,medium,number_theory,,,数字问题|number_theory,5、6年级及以前高思导引拓展篇及以下难度 或 七年级及以上校内课本难度,mid,auto,L3,False,有一个三位数是8的倍数，把它的各位数字的顺序颠倒过来所得到的新三位数与 原三位数的和恰好是1111.请问：原来的三位数是多少？,C:\Users\admin\Desktop\试卷分析project\参考教材\竞赛数学导引 五年级.pdf
5,竞赛数学导引 五年级,21,数字问题,拓展篇,extension,153,5,,0.9889,False,71,medium,general,,,数字问题|general,5、6年级及以前高思导引拓展篇及以下难度 或 七年级及以上校内课本难度,mid,auto,L3,False,在等式“学习好勤动脑×5=勤动脑学习好×8”中，相同的汉字表示相同的数字，不 同的汉字表示不同的数字，“学习好勤动脑”所表示的六位数最小是多少？,C:\Users\admin\Desktop\试卷分析project\参考教材\竞赛数学导引 五年级.pdf
5,竞赛数学导引 五年级,21,数字问题,拓展篇,extension,153,6,,0.9975,False,61,medium,general,,,数字问题|general,5、6年级及以前高思导引拓展篇及以下难度 或 七年级及以上校内课本难度,mid,auto,L3,False,在一个三位数的百位和十位之间加人一个数字后，得到的四位数恰好是原三位数 的9倍，在这样的三位数中最小的是多少？最大的是多少？,C:\Users\admin\Desktop\试卷分析project\参考教材\竞赛数学导引 五年级.pdf
5,竞赛数学导引 五年级,21,数字问题,拓展篇,extension,153,7,★,0.9901,False,61,medium,general,,,数字问题|general,5、6年级及以前高思导引拓展篇及以下难度 或 七年级及以上校内课本难度,mid,auto,L3,False,用5、7、2、0、8这5个数字组成两个没有重复数字的五位数，这两个五位数的差 是66663，这两个数中较大的一个可能是多少？,C:\Users\admin\Desktop\试卷分析project\参考教材\竞赛数学导引 五年级.pdf
5,竞赛数学导引 五年级,21,数字问题,拓展篇,extension,153,8,,0.9968,False,43,short,general,,,数字问题|general,5、6年级及以前高思导引拓展篇及以下难度 或 七年级及以上校内课本难度,mid,auto,L3,False,有些三位数，如果它本身增加3，那么新的三位数的各位数字之和就减少到原来三 数最小是多少？,C:\Users\admin\Desktop\试卷分析project\参考教材\竞赛数学导引 五年级.pdf
5,竞赛数学导引 五年级,21,数字问题,拓展篇,extension,153,10,★,0.9509,False,113,long,general,defined_operation,,数字问题|general|defined_operation,5、6年级及以前高思导引拓展篇及以下难度 或 七年级及以上校内课本难度,mid,auto,L4,False,记号n！表示前n个正整数相乘，并且规定0!=1，例如：4!=1×2X3×4.每一个 三位数abc都有一个“对应数”：a！十6!十c！，例如：254的对应数是2！十5！十4!=146.请问：对 应数与自身相同的三位数是什么？ 1139,C:\Users\admin\Desktop\试卷分析project\参考教材\竞赛数学导引 五年级.pdf
5,竞赛数学导引 五年级,21,数字问题,拓展篇,extension,154,11,,0.9895,False,40,short,number_theory,,,数字问题|number_theory,5、6年级及以前高思导引拓展篇及以下难度 或 七年级及以上校内课本难度,mid,auto,L3,False,如果修改31743的某一个数字，可以得到823的倍数，那么修改后的这个数是多少？,C:\Users\admin\Desktop\试卷分析project\参考教材\竞赛数学导引 五年级.pdf
5,竞赛数学导引 五年级,21,数字问题,拓展篇,extension,154,12,,0.9958,False,26,short,number_theory,,,数字问题|number_theory,5、6年级及以前高思导引拓展篇及以下难度 或 七年级及以上校内课本难度,mid,auto,L3,False,如果222是1998的倍数，那么n最小是多少？ n个2,C:\Users\admin\Desktop\试卷分析project\参考教材\竞赛数学导引 五年级.pdf
5,竞赛数学导引 五年级,21,数字问题,拓展篇,extension,154,13,★,0.9942,True,148,very_long,geometry,,has_diagram,数字问题|geometry,5、6年级及以前高思导引拓展篇及以下难度 或 七年级及以上校内课本难度,mid,review,L4,False,1至9这9个数字，按图21-1所示的次序排成一个圆圈.请你 在某两个数字之间剪开，分别按顺时针和逆时针次序形成两个九位数（例 如，在1和7之间剪开，得到的两个数是193426857和758624391).如果 要求剪开后得到的两个九位数的差能被396整除，那么剪开处左右两个数 字的乘积是多少？ 图21-1,C:\Users\admin\Desktop\试卷分析project\参考教材\竞赛数学导引 五年级.pdf
5,竞赛数学导引 五年级,21,数字问题,拓展篇,extension,154,14,★,0.9898,False,34,short,number_theory,,,数字问题|数字谜问题|number_theory,5、6年级及以前高思导引拓展篇及以下难度 或 七年级及以上校内课本难度,mid,auto,L3,False,各位数字互不相同的八位数中，能被72整除的数最小是多少？最大是多少？,C:\Users\admin\Desktop\试卷分析project\参考教材\竞赛数学导引 五年级.pdf
5,竞赛数学导引 五年级,21,数字问题,超越篇,challenge,154,1,,0.9995,False,43,short,general,,,数字问题|general,高思导引超越篇难度,high,auto,L4,False,用3个不同的数字可以组成6个三位数，已知其中的5个的和是3194，求剩下的那 个数是多少,C:\Users\admin\Desktop\试卷分析project\参考教材\竞赛数学导引 五年级.pdf
5,竞赛数学导引 五年级,21,数字问题,超越篇,challenge,154,2,,0.9838,False,26,short,general,,,数字问题|general,高思导引超越篇难度,high,auto,L4,False,一个数是它的数字和的88倍，求所有满足条件的正整数.,C:\Users\admin\Desktop\试卷分析project\参考教材\竞赛数学导引 五年级.pdf
5,竞赛数学导引 五年级,21,数字问题,超越篇,challenge,154,3,,0.9983,False,48,medium,number_theory,,,数字问题|number_theory,高思导引超越篇难度,high,auto,L4,False,两个自然数，差是98，各自的各位数字之和都能被19整除.试问：满足要求的最小 的一对数之和是多少？,C:\Users\admin\Desktop\试卷分析project\参考教材\竞赛数学导引 五年级.pdf
5,竞赛数学导引 五年级,21,数字问题,超越篇,challenge,155,4,,0.993,False,28,short,number_theory,,,数字问题|number_theory,高思导引超越篇难度,high,auto,L4,False,如果133332是756的倍数，那么n最小是多少？ n个3,C:\Users\admin\Desktop\试卷分析project\参考教材\竞赛数学导引 五年级.pdf
5,竞赛数学导引 五年级,21,数字问题,超越篇,challenge,155,5,★,0.9894,False,109,long,number_theory,,,数字问题|number_theory,高思导引超越篇难度,high,auto,L4,False,包含0至9这10个数字的十位数称为“十全数”.求满足以下条件的所有的十 全数： ①它的千位是7； ②从左往右数，它的第一位能被1整除，前两位组成的两位数能被2整除，前三位组成的 三位数能被3整除·前十位组成的十位数能被10整除,C:\Users\admin\Desktop\试卷分析project\参考教材\竞赛数学导引 五年级.pdf
5,竞赛数学导引 五年级,21,数字问题,超越篇,challenge,155,6,,0.9975,False,37,short,number_theory,,,数字问题|number_theory,高思导引超越篇难度,high,auto,L4,False,由8个不同的数字组成的八位数中，能被396整除的数最大是多少？最小是 多少？,C:\Users\admin\Desktop\试卷分析project\参考教材\竞赛数学导引 五年级.pdf
5,竞赛数学导引 五年级,21,数字问题,超越篇,challenge,155,7,,0.9921,False,34,short,number_theory,,,数字问题|number_theory,高思导引超越篇难度,high,auto,L4,False,最多有多少个连续自然数，它们的各位数字之和都不是11的倍数？请举例.,C:\Users\admin\Desktop\试卷分析project\参考教材\竞赛数学导引 五年级.pdf
5,竞赛数学导引 五年级,21,数字问题,超越篇,challenge,155,8,,0.9988,False,44,short,general,,,数字问题|数字谜问题|general,高思导引超越篇难度,high,auto,L4,False,用0至9这10个数字组成一位数、两位数、三位数、四位数各一个，使它们都是非 零的完全平方数,C:\Users\admin\Desktop\试卷分析project\参考教材\竞赛数学导引 五年级.pdf
5,竞赛数学导引 五年级,22,计数综合二,兴趣篇,interest,156,1,★★,0.9887,False,21,short,number_theory,,,计数综合二|number_theory,5、6年级及以前高思导引拓展篇及以下难度 或 七年级及以上校内课本难度,low,auto,L1,False,能同时被4，5，6整除的三位数共有多少个？,C:\Users\admin\Desktop\试卷分析project\参考教材\竞赛数学导引 五年级.pdf
5,竞赛数学导引 五年级,22,计数综合二,兴趣篇,interest,156,2,★★,0.9627,False,17,short,calculation,,,计数综合二|calculation,5、6年级及以前高思导引拓展篇及以下难度 或 七年级及以上校内课本难度,low,auto,L1,False,分母是30的最简真分数共有多少个？,C:\Users\admin\Desktop\试卷分析project\参考教材\竞赛数学导引 五年级.pdf
5,竞赛数学导引 五年级,22,计数综合二,兴趣篇,interest,156,3,,0.9876,False,77,medium,number_theory,,,计数综合二|number_theory,5、6年级及以前高思导引拓展篇及以下难度 或 七年级及以上校内课本难度,low,auto,L1,False,从1，2，3，，9这9个数中选出2个数，请问： （1）要使两数之和是3的倍数，一共有多少种不同的选法？ (2）要使两数之积是3的倍数，一共有多少种不同的选法？,C:\Users\admin\Desktop\试卷分析project\参考教材\竞赛数学导引 五年级.pdf
5,竞赛数学导引 五年级,22,计数综合二,兴趣篇,interest,156,4,★★,0.9936,False,39,short,number_theory,,,计数综合二|number_theory,5、6年级及以前高思导引拓展篇及以下难度 或 七年级及以上校内课本难度,low,auto,L1,False,在所有由1，3，5，7，9中的3个不同数字组成的三位数中，有多少个是3的倍数？,C:\Users\admin\Desktop\试卷分析project\参考教材\竞赛数学导引 五年级.pdf
5,竞赛数学导引 五年级,22,计数综合二,兴趣篇,interest,156,5,★,0.9832,False,35,short,number_theory,,,计数综合二|number_theory,5、6年级及以前高思导引拓展篇及以下难度 或 七年级及以上校内课本难度,low,auto,L1,False,用0至5这6个数字可以组成多少个能被5整除且各位数字互不相同的五位数？,C:\Users\admin\Desktop\试卷分析project\参考教材\竞赛数学导引 五年级.pdf
5,竞赛数学导引 五年级,22,计数综合二,兴趣篇,interest,157,6,★★,0.9896,False,39,short,counting,,,计数综合二|counting,5、6年级及以前高思导引拓展篇及以下难度 或 七年级及以上校内课本难度,low,auto,L1,False,个位比十位大的两位数共有多少个？个位比十位大，十位比百位大的三位数共有 多少个？,C:\Users\admin\Desktop\试卷分析project\参考教材\竞赛数学导引 五年级.pdf
5,竞赛数学导引 五年级,22,计数综合二,兴趣篇,interest,157,7,★★,0.988,False,113,long,counting,,,计数综合二|counting,5、6年级及以前高思导引拓展篇及以下难度 或 七年级及以上校内课本难度,low,auto,L2,False,一个正整数，如果从左往右看和从右往左看都是一样的，那么把这个数称为“回文 数”.例如：1331，7，202，66都是回文数，而220则不是“回文数”.请问：从一位到六位的“回 文数”一共有多少个？其中第1997个“回文数”是什么？,C:\Users\admin\Desktop\试卷分析project\参考教材\竞赛数学导引 五年级.pdf
5,竞赛数学导引 五年级,22,计数综合二,兴趣篇,interest,157,8,,0.9989,False,44,short,counting,,,计数综合二|counting,5、6年级及以前高思导引拓展篇及以下难度 或 七年级及以上校内课本难度,low,auto,L1,False,一个四位数ABCD，它与逆序数DCBA之和的末两位为56，这样的四位数ABCD 有多少个？,C:\Users\admin\Desktop\试卷分析project\参考教材\竞赛数学导引 五年级.pdf
5,竞赛数学导引 五年级,22,计数综合二,兴趣篇,interest,157,9,,0.9398,True,129,very_long,counting,,has_diagram,计数综合二|计数问题|counting,5、6年级及以前高思导引拓展篇及以下难度 或 七年级及以上校内课本难度,low,review,L3,False,把2005，2006，2007，2008，2009这5个数分别填入图22-1的东、南、西、北、中5 个方格内，使横、竖3个数的和相等，一共有多少种不同的填法？ 中 七 南 图22-1 图22-2 字比上面大，右边的数字比左边大.请先给出一种填法，然后考虑一共有多少种填法？,C:\Users\admin\Desktop\试卷分析project\参考教材\竞赛数学导引 五年级.pdf
5,竞赛数学导引 五年级,22,计数综合二,拓展篇,extension,157,1,★★,0.9798,False,50,medium,calculation,,,计数综合二|calculation,5、6年级及以前高思导引拓展篇及以下难度 或 七年级及以上校内课本难度,mid,auto,L3,False,同时能被6，7，8，9整除的四位数有多少个？ 2：★★分子小于6，分母小于20的最简真分数共有多少个？,C:\Users\admin\Desktop\试卷分析project\参考教材\竞赛数学导引 五年级.pdf
5,竞赛数学导引 五年级,22,计数综合二,拓展篇,extension,158,3,★,0.9819,False,87,medium,number_theory,,,计数综合二|number_theory,5、6年级及以前高思导引拓展篇及以下难度 或 七年级及以上校内课本难度,mid,auto,L3,False,从1，2，3，4，5，6，7这7个数中选出3个数，请问： （1）要使这3个数的乘积能被3整除，一共有多少种不同的选法？ （2）要使这3个数的和能被3整除，一共有多少种不同的选法？,C:\Users\admin\Desktop\试卷分析project\参考教材\竞赛数学导引 五年级.pdf
5,竞赛数学导引 五年级,22,计数综合二,拓展篇,extension,158,4,★,0.9906,False,95,long,number_theory,,,计数综合二|number_theory,5、6年级及以前高思导引拓展篇及以下难度 或 七年级及以上校内课本难度,mid,auto,L4,False,小明的衣服口袋中有10张卡片，分别写着1，2，3，，10.现从中拿出两张卡片， 使得卡片上两个数的乘积能被6整除，这样的选法共有多少种？（注：9不能颠倒当作6来使 用，6也不能颠倒当作9来使用）,C:\Users\admin\Desktop\试卷分析project\参考教材\竞赛数学导引 五年级.pdf
5,竞赛数学导引 五年级,22,计数综合二,拓展篇,extension,158,5,,0.9982,False,52,medium,number_theory,,,计数综合二|number_theory,5、6年级及以前高思导引拓展篇及以下难度 或 七年级及以上校内课本难度,mid,auto,L3,False,六位数123475能被11整除，如果将这个六位数的6个数字重新排列，还能排出多 少个能被11整除的六位数？,C:\Users\admin\Desktop\试卷分析project\参考教材\竞赛数学导引 五年级.pdf
5,竞赛数学导引 五年级,22,计数综合二,拓展篇,extension,158,6,,0.9908,False,53,medium,number_theory,,,计数综合二|number_theory,5、6年级及以前高思导引拓展篇及以下难度 或 七年级及以上校内课本难度,mid,auto,L3,False,如果称能被8整除或者含有数字8的自然数为“吉利数”，那么在1至200这200 个自然数中有多少个“吉利数”？,C:\Users\admin\Desktop\试卷分析project\参考教材\竞赛数学导引 五年级.pdf
5,竞赛数学导引 五年级,22,计数综合二,拓展篇,extension,158,7,,0.9836,False,39,short,counting,,,计数综合二|counting,5、6年级及以前高思导引拓展篇及以下难度 或 七年级及以上校内课本难度,mid,auto,L3,False,三个2，两个1和一个0可以组成多少个不同的六位数？求所有符合条件的六位数 的和.,C:\Users\admin\Desktop\试卷分析project\参考教材\竞赛数学导引 五年级.pdf
5,竞赛数学导引 五年级,22,计数综合二,拓展篇,extension,158,8,,0.972,False,88,medium,counting,,,计数综合二|counting,5、6年级及以前高思导引拓展篇及以下难度 或 七年级及以上校内课本难度,mid,auto,L3,False,"有一种""上升数”，这些数的数字从左往右依次增大，将所有的四位“上升数”按从小 到大的顺序排成一行：1234，1235，1236，“，6789.请问：此列数中的第100个数是多少？",C:\Users\admin\Desktop\试卷分析project\参考教材\竞赛数学导引 五年级.pdf
5,竞赛数学导引 五年级,22,计数综合二,拓展篇,extension,158,9,,0.999,False,43,short,counting,,,计数综合二|counting,5、6年级及以前高思导引拓展篇及以下难度 或 七年级及以上校内课本难度,mid,auto,L3,False,有一些三位数的相邻两位数字为2和3，例如132，235等等，这样的三位数一共有 多少个？,C:\Users\admin\Desktop\试卷分析project\参考教材\竞赛数学导引 五年级.pdf
5,竞赛数学导引 五年级,22,计数综合二,拓展篇,extension,158,10,,0.8641,True,77,medium,counting,,has_diagram,计数综合二|counting,5、6年级及以前高思导引拓展篇及以下难度 或 七年级及以上校内课本难度,mid,review,L3,False,在图22-3的方框内填入3，4，5，6中的一个数字，使得竖式成 □□□口 立.请问：所填的九个数字之和是多少？一共有多少种填法？ 口口口 十 口口 4995 图22-3,C:\Users\admin\Desktop\试卷分析project\参考教材\竞赛数学导引 五年级.pdf
5,竞赛数学导引 五年级,22,计数综合二,拓展篇,extension,159,11,★,0.9931,False,52,medium,counting,,,计数综合二|counting,5、6年级及以前高思导引拓展篇及以下难度 或 七年级及以上校内课本难度,mid,auto,L3,False,在1000，1001，，2000这1001个自然数中，可以找到多少对相邻的自然数，满 足它们相加时不进位？,C:\Users\admin\Desktop\试卷分析project\参考教材\竞赛数学导引 五年级.pdf
5,竞赛数学导引 五年级,22,计数综合二,拓展篇,extension,159,12,,0.9908,True,54,medium,counting,,has_diagram,计数综合二|counting,5、6年级及以前高思导引拓展篇及以下难度 或 七年级及以上校内课本难度,mid,review,L3,False,将1至7分别填人图22-4中的7个方框中，使得每行每列中既有 奇数又有偶数，一共有多少种不同的填法？ 图22-4,C:\Users\admin\Desktop\试卷分析project\参考教材\竞赛数学导引 五年级.pdf
5,竞赛数学导引 五年级,22,计数综合二,拓展篇,extension,159,13,,0.9932,True,104,long,counting,,has_diagram,计数综合二|counting,5、6年级及以前高思导引拓展篇及以下难度 或 七年级及以上校内课本难度,mid,review,L4,False,在图22-5的空格内各填人一个一位数，使同一行内左边的数比右边的数大，同 一列内下面的数比上面的数大，并且方格内的6个数字互不相同，例如图22－6就是一种填 法.请问：一共有多少种不同的填法？ 图22-5 图22-6,C:\Users\admin\Desktop\试卷分析project\参考教材\竞赛数学导引 五年级.pdf
5,竞赛数学导引 五年级,22,计数综合二,拓展篇,extension,159,14,★,0.989,True,74,medium,geometry,,has_diagram,计数综合二|计数问题|geometry,5、6年级及以前高思导引拓展篇及以下难度 或 七年级及以上校内课本难度,mid,review,L3,False,将数字1至7分别填人图22-7的各个圆圈中 使得每条线段两个端点处所填的数，上面的比下面的大.请 问：符合上述要求的不同填数方法一共有多少种？ 图22-7,C:\Users\admin\Desktop\试卷分析project\参考教材\竞赛数学导引 五年级.pdf
5,竞赛数学导引 五年级,22,计数综合二,超越篇,challenge,159,1,,0.975,False,121,very_long,counting,,,计数综合二|counting,高思导引超越篇难度,high,auto,L4,False,甲、乙、丙、丁四人各有一个作业本混放在一起，四人每人随便拿了一本.问： （1）甲拿到自己作业本的拿法有多少种？ (2）恰有一人拿到自已作业本的拿法有多少种？ （3）至少有一人没拿到自己作业本的拿法有多少种？ （4）谁也没拿到自己作业本的拿法有多少种？,C:\Users\admin\Desktop\试卷分析project\参考教材\竞赛数学导引 五年级.pdf
5,竞赛数学导引 五年级,22,计数综合二,超越篇,challenge,159,2,,0.9959,False,62,medium,counting,,,计数综合二|counting,高思导引超越篇难度,high,auto,L4,False,一种电子表在6时24分30秒时的显示为6：24：30，那么从5时到7时这段时间 里，此表的5个数字都不相同的时刻一共有多少个？,C:\Users\admin\Desktop\试卷分析project\参考教材\竞赛数学导引 五年级.pdf
5,竞赛数学导引 五年级,22,计数综合二,超越篇,challenge,160,3,,0.9958,False,27,short,number_theory,,,计数综合二|number_theory,高思导引超越篇难度,high,auto,L4,False,各位数字均不大于5，且能被99整除的六位数共有多少个？,C:\Users\admin\Desktop\试卷分析project\参考教材\竞赛数学导引 五年级.pdf
5,竞赛数学导引 五年级,22,计数综合二,超越篇,challenge,160,4,,0.9966,False,47,medium,number_theory,,,计数综合二|number_theory,高思导引超越篇难度,high,auto,L4,False,从1，2，3，，9中选取若干个互不相同的数字（至少一个），使得其和是3的倍 数，共有多少种选法？,C:\Users\admin\Desktop\试卷分析project\参考教材\竞赛数学导引 五年级.pdf
5,竞赛数学导引 五年级,22,计数综合二,超越篇,challenge,160,5,★,0.8286,True,62,medium,counting,,has_diagram,计数综合二|counting,高思导引超越篇难度,high,review,L4,False,从0至9这10个数字中选出7个填人图22-8的方框中，使竖 □□ □ 口 式成立，一共有多少种不同的填法？ + □□ □ 2008 图22-8,C:\Users\admin\Desktop\试卷分析project\参考教材\竞赛数学导引 五年级.pdf
5,竞赛数学导引 五年级,22,计数综合二,超越篇,challenge,160,6,,0.9956,True,103,long,geometry,,has_diagram,计数综合二|geometry,高思导引超越篇难度,high,review,L4,False,从1至9这9个数字中选出6个不同的数填在图22-9的6 个圆圈内，使得任意相邻两个圆圈内的数字之和都是质数.请问：共能找 出多少种不同的选法？（所填的6个数字相同，只是排列次序不同，都算 同一种选法.） 图22-9,C:\Users\admin\Desktop\试卷分析project\参考教材\竞赛数学导引 五年级.pdf
5,竞赛数学导引 五年级,22,计数综合二,超越篇,challenge,160,7,,0.988,False,50,medium,counting,,,计数综合二|counting,高思导引超越篇难度,high,auto,L4,False,在3X3方格表内填人数字1至9，使得左边的数比右边的大，上边的数比下边的 大，一共有多少种不同的填法？,C:\Users\admin\Desktop\试卷分析project\参考教材\竞赛数学导引 五年级.pdf
5,竞赛数学导引 五年级,22,计数综合二,超越篇,challenge,160,8,,0.996,False,22,short,number_theory,,,计数综合二|计数问题|number_theory,高思导引超越篇难度,high,auto,L4,False,含有数字3，且能被3整除的五位数共有多少个？,C:\Users\admin\Desktop\试卷分析project\参考教材\竞赛数学导引 五年级.pdf
5,竞赛数学导引 五年级,23,构造论证一,兴趣篇,interest,161,1,★,0.9938,True,54,medium,geometry,,has_diagram,构造论证一|geometry,5、6年级及以前高思导引拓展篇及以下难度 或 七年级及以上校内课本难度,low,review,L1,False,如图23-1，用1×2和1×3两种规格的小长方形地板砖铺满的地面，至少需要地板 砖多少块？ 图23-1 图23-2,C:\Users\admin\Desktop\试卷分析project\参考教材\竞赛数学导引 五年级.pdf
5,竞赛数学导引 五年级,23,构造论证一,兴趣篇,interest,161,2,★★,0.9813,True,76,medium,geometry,,has_diagram,构造论证一|geometry,5、6年级及以前高思导引拓展篇及以下难度 或 七年级及以上校内课本难度,low,review,L1,False,国际象棋的皇后可以控制她所在的横线、竖线和斜线，图23-2中一个皇后（图中 五角星）就把整个3×3的棋盘控制了.为了控制一个4×4的棋盘至少要放几个皇后？,C:\Users\admin\Desktop\试卷分析project\参考教材\竞赛数学导引 五年级.pdf
5,竞赛数学导引 五年级,23,构造论证一,兴趣篇,interest,162,3,★★,0.9895,True,71,medium,geometry,,has_diagram,构造论证一|geometry,5、6年级及以前高思导引拓展篇及以下难度 或 七年级及以上校内课本难度,low,review,L1,False,图23-3中的左图为15枚硬币组成的三角 形，如果仅移动5枚硬币，要把这些硬币变成右图的形 式，应该怎样移动？请在图中表示出移动的方法， 图23-3,C:\Users\admin\Desktop\试卷分析project\参考教材\竞赛数学导引 五年级.pdf
5,竞赛数学导引 五年级,23,构造论证一,兴趣篇,interest,162,4,,0.9989,False,41,short,logic,,,构造论证一|logic,5、6年级及以前高思导引拓展篇及以下难度 或 七年级及以上校内课本难度,low,auto,L1,False,把100个橘子分装在6个篮子里，使得每个篮子里装的橘子数都含有数字6，应该 如何装？,C:\Users\admin\Desktop\试卷分析project\参考教材\竞赛数学导引 五年级.pdf
5,竞赛数学导引 五年级,23,构造论证一,兴趣篇,interest,162,5,,0.994,True,62,medium,logic,,has_diagram,构造论证一|logic,5、6年级及以前高思导引拓展篇及以下难度 或 七年级及以上校内课本难度,low,review,L1,False,如图23-4，把正方体的所有棱染成白色或者红色，要求每个面 上至少要有一条棱是白色的.请问：最少有多少条棱是白色的？ 图23-4,C:\Users\admin\Desktop\试卷分析project\参考教材\竞赛数学导引 五年级.pdf
5,竞赛数学导引 五年级,23,构造论证一,兴趣篇,interest,162,6,★,0.9826,False,81,medium,logic,,,构造论证一|logic,5、6年级及以前高思导引拓展篇及以下难度 或 七年级及以上校内课本难度,low,auto,L1,False,"请在9，8，""，3，2，1的相邻两个数之间填人“十”或者“二”（不能改变数的顺 序)，使得结果是1.能否使得结果是0呢？ 987654321=1 987654321=0",C:\Users\admin\Desktop\试卷分析project\参考教材\竞赛数学导引 五年级.pdf
5,竞赛数学导引 五年级,23,构造论证一,兴趣篇,interest,162,7,★★,0.9828,True,74,medium,geometry,,has_diagram,构造论证一|geometry,5、6年级及以前高思导引拓展篇及以下难度 或 七年级及以上校内课本难度,low,review,L1,False,如图23-5，能否在三角形的三个顶点各填一个自然数，使得 每条边的两个顶点上的数之和都是奇数？如果能，请写出一种填法；如 果不能，请说明理由， 图23-5,C:\Users\admin\Desktop\试卷分析project\参考教材\竞赛数学导引 五年级.pdf
5,竞赛数学导引 五年级,23,构造论证一,兴趣篇,interest,162,8,★★,0.9733,False,35,short,geometry,,,构造论证一|geometry,5、6年级及以前高思导引拓展篇及以下难度 或 七年级及以上校内课本难度,low,auto,L1,False,能否将1，2，3，4，5围成一个圆圈，使得相邻两个数的差都是2或者3？,C:\Users\admin\Desktop\试卷分析project\参考教材\竞赛数学导引 五年级.pdf
5,竞赛数学导引 五年级,23,构造论证一,兴趣篇,interest,162,9,★★,0.9888,False,93,long,logic,,,构造论证一|logic,5、6年级及以前高思导引拓展篇及以下难度 或 七年级及以上校内课本难度,low,auto,L2,False,四位同学进行了一次乒乓球单打比赛，当比赛进行了若干场后，体育老师问他们分 别比赛了多少场.这四位同学回答分别比了1，2，3，3场.老师说：“你们肯定有人记错了.”请 问：老师是怎么知道的呢？,C:\Users\admin\Desktop\试卷分析project\参考教材\竞赛数学导引 五年级.pdf
5,竞赛数学导引 五年级,23,构造论证一,兴趣篇,interest,163,10,★,0.9017,False,65,medium,counting,,,构造论证一|组合问题|counting,5、6年级及以前高思导引拓展篇及以下难度 或 七年级及以上校内课本难度,low,auto,L1,False,"a，Q2，""，α2011是1到2011的一个排列，请问（a一1)（a2一2).…(a2o11一2011）是 偶数还是奇数？并说明理由",C:\Users\admin\Desktop\试卷分析project\参考教材\竞赛数学导引 五年级.pdf
5,竞赛数学导引 五年级,23,构造论证一,拓展篇,extension,163,1,,0.9915,True,71,medium,geometry,,has_diagram,构造论证一|geometry,5、6年级及以前高思导引拓展篇及以下难度 或 七年级及以上校内课本难度,mid,review,L3,False,图23-6中的左图为21枚硬币组成的三角形，如果仅移动7枚硬币，要把这些硬 币变成右图的形式，应该怎样移动？请在图中表示出移动的方法， 图23-6,C:\Users\admin\Desktop\试卷分析project\参考教材\竞赛数学导引 五年级.pdf
5,竞赛数学导引 五年级,23,构造论证一,拓展篇,extension,163,2,,0.9983,False,68,medium,geometry,,,构造论证一|geometry,5、6年级及以前高思导引拓展篇及以下难度 或 七年级及以上校内课本难度,mid,auto,L3,False,小明买来一个1500克的圆形生日蛋糕，他把蛋糕切成了7块，使得无论是3个人 还是5个人平分，都不必再分割蛋糕.这7块蛋糕的重量分别是多少？,C:\Users\admin\Desktop\试卷分析project\参考教材\竞赛数学导引 五年级.pdf
5,竞赛数学导引 五年级,23,构造论证一,拓展篇,extension,163,3,,0.9877,False,88,medium,logic,case_analysis,,构造论证一|logic|case_analysis,5、6年级及以前高思导引拓展篇及以下难度 或 七年级及以上校内课本难度,mid,auto,L3,False,有4颗外形完全相同的珍珠，其中3颗是真的，另1颗是假的，已知假珍珠比真的 要轻.请问：用一架没有砝码的天平最少称几次就可以找出假珍珠？如果是9颗珍珠里有1 颗假的呢？请设计出方案.,C:\Users\admin\Desktop\试卷分析project\参考教材\竞赛数学导引 五年级.pdf
5,竞赛数学导引 五年级,23,构造论证一,拓展篇,extension,163,4,,0.9939,True,129,very_long,logic,,has_diagram,构造论证一|logic,5、6年级及以前高思导引拓展篇及以下难度 或 七年级及以上校内课本难度,mid,review,L4,False,图23-7中，左边是一把长为6厘米的直尺，其中已标出2条刻度线.用它可以一 次量出从1至6厘米中任意整数厘米的长度.右图为一把长为9厘米的直尺，请你在上面只 标出3条刻度线，使得用这把直尺一次可以量出从1至9厘米中任意整数厘米的长度， 1厘米 3厘米 2厘米 图23-7,C:\Users\admin\Desktop\试卷分析project\参考教材\竞赛数学导引 五年级.pdf
5,竞赛数学导引 五年级,23,构造论证一,拓展篇,extension,163,5,★★,0.9796,True,47,medium,logic,,has_diagram,构造论证一|logic,5、6年级及以前高思导引拓展篇及以下难度 或 七年级及以上校内课本难度,mid,review,L3,False,请将8个1，8个0填入图23-8的16个空格中，使得每行、每 列的4个数之和都是奇数. 图23-8,C:\Users\admin\Desktop\试卷分析project\参考教材\竞赛数学导引 五年级.pdf
5,竞赛数学导引 五年级,23,构造论证一,拓展篇,extension,164,6,,0.9875,False,87,medium,calculation,recursive_or_sequence,,构造论证一|calculation|recursive_or_sequence,5、6年级及以前高思导引拓展篇及以下难度 或 七年级及以上校内课本难度,mid,auto,L3,False,有一列自然数，其中任意3个相连的数之和都不小于6，而任意4个相连的数之和 都小于8.这个数列最多能有几项？ 1000.试用8个相同的数字（并且适当使用加号、减号）来计算1000）,C:\Users\admin\Desktop\试卷分析project\参考教材\竞赛数学导引 五年级.pdf
5,竞赛数学导引 五年级,23,构造论证一,拓展篇,extension,164,8,★,0.9373,False,209,very_long,geometry,,,构造论证一|geometry,5、6年级及以前高思导引拓展篇及以下难度 或 七年级及以上校内课本难度,mid,auto,L4,False,"有12根小木棍，长度分别为1，2，3，4，""，12 （1）能否用这12根小木棍拼成一个长方形，要求木棍都得用上且不能折断或弯曲？ （2）能否用这12根小木棍拼成一个正方形，要求木棍都得用上且不能折断或弯曲？ 顺序)，使得结果是0. 序），使得结果是0. 一每□=□÷□□=□×□□=□□□=□+□0 中都至少有1个偶数和1个奇数，那么12个数中一共有多少个偶数？如果没有前面的限制， 这12个数中最少有多少个偶数？最多有多少个偶数？",C:\Users\admin\Desktop\试卷分析project\参考教材\竞赛数学导引 五年级.pdf
5,竞赛数学导引 五年级,23,构造论证一,拓展篇,extension,164,11,,0.995,False,69,medium,logic,,,构造论证一|logic,5、6年级及以前高思导引拓展篇及以下难度 或 七年级及以上校内课本难度,mid,auto,L3,False,有5个亮着的灯泡，每个灯泡都由一个开关控制.每次操作可以拉动其中的2个 开关以改变相应灯泡的亮暗状态.能否经过若干次操作使得5个灯泡都变暗？,C:\Users\admin\Desktop\试卷分析project\参考教材\竞赛数学导引 五年级.pdf
5,竞赛数学导引 五年级,23,构造论证一,拓展篇,extension,164,12,,0.9981,False,61,medium,logic,,,构造论证一|logic,5、6年级及以前高思导引拓展篇及以下难度 或 七年级及以上校内课本难度,mid,auto,L3,False,桌上放有5张卡片，卡莉娅先在卡片的正面分别写上1，2，3，4，5，然后小高在 否找到一种写法，使得最后的乘积是奇数？为什么？,C:\Users\admin\Desktop\试卷分析project\参考教材\竞赛数学导引 五年级.pdf
5,竞赛数学导引 五年级,23,构造论证一,拓展篇,extension,164,13,,0.9876,False,61,medium,logic,,,构造论证一|logic,5、6年级及以前高思导引拓展篇及以下难度 或 七年级及以上校内课本难度,mid,auto,L3,False,有14个孩子，依次给他们编号为1，2，3，，14.能否把他们分成三组，使得每 组都有一个孩子的编号是该组其他孩子的编号之和.,C:\Users\admin\Desktop\试卷分析project\参考教材\竞赛数学导引 五年级.pdf
5,竞赛数学导引 五年级,23,构造论证一,拓展篇,extension,165,14,,0.9959,False,78,medium,logic,,,构造论证一|组合问题|logic,5、6年级及以前高思导引拓展篇及以下难度 或 七年级及以上校内课本难度,mid,auto,L3,False,将一个三位数改变三个数字的顺序之后可以得到一个新的三位数.请问：这个新 的三位数和原来的三位数之和能不能等于999？如果能，请举出例子；如果不能，请说明理由.,C:\Users\admin\Desktop\试卷分析project\参考教材\竞赛数学导引 五年级.pdf
5,竞赛数学导引 五年级,23,构造论证一,超越篇,challenge,165,1,,0.9793,False,219,very_long,logic,case_analysis,,构造论证一|logic|case_analysis,高思导引超越篇难度,high,auto,L4,False,桌上放有5枚硬币.第一次翻动其中1枚，第二次翻动其中2枚，第三次翻动其中3 枚，第四次翻动其中4枚，第五次翻动其中5枚.能否找到一种翻动硬币的方法，使得最后所 有的硬币都翻过来？如果桌上放有6枚硬币，按类似的方法翻动六次，能否找到一种翻动硬 币的方法，使得最后所有的硬币都翻过来？ 两个人通话时，甲把他当时所知道的一切信息全部告诉乙，乙也把自已所知道的全部信息告 诉甲.请你设计一种方案，使得只需打电话4次，就可以使得每个人都知道其他所有人的 信息.,C:\Users\admin\Desktop\试卷分析project\参考教材\竞赛数学导引 五年级.pdf
5,竞赛数学导引 五年级,23,构造论证一,超越篇,challenge,165,3,,0.9839,False,211,very_long,logic,,,构造论证一|logic,高思导引超越篇难度,high,auto,L4,False,天平称物体的原理是：在天平的左右两个托盘中放入物品和砝码，当天平平衡时， 我们可以根据砝码的重量来知道物品的重量， （1）在某一类天平中，物品只能放在左边的托盘中，砝码只能放在天平右端的托盘中.至 少需要准备多少个砝码，才能保证一次称出1至20克之间的任意整数克的物品？ （2）在某一类天平中，砝码可以放在天平两端的托盘中，物品也可以放在两边的托盘中， 那么至少需要准备多少个砝码，才能保证一次称出1至32克之间的任意整数克的物品？,C:\Users\admin\Desktop\试卷分析project\参考教材\竞赛数学导引 五年级.pdf
5,竞赛数学导引 五年级,23,构造论证一,超越篇,challenge,165,4,★,0.9886,True,79,medium,logic,,has_diagram,构造论证一|logic,高思导引超越篇难度,high,review,L4,False,如图23-9所示，18个孩子站在24个方格中，每格最多站 1人.要使得每行每列站的孩子数都是偶数.请在图中标出这些孩子 的站法（只需给出一种站法即可）. 图23-9,C:\Users\admin\Desktop\试卷分析project\参考教材\竞赛数学导引 五年级.pdf
5,竞赛数学导引 五年级,23,构造论证一,超越篇,challenge,166,5,★,0.9892,True,185,very_long,logic,,has_diagram,构造论证一|logic,高思导引超越篇难度,high,review,L4,False,如图23-10所示，有3个3×3的方格表，每个都已经填入了9个整数.如果将表中 同一行或同一列的3个数加上相同的整数称为一次操作.问： （1）下列三个方格表中，是否有某个方格表能通过若干次操作使得表中9个数都变为相 同的数？若有请指出是哪个或哪些表格，若没有则说明理由； (2）是否有某些方格表能够通过若干次操作变得完全一样？若有请指出是哪些表格，若 没有则说明理由， 图23-10,C:\Users\admin\Desktop\试卷分析project\参考教材\竞赛数学导引 五年级.pdf
5,竞赛数学导引 五年级,23,构造论证一,超越篇,challenge,166,6,,0.99,False,80,medium,geometry,,,构造论证一|geometry,高思导引超越篇难度,high,auto,L4,False,（1）能否将1，2，3，4，5围成一个圆圈，使得相邻两个数的差都是2或者3？ （2）能否将1，2，3，4，5，6，7围成一个圆圈，使得相邻两个数的差都是2或者3？,C:\Users\admin\Desktop\试卷分析project\参考教材\竞赛数学导引 五年级.pdf
5,竞赛数学导引 五年级,23,构造论证一,超越篇,challenge,166,7,,0.9917,False,103,long,logic,,,构造论证一|logic,高思导引超越篇难度,high,auto,L4,False,旅店现在有9个单人间，10名旅客可能入住.这10名旅客每次有9个人同时人 住，管理员想事先给每个人配一些钥匙，使得无论是哪9个人人住，总能正好入住这9个房 间，而且不用找别人借钥匙.请问：最少需要配多少把钥匙？,C:\Users\admin\Desktop\试卷分析project\参考教材\竞赛数学导引 五年级.pdf
5,竞赛数学导引 五年级,23,构造论证一,超越篇,challenge,166,8,,0.9883,True,189,very_long,geometry,,has_diagram,构造论证一|组合问题|geometry,高思导引超越篇难度,high,review,L4,False,如图23-11，在五角星图案中共有10个节点（用黑色实心圆点表示)，以这些节点 为顶点的三角形共有10个.现在将自然数1至10分别填在10个节点上，将每个三角形中三 个顶点处所标数的和称为此三角形的“特征值”.请问： （1）是否存在一种填数方法，使得每个三角形的特征值均为偶数？ （2）是否存在一种填数方法，使得每个三角形的特征值都能被3整除？ 能则举出例子，不能请说明理由， 图23-11,C:\Users\admin\Desktop\试卷分析project\参考教材\竞赛数学导引 五年级.pdf
5,竞赛数学导引 五年级,24,抽屉原理二,兴趣篇,interest,167,1,,0.9927,False,32,short,counting,,,抽屉原理二|counting,5、6年级及以前高思导引拓展篇及以下难度 或 七年级及以上校内课本难度,low,auto,L1,False,将60个红球、8个白球排成一条直线，至少会有多少个红球连在一起？,C:\Users\admin\Desktop\试卷分析project\参考教材\竞赛数学导引 五年级.pdf
5,竞赛数学导引 五年级,24,抽屉原理二,兴趣篇,interest,167,2,,0.9887,False,72,medium,counting,,,抽屉原理二|counting,5、6年级及以前高思导引拓展篇及以下难度 或 七年级及以上校内课本难度,low,auto,L1,False,17名同学参加一次考试，考试题是3道判断题（答案只有对或错)，每名同学都在 答题纸上依次写上了3道题目的答案.请问：至少有几名同学的答案是一样的？,C:\Users\admin\Desktop\试卷分析project\参考教材\竞赛数学导引 五年级.pdf
5,竞赛数学导引 五年级,24,抽屉原理二,兴趣篇,interest,167,3,,0.8831,True,55,medium,geometry,,has_diagram,抽屉原理二|geometry,5、6年级及以前高思导引拓展篇及以下难度 或 七年级及以上校内课本难度,low,review,L1,False,将1至6这6个自然数随意填在图24-1的六个圆圈中，试说明： 图中至少有一行的数字之和不小于8. OOO 图 24 -1,C:\Users\admin\Desktop\试卷分析project\参考教材\竞赛数学导引 五年级.pdf
5,竞赛数学导引 五年级,24,抽屉原理二,兴趣篇,interest,167,4,,0.99,False,78,medium,counting,,,抽屉原理二|counting,5、6年级及以前高思导引拓展篇及以下难度 或 七年级及以上校内课本难度,low,auto,L1,False,从1，2，3，，99，100这100个数中任意选出51个数.请说明： （1）在这51个数中，一定有两个数的差等于50； （2）在这51个数中，一定有两个数差1.,C:\Users\admin\Desktop\试卷分析project\参考教材\竞赛数学导引 五年级.pdf
5,竞赛数学导引 五年级,24,抽屉原理二,兴趣篇,interest,168,5,,0.9775,False,44,short,counting,,,抽屉原理二|counting,5、6年级及以前高思导引拓展篇及以下难度 或 七年级及以上校内课本难度,low,auto,L1,False,从1，2，3，，21这些自然数中，最多可以取出多少个数，使得其中每两个数的差 都不等于4？,C:\Users\admin\Desktop\试卷分析project\参考教材\竞赛数学导引 五年级.pdf
5,竞赛数学导引 五年级,24,抽屉原理二,兴趣篇,interest,168,6,★★,0.9926,False,43,short,counting,,,抽屉原理二|counting,5、6年级及以前高思导引拓展篇及以下难度 或 七年级及以上校内课本难度,low,auto,L1,False,从1至11这11个自然数中至少选出多少个不同的数，才能保证其中一定有两个 数的和为12？,C:\Users\admin\Desktop\试卷分析project\参考教材\竞赛数学导引 五年级.pdf
5,竞赛数学导引 五年级,24,抽屉原理二,兴趣篇,interest,168,7,★★,0.9989,False,43,short,number_theory,,,抽屉原理二|number_theory,5、6年级及以前高思导引拓展篇及以下难度 或 七年级及以上校内课本难度,low,auto,L1,False,100个数都不能被19整除，那么这些数除以19得到的100个余数中至少有几个是 相同的？,C:\Users\admin\Desktop\试卷分析project\参考教材\竞赛数学导引 五年级.pdf
5,竞赛数学导引 五年级,24,抽屉原理二,兴趣篇,interest,168,8,,0.9933,False,57,medium,number_theory,,,抽屉原理二|number_theory,5、6年级及以前高思导引拓展篇及以下难度 或 七年级及以上校内课本难度,low,auto,L1,False,（1）任给4个自然数，请说明：一定有两个数的差是3的倍数； （2）至少取几个数，才能保证一定有两个数的差是7的倍数？,C:\Users\admin\Desktop\试卷分析project\参考教材\竞赛数学导引 五年级.pdf
5,竞赛数学导引 五年级,24,抽屉原理二,兴趣篇,interest,168,9,,0.9744,False,48,medium,counting,,,抽屉原理二|counting,5、6年级及以前高思导引拓展篇及以下难度 或 七年级及以上校内课本难度,low,auto,L1,False,6个朋友都住在同一条胡同里.如果这个胡同有200米长，请说明一定有两个朋友 的家相距不超过40米.,C:\Users\admin\Desktop\试卷分析project\参考教材\竞赛数学导引 五年级.pdf
5,竞赛数学导引 五年级,24,抽屉原理二,兴趣篇,interest,168,10,,0.9893,False,48,medium,geometry,,,抽屉原理二|组合问题|geometry,5、6年级及以前高思导引拓展篇及以下难度 或 七年级及以上校内课本难度,low,auto,L1,False,在一个边长为2厘米的等边三角形内（包括边界)选出5个点，请证明：一定有两 个点之间的距离不大于1.,C:\Users\admin\Desktop\试卷分析project\参考教材\竞赛数学导引 五年级.pdf
5,竞赛数学导引 五年级,24,抽屉原理二,拓展篇,extension,168,1,,0.9942,False,73,medium,counting,,,抽屉原理二|counting,5、6年级及以前高思导引拓展篇及以下难度 或 七年级及以上校内课本难度,mid,auto,L3,False,任意写一个由数字1、2组成的六位数，从这个六位数中任意截取相邻两位，可得 一个两位数，请证明：在从各个不同位置上截得的所有两位数中，一定有两个相等，,C:\Users\admin\Desktop\试卷分析project\参考教材\竞赛数学导引 五年级.pdf
5,竞赛数学导引 五年级,24,抽屉原理二,拓展篇,extension,"168,169",2,,0.9873,True,97,long,counting,,has_diagram|cross_page_question,抽屉原理二|counting,5、6年级及以前高思导引拓展篇及以下难度 或 七年级及以上校内课本难度,mid,review,L4,False,如图24-2，将2行5列的方格纸每一格染成黑色或白色，请 说明：不管怎么染，总有两列的染色方式是一样的， 图24-2 位，可得一个三位数，请证明：在从各个不同位置上截得的所有三位数中，一定有两个相等，,C:\Users\admin\Desktop\试卷分析project\参考教材\竞赛数学导引 五年级.pdf
5,竞赛数学导引 五年级,24,抽屉原理二,拓展篇,extension,169,4,,0.9985,False,52,medium,counting,,,抽屉原理二|counting,5、6年级及以前高思导引拓展篇及以下难度 或 七年级及以上校内课本难度,mid,auto,L3,False,27只小猴分140颗花生，每只小猴最少分1颗，最多分9颗.请问：其中至少有几只 小猴分到的花生颗数一样多？,C:\Users\admin\Desktop\试卷分析project\参考教材\竞赛数学导引 五年级.pdf
5,竞赛数学导引 五年级,24,抽屉原理二,拓展篇,extension,169,5,,0.9931,False,53,medium,geometry,,,抽屉原理二|geometry,5、6年级及以前高思导引拓展篇及以下难度 或 七年级及以上校内课本难度,mid,auto,L3,False,能否在4×4方格表的每个格子中填人1，2，3中的一个数字，使得每行、每列以及 它的两条对角线上的和互不相同？,C:\Users\admin\Desktop\试卷分析project\参考教材\竞赛数学导引 五年级.pdf
5,竞赛数学导引 五年级,24,抽屉原理二,拓展篇,extension,169,6,,0.999,False,69,medium,counting,,,抽屉原理二|counting,5、6年级及以前高思导引拓展篇及以下难度 或 七年级及以上校内课本难度,mid,auto,L3,False,从1至99这99个自然数中，最多可以取出多少个数，使得其中每两个数的和都不 等于100？最多可以取出多少个数，使得其中每两个数的差不等于5？,C:\Users\admin\Desktop\试卷分析project\参考教材\竞赛数学导引 五年级.pdf
5,竞赛数学导引 五年级,24,抽屉原理二,拓展篇,extension,169,7,,0.9847,False,45,medium,counting,,,抽屉原理二|counting,5、6年级及以前高思导引拓展篇及以下难度 或 七年级及以上校内课本难度,mid,auto,L3,False,"如果在1，2，""""，n中任取19个数，都可以保证其中必有两个数的差是6，那么n 最大是多少？",C:\Users\admin\Desktop\试卷分析project\参考教材\竞赛数学导引 五年级.pdf
5,竞赛数学导引 五年级,24,抽屉原理二,拓展篇,extension,169,8,★,0.9957,False,52,medium,counting,,,抽屉原理二|counting,5、6年级及以前高思导引拓展篇及以下难度 或 七年级及以上校内课本难度,mid,auto,L3,False,从1至50这50个自然数中至少要选出多少个数，才能保证其中必有两个数互质？ 除.请问：最多能取出多少个数？,C:\Users\admin\Desktop\试卷分析project\参考教材\竞赛数学导引 五年级.pdf
5,竞赛数学导引 五年级,24,抽屉原理二,拓展篇,extension,169,10,,0.9786,False,23,short,number_theory,,,抽屉原理二|number_theory,5、6年级及以前高思导引拓展篇及以下难度 或 七年级及以上校内课本难度,mid,auto,L3,False,请说明：任意5个数中必有3个数的和是3的倍数，,C:\Users\admin\Desktop\试卷分析project\参考教材\竞赛数学导引 五年级.pdf
5,竞赛数学导引 五年级,24,抽屉原理二,拓展篇,extension,169,11,★,0.9856,False,32,short,number_theory,,,抽屉原理二|number_theory,5、6年级及以前高思导引拓展篇及以下难度 或 七年级及以上校内课本难度,mid,auto,L3,False,任选7个不同的数，请说明：其中必有2个数的和或者差是10的倍数。,C:\Users\admin\Desktop\试卷分析project\参考教材\竞赛数学导引 五年级.pdf
5,竞赛数学导引 五年级,24,抽屉原理二,拓展篇,extension,169,12,,0.9978,False,49,medium,counting,,,抽屉原理二|counting,5、6年级及以前高思导引拓展篇及以下难度 或 七年级及以上校内课本难度,mid,auto,L3,False,至少找出多少个不同的两位数，才能保证其中一定存在两个数，它们的差是个位 数字与十位数字相同的两位数？,C:\Users\admin\Desktop\试卷分析project\参考教材\竞赛数学导引 五年级.pdf
5,竞赛数学导引 五年级,24,抽屉原理二,拓展篇,extension,170,13,,0.989,False,43,short,counting,,,抽屉原理二|counting,5、6年级及以前高思导引拓展篇及以下难度 或 七年级及以上校内课本难度,mid,auto,L3,False,有9个人，每人至少与另外5个人互相认识.试证明：可以从中找到3个人，他们 彼此相互认识.,C:\Users\admin\Desktop\试卷分析project\参考教材\竞赛数学导引 五年级.pdf
5,竞赛数学导引 五年级,24,抽屉原理二,拓展篇,extension,170,14,,0.9895,False,84,medium,geometry,,,抽屉原理二|组合问题|geometry,5、6年级及以前高思导引拓展篇及以下难度 或 七年级及以上校内课本难度,mid,auto,L3,False,（1）在一个边长为1的正方形里放入3个点，以这3个点为顶点连出的三角形面 积最大是多少？ (2）在一个边长为1的正方形中随意放人9个点，这9个点任何三点不共线，请说明：这9,C:\Users\admin\Desktop\试卷分析project\参考教材\竞赛数学导引 五年级.pdf
5,竞赛数学导引 五年级,24,抽屉原理二,超越篇,challenge,170,1,,0.9959,False,46,medium,number_theory,,,抽屉原理二|number_theory,高思导引超越篇难度,high,auto,L4,False,从1至12这12个自然数中最多能选出几个数，使得在选出的数中，每一个数都不 是另一个数的倍数？,C:\Users\admin\Desktop\试卷分析project\参考教材\竞赛数学导引 五年级.pdf
5,竞赛数学导引 五年级,24,抽屉原理二,超越篇,challenge,170,2,★,0.9766,False,72,medium,number_theory,,,抽屉原理二|number_theory,高思导引超越篇难度,high,auto,L4,False,（1）请说明：在任意的68个自然数中，必有两个数的差是67的倍数； （2）请说明：在1，11，111，1111，，这一列数中必有一个是67的倍数.,C:\Users\admin\Desktop\试卷分析project\参考教材\竞赛数学导引 五年级.pdf
5,竞赛数学导引 五年级,24,抽屉原理二,超越篇,challenge,170,3,★,0.8967,False,61,medium,number_theory,,,抽屉原理二|number_theory,高思导引超越篇难度,high,auto,L4,False,求证：对于任意的8个自然数，一定能从中找到6个数a，b，c，d，e，f，使得（a一 b)×（c一d)×（e一f是105的倍数,C:\Users\admin\Desktop\试卷分析project\参考教材\竞赛数学导引 五年级.pdf
5,竞赛数学导引 五年级,24,抽屉原理二,超越篇,challenge,170,4,,0.9997,False,52,medium,counting,,,抽屉原理二|counting,高思导引超越篇难度,high,auto,L4,False,从1至25这25个自然数中最多取出多少个数，使得在取出来的这些数中，任何一 个数都不等于另两个不同数的乘积,C:\Users\admin\Desktop\试卷分析project\参考教材\竞赛数学导引 五年级.pdf
5,竞赛数学导引 五年级,24,抽屉原理二,超越篇,challenge,170,5,★,0.967,False,42,short,geometry,,,抽屉原理二|geometry,高思导引超越篇难度,high,auto,L4,False,25名男生与25名女生坐在一张圆桌旁，请说明：至少有一人，他（或她）的两边都 是女生.,C:\Users\admin\Desktop\试卷分析project\参考教材\竞赛数学导引 五年级.pdf
5,竞赛数学导引 五年级,24,抽屉原理二,超越篇,challenge,171,6,★,0.989,False,120,very_long,counting,,,抽屉原理二|counting,高思导引超越篇难度,high,auto,L4,False,时钟的表盘上按标准的方式标着1，2，3，，11，12这12个数，在其上任意做n 个120°的扇形，每一个都恰好覆盖4个数，每两个覆盖的数不全相同.如果从这任做的n个扇 形中总能恰好取出3个，这3个扇形能覆盖整个钟面的全部12个数，求n的最小值，,C:\Users\admin\Desktop\试卷分析project\参考教材\竞赛数学导引 五年级.pdf
5,竞赛数学导引 五年级,24,抽屉原理二,超越篇,challenge,171,7,,0.9919,False,116,long,geometry,,,抽屉原理二|geometry,高思导引超越篇难度,high,auto,L4,False,（1）将一个5×5的方格表每个方格都染成黑、白两种颜色之一，请证明：一定存 在一个长方形，四个顶点处的四个方格同色； (2)将一个4×19的方格表每个方格都染成黑、白、红三种颜色之一，请证明：一定存在 一个长方形，四个顶点处的四个方格同色,C:\Users\admin\Desktop\试卷分析project\参考教材\竞赛数学导引 五年级.pdf
5,竞赛数学导引 五年级,24,抽屉原理二,超越篇,challenge,171,8,,0.9817,False,45,medium,counting,,,抽屉原理二|组合问题|counting,高思导引超越篇难度,high,auto,L4,False,从1至2000这2000个数中最多能选出多少个数，使得任何两个数的差既不等于 4也不等于7？,C:\Users\admin\Desktop\试卷分析project\参考教材\竞赛数学导引 五年级.pdf
6,竞赛数学导引 六年级,1,分数数列计算,兴趣篇,interest,15,1,★,0.8186,False,59,medium,calculation,,,分数数列计算|calculation,5、6年级及以前高思导引拓展篇及以下难度 或 七年级及以上校内课本难度,low,auto,L1,False,计算下列各个算式，并想一想计算结果的分子、分母各有什么规律. (1) (2) (3） 3X4 4X5 5×6 6X7 8X9 + 9×10,C:\Users\admin\Desktop\试卷分析project\参考教材\奥数\竞赛数学导引 六年级.pdf
6,竞赛数学导引 六年级,1,分数数列计算,兴趣篇,interest,15,3,★,0.88,False,20,short,calculation,,,分数数列计算|calculation,5、6年级及以前高思导引拓展篇及以下难度 或 七年级及以上校内课本难度,low,auto,L1,False,计算： 1X3 3X5 5X7 97X99 4X6,C:\Users\admin\Desktop\试卷分析project\参考教材\奥数\竞赛数学导引 六年级.pdf
6,竞赛数学导引 六年级,1,分数数列计算,兴趣篇,interest,16,6,★,0.9265,False,38,short,calculation,,,分数数列计算|calculation,5、6年级及以前高思导引拓展篇及以下难度 或 七年级及以上校内课本难度,low,auto,L1,False,计算： 5+6_6+7+7+88+9+9+10 5×66×7 7×88×9 9×10,C:\Users\admin\Desktop\试卷分析project\参考教材\奥数\竞赛数学导引 六年级.pdf
6,竞赛数学导引 六年级,1,分数数列计算,兴趣篇,interest,16,7,★,0.8643,False,51,medium,calculation,,,分数数列计算|计算问题|calculation,5、6年级及以前高思导引拓展篇及以下难度 或 七年级及以上校内课本难度,low,auto,L1,False,计算： 9+11 1315 3×4×5 98×99×100 (+)x(-)×x(+I)x(-)x(+)x(-）),C:\Users\admin\Desktop\试卷分析project\参考教材\奥数\竞赛数学导引 六年级.pdf
6,竞赛数学导引 六年级,1,分数数列计算,拓展篇,extension,16,1,★,0.8217,False,36,short,calculation,,,分数数列计算|calculation,5、6年级及以前高思导引拓展篇及以下难度 或 七年级及以上校内课本难度,mid,auto,L3,False,在方框中填人适当的一位数，使等式成立. （1） (2）： (3)=+ 30=一言,C:\Users\admin\Desktop\试卷分析project\参考教材\奥数\竞赛数学导引 六年级.pdf
6,竞赛数学导引 六年级,1,分数数列计算,拓展篇,extension,17,2,★,0.9168,False,29,short,calculation,,,分数数列计算|calculation,5、6年级及以前高思导引拓展篇及以下难度 或 七年级及以上校内课本难度,mid,auto,L3,False,计算 5X6 2007X2008 8X11 11X14 98X101,C:\Users\admin\Desktop\试卷分析project\参考教材\奥数\竞赛数学导引 六年级.pdf
6,竞赛数学导引 六年级,1,分数数列计算,拓展篇,extension,17,4,★★,0.874,False,24,short,calculation,,,分数数列计算|calculation,5、6年级及以前高思导引拓展篇及以下难度 或 七年级及以上校内课本难度,mid,auto,L3,False,计算： 1X3 3X5 5X7 7X9 9 × 11 11X13,C:\Users\admin\Desktop\试卷分析project\参考教材\奥数\竞赛数学导引 六年级.pdf
6,竞赛数学导引 六年级,1,分数数列计算,拓展篇,extension,17,5,,0.8663,False,14,short,calculation,,,分数数列计算|calculation,5、6年级及以前高思导引拓展篇及以下难度 或 七年级及以上校内课本难度,mid,auto,L3,False,计算： 70十 +... 9700,C:\Users\admin\Desktop\试卷分析project\参考教材\奥数\竞赛数学导引 六年级.pdf
6,竞赛数学导引 六年级,1,分数数列计算,拓展篇,extension,17,6,★,0.8671,False,96,long,calculation,,,分数数列计算|calculation,5、6年级及以前高思导引拓展篇及以下难度 或 七年级及以上校内课本难度,mid,auto,L4,False,计算：(1）1 +3- +5 +7 +9 + 11 (2) 3X5 5X7 十· 2X4 4X6 6X8 8X10 9X11 37X39 38×40 39×41 40X 42 (1+2+·*+9)×(1+2+*+9+10) 380420,C:\Users\admin\Desktop\试卷分析project\参考教材\奥数\竞赛数学导引 六年级.pdf
6,竞赛数学导引 六年级,1,分数数列计算,拓展篇,extension,18,9,★,0.8496,False,36,short,calculation,,,分数数列计算|calculation,5、6年级及以前高思导引拓展篇及以下难度 或 七年级及以上校内课本难度,mid,auto,L3,False,计算： 2×35×6 8×9 +·十 98×99 1X4 4×7 7X10 97×100,C:\Users\admin\Desktop\试卷分析project\参考教材\奥数\竞赛数学导引 六年级.pdf
6,竞赛数学导引 六年级,1,分数数列计算,拓展篇,extension,18,10,,0.883,False,59,medium,calculation,,,分数数列计算|计算问题|calculation,5、6年级及以前高思导引拓展篇及以下难度 或 七年级及以上校内课本难度,mid,auto,L3,False,计算： 2+4 2+4+6 2+4+6+8 2+4+6+***+20 48×49×50* 8×9×10 (-)×…×(-）)x(-),C:\Users\admin\Desktop\试卷分析project\参考教材\奥数\竞赛数学导引 六年级.pdf
6,竞赛数学导引 六年级,1,分数数列计算,超越篇,challenge,19,2,★★,0.8824,False,71,medium,calculation,,,分数数列计算|calculation,高思导引超越篇难度,high,auto,L4,False,计算： 2² +1 4²+1 18²+12 20²+1 18²1 20²1 “(+6)×(+8）××(+2)×(+)“ 么它的末两位数字是多少？ 18×19×20,C:\Users\admin\Desktop\试卷分析project\参考教材\奥数\竞赛数学导引 六年级.pdf
6,竞赛数学导引 六年级,1,分数数列计算,超越篇,challenge,19,5,,0.8863,False,26,short,calculation,,,分数数列计算|calculation,高思导引超越篇难度,high,auto,L4,False,计算： （最后结果可以用阶乘表示） 2! 3！ 4! 100!,C:\Users\admin\Desktop\试卷分析project\参考教材\奥数\竞赛数学导引 六年级.pdf
6,竞赛数学导引 六年级,1,分数数列计算,超越篇,challenge,19,6,,0.9056,False,49,medium,calculation,,,分数数列计算|计算问题|calculation,高思导引超越篇难度,high,auto,L4,False,已知A= ，B= 3² 3100 100×99×98××5×4 97×96×95 97X96×95X.×2X1,C:\Users\admin\Desktop\试卷分析project\参考教材\奥数\竞赛数学导引 六年级.pdf
6,竞赛数学导引 六年级,2,计算综合二,兴趣篇,interest,"20,21",3,★★,0.8668,False,15,short,calculation,,cross_page_question,计算综合二|calculation,5、6年级及以前高思导引拓展篇及以下难度 或 七年级及以上校内课本难度,low,review,L1,False,计算： +5 X 1950 + 2002,C:\Users\admin\Desktop\试卷分析project\参考教材\奥数\竞赛数学导引 六年级.pdf
6,竞赛数学导引 六年级,2,计算综合二,兴趣篇,interest,21,3,,0.8778,False,11,short,calculation,,,计算综合二|calculation,5、6年级及以前高思导引拓展篇及以下难度 或 七年级及以上校内课本难度,low,auto,L1,False,5 h 2002+ 1950,C:\Users\admin\Desktop\试卷分析project\参考教材\奥数\竞赛数学导引 六年级.pdf
6,竞赛数学导引 六年级,2,计算综合二,兴趣篇,interest,21,5,★,0.9231,False,34,short,calculation,,,计算综合二|calculation,5、6年级及以前高思导引拓展篇及以下难度 或 七年级及以上校内课本难度,low,auto,L1,False,计算下列繁分数： (1) 1+ (2)1+ （3）1 2+ 2+ 1 + 3十 1987,C:\Users\admin\Desktop\试卷分析project\参考教材\奥数\竞赛数学导引 六年级.pdf
6,竞赛数学导引 六年级,2,计算综合二,兴趣篇,interest,21,6,★,0.8901,False,74,medium,calculation,,,计算综合二|calculation,5、6年级及以前高思导引拓展篇及以下难度 或 七年级及以上校内课本难度,low,auto,L1,False,算式1+ 的计算结果，小数点后第2008 位是数字几？ aXb 计算下列各式： (1）100△102; (2)(3△4)△5； (3) (1△2)△3 1△(2△3),C:\Users\admin\Desktop\试卷分析project\参考教材\奥数\竞赛数学导引 六年级.pdf
6,竞赛数学导引 六年级,2,计算综合二,兴趣篇,interest,21,8,,0.9502,False,28,short,calculation,,,计算综合二|calculation,5、6年级及以前高思导引拓展篇及以下难度 或 七年级及以上校内课本难度,low,auto,L1,False,已知333 ，那么方框所代表的数是什么？ 4 +5+ 6+7+ 8,C:\Users\admin\Desktop\试卷分析project\参考教材\奥数\竞赛数学导引 六年级.pdf
6,竞赛数学导引 六年级,2,计算综合二,兴趣篇,interest,21,9,★,0.9082,False,18,short,calculation,,,计算综合二|calculation,5、6年级及以前高思导引拓展篇及以下难度 或 七年级及以上校内课本难度,low,auto,L1,False,计算：1×2+2×3++19×20.,C:\Users\admin\Desktop\试卷分析project\参考教材\奥数\竞赛数学导引 六年级.pdf
6,竞赛数学导引 六年级,2,计算综合二,兴趣篇,interest,"21,22",10,★,0.9142,False,102,long,calculation,defined_operation,cross_page_question,计算综合二|calculation|defined_operation,5、6年级及以前高思导引拓展篇及以下难度 或 七年级及以上校内课本难度,low,review,L2,False,我们规定：△n=n×（n+1），比如：△1=1×2，△2=2×3，△3=3×4.请问： （1）如果要使等式 口 成立，那么方框内应填人什么数？ 99△100 (2）计算：1+△2+△3十十△100. +12.3×1-,C:\Users\admin\Desktop\试卷分析project\参考教材\奥数\竞赛数学导引 六年级.pdf
6,竞赛数学导引 六年级,2,计算综合二,兴趣篇,interest,22,2,★,0.8785,False,5,short,calculation,,short_question_text,计算综合二|calculation,5、6年级及以前高思导引拓展篇及以下难度 或 七年级及以上校内课本难度,low,unsafe,L1,False,计算： × 4,C:\Users\admin\Desktop\试卷分析project\参考教材\奥数\竞赛数学导引 六年级.pdf
6,竞赛数学导引 六年级,2,计算综合二,兴趣篇,interest,22,5,,0.9703,False,10,short,calculation,,short_question_text,计算综合二|calculation,5、6年级及以前高思导引拓展篇及以下难度 或 七年级及以上校内课本难度,low,unsafe,L1,False,22 1993X0.4,C:\Users\admin\Desktop\试卷分析project\参考教材\奥数\竞赛数学导引 六年级.pdf
6,竞赛数学导引 六年级,2,计算综合二,兴趣篇,interest,22,3,★,0.8897,False,23,short,calculation,,,计算综合二|calculation,5、6年级及以前高思导引拓展篇及以下难度 或 七年级及以上校内课本难度,low,auto,L1,False,计算：- 1995X0.5 1995 -6 + 5. 22,C:\Users\admin\Desktop\试卷分析project\参考教材\奥数\竞赛数学导引 六年级.pdf
6,竞赛数学导引 六年级,2,计算综合二,兴趣篇,interest,22,4,,0.9586,False,43,short,calculation,defined_operation,,计算综合二|calculation|defined_operation,5、6年级及以前高思导引拓展篇及以下难度 或 七年级及以上校内课本难度,low,auto,L2,False,我们规定：符号“○”表示选择两数中较大数的运算，例如：3.5O2.9=2.9O3.5=,C:\Users\admin\Desktop\试卷分析project\参考教材\奥数\竞赛数学导引 六年级.pdf
6,竞赛数学导引 六年级,2,计算综合二,兴趣篇,interest,22,3,,0.9666,False,59,medium,calculation,,,计算综合二|calculation,5、6年级及以前高思导引拓展篇及以下难度 或 七年级及以上校内课本难度,low,auto,L1,False,符号“△”表示选择两数中较小数的运算，例如：3.5△2.9=2.9△3.5=2.9. 请计算： (00. 3)+(2.25),C:\Users\admin\Desktop\试卷分析project\参考教材\奥数\竞赛数学导引 六年级.pdf
6,竞赛数学导引 六年级,2,计算综合二,兴趣篇,interest,22,5,★★,0.9864,True,46,medium,calculation,defined_operation,has_diagram,计算综合二|calculation|defined_operation,5、6年级及以前高思导引拓展篇及以下难度 或 七年级及以上校内课本难度,low,review,L2,False,如图2-1，每一条线段的长度规定为它的端点上两数之和， 图中6条线段的长度总和是多少？ 图2-1,C:\Users\admin\Desktop\试卷分析project\参考教材\奥数\竞赛数学导引 六年级.pdf
6,竞赛数学导引 六年级,2,计算综合二,兴趣篇,interest,23,6,,0.9165,False,42,short,calculation,,,计算综合二|calculation,5、6年级及以前高思导引拓展篇及以下难度 或 七年级及以上校内课本难度,low,auto,L1,False,计算:(++)×(++)-(+++)>(+号) 结果的小数点后第2004位数字是多少？,C:\Users\admin\Desktop\试卷分析project\参考教材\奥数\竞赛数学导引 六年级.pdf
6,竞赛数学导引 六年级,2,计算综合二,兴趣篇,interest,23,8,,0.9884,False,65,medium,calculation,,,计算综合二|calculation,5、6年级及以前高思导引拓展篇及以下难度 或 七年级及以上校内课本难度,low,auto,L1,False,古埃及人计算圆形面积的方法是：将直径减去直径的 ，然后再平方.由此看来，古 埃及人认为圆周率π等于多少？(结果精确到小数点后两位数字),C:\Users\admin\Desktop\试卷分析project\参考教材\奥数\竞赛数学导引 六年级.pdf
6,竞赛数学导引 六年级,2,计算综合二,兴趣篇,interest,23,9,,0.8967,False,51,medium,calculation,,,计算综合二|calculation,5、6年级及以前高思导引拓展篇及以下难度 或 七年级及以上校内课本难度,low,auto,L1,False,（1）将下面这个繁分数化为最简真分数： 5十 4 + 3+ （2）若下面的等式成立，x应该等于多少？ 1+ 2+ x+,C:\Users\admin\Desktop\试卷分析project\参考教材\奥数\竞赛数学导引 六年级.pdf
6,竞赛数学导引 六年级,2,计算综合二,兴趣篇,interest,23,10,,0.8357,False,79,medium,calculation,,,计算综合二|calculation,5、6年级及以前高思导引拓展篇及以下难度 或 七年级及以上校内课本难度,low,auto,L1,False,已知符号“×”表示一种运算，它的含义是：a*b= ah 2￥3= ，那么： (1）A等于多少？ (2）计算：(1*2)+(3*4)+(5*6)+**+(99*100).,C:\Users\admin\Desktop\试卷分析project\参考教材\奥数\竞赛数学导引 六年级.pdf
6,竞赛数学导引 六年级,2,计算综合二,兴趣篇,interest,24,11,,0.88,False,69,medium,calculation,,,计算综合二|calculation,5、6年级及以前高思导引拓展篇及以下难度 或 七年级及以上校内课本难度,low,auto,L1,False,已知A= 1X2 3X4 5X6 十……十 1999X2000 ，B= 1000 + 1001 +*** ，比较A和B的大小，并计算出它们的差. 1002 1999,C:\Users\admin\Desktop\试卷分析project\参考教材\奥数\竞赛数学导引 六年级.pdf
6,竞赛数学导引 六年级,2,计算综合二,兴趣篇,interest,24,12,★,0.9016,False,24,short,calculation,,,计算综合二|calculation,5、6年级及以前高思导引拓展篇及以下难度 或 七年级及以上校内课本难度,low,auto,L1,False,计算：1×3+3×5+5×7+**+29×31.,C:\Users\admin\Desktop\试卷分析project\参考教材\奥数\竞赛数学导引 六年级.pdf
6,竞赛数学导引 六年级,2,计算综合二,兴趣篇,interest,24,13,,0.9862,True,43,short,calculation,,has_diagram,计算综合二|calculation,5、6年级及以前高思导引拓展篇及以下难度 或 七年级及以上校内课本难度,low,review,L1,False,根据图2-2中5个图形的变化规律，求第99个图形中所有圆圈（实心圆圈与空 心圆圈）的个数,C:\Users\admin\Desktop\试卷分析project\参考教材\奥数\竞赛数学导引 六年级.pdf
6,竞赛数学导引 六年级,2,计算综合二,兴趣篇,interest,24,14,,0.8398,False,58,medium,calculation,defined_operation,,计算综合二|计算问题|calculation|defined_operation,5、6年级及以前高思导引拓展篇及以下难度 或 七年级及以上校内课本难度,low,auto,L2,False,定义：a (+1)×…x(+1)×(+1)×(+1) (1)求出a1、a2、a100、a200的大小； aa2aa Q100,C:\Users\admin\Desktop\试卷分析project\参考教材\奥数\竞赛数学导引 六年级.pdf
6,竞赛数学导引 六年级,2,计算综合二,超越篇,challenge,25,2,★,0.979,False,42,short,calculation,,,计算综合二|calculation,高思导引超越篇难度,high,auto,L4,False,"真分数化为小数后，如果小数点后连续2004个数字之和是8684,那么α可能等 于多少？",C:\Users\admin\Desktop\试卷分析project\参考教材\奥数\竞赛数学导引 六年级.pdf
6,竞赛数学导引 六年级,2,计算综合二,超越篇,challenge,25,3,,0.9294,False,68,medium,calculation,defined_operation,,计算综合二|calculation|defined_operation,高思导引超越篇难度,high,auto,L4,False,"定义运算“Ω”满足：①aΩ1=a,②aΩn=2×[aΩ（n-1)]+a.已知mΩ4=30.请 问： (1）m等于多少？ （2）mΩ8等于多少？",C:\Users\admin\Desktop\试卷分析project\参考教材\奥数\竞赛数学导引 六年级.pdf
6,竞赛数学导引 六年级,2,计算综合二,超越篇,challenge,25,4,★,0.9363,False,20,short,calculation,,,计算综合二|calculation,高思导引超越篇难度,high,auto,L4,False,已知A= .请比较A、B、C三个数的大小.,C:\Users\admin\Desktop\试卷分析project\参考教材\奥数\竞赛数学导引 六年级.pdf
6,竞赛数学导引 六年级,2,计算综合二,超越篇,challenge,25,5,,0.8915,False,90,long,calculation,,,计算综合二|calculation,高思导引超越篇难度,high,auto,L4,False,求下列两个算式结果的整数部分： (1) 11×66+12×67+13×68+14×69+15×70 ×100; 11×65+12×66+13×67+14×68+15×69 (2) 10² 11²,C:\Users\admin\Desktop\试卷分析project\参考教材\奥数\竞赛数学导引 六年级.pdf
6,竞赛数学导引 六年级,2,计算综合二,超越篇,challenge,26,6,,0.9494,False,203,very_long,calculation,defined_operation,,计算综合二|calculation|defined_operation,高思导引超越篇难度,high,auto,L4,False,定义运算：a6=a十b- aXb 请问： 2008* （1）定义的运算是否满足交换律？ (2）请根据定义计算下面两个算式： ①2009(2009×2008)； ②200920092008（2009×2008)（2009×2008) 2009个2009 2008个2009×2008 （3）计算2009·2009（2×2008）④（2009×2008)（2009×2008）的 2009个2009 2008个2009X2008 大小.,C:\Users\admin\Desktop\试卷分析project\参考教材\奥数\竞赛数学导引 六年级.pdf
6,竞赛数学导引 六年级,2,计算综合二,超越篇,challenge,26,7,★,0.8845,False,48,medium,calculation,,,计算综合二|计算问题|calculation,高思导引超越篇难度,high,auto,L4,False,计算： 24× 十十 24X25 2X3 4×5 + 2007 + 2008 2007 2006 2008 2007 +1),C:\Users\admin\Desktop\试卷分析project\参考教材\奥数\竞赛数学导引 六年级.pdf
6,竞赛数学导引 六年级,3,比例解应用题,兴趣篇,interest,27,1,★★,0.995,False,51,medium,application,,,比例解应用题|application,5、6年级及以前高思导引拓展篇及以下难度 或 七年级及以上校内课本难度,low,auto,L1,False,圆珠笔和铅笔的价格比是4：3，20支圆珠笔和21支铅笔共用71.5元.请问：圆珠 笔的单价是每支多少元？,C:\Users\admin\Desktop\试卷分析project\参考教材\奥数\竞赛数学导引 六年级.pdf
6,竞赛数学导引 六年级,3,比例解应用题,兴趣篇,interest,27,2,★★,0.9683,False,26,short,application,,,比例解应用题|application,5、6年级及以前高思导引拓展篇及以下难度 或 七年级及以上校内课本难度,low,auto,L1,False,已知甲比乙小5，甲数的等于乙数的，请问：甲数是多少？,C:\Users\admin\Desktop\试卷分析project\参考教材\奥数\竞赛数学导引 六年级.pdf
6,竞赛数学导引 六年级,3,比例解应用题,兴趣篇,interest,27,3,★★,0.9928,False,85,medium,application,travel_chain,,比例解应用题|application|travel_chain,5、6年级及以前高思导引拓展篇及以下难度 或 七年级及以上校内课本难度,low,auto,L2,False,一段路程分为上坡和下坡两段，这两段的长度之比是4：3.已知墨莫在上坡时每 小时走3千米，下坡时每小时走4.5千米.如果墨莫走完全程用了半小时，请问：这段路程一 共有多少千米？,C:\Users\admin\Desktop\试卷分析project\参考教材\奥数\竞赛数学导引 六年级.pdf
6,竞赛数学导引 六年级,3,比例解应用题,兴趣篇,interest,28,4,★★,0.9949,False,203,very_long,application,,,比例解应用题|application,5、6年级及以前高思导引拓展篇及以下难度 或 七年级及以上校内课本难度,low,auto,L3,False,加工一个零件，甲要2分钟，乙要3分钟，丙要4分钟.现有1170个零件，甲、乙、丙 三人各加工多少个零件，才能使得他们同时完成任务？ 中铜与锌的重量比是1：3.现在把这两块合金合铸成一块大的.求合铸所成的合金中铜与锌 的重量之比 男、女生人数的比为2：1，而且三个班所有男生和所有女生人数的比为13：14.请问： （1）乙班男、女生人数的比是多少？ （2）如果甲班男生比乙班女生少12人，那么甲、乙、丙三个班各有多少人？,C:\Users\admin\Desktop\试卷分析project\参考教材\奥数\竞赛数学导引 六年级.pdf
6,竞赛数学导引 六年级,3,比例解应用题,兴趣篇,interest,28,7,★★,0.993,False,64,medium,application,,,比例解应用题|application,5、6年级及以前高思导引拓展篇及以下难度 或 七年级及以上校内课本难度,low,auto,L1,False,甲、乙两包糖的重量比是5：3，如果从甲包取出10克放入乙包后，甲、乙两包糖的 重量比变为7：5.请问：这两包糖重量的总和是多少克？,C:\Users\admin\Desktop\试卷分析project\参考教材\奥数\竞赛数学导引 六年级.pdf
6,竞赛数学导引 六年级,3,比例解应用题,兴趣篇,interest,28,8,,0.9925,False,52,medium,application,,,比例解应用题|application,5、6年级及以前高思导引拓展篇及以下难度 或 七年级及以上校内课本难度,low,auto,L1,False,小明从甲地到乙地，去时每小时走5千米，回来时每小时走7千米，来回共用了4 小时.问：小明去时用了多长时间？,C:\Users\admin\Desktop\试卷分析project\参考教材\奥数\竞赛数学导引 六年级.pdf
6,竞赛数学导引 六年级,3,比例解应用题,兴趣篇,interest,28,9,★,0.9718,False,89,medium,application,travel_chain,,比例解应用题|application|travel_chain,5、6年级及以前高思导引拓展篇及以下难度 或 七年级及以上校内课本难度,low,auto,L2,False,小高从家去学校，平时总是7：50到校.有一天他起晚了，结果晚出发了10分钟.为 了不至于迟到，他将速度提高了五分之一，跑步前往学校，最后在7：55到校.请问：小高这天 是几点出发的？,C:\Users\admin\Desktop\试卷分析project\参考教材\奥数\竞赛数学导引 六年级.pdf
6,竞赛数学导引 六年级,3,比例解应用题,兴趣篇,interest,29,10,,0.9951,False,92,long,application,work_rate,,比例解应用题|application|work_rate,5、6年级及以前高思导引拓展篇及以下难度 或 七年级及以上校内课本难度,low,auto,L2,False,康师傅加工一批零件，加工720个之后，他的工作效率提高了20%，结果提前4天 完成任务；如果康师傅从一开始就把工作效率提高12.5%，那么也可以提前4天完成任务. 问：这批零件共有多少个？,C:\Users\admin\Desktop\试卷分析project\参考教材\奥数\竞赛数学导引 六年级.pdf
6,竞赛数学导引 六年级,3,比例解应用题,拓展篇,extension,29,1,★★,0.9753,False,70,medium,application,,,比例解应用题|application,5、6年级及以前高思导引拓展篇及以下难度 或 七年级及以上校内课本难度,mid,auto,L3,False,萱萱和卡莉娅共折了100只千纸鹤.折完后，萱萱将自己所折千纸鹤的给了卡莉 娅，这时卡莉娅的千纸鹤数量变为萱萱的一，那么卡莉娅折了多少只千纸鹤？,C:\Users\admin\Desktop\试卷分析project\参考教材\奥数\竞赛数学导引 六年级.pdf
6,竞赛数学导引 六年级,3,比例解应用题,拓展篇,extension,29,2,★★,0.9947,False,91,long,application,,,比例解应用题|application,5、6年级及以前高思导引拓展篇及以下难度 或 七年级及以上校内课本难度,mid,auto,L4,False,学校组织体检，收费标准如下：老师每人3元，女生每人2元，男生每人1元.已知 老师和女生的人数比为2：9，女生和男生的人数比为3：7，共收体检费945元.那么老师、女 生和男生各有多少人？,C:\Users\admin\Desktop\试卷分析project\参考教材\奥数\竞赛数学导引 六年级.pdf
6,竞赛数学导引 六年级,3,比例解应用题,拓展篇,extension,29,3,★★,0.9977,False,96,long,application,,,比例解应用题|application,5、6年级及以前高思导引拓展篇及以下难度 或 七年级及以上校内课本难度,mid,auto,L4,False,徐福记的巧克力糖每6块包成一小袋，水果糖每15块包成一大袋.现有巧克力糖 和水果糖各若干袋，而且巧克力糖比水果糖多30袋.如果巧克力糖的总块数与水果糖的总块 数之比为7：10，那么它们各有多少块？,C:\Users\admin\Desktop\试卷分析project\参考教材\奥数\竞赛数学导引 六年级.pdf
6,竞赛数学导引 六年级,3,比例解应用题,拓展篇,extension,29,4,★★,0.9856,False,94,long,application,,,比例解应用题|application,5、6年级及以前高思导引拓展篇及以下难度 或 七年级及以上校内课本难度,mid,auto,L4,False,甲、乙、丙三人合买一台电视机.甲付的钱数等于乙付的钱数的2倍，也等于丙付的 钱数的3倍.已知甲比丙多付了680元，请问： （1）甲、乙、丙三人所付的钱数之比是多少？ (2)这台电视机售价多少元？,C:\Users\admin\Desktop\试卷分析project\参考教材\奥数\竞赛数学导引 六年级.pdf
6,竞赛数学导引 六年级,3,比例解应用题,拓展篇,extension,30,5,★★,0.9961,False,80,medium,application,,,比例解应用题|application,5、6年级及以前高思导引拓展篇及以下难度 或 七年级及以上校内课本难度,mid,auto,L3,False,一把小刀售价3元.如果小明买了这把小刀，那么小明与小强剩余的钱数之比是 2：5；如果小强买了这把小刀，那么两人剩余的钱数之比变为8：13.问：小明原来有多少 元钱？,C:\Users\admin\Desktop\试卷分析project\参考教材\奥数\竞赛数学导引 六年级.pdf
6,竞赛数学导引 六年级,3,比例解应用题,拓展篇,extension,30,6,★,0.9954,False,123,very_long,application,,,比例解应用题|application,5、6年级及以前高思导引拓展篇及以下难度 或 七年级及以上校内课本难度,mid,auto,L4,False,两根粗细相同、材料相同的蜡烛，长度比为29：26，燃烧50分钟后，长蜡烛与短蜡 烛的长度比为11：9，那么较长的那根还能燃烧多少分钟？ 数比是10：8：7，甲组中男、女会员的人数比是3：1，乙组中男、女会员的人数比是5：3.求 丙组中男、女会员的人数比,C:\Users\admin\Desktop\试卷分析project\参考教材\奥数\竞赛数学导引 六年级.pdf
6,竞赛数学导引 六年级,3,比例解应用题,拓展篇,extension,30,8,,0.9951,False,152,very_long,calculation,,,比例解应用题|calculation,5、6年级及以前高思导引拓展篇及以下难度 或 七年级及以上校内课本难度,mid,auto,L4,False,某次数学竞赛设一、二、三等奖，已知： ①甲、乙两校获一等奖的人数比为1：2，但它们获一等奖人数占各自获奖总人数的百分 数之比为2：5； ②甲、乙两校获二等奖人数占两校获奖人数总和的25%，其中乙校是甲校的3.5倍； ③甲校三等奖获奖人数占该校获奖人数的80%. 请问：乙校获三等奖人数占该校获奖人数的百分比是多少？,C:\Users\admin\Desktop\试卷分析project\参考教材\奥数\竞赛数学导引 六年级.pdf
6,竞赛数学导引 六年级,3,比例解应用题,拓展篇,extension,30,9,,0.998,False,90,long,application,,,比例解应用题|application,5、6年级及以前高思导引拓展篇及以下难度 或 七年级及以上校内课本难度,mid,auto,L4,False,如果单独完成某项工作，甲需24天，乙需36天，丙需48天.现在甲先做，乙后做， 最后由丙完成.甲、乙工作的天数比为1：2，乙、丙工作的天数比为3：5.问：完成这项工作一 共用了多少天？,C:\Users\admin\Desktop\试卷分析project\参考教材\奥数\竞赛数学导引 六年级.pdf
6,竞赛数学导引 六年级,3,比例解应用题,拓展篇,extension,30,10,,0.9571,False,46,medium,application,travel_chain,,比例解应用题|application|travel_chain,5、6年级及以前高思导引拓展篇及以下难度 或 七年级及以上校内课本难度,mid,auto,L3,False,已知猫跑5步的路程与狗跑3步的路程相同，猫跑7步的路程与兔跑5步的路程 猫、狗和兔的速度之比，,C:\Users\admin\Desktop\试卷分析project\参考教材\奥数\竞赛数学导引 六年级.pdf
6,竞赛数学导引 六年级,3,比例解应用题,拓展篇,extension,31,11,★,0.9874,False,81,medium,application,,,比例解应用题|application,5、6年级及以前高思导引拓展篇及以下难度 或 七年级及以上校内课本难度,mid,auto,L3,False,星期天早晨，哥哥和弟弟都要到奶奶家去.弟弟先走5分钟，哥哥出发25分钟后 追上了弟弟.如果哥哥每分钟多走5米，出发20分钟后就可以追上弟弟.问：弟弟每分钟走多 少米？,C:\Users\admin\Desktop\试卷分析project\参考教材\奥数\竞赛数学导引 六年级.pdf
6,竞赛数学导引 六年级,3,比例解应用题,拓展篇,extension,31,12,,0.9919,False,164,very_long,application,defined_operation|work_rate|travel_chain,,比例解应用题|application|defined_operation|work_rate|travel_chain,5、6年级及以前高思导引拓展篇及以下难度 或 七年级及以上校内课本难度,mid,auto,L4,False,一项工程，由若干台机器在规定时间内完成.如果增加2台机器，只需用规定时间 的 (1）在规定时间内完成这项工程需几台机器？ (2）由1台机器去完成这项工程，需要多少小时？ 高五分之一，就可比预定时间提前20分钟赶到；如果先按原速度行驶72千米，再将车速提高 三分之一，就可比预定时间提前30分钟赶到.问：这支解放军部队一共需要行驶多少千米？,C:\Users\admin\Desktop\试卷分析project\参考教材\奥数\竞赛数学导引 六年级.pdf
6,竞赛数学导引 六年级,3,比例解应用题,拓展篇,extension,31,14,★,0.9958,False,90,long,application,defined_operation|work_rate,,比例解应用题|application|defined_operation|work_rate,5、6年级及以前高思导引拓展篇及以下难度 或 七年级及以上校内课本难度,mid,auto,L4,False,一项工作由甲、乙两人合作，恰可在规定时间内完成.如果甲效率提高三分之一， 则只需用规定时间的 即可完成；如果乙效率降低四分之一，那么就要推迟75分钟才能完 成.请问：规定时间是多少小时？,C:\Users\admin\Desktop\试卷分析project\参考教材\奥数\竞赛数学导引 六年级.pdf
6,竞赛数学导引 六年级,3,比例解应用题,超越篇,challenge,31,1,,0.9983,False,122,very_long,application,work_rate,,比例解应用题|application|work_rate,高思导引超越篇难度,high,auto,L4,False,甲、乙两人分别同时从A、B两地开始，修建一条连接A、B两地的公路，并按修路 的距离分配240万元工程款.如果按原计划，甲应分得100万元.而在实际施工的时候，乙每 天比原计划多修1千米，结果乙实际分得了150万元.那么乙实际施工时，每天修多少千米？,C:\Users\admin\Desktop\试卷分析project\参考教材\奥数\竞赛数学导引 六年级.pdf
6,竞赛数学导引 六年级,3,比例解应用题,超越篇,challenge,32,2,★,0.9949,False,148,very_long,application,,,比例解应用题|application,高思导引超越篇难度,high,auto,L4,False,孙悟空有仙桃，机器猫有甜饼，米老鼠有泡泡糖，他们按下面比例互换：仙桃与甜饼 为3：5，仙桃与泡泡糖为3：8，甜饼与泡泡糖为5：8.现在孙悟空共拿出39个仙桃与其他两 位互换，机器猫共拿出甜饼90个与其他两位互换，米老鼠共拿出88个泡泡糖与其他两位互 换.请问：米老鼠与孙悟空和机器猫各交换泡泡糖多少个？,C:\Users\admin\Desktop\试卷分析project\参考教材\奥数\竞赛数学导引 六年级.pdf
6,竞赛数学导引 六年级,3,比例解应用题,超越篇,challenge,32,3,,0.9978,False,129,very_long,application,,,比例解应用题|application,高思导引超越篇难度,high,auto,L4,False,有两包糖，每包糖内装有奶糖、水果糖和巧克力糖.已知： ②在第一包糖中，奶糖占25%，在第二包糖中，水果糖占50%； ③巧克力糖在第一包糖中所占的百分比是在第二包糖中所占的百分比的两倍.当两包 糖混合在一起时，巧克力糖占28% 求第一包与第二包中水果糖占所有糖的百分比,C:\Users\admin\Desktop\试卷分析project\参考教材\奥数\竞赛数学导引 六年级.pdf
6,竞赛数学导引 六年级,3,比例解应用题,超越篇,challenge,32,4,★,0.9903,False,164,very_long,application,work_rate|travel_chain,,比例解应用题|application|work_rate|travel_chain,高思导引超越篇难度,high,auto,L4,False,某工地用三种型号的卡车运送土方.已知甲、乙、丙三种卡车载重量之比为10：7：6， 速度比为3：4：5，运送土方的路程之比为15：14：14，三种车的辆数之比为10：5：7.工程 开始时，乙、丙两种车全部投人运输，但甲种车只有一半投入，直到10天后，另一半甲种车才 投人工作，又干了15天才完成任务.求甲种车完成的工作量与总工作量之比，,C:\Users\admin\Desktop\试卷分析project\参考教材\奥数\竞赛数学导引 六年级.pdf
6,竞赛数学导引 六年级,3,比例解应用题,超越篇,challenge,32,5,,0.9914,False,141,very_long,application,travel_chain,,比例解应用题|application|travel_chain,高思导引超越篇难度,high,auto,L4,False,在一个490米长的圆形跑道上，甲、乙两人从相距50米的A、B两地，相背出发， 相遇后，乙返回，甲方向不变，继续前进，甲的速度提高五分之一，乙的速度提高四分之一.当 乙回到B地时，甲刚好回到A地，此时他们都按现有速度与方向前进.请问：当甲再次追上乙 时，甲（从开始出发算起）一共走了多少米？,C:\Users\admin\Desktop\试卷分析project\参考教材\奥数\竞赛数学导引 六年级.pdf
6,竞赛数学导引 六年级,3,比例解应用题,超越篇,challenge,32,6,★,0.9973,False,129,very_long,application,travel_chain,,比例解应用题|application|travel_chain,高思导引超越篇难度,high,auto,L4,False,将A、B两种细菌分别放在两个容器里.在光线亮时，A细菌需12小时分裂完毕， B细菌需15小时分裂完毕；在光线暗时，A细菌的分裂速度要下降40%，B细菌的分裂速度 反而提高10%.现在两种细菌同时开始分裂并同时分裂完毕，试问：在分裂过程中，光线暗的 时间有多少小时？,C:\Users\admin\Desktop\试卷分析project\参考教材\奥数\竞赛数学导引 六年级.pdf
6,竞赛数学导引 六年级,3,比例解应用题,超越篇,challenge,33,7,★,0.9951,False,162,very_long,application,,,比例解应用题|application,高思导引超越篇难度,high,auto,L4,False,某大学本科共有四个年级，男生总人数和女生总人数的比为7：5.又已知： ①一年级男生和二年级女生的比是3：2，二年级男生和一年级女生的比也是3：2； ②三年级和四年级的人数相等，且三年级男生比四年级女生多100人； ③三、四年级男生总数与女生总数的比为6：5； ④二年级的男生占学生总数的24% 请问：一年级男生和女生的人数分别是多少？,C:\Users\admin\Desktop\试卷分析project\参考教材\奥数\竞赛数学导引 六年级.pdf
6,竞赛数学导引 六年级,3,比例解应用题,超越篇,challenge,33,8,,0.9942,True,233,very_long,application,,has_diagram,比例解应用题|application,高思导引超越篇难度,high,review,L4,False,如图3-1所示，A、B、C、D、E、F是六个齿轮.其中A和B相互咬合，B和C相 圈数始终相同.当A转了7圈时，B恰好转了5圈；当E转了8圈时，F恰好转了9圈；当C转 了5圈时，B和E恰好共转了28圈.请问： （1）如果A、E转的总圈数总是和B、F转的总圈数相同，那么当A、F共转了100圈时， D转了多少圈？（注：图片只是示意图，并不代表实际齿数） (2）如果A、E的总齿数和B、F的总齿数相等，D的齿数是C的齿数的2倍，那么当A 转了210圈时，D和F分别转了多少圈？ 图3-1,C:\Users\admin\Desktop\试卷分析project\参考教材\奥数\竞赛数学导引 六年级.pdf
6,竞赛数学导引 六年级,4,方程解应用题,兴趣篇,interest,34,1,★,0.8657,False,31,short,application,,,方程解应用题|application,5、6年级及以前高思导引拓展篇及以下难度 或 七年级及以上校内课本难度,low,auto,L1,False,解下列方程： (1)x- =2- x+2 (2）×（1- (3） x+23,C:\Users\admin\Desktop\试卷分析project\参考教材\奥数\竞赛数学导引 六年级.pdf
6,竞赛数学导引 六年级,4,方程解应用题,兴趣篇,interest,34,2,★,0.9978,False,78,medium,application,,,方程解应用题|application,5、6年级及以前高思导引拓展篇及以下难度 或 七年级及以上校内课本难度,low,auto,L1,False,在一次选举中，有甲、乙、丙三位候选人，乙的选票比甲的2倍还多5张，丙的选票比 甲的一半还少4张.如果甲、乙、丙三人的选票一共有36张.请问：甲得了多少张选票？,C:\Users\admin\Desktop\试卷分析project\参考教材\奥数\竞赛数学导引 六年级.pdf
6,竞赛数学导引 六年级,4,方程解应用题,兴趣篇,interest,34,3,★★,0.993,False,77,medium,application,defined_operation,,方程解应用题|application|defined_operation,5、6年级及以前高思导引拓展篇及以下难度 或 七年级及以上校内课本难度,low,auto,L2,False,有若干名学生上体育课，体育老师规定每两人合用一个排球，每三人合用一个足 球，每四人合用一个篮球，已知排球、足球、篮球共用了26个.问：有多少名学生上体育课？,C:\Users\admin\Desktop\试卷分析project\参考教材\奥数\竞赛数学导引 六年级.pdf
6,竞赛数学导引 六年级,4,方程解应用题,兴趣篇,interest,35,4,★★,0.996,False,95,long,application,,,方程解应用题|application,5、6年级及以前高思导引拓展篇及以下难度 或 七年级及以上校内课本难度,low,auto,L2,False,唐老师给幼儿园大班的小朋友每人发17张画片，小班每人发13张画片.已知大班 人数是小班的 ，小班比大班总共多发126张画片，求小班的人数. 合在 一起是83张，那么阿呆、阿瓜各收藏了多少张游戏光盘？,C:\Users\admin\Desktop\试卷分析project\参考教材\奥数\竞赛数学导引 六年级.pdf
6,竞赛数学导引 六年级,4,方程解应用题,兴趣篇,interest,35,6,★★,0.9969,False,92,long,application,,,方程解应用题|application,5、6年级及以前高思导引拓展篇及以下难度 或 七年级及以上校内课本难度,low,auto,L2,False,明知小学六年级一班男生的人数占全班总人数的70%，六年级二班的男生比一班 男生少2名，而女生人数为一班女生的2倍.若两班合在一起，则男生所占的比例为60%.请 问：六年级二班有多少名女生？,C:\Users\admin\Desktop\试卷分析project\参考教材\奥数\竞赛数学导引 六年级.pdf
6,竞赛数学导引 六年级,4,方程解应用题,兴趣篇,interest,35,7,★★,0.8851,False,55,medium,application,,,方程解应用题|application,5、6年级及以前高思导引拓展篇及以下难度 或 七年级及以上校内课本难度,low,auto,L1,False,解下面的方程组： [4x+2y =22， 4x+7y=144， (1) 17x+7y=80； (2） [12y-8x = 24.,C:\Users\admin\Desktop\试卷分析project\参考教材\奥数\竞赛数学导引 六年级.pdf
6,竞赛数学导引 六年级,4,方程解应用题,兴趣篇,interest,35,8,★★,0.993,False,139,very_long,application,,,方程解应用题|application,5、6年级及以前高思导引拓展篇及以下难度 或 七年级及以上校内课本难度,low,auto,L3,False,小高与萱萱一起在水果店买水果，小高买了3千克苹果和2千克梨，共花了18.8 元.萱萱买了2千克苹果和3千克梨，共花了18.2元.你能算出1千克苹果多少元，1千克梨 多少元吗？ ，8个蟹将和10个虾兵就能把龙宫全部打扫 完.如果只让蟹将打扫龙宫，需要多少个？只让虾兵打扫龙宫，需要多少个？,C:\Users\admin\Desktop\试卷分析project\参考教材\奥数\竞赛数学导引 六年级.pdf
6,竞赛数学导引 六年级,4,方程解应用题,兴趣篇,interest,35,10,,0.9947,True,124,very_long,application,,has_diagram,方程解应用题|application,5、6年级及以前高思导引拓展篇及以下难度 或 七年级及以上校内课本难度,low,review,L3,False,如图4-1，小玲有两种不同形状的纸板，一种是正方形 的，一种是长方形的.正方形纸板的总数与长方形纸板的总数之比 是1：2.她用这些纸板做成一些竖式和横式的无盖纸盒，正好将纸板 用完.那么在小玲所做纸盒中，竖式纸盒的总数与横式纸盒的总数 之比是多少？ 图4-1,C:\Users\admin\Desktop\试卷分析project\参考教材\奥数\竞赛数学导引 六年级.pdf
6,竞赛数学导引 六年级,4,方程解应用题,兴趣篇,interest,36,1,★★,0.8862,False,60,medium,application,,,方程解应用题|application,5、6年级及以前高思导引拓展篇及以下难度 或 七年级及以上校内课本难度,low,auto,L1,False,解下列方程： （1）x+ (2)×[×(x+1)+2] (3) 3x+5= 4x+1 (4) (x+1)(x+7)=(x+2)²+5.,C:\Users\admin\Desktop\试卷分析project\参考教材\奥数\竞赛数学导引 六年级.pdf
6,竞赛数学导引 六年级,4,方程解应用题,兴趣篇,interest,36,2,★★,0.9893,False,51,medium,calculation,,,方程解应用题|calculation,5、6年级及以前高思导引拓展篇及以下难度 或 七年级及以上校内课本难度,low,auto,L1,False,一个分数，分子与分母的和是122.如果分子、分母都减去19，得到的分数约分后是 ，那么原来的分数是多少？,C:\Users\admin\Desktop\试卷分析project\参考教材\奥数\竞赛数学导引 六年级.pdf
6,竞赛数学导引 六年级,4,方程解应用题,兴趣篇,interest,36,3,★★,0.9886,False,52,medium,application,,,方程解应用题|application,5、6年级及以前高思导引拓展篇及以下难度 或 七年级及以上校内课本难度,low,auto,L1,False,130克含盐5%的盐水，与若干含盐9%的盐水混合，配成含盐6.4%的盐水.请问： 最后配成的盐水有多少克？,C:\Users\admin\Desktop\试卷分析project\参考教材\奥数\竞赛数学导引 六年级.pdf
6,竞赛数学导引 六年级,4,方程解应用题,兴趣篇,interest,36,4,,0.951,True,167,very_long,application,,has_diagram,方程解应用题|application,5、6年级及以前高思导引拓展篇及以下难度 或 七年级及以上校内课本难度,low,review,L3,False,"如图4-2中的短除式所示，一个自然数被8除余1,所得的商被8除也余1，再把第 二次所得的商被8除后余7，最后得到的商是a.图4-3中的短除式表明：这个自然数被17除 余4，所得的商被17除余15，最后得到的商是a的2倍.求这个自然数. 所求的自然数…余1 第一次商 余1 所求的自然数 余4 8第二次商.余7 17第一次商 .余15 a 2a 图4-2 图4-3",C:\Users\admin\Desktop\试卷分析project\参考教材\奥数\竞赛数学导引 六年级.pdf
6,竞赛数学导引 六年级,4,方程解应用题,兴趣篇,interest,37,5,★★,0.9881,False,75,medium,application,,,方程解应用题|application,5、6年级及以前高思导引拓展篇及以下难度 或 七年级及以上校内课本难度,low,auto,L1,False,数学老师从一个装有若干个红色和蓝色小球的口袋中取出1个红色小球后，袋中 剩下的小球有一是红色小球；如果一开始从口袋中取出2个蓝色小球后，袋中剩下的小球就,C:\Users\admin\Desktop\试卷分析project\参考教材\奥数\竞赛数学导引 六年级.pdf
6,竞赛数学导引 六年级,4,方程解应用题,兴趣篇,interest,37,6,★★,0.9944,False,140,very_long,application,travel_chain,,方程解应用题|application|travel_chain,5、6年级及以前高思导引拓展篇及以下难度 或 七年级及以上校内课本难度,low,auto,L3,False,给六年级五班的同学分苹果，第一组每人3个，第二组每人4个，第三组每人5个， 四组人数相等，总共分出去230个苹果.问：该班一共有多少名学生？ 在返回的途中又相遇了，相遇的地点距离B地288千米.已知甲车的速度是每小时60千 米，乙车的速度是每小时40千米.请问：A、B两地相距多少千米？,C:\Users\admin\Desktop\试卷分析project\参考教材\奥数\竞赛数学导引 六年级.pdf
6,竞赛数学导引 六年级,4,方程解应用题,兴趣篇,interest,37,8,★★,0.8606,False,79,medium,application,,,方程解应用题|application,5、6年级及以前高思导引拓展篇及以下难度 或 七年级及以上校内课本难度,low,auto,L1,False,"解下面的方程组： 11x+ 9y = 49, 2y-x=1， 18x+29y=307， (1) [13x-3y=17； (2） [13x-8y=59； （3） 16x+28y=284",C:\Users\admin\Desktop\试卷分析project\参考教材\奥数\竞赛数学导引 六年级.pdf
6,竞赛数学导引 六年级,4,方程解应用题,兴趣篇,interest,37,9,★★,0.9948,False,92,long,application,,,方程解应用题|application,5、6年级及以前高思导引拓展篇及以下难度 或 七年级及以上校内课本难度,low,auto,L2,False,商店里有大盒、中盒、小盒共27盒筷子，其中大盒中装有18双筷子，中盒中装有12 双筷子，小盒中装有8双筷子，一共装有330双筷子，其中小盒数是中盒数的2倍.问：三种包装 的筷子各有多少盒？,C:\Users\admin\Desktop\试卷分析project\参考教材\奥数\竞赛数学导引 六年级.pdf
6,竞赛数学导引 六年级,4,方程解应用题,兴趣篇,interest,37,10,,0.9956,False,93,long,application,travel_chain,,方程解应用题|application|travel_chain,5、6年级及以前高思导引拓展篇及以下难度 或 七年级及以上校内课本难度,low,auto,L2,False,甲、乙两人从相距36千米的两地相向而行.如果甲比乙先出发2小时，那么他们 在乙出发2.5小时后相遇；如果乙比甲先出发2小时，那么他们在甲出发3小时后相遇.问： 甲、乙两人每小时各走多少千米？,C:\Users\admin\Desktop\试卷分析project\参考教材\奥数\竞赛数学导引 六年级.pdf
6,竞赛数学导引 六年级,4,方程解应用题,兴趣篇,interest,38,11,,0.9908,False,158,very_long,application,,,方程解应用题|application,5、6年级及以前高思导引拓展篇及以下难度 或 七年级及以上校内课本难度,low,auto,L3,False,一台天平，右盘上有若干重量相等的白球，左盘上有若干重量相等的黑球，这时两 边平衡.如果从右盘中取走一个白球置于左盘上，再把左盘的两个黑球置于右盘上，同时给左 盘加20克砝码，这时两边也平衡.如果从右盘移两个白球到左盘上，从左盘移一个黑球到右 盘上，那么需要再给右盘加50克砝码，两边才能平衡.问：白球、黑球每个各重多少克？,C:\Users\admin\Desktop\试卷分析project\参考教材\奥数\竞赛数学导引 六年级.pdf
6,竞赛数学导引 六年级,4,方程解应用题,兴趣篇,interest,38,12,,0.9979,False,100,long,application,,,方程解应用题|application,5、6年级及以前高思导引拓展篇及以下难度 或 七年级及以上校内课本难度,low,auto,L2,False,奥运指定商品零售店里的福娃有大号、中号和小号三种.墨莫买了一个大号的、三 花了270元；卡莉娅买了一个大号的、两个中号的和两个小号的，共花了300元.请问：商店里 的大号、中号和小号福娃的单价各是多少元？,C:\Users\admin\Desktop\试卷分析project\参考教材\奥数\竞赛数学导引 六年级.pdf
6,竞赛数学导引 六年级,4,方程解应用题,兴趣篇,interest,38,13,,0.9742,True,84,medium,application,,has_diagram,方程解应用题|application,5、6年级及以前高思导引拓展篇及以下难度 或 七年级及以上校内课本难度,low,review,L1,False,如图4-4，墙边放着一块木板，一只猫淘气，爬了上 去，使得木板向下滑动了一段距离，现在已知图中的三段长度（单 位：厘米），你能求出这块木板的长度吗？ HHHHHHHU 图4-4,C:\Users\admin\Desktop\试卷分析project\参考教材\奥数\竞赛数学导引 六年级.pdf
6,竞赛数学导引 六年级,4,方程解应用题,兴趣篇,interest,38,14,,0.9985,False,65,medium,application,,,方程解应用题|application,5、6年级及以前高思导引拓展篇及以下难度 或 七年级及以上校内课本难度,low,auto,L1,False,甲、乙、丙、丁四人，每三个人的平均年龄加上余下一人的年龄分别为29、23、21 和17岁.问：这四人中最大年龄与最小年龄的差是多少？,C:\Users\admin\Desktop\试卷分析project\参考教材\奥数\竞赛数学导引 六年级.pdf
6,竞赛数学导引 六年级,4,方程解应用题,超越篇,challenge,39,1,,0.9645,False,89,medium,application,,,方程解应用题|application,高思导引超越篇难度,high,auto,L4,False,丙看到甲、乙两人正在解下面这个方程组： [x+y=2536， x+y=704. “2536”看作“1536”，得到的解是x=4，y=4.试问：方程组四个被遮住的系数中最小的一个 是多少？,C:\Users\admin\Desktop\试卷分析project\参考教材\奥数\竞赛数学导引 六年级.pdf
6,竞赛数学导引 六年级,4,方程解应用题,超越篇,challenge,39,2,★,0.9934,False,74,medium,application,,,方程解应用题|application,高思导引超越篇难度,high,auto,L4,False,幼儿园有三个班，甲班比乙班多4人，乙班比丙班多4人.老师给小孩分枣，甲班每 乙班总共多分3个枣，乙班比丙班总共多分5个枣.问：三个班总共分了多少个枣？,C:\Users\admin\Desktop\试卷分析project\参考教材\奥数\竞赛数学导引 六年级.pdf
6,竞赛数学导引 六年级,4,方程解应用题,超越篇,challenge,39,3,,0.9457,False,121,very_long,application,,,方程解应用题|application,高思导引超越篇难度,high,auto,L4,False,下表显示了一次钓鱼比赛的结果： n *** 钓了n条鱼的人数 *** 已知：①冠军钓到15条鱼； ②钓到3条或3条以上的选手平均每人钓到了6条鱼； ③钓到12条或者12条以下的选手平均每人钓到了5条鱼 请问：一共有多少名选手参赛？这些选手一共钓到了多少条鱼？,C:\Users\admin\Desktop\试卷分析project\参考教材\奥数\竞赛数学导引 六年级.pdf
6,竞赛数学导引 六年级,4,方程解应用题,超越篇,challenge,39,4,,0.9977,False,92,long,application,travel_chain,,方程解应用题|application|travel_chain,高思导引超越篇难度,high,auto,L4,False,A、B两地相距2400米.甲、乙两人分别从A、B两地同时出发，相向而行.两人在 途中某处相遇后，甲又继续行进18分钟到达B地，乙又继续行进50分钟到达A地.请问：甲 比乙每分钟多走多少米？,C:\Users\admin\Desktop\试卷分析project\参考教材\奥数\竞赛数学导引 六年级.pdf
6,竞赛数学导引 六年级,4,方程解应用题,超越篇,challenge,40,5,★,0.9948,False,57,medium,application,,,方程解应用题|application,高思导引超越篇难度,high,auto,L4,False,甲、乙两车运一堆货物，甲车单独运比乙车单独运要少运5次；如果一起运，各运6 次就刚好运完.问：甲车单独运要几次运完？,C:\Users\admin\Desktop\试卷分析project\参考教材\奥数\竞赛数学导引 六年级.pdf
6,竞赛数学导引 六年级,4,方程解应用题,超越篇,challenge,40,6,,0.9907,False,99,long,application,recursive_or_sequence,,方程解应用题|application|recursive_or_sequence,高思导引超越篇难度,high,auto,L4,False,一个从小到大排列的等差数列，如果把这个数列的首项除以2，末项乘以2，这些数 的平均数就增加了7；如果把首项乘以2，末项除以2，平均数就少了2.已知这个等差数列中所 有数的和等于245，求这个数列的末项.,C:\Users\admin\Desktop\试卷分析project\参考教材\奥数\竞赛数学导引 六年级.pdf
6,竞赛数学导引 六年级,4,方程解应用题,超越篇,challenge,40,7,,0.9932,False,267,very_long,application,travel_chain,,方程解应用题|application|travel_chain,高思导引超越篇难度,high,auto,L4,False,一个水池，顶部有一个进水管，底部有一个出水管.如果只打开进水管，50分钟可 以把水池灌满；如果只打开出水管，60分钟可以把一池水放完.现在水池在中间的某个位置 出现了一条与池底平行的裂缝，如果只打开进水管，需要80分钟才能放满一池水，而只打开 出水管只需46.5分钟即可放完一池水.请问：裂缝出现在离池底几分之几高度的地方？ 平洋号”在后.在某个时刻，“太平洋号”发出声波，间隔2秒后，再次发出声波.当声波传到“北 次探测到“北冰洋号”反射的回波的间隔时间是2.01秒，声波传播的速度是每秒1185米.请 问：“北冰洋号”的速度是每小时多少千米？,C:\Users\admin\Desktop\试卷分析project\参考教材\奥数\竞赛数学导引 六年级.pdf
6,竞赛数学导引 六年级,5,浓度问题与经济问题,兴趣篇,interest,41,1,★,0.9976,False,42,short,application,,,浓度问题与经济问题|application,5、6年级及以前高思导引拓展篇及以下难度 或 七年级及以上校内课本难度,low,auto,L1,False,小高用糖块和开水配制了350克浓度为20%的糖水，那么在配制过程中，用了多少 克开水？,C:\Users\admin\Desktop\试卷分析project\参考教材\奥数\竞赛数学导引 六年级.pdf
6,竞赛数学导引 六年级,5,浓度问题与经济问题,兴趣篇,interest,41,2,★★,0.9841,False,76,medium,application,,,浓度问题与经济问题|application,5、6年级及以前高思导引拓展篇及以下难度 或 七年级及以上校内课本难度,low,auto,L1,False,在200克浓度为15%的盐水中加人50克盐，这时盐水浓度变为多少？然后再加人 150克水，浓度变为多少？最后又加人200克浓度为8%的盐水，浓度变为多少？,C:\Users\admin\Desktop\试卷分析project\参考教材\奥数\竞赛数学导引 六年级.pdf
6,竞赛数学导引 六年级,5,浓度问题与经济问题,兴趣篇,interest,41,3,★★,0.9818,False,83,medium,application,,,浓度问题与经济问题|application,5、6年级及以前高思导引拓展篇及以下难度 或 七年级及以上校内课本难度,low,auto,L1,False,（1）在120克浓度为20%的盐水中加人多少克水，才能把它稀释成浓度为10%的 盐水？ （2）在900克浓度为20%的糖水中加人多少克糖，才能将其配成浓度为40%的糖水？,C:\Users\admin\Desktop\试卷分析project\参考教材\奥数\竞赛数学导引 六年级.pdf
6,竞赛数学导引 六年级,5,浓度问题与经济问题,兴趣篇,interest,42,4,★★,0.9901,False,51,medium,application,,,浓度问题与经济问题|application,5、6年级及以前高思导引拓展篇及以下难度 或 七年级及以上校内课本难度,low,auto,L1,False,现有浓度为20%的盐水100克，加人相同质量的盐和水后，变成了浓度为30%的 盐水.请问：加了多少克盐？,C:\Users\admin\Desktop\试卷分析project\参考教材\奥数\竞赛数学导引 六年级.pdf
6,竞赛数学导引 六年级,5,浓度问题与经济问题,兴趣篇,interest,42,5,★,0.9867,False,49,medium,application,,,浓度问题与经济问题|application,5、6年级及以前高思导引拓展篇及以下难度 或 七年级及以上校内课本难度,low,auto,L1,False,在浓度为40%的酒精溶液中加入5千克水，浓度变为30%.再加人多少千克纯酒 精，浓度才能变成50%？,C:\Users\admin\Desktop\试卷分析project\参考教材\奥数\竞赛数学导引 六年级.pdf
6,竞赛数学导引 六年级,5,浓度问题与经济问题,兴趣篇,interest,42,6,★★,0.9953,False,153,very_long,application,,,浓度问题与经济问题|application,5、6年级及以前高思导引拓展篇及以下难度 或 七年级及以上校内课本难度,low,auto,L3,False,（1）一部电话的进价是250元，售出价是320元，这部电话的利润率是多少？ （2）一个鼠标的进价是108元，定价是180元，实际上打七五折出售，这个鼠标的利润率 是多少？ （3）一件皮衣的进价是800元，标价是1440元，结果没人来买.店主决定打折出售，但希 望利润率不能低于35%，请问：这件皮衣最低可以打几折？,C:\Users\admin\Desktop\试卷分析project\参考教材\奥数\竞赛数学导引 六年级.pdf
6,竞赛数学导引 六年级,5,浓度问题与经济问题,兴趣篇,interest,42,7,★★,0.9913,False,74,medium,application,,,浓度问题与经济问题|application,5、6年级及以前高思导引拓展篇及以下难度 或 七年级及以上校内课本难度,low,auto,L1,False,某商店卖出两件商品，其中一件比进价高10%出售，另一件比进价低10%出售，结 果两件的售出价都是990元.试问：这两件商品售出后，商店是赚了还是赔了？,C:\Users\admin\Desktop\试卷分析project\参考教材\奥数\竞赛数学导引 六年级.pdf
6,竞赛数学导引 六年级,5,浓度问题与经济问题,兴趣篇,interest,42,8,,0.9912,False,126,very_long,application,case_analysis,,浓度问题与经济问题|application|case_analysis,5、6年级及以前高思导引拓展篇及以下难度 或 七年级及以上校内课本难度,low,auto,L3,False,甲、乙两种商品，甲商品的成本是125元，乙商品的成本比甲商品低16%，现有以 下三种销售方案： ①甲商品按30%的利润率定价，乙商品按40%的利润率定价； ②甲、乙都以35%利润率定价； ③甲、乙的定价都是155元. 请问：选择哪种方案最赚钱？这时能盈利多少元？,C:\Users\admin\Desktop\试卷分析project\参考教材\奥数\竞赛数学导引 六年级.pdf
6,竞赛数学导引 六年级,5,浓度问题与经济问题,兴趣篇,interest,43,9,,0.9576,False,84,medium,application,,,浓度问题与经济问题|application,5、6年级及以前高思导引拓展篇及以下难度 或 七年级及以上校内课本难度,low,auto,L1,False,一件衣服，第一天按80%的利润率定价，无人来买；第二天在此基础上再打九折， 还是无人来买；第三天再降价96元，终于卖出.已知卖出的价格是进价的1.3倍，求这件衣服 的进价.,C:\Users\admin\Desktop\试卷分析project\参考教材\奥数\竞赛数学导引 六年级.pdf
6,竞赛数学导引 六年级,5,浓度问题与经济问题,兴趣篇,interest,43,10,,0.9949,False,117,long,application,,,浓度问题与经济问题|application,5、6年级及以前高思导引拓展篇及以下难度 或 七年级及以上校内课本难度,low,auto,L2,False,王老师有10000元钱，打算存人银行两年 办法一：存两年期的整存整取定期储蓄，年利率为4.7%，到期后可取出本金和利息一共 多少元？ 办法二：先存一年期的整存整取定期储蓄，年利率为4%；到期后将本金和利息再存一年， 最后本金和利息一共多少元？,C:\Users\admin\Desktop\试卷分析project\参考教材\奥数\竞赛数学导引 六年级.pdf
6,竞赛数学导引 六年级,5,浓度问题与经济问题,拓展篇,extension,43,1,★★,0.9828,False,69,medium,application,,,浓度问题与经济问题|application,5、6年级及以前高思导引拓展篇及以下难度 或 七年级及以上校内课本难度,mid,auto,L3,False,一个瓶子内最初装有25克纯酒精，先倒出5克，再加人5克水后摇匀，这时溶液的 浓度是多少？接着又倒出5克，加人5克水，此时溶液的浓度变为多少？,C:\Users\admin\Desktop\试卷分析project\参考教材\奥数\竞赛数学导引 六年级.pdf
6,竞赛数学导引 六年级,5,浓度问题与经济问题,拓展篇,extension,43,2,★★,0.9956,False,142,very_long,application,,,浓度问题与经济问题|application,5、6年级及以前高思导引拓展篇及以下难度 或 七年级及以上校内课本难度,mid,auto,L4,False,墨莫从冰箱里拿出一瓶100%的汇源纯果汁，一口气喝了五分之一后又放回了冰 箱.第二天妈妈拿出来喝了剩下的五分之一，觉得太浓，于是就加水兑满，摇匀之后打算明天 再喝.第三天墨莫拿出这瓶果汁，一口气喝得只剩一半了.他担心妈妈说他喝得太多，于是就 加了些水把果汁兑满.请问：这时果汁的浓度是多少？,C:\Users\admin\Desktop\试卷分析project\参考教材\奥数\竞赛数学导引 六年级.pdf
6,竞赛数学导引 六年级,5,浓度问题与经济问题,拓展篇,extension,44,3,★★,0.9933,False,91,long,application,,,浓度问题与经济问题|application,5、6年级及以前高思导引拓展篇及以下难度 或 七年级及以上校内课本难度,mid,auto,L4,False,（1）有浓度为20%的糖水500克，另有浓度为56%的糖水625克，将它们混合之 后，糖水的浓度是多少？ （2）有浓度为75%的糖水32克，将其稀释成浓度为30%的糖水，需加人水多少克？,C:\Users\admin\Desktop\试卷分析project\参考教材\奥数\竞赛数学导引 六年级.pdf
6,竞赛数学导引 六年级,5,浓度问题与经济问题,拓展篇,extension,44,4,★★,0.9947,False,49,medium,application,,,浓度问题与经济问题|application,5、6年级及以前高思导引拓展篇及以下难度 或 七年级及以上校内课本难度,mid,auto,L3,False,有浓度为20%的硫酸溶液450克，要配制成35%的硫酸溶液，需要加入浓度为 65%的硫酸溶液多少克？,C:\Users\admin\Desktop\试卷分析project\参考教材\奥数\竞赛数学导引 六年级.pdf
6,竞赛数学导引 六年级,5,浓度问题与经济问题,拓展篇,extension,44,5,★,0.991,False,85,medium,application,,,浓度问题与经济问题|application,5、6年级及以前高思导引拓展篇及以下难度 或 七年级及以上校内课本难度,mid,auto,L3,False,两个杯子里分别装有浓度为40%与10%的盐水，将这两杯盐水倒在一起混合后， 盐水浓度变为30%.若再加入300克20%的盐水，浓度变为25%.请问：原有40%的盐水多少 克？,C:\Users\admin\Desktop\试卷分析project\参考教材\奥数\竞赛数学导引 六年级.pdf
6,竞赛数学导引 六年级,5,浓度问题与经济问题,拓展篇,extension,44,6,,0.9917,False,105,long,application,,,浓度问题与经济问题|application,5、6年级及以前高思导引拓展篇及以下难度 或 七年级及以上校内课本难度,mid,auto,L4,False,有甲、乙、丙三瓶糖水，浓度依次为63%、42%、28%，其中甲瓶有11千克.先将 甲、乙两瓶中的糖水混合，浓度变为49%；然后把丙瓶中的糖水全部倒入混合液中，得到浓度 为35%的糖水.请问：原来丙瓶有多少千克糖水？,C:\Users\admin\Desktop\试卷分析project\参考教材\奥数\竞赛数学导引 六年级.pdf
6,竞赛数学导引 六年级,5,浓度问题与经济问题,拓展篇,extension,44,7,,0.9813,False,90,long,application,,,浓度问题与经济问题|application,5、6年级及以前高思导引拓展篇及以下难度 或 七年级及以上校内课本难度,mid,auto,L4,False,甲、乙、丙三瓶糖水各有30克、40克、20克，将这三瓶糖水混合后，浓度变为30% 已知甲瓶的浓度比乙瓶和丙瓶混合溶液的浓度高9%，甲瓶的浓度比乙瓶的浓度高8%.请求 出丙瓶糖水的浓度.,C:\Users\admin\Desktop\试卷分析project\参考教材\奥数\竞赛数学导引 六年级.pdf
6,竞赛数学导引 六年级,5,浓度问题与经济问题,拓展篇,extension,44,8,,0.9971,False,84,medium,application,,,浓度问题与经济问题|application,5、6年级及以前高思导引拓展篇及以下难度 或 七年级及以上校内课本难度,mid,auto,L3,False,如果取40克甲种酒精溶液和60克乙种酒精溶液混合，那么浓度为62%；如果取同 样质量的甲种酒精和乙种酒精混合，那么浓度为61%.请问：甲、乙两种酒精溶液的浓度分别 是多少？,C:\Users\admin\Desktop\试卷分析project\参考教材\奥数\竞赛数学导引 六年级.pdf
6,竞赛数学导引 六年级,5,浓度问题与经济问题,拓展篇,extension,45,9,★★,0.999,False,48,medium,application,,,浓度问题与经济问题|application,5、6年级及以前高思导引拓展篇及以下难度 或 七年级及以上校内课本难度,mid,auto,L3,False,一件商品如果按180元定价，可获利20%.实际上，该商品售价是240元，那么所得 的利润是多少元？,C:\Users\admin\Desktop\试卷分析project\参考教材\奥数\竞赛数学导引 六年级.pdf
6,竞赛数学导引 六年级,5,浓度问题与经济问题,拓展篇,extension,45,10,★★,0.9867,False,68,medium,application,,,浓度问题与经济问题|application,5、6年级及以前高思导引拓展篇及以下难度 或 七年级及以上校内课本难度,mid,auto,L3,False,某台空调按30%的利润率定价，换季促销时打8折售出后，获得了100元利润.请 问： （1）这台空调的成本是多少元？ （2）最后的利润率是多少？,C:\Users\admin\Desktop\试卷分析project\参考教材\奥数\竞赛数学导引 六年级.pdf
6,竞赛数学导引 六年级,5,浓度问题与经济问题,拓展篇,extension,45,11,★,0.9913,False,99,long,application,,,浓度问题与经济问题|application,5、6年级及以前高思导引拓展篇及以下难度 或 七年级及以上校内课本难度,mid,auto,L4,False,A、B两种商品，A商品成本占定价的80%，B商品按20%的利润率定价.冬冬的 妈妈一次性购买了1件A商品和1件B商品.商店给她打了九折后，还获利36元.现在知道 B商品的定价为240元，求A商品的成本.,C:\Users\admin\Desktop\试卷分析project\参考教材\奥数\竞赛数学导引 六年级.pdf
6,竞赛数学导引 六年级,5,浓度问题与经济问题,拓展篇,extension,45,12,,0.9961,False,180,very_long,application,,,浓度问题与经济问题|application,5、6年级及以前高思导引拓展篇及以下难度 或 七年级及以上校内课本难度,mid,auto,L4,False,大超市和小超市出售同一种商品，大超市的进价比小超市的进价便宜10%.大超 市按30%的利润率定价，小超市按28%的利润率定价，大超市的定价比小超市的定价便宜22 元.请问： （1）大超市这种商品的进价是多少元？ （2）大超市每件商品赚多少元？小超市每件商品赚多少元？ 在打八八折促销，结果销售量增加了一倍，获得的利润增加了25%.请问：打折后每个变形金 刚的售价是多少元？,C:\Users\admin\Desktop\试卷分析project\参考教材\奥数\竞赛数学导引 六年级.pdf
6,竞赛数学导引 六年级,5,浓度问题与经济问题,拓展篇,extension,46,14,★,0.9889,False,113,long,application,,,浓度问题与经济问题|application,5、6年级及以前高思导引拓展篇及以下难度 或 七年级及以上校内课本难度,mid,auto,L4,False,某家商店购人一批苹果，在运输过程中花去100元运费.后来决定将这些苹果的 价格降到原定价的70%卖出，这样所得的总利润就只有原计划的于 .已知这批苹果的进价是 每千克6元4角，原计划可获得利润2700元.问：这批苹果一共有多少千克？,C:\Users\admin\Desktop\试卷分析project\参考教材\奥数\竞赛数学导引 六年级.pdf
6,竞赛数学导引 六年级,5,浓度问题与经济问题,超越篇,challenge,46,1,,0.9945,False,66,medium,application,,,浓度问题与经济问题|application,高思导引超越篇难度,high,auto,L4,False,有一杯盐水，如果加人200克水，它的浓度就变为原来的一半；如果加人25克盐， 它的浓度则变为原来的两倍.问：这杯盐水原来的浓度是多少？,C:\Users\admin\Desktop\试卷分析project\参考教材\奥数\竞赛数学导引 六年级.pdf
6,竞赛数学导引 六年级,5,浓度问题与经济问题,超越篇,challenge,46,2,★,0.986,False,37,short,application,,,浓度问题与经济问题|application,高思导引超越篇难度,high,auto,L4,False,现有甲、乙、丙三种硫酸溶液.如果把甲、乙按照3：4的质量比混合，得到浓度为,C:\Users\admin\Desktop\试卷分析project\参考教材\奥数\竞赛数学导引 六年级.pdf
6,竞赛数学导引 六年级,5,浓度问题与经济问题,超越篇,challenge,46,17,,0.9983,False,84,medium,application,,,浓度问题与经济问题|application,高思导引超越篇难度,high,auto,L4,False,5%的硫酸；如果把甲、乙按照2：5的质量比混合，得到浓度为14.5%的硫酸；如果把甲、 乙、丙按照5：9：10的质量比混合，可以得到浓度为21%的硫酸.请求出丙溶液的浓度,C:\Users\admin\Desktop\试卷分析project\参考教材\奥数\竞赛数学导引 六年级.pdf
6,竞赛数学导引 六年级,5,浓度问题与经济问题,超越篇,challenge,46,3,,0.9975,False,153,very_long,application,,,浓度问题与经济问题|application,高思导引超越篇难度,high,auto,L4,False,甲桶中有若干千克纯水，乙桶中有若干千克纯酒精.第一次从甲桶往乙桶倒水，使 得乙桶中液体的质量增加2倍；第二次从乙桶往甲桶倒，使乙桶中液体的质量减少四分之一； 第三次再从甲桶往乙桶倒，使甲桶中液体的质量减少五分之一.最后甲桶中液体的质量恰好 等于最初乙桶中液体的质量.请问：最后甲、乙两桶中液体的浓度分别等于多少？,C:\Users\admin\Desktop\试卷分析project\参考教材\奥数\竞赛数学导引 六年级.pdf
6,竞赛数学导引 六年级,5,浓度问题与经济问题,超越篇,challenge,46,4,,0.9983,False,146,very_long,application,,,浓度问题与经济问题|application,高思导引超越篇难度,high,auto,L4,False,有甲、乙、丙3瓶酒精溶液，它们的质量比是3：2：1.如果把两瓶酒精混合后再按 原来的质量分配到各自的瓶中，称为一次操作.现在先对甲、乙两瓶酒精进行一次操作，再对 乙、丙两瓶酒精进行一次操作，最后对丙、甲两瓶酒精进行一次操作.三次操作后，甲、乙两瓶 溶液的浓度分别是67%和61%.求最初丙溶液的浓度,C:\Users\admin\Desktop\试卷分析project\参考教材\奥数\竞赛数学导引 六年级.pdf
6,竞赛数学导引 六年级,5,浓度问题与经济问题,超越篇,challenge,47,5,★,0.9965,False,108,long,application,,,浓度问题与经济问题|application,高思导引超越篇难度,high,auto,L4,False,水果店进了一批水果，希望卖出去之后得到50%的利润.当售出六成数量的水果 时，由于天气原因水果无法保存，于是商店决定打折处理，结果还是有一成数量的水果烂了， 最终只得到了所期望利润的34%.请问：商店打折处理时打了几折？,C:\Users\admin\Desktop\试卷分析project\参考教材\奥数\竞赛数学导引 六年级.pdf
6,竞赛数学导引 六年级,5,浓度问题与经济问题,超越篇,challenge,47,6,,0.9909,False,121,very_long,application,,,浓度问题与经济问题|application,高思导引超越篇难度,high,auto,L4,False,某商店将甲、乙两种奶糖混合在一起.申种每份100克，售价1.65元；乙种每份100 克，售价1.2元.原来打算将甲种的两份混合到乙种的一份中去，后来改变混合的方式，将甲 种的一份混合到乙种的两份中去.问：顾客买10千克这种奶糖能比原来省多少元钱？,C:\Users\admin\Desktop\试卷分析project\参考教材\奥数\竞赛数学导引 六年级.pdf
6,竞赛数学导引 六年级,5,浓度问题与经济问题,超越篇,challenge,47,7,,0.9933,False,156,very_long,application,,,浓度问题与经济问题|application,高思导引超越篇难度,high,auto,L4,False,有甲、乙、丙三瓶溶液，甲比乙浓度高6%，乙的浓度是丙的4倍.如果把乙溶液倒 入甲中，就会使甲溶液的浓度比原来下降2.4%；如果把丙溶液倒人乙溶液中，就会使乙溶液 的浓度比原来下降2.25%；如果把甲、丙两瓶溶液混合，那么混合液的浓度正好等于乙溶液的 浓度.请问：甲、乙、丙三瓶溶液的重量比是多少？它们的浓度分别是多少？,C:\Users\admin\Desktop\试卷分析project\参考教材\奥数\竞赛数学导引 六年级.pdf
6,竞赛数学导引 六年级,5,浓度问题与经济问题,超越篇,challenge,47,8,,0.9202,False,118,long,application,,,浓度问题与经济问题|application,高思导引超越篇难度,high,auto,L4,False,商店进了一批商品，按40%加价出售.在售出八成后，为了尽快销完，决定五折处 理剩余商品，而且商品全部出售后，突然被征收了150元的附加税，这使得商店的实际利润率 只是预期利润率的一半，那么这批商品的进价是多少元？（注：附加税算作成本） ?33,C:\Users\admin\Desktop\试卷分析project\参考教材\奥数\竞赛数学导引 六年级.pdf
6,竞赛数学导引 六年级,6,逻辑推理二,兴趣篇,interest,48,1,,0.9979,False,99,long,logic,,,逻辑推理二|logic,5、6年级及以前高思导引拓展篇及以下难度 或 七年级及以上校内课本难度,low,auto,L2,False,甲、乙两队进行象棋对抗赛，甲队的三人是张、王、李，乙队的三人是赵、钱、孙.按照 以往的比赛成绩看，张能胜钱，钱能胜李，李能胜孙，但是第一轮的三场比赛他们都没有成为 对手.请问：第一轮比赛中分别是谁对谁？,C:\Users\admin\Desktop\试卷分析project\参考教材\奥数\竞赛数学导引 六年级.pdf
6,竞赛数学导引 六年级,6,逻辑推理二,兴趣篇,interest,48,2,,0.9981,False,37,short,logic,,,逻辑推理二|logic,5、6年级及以前高思导引拓展篇及以下难度 或 七年级及以上校内课本难度,low,auto,L1,False,甲、乙、丙、丁与小强这5位同学一起参加象棋比赛，每两人都要赛一盘.到目前为,C:\Users\admin\Desktop\试卷分析project\参考教材\奥数\竞赛数学导引 六年级.pdf
6,竞赛数学导引 六年级,6,逻辑推理二,兴趣篇,interest,48,3,,0.9901,False,91,long,logic,,,逻辑推理二|logic,5、6年级及以前高思导引拓展篇及以下难度 或 七年级及以上校内课本难度,low,auto,L2,False,甲、乙、丙三名选手参加马拉松比赛.起跑后甲处在第一的位置，在整个比赛过程 中，甲的位置共发生了7次变化.请问：比赛结束时甲是第几名？（注：整个比赛过程中没有出 现三人跑在同一位置的情形）,C:\Users\admin\Desktop\试卷分析project\参考教材\奥数\竞赛数学导引 六年级.pdf
6,竞赛数学导引 六年级,6,逻辑推理二,兴趣篇,interest,49,4,,0.992,False,99,long,logic,,,逻辑推理二|logic,5、6年级及以前高思导引拓展篇及以下难度 或 七年级及以上校内课本难度,low,auto,L2,False,有10名选手参加乒乓球单打比赛，每名选手都要和其他选手各赛一场，而且每场 比赛都分出胜负.请问： （1）总共有多少场比赛？ （2）这10名选手胜的场数能否全都相同？ （3）这10名选手胜的场数能否两两不同？,C:\Users\admin\Desktop\试卷分析project\参考教材\奥数\竞赛数学导引 六年级.pdf
6,竞赛数学导引 六年级,6,逻辑推理二,兴趣篇,interest,49,5,,0.9945,False,103,long,logic,,,逻辑推理二|logic,5、6年级及以前高思导引拓展篇及以下难度 或 七年级及以上校内课本难度,low,auto,L2,False,6支足球队进行单循环比赛，即每两队之间都比赛一场.每场比赛胜者得3分，负 者得0分，平局各得1分.请问： （1）各队总分之和最多是多少分？最少是多少分？ （2）如果在比赛中出现了6场平局，那么各队总分之和是多少？,C:\Users\admin\Desktop\试卷分析project\参考教材\奥数\竞赛数学导引 六年级.pdf
6,竞赛数学导引 六年级,6,逻辑推理二,兴趣篇,interest,49,6,,0.9986,False,253,very_long,calculation,case_analysis,,逻辑推理二|calculation|case_analysis,5、6年级及以前高思导引拓展篇及以下难度 或 七年级及以上校内课本难度,low,auto,L3,False,红、黄、蓝三支乒乓球队进行比赛，每队派出3名队员参赛.比赛规则如下：参赛的 9名队员进行单循环赛决出名次，按照获胜场数进行排名，并按照排名获得一定的分数，第一 名得9分，第二名得8分第九名得1分；除产生个人名次外，每个队伍还会计算各自队员 的得分总和，按团体总分的高低评出团体名次；最后的比赛结果没有并列名次.其中个人评比 的情况是：第一名是一位黄队队员，第二名是一位蓝队队员，相邻名次的队员都不在同一个 队.团体评比的情况是：团体第一的是黄队，总分16分；第二名是红队，第三名是蓝队.请问： 红队队员分别得了多少分？,C:\Users\admin\Desktop\试卷分析project\参考教材\奥数\竞赛数学导引 六年级.pdf
6,竞赛数学导引 六年级,6,逻辑推理二,兴趣篇,interest,49,7,★,0.9936,False,100,long,logic,,,逻辑推理二|logic,5、6年级及以前高思导引拓展篇及以下难度 或 七年级及以上校内课本难度,low,auto,L2,False,5支球队进行单循环赛，每两队之间比赛一场，每场比赛胜者得3分，负者得0分， 打平则双方各得1分.最后5支球队的积分各不相同，第三名得了7分，并且和第一名打平. 请问：这5支球队的得分，从高到低依次是多少？,C:\Users\admin\Desktop\试卷分析project\参考教材\奥数\竞赛数学导引 六年级.pdf
6,竞赛数学导引 六年级,6,逻辑推理二,兴趣篇,interest,"49,50",8,,0.8783,False,158,very_long,logic,,cross_page_question,逻辑推理二|logic,5、6年级及以前高思导引拓展篇及以下难度 或 七年级及以上校内课本难度,low,review,L3,False,有A、B、C三支足球队，每两队比赛一场，比赛结果为： A：两胜，共失2球； B：进4球，失5球； C：有一场踢平，进2球，失8球， 请问：A与B两队间的比分是多少？ 错得0分，满分为100分.甲、乙、丙、丁四名同学的解答及甲、乙、丙三名同学的得分如表6-1 所示.请问：丁应该得多少分？ 表6-1 题号 得分 学生 甲 X 乙 X X X X 丙 X 丁 X,C:\Users\admin\Desktop\试卷分析project\参考教材\奥数\竞赛数学导引 六年级.pdf
6,竞赛数学导引 六年级,6,逻辑推理二,兴趣篇,interest,50,10,,0.9977,False,134,very_long,logic,case_analysis,,逻辑推理二|组合问题|logic|case_analysis,5、6年级及以前高思导引拓展篇及以下难度 或 七年级及以上校内课本难度,low,auto,L3,False,赵、钱、孙、李、周5户人家，每户至少订了A、B、C、D、E这5种报纸中的一种 已知赵、钱、孙、李分别订了其中的2、2、4、3种报纸，而A、B、C、D这4种报纸在这5户人 家中分别有1、2、2、2家订户.请问：周姓订户订有这5种报纸中的几种？报纸E在这5户人 家中有几家订户？,C:\Users\admin\Desktop\试卷分析project\参考教材\奥数\竞赛数学导引 六年级.pdf
6,竞赛数学导引 六年级,6,逻辑推理二,拓展篇,extension,50,1,★,0.9859,False,43,short,logic,,,逻辑推理二|logic,5、6年级及以前高思导引拓展篇及以下难度 或 七年级及以上校内课本难度,mid,auto,L3,False,编号为1、2、3、4、5、6的同学进行围棋比赛，每2个人都要赛1盘.现在编号为1、2、,C:\Users\admin\Desktop\试卷分析project\参考教材\奥数\竞赛数学导引 六年级.pdf
6,竞赛数学导引 六年级,6,逻辑推理二,拓展篇,extension,50,3,,0.9979,False,36,short,logic,,,逻辑推理二|logic,5、6年级及以前高思导引拓展篇及以下难度 或 七年级及以上校内课本难度,mid,auto,L3,False,5的同学已经赛过的盘数和他们的编号数相等.请问：编号为6的同学赛了几盘？,C:\Users\admin\Desktop\试卷分析project\参考教材\奥数\竞赛数学导引 六年级.pdf
6,竞赛数学导引 六年级,6,逻辑推理二,拓展篇,extension,50,2,★★,0.9907,False,103,long,logic,,,逻辑推理二|logic,5、6年级及以前高思导引拓展篇及以下难度 或 七年级及以上校内课本难度,mid,auto,L4,False,五行（火水木金土）相生相克，其中每一个元素都生一个，克一个，被一个生和被一 个克.水克火是我们熟悉的.有一个俗语叫做“兵来将挡，水来土掩”，是说土能克水.另外，水 能生木，火能生土.请把五行的相生相克关系画出来,C:\Users\admin\Desktop\试卷分析project\参考教材\奥数\竞赛数学导引 六年级.pdf
6,竞赛数学导引 六年级,6,逻辑推理二,拓展篇,extension,50,3,,0.9925,False,105,long,logic,,,逻辑推理二|logic,5、6年级及以前高思导引拓展篇及以下难度 或 七年级及以上校内课本难度,mid,auto,L4,False,A、B、C、D、E、F六个国家的足球队进行单循环比赛（即每队都与其他队赛一 场），每天同时在3个场地各进行一场比赛，已知第一天B对D，第二天C对E，第三天D对 F，第四天B对C.请问：第五天与A队比赛的是哪支队伍？,C:\Users\admin\Desktop\试卷分析project\参考教材\奥数\竞赛数学导引 六年级.pdf
6,竞赛数学导引 六年级,6,逻辑推理二,拓展篇,extension,51,4,,0.998,False,101,long,logic,defined_operation,,逻辑推理二|logic|defined_operation,5、6年级及以前高思导引拓展篇及以下难度 或 七年级及以上校内课本难度,mid,auto,L4,False,A、B、C三支篮球队进行比赛，规定每天比赛一场，每场比赛结束后，第二天由胜 队与另一队进行比赛，败队则休息一天，如此继续下去.最后结果是A队胜10场，B队胜12 场，C队胜14场，请问：A队共打了几场比赛？,C:\Users\admin\Desktop\试卷分析project\参考教材\奥数\竞赛数学导引 六年级.pdf
6,竞赛数学导引 六年级,6,逻辑推理二,拓展篇,extension,51,5,,0.9889,False,118,long,logic,defined_operation,,逻辑推理二|logic|defined_operation,5、6年级及以前高思导引拓展篇及以下难度 或 七年级及以上校内课本难度,mid,auto,L4,False,甲、乙、丙、丁四名同学进行象棋比赛，每两人都比赛一场，规定胜者得2分，平局各 得1分，输者得0分.请问： （1）一共有多少场比赛？ （2）四个人最后得分的总和是多少？ （3）如果最后结果甲得第一，乙、丙并列第二，丁是最后一名，那么乙得了多少分？,C:\Users\admin\Desktop\试卷分析project\参考教材\奥数\竞赛数学导引 六年级.pdf
6,竞赛数学导引 六年级,6,逻辑推理二,拓展篇,extension,51,6,,0.9983,False,123,very_long,logic,,,逻辑推理二|logic,5、6年级及以前高思导引拓展篇及以下难度 或 七年级及以上校内课本难度,mid,auto,L4,False,五支足球队进行循环赛，即每两个队之间都要赛一场.每场比赛胜者得2分，输者 得0分，平局两队各得1分.比赛结果各队得分互不相同.已知： ①第一名的队没有平过； ②第二名的队没有输过； ③第四名的队没有胜过 问：第一名至第五名各得多少分？全部比赛共打平过几场？,C:\Users\admin\Desktop\试卷分析project\参考教材\奥数\竞赛数学导引 六年级.pdf
6,竞赛数学导引 六年级,6,逻辑推理二,拓展篇,extension,51,7,,0.9942,False,112,long,logic,case_analysis,,逻辑推理二|logic|case_analysis,5、6年级及以前高思导引拓展篇及以下难度 或 七年级及以上校内课本难度,mid,auto,L4,False,金、木、水、火、土5支球队进行单循环比赛，每场比赛胜者得2分，负者得0分，平 如下：“金队与木队所向披靡，两队总得分是水、火、土3队总得分的3倍”，你说这报道真实 吗？如果真实，请举出一种可能的比赛情况；如果不真实，请说明理由，,C:\Users\admin\Desktop\试卷分析project\参考教材\奥数\竞赛数学导引 六年级.pdf
6,竞赛数学导引 六年级,6,逻辑推理二,拓展篇,extension,51,8,,0.9974,False,90,long,logic,,,逻辑推理二|logic,5、6年级及以前高思导引拓展篇及以下难度 或 七年级及以上校内课本难度,mid,auto,L4,False,天、地、玄、黄4支球队进行单循环比赛，每场比赛胜者得3分，负者得0分，平局则 双方各得1分.已知比赛结果是：天队得7分，地队得5分，玄队得2分，黄队得1分.请问：比 赛中有多少场平局？,C:\Users\admin\Desktop\试卷分析project\参考教材\奥数\竞赛数学导引 六年级.pdf
6,竞赛数学导引 六年级,6,逻辑推理二,拓展篇,extension,51,9,,0.9987,False,88,medium,logic,,,逻辑推理二|logic,5、6年级及以前高思导引拓展篇及以下难度 或 七年级及以上校内课本难度,mid,auto,L3,False,四支足球队进行单循环比赛，即每两队之间都比赛一场.每场比赛胜者得3分，负 者得0分，平局各得1分.比赛结束后，各队的总得分恰好是4个连续的自然数.问：输给第一 名的队的总分是多少？,C:\Users\admin\Desktop\试卷分析project\参考教材\奥数\竞赛数学导引 六年级.pdf
6,竞赛数学导引 六年级,6,逻辑推理二,拓展篇,extension,52,10,★,0.9554,False,138,very_long,calculation,,,逻辑推理二|calculation,5、6年级及以前高思导引拓展篇及以下难度 或 七年级及以上校内课本难度,mid,auto,L4,False,甲、乙、丙、丁、戊五个同学的各科考试成绩如表6-2所示，已知： ①每门功课五个人的分数恰巧分别为1、2、3、4、5； ②五个人的总分互不相同，且从高到低的顺序排列是：甲、乙、丙、丁、戊； ③丙有四门功课的分数相同. 请你把表6-2补充完整. 表6-2 语文 数学 英语 音乐 美术 总分 甲 乙 丙 丁 戊 D,C:\Users\admin\Desktop\试卷分析project\参考教材\奥数\竞赛数学导引 六年级.pdf
6,竞赛数学导引 六年级,6,逻辑推理二,拓展篇,extension,52,11,★,0.9944,False,145,very_long,logic,,,逻辑推理二|logic,5、6年级及以前高思导引拓展篇及以下难度 或 七年级及以上校内课本难度,mid,auto,L4,False,一次足球赛，有A、B、C、D四个队参加，每两队都赛一场.按规则，胜一场得2 分，平一场得1分，负一场得0分.比赛结束后，B队得5分，A队得1分.所有场次共进了9个 球，B队进球最多，共进了4个球，C队共失了3个球，D队1个球也未进，A队与C队的比赛 比分是2：3.问：A队与B队的比赛比分是多少？,C:\Users\admin\Desktop\试卷分析project\参考教材\奥数\竞赛数学导引 六年级.pdf
6,竞赛数学导引 六年级,6,逻辑推理二,拓展篇,extension,52,12,★,0.9805,False,84,medium,logic,case_analysis,,逻辑推理二|logic|case_analysis,5、6年级及以前高思导引拓展篇及以下难度 或 七年级及以上校内课本难度,mid,auto,L3,False,A、B、C、D四个足球队进行循环比赛.赛了若干场后，A、B、C三队的比赛情况 如表6-3所示： 表6-3 场数 胜 平 负 进球 失球 A B C D 问：D赛了几场？D赛的几场的比分各是多少？,C:\Users\admin\Desktop\试卷分析project\参考教材\奥数\竞赛数学导引 六年级.pdf
6,竞赛数学导引 六年级,6,逻辑推理二,拓展篇,extension,53,13,,0.9506,False,117,long,logic,,,逻辑推理二|logic,5、6年级及以前高思导引拓展篇及以下难度 或 七年级及以上校内课本难度,mid,auto,L4,False,"九个外表完全相同的小球，重量分别是1，2，""，9.为了加以区分，它们都被贴上 了数字标签.可是有一天，不知被哪个调皮鬼重新乱贴了一通.我们用天平做了两次称量，得 到如下结果： (1)①②>③④56； (2) ③⑧=. 请问：9号小球的重量是多少？",C:\Users\admin\Desktop\试卷分析project\参考教材\奥数\竞赛数学导引 六年级.pdf
6,竞赛数学导引 六年级,6,逻辑推理二,拓展篇,extension,53,14,,0.997,False,215,very_long,logic,case_analysis,,逻辑推理二|组合问题|logic|case_analysis,5、6年级及以前高思导引拓展篇及以下难度 或 七年级及以上校内课本难度,mid,auto,L4,False,A、B、C、D、E五位同学分别从不同的途径打听到五年级数学竞赛获得第一名 的那位同学的情况： A打听到的：姓李，是女同学，13岁，东城区； B打听到的：姓张，是男同学，11岁，海淀区； C打听到的：姓陈，是女同学，13岁，东城区； D打听到的：姓黄，是男同学，11岁，西城区； E打听到的：姓张，是男同学，12岁，东城区， 实际上第一名同学的情况在上面都出现过，而且这五位同学的消息都仅有一项正确，那 么第一名的同学应该是哪个区的，今年多少岁呢？,C:\Users\admin\Desktop\试卷分析project\参考教材\奥数\竞赛数学导引 六年级.pdf
6,竞赛数学导引 六年级,6,逻辑推理二,超越篇,challenge,53,1,,0.9883,False,165,very_long,logic,case_analysis,,逻辑推理二|logic|case_analysis,高思导引超越篇难度,high,auto,L4,False,禁在一次射击练习中，甲、乙、丙3位战士各打了4发子弹，全部中靶.其命中情况如下： ①每人4发子弹所命中的环数各不相同； ②每人4发子弹所命中的总环数均为17环； ③乙有2发命中的环数分别与甲其中的2发一样，乙另2发命中的环数与丙其中的2发 一样； ④甲与丙只有1发环数相同； 5每人每发子弹的最好成绩不超过7环. 问：甲与丙命中的相同环数是几？,C:\Users\admin\Desktop\试卷分析project\参考教材\奥数\竞赛数学导引 六年级.pdf
6,竞赛数学导引 六年级,6,逻辑推理二,超越篇,challenge,54,2,★,0.9971,False,102,long,logic,,,逻辑推理二|logic,高思导引超越篇难度,high,auto,L4,False,一次象棋比赛共有10位选手参加，他们分别来自甲、乙、丙3个队.每人都与其余9 人比赛一盘，每盘胜者得1分，负者得0分，平局各得0.5分.结果乙队平均得分为3.6分，丙 队平均得分为9分，那么甲队平均得多少分？,C:\Users\admin\Desktop\试卷分析project\参考教材\奥数\竞赛数学导引 六年级.pdf
6,竞赛数学导引 六年级,6,逻辑推理二,超越篇,challenge,54,3,★,0.9955,False,133,very_long,logic,,,逻辑推理二|logic,高思导引超越篇难度,high,auto,L4,False,A、B、C、D、E这5支足球队进行循环赛，每两队之间比赛一场.每场比赛胜者得 3分，负者得0分，打平则双方各得1分.最后5支球队的积分各不相同，从高到低依次为D、 A、E、B、C.又已知5支球队当中只有A没输过，只有C没赢过，而且B战胜了E.请问：战胜 过C的球队有哪些？,C:\Users\admin\Desktop\试卷分析project\参考教材\奥数\竞赛数学导引 六年级.pdf
6,竞赛数学导引 六年级,6,逻辑推理二,超越篇,challenge,54,4,,0.9983,False,119,long,calculation,,,逻辑推理二|calculation,高思导引超越篇难度,high,auto,L4,False,10名选手参加象棋比赛，每两名选手间都要比赛一次.已知胜一场得2分，平一 场得1分，负一场不得分.比赛结果：选手们所得分数各不相同，前两名选手都没输过，前两名 的总分比第三名多20分，第四名得分与后四名所得总分相等.问：前六名的分数各为多少？,C:\Users\admin\Desktop\试卷分析project\参考教材\奥数\竞赛数学导引 六年级.pdf
6,竞赛数学导引 六年级,6,逻辑推理二,超越篇,challenge,54,5,★,0.9776,False,169,very_long,logic,defined_operation|case_analysis,,逻辑推理二|logic|defined_operation|case_analysis,高思导引超越篇难度,high,auto,L4,False,现有A、B、C共3支足球队举行单循环比赛，即每两队之间都要比赛一场.比赛积 分的规定是胜一场积2分，平一场积1分，负一场积0分.表6-4是一张记有比赛详细情况的 表格.但是，经过核对，发现表中恰好有4个数字是错误的，请你把正确的结果填人表6-5中， 表6-4 场数胜负平进球失球积分 A 01023 B C10|1201| 表6-5 场数胜 负平进球失球积分 B,C:\Users\admin\Desktop\试卷分析project\参考教材\奥数\竞赛数学导引 六年级.pdf
6,竞赛数学导引 六年级,6,逻辑推理二,超越篇,challenge,55,6,,0.9963,False,178,very_long,logic,,,逻辑推理二|logic,高思导引超越篇难度,high,auto,L4,False,9个小朋友从前到后站成一列.现在将红黄蓝三种颜色的帽子各三顶分别戴在这 些小朋友的头上.每个小朋友都只能看到站在他前面的小朋友帽子的颜色.后来统计了一下， 发现他们看到的红颜色帽子的总次数等于他们看到的黄颜色帽了的总次数，也等丁他们看到 的蓝颜色帽子的总次数.已知从前往后数第三个小朋友戴着红帽子，第六个小朋友戴着黄帽 子，请问：最后一个小朋友戴着什么颜色的帽子？,C:\Users\admin\Desktop\试卷分析project\参考教材\奥数\竞赛数学导引 六年级.pdf
6,竞赛数学导引 六年级,6,逻辑推理二,超越篇,challenge,55,7,,0.9933,False,110,long,logic,,,逻辑推理二|logic,高思导引超越篇难度,high,auto,L4,False,有A、B、C三支球队进行比赛.每一轮比赛三个队之间各赛一场.每队胜一场得 2分，平一场得1分，负一场不得分.如果三支球队共比赛了7轮，最后A胜的场数最多，B输 的场数最少，C的得分最高（这些都没有并列）.请问：A得了多少分？,C:\Users\admin\Desktop\试卷分析project\参考教材\奥数\竞赛数学导引 六年级.pdf
6,竞赛数学导引 六年级,6,逻辑推理二,超越篇,challenge,55,8,,0.9807,False,230,very_long,number_theory,,,逻辑推理二|组合问题|number_theory,高思导引超越篇难度,high,auto,L4,False,墨莫和8个好朋友去李老师家玩.李老师给每人发了一顶帽子，并在每个人的帽 子上写了一个两位数，这9个两位数互不相同，且每个小朋友只能看见别人帽子上的数， 李老师在纸上写了一个自然数A，问这9位同学：“你们知道自己帽子上的数能被A整除 吗？知道的请举手.”结果有4人举手， 李老师又问：“现在你们知道自己帽子上的数能被24整除吗？知道的请举手.”结果有6 人举手. 已知墨莫两次都举手了，并且这9位同学都足够聪明且从不说谎.请问：除了墨莫之外的 人帽子上8个两位数的总和是多少？,C:\Users\admin\Desktop\试卷分析project\参考教材\奥数\竞赛数学导引 六年级.pdf
6,竞赛数学导引 六年级,7,最值问题二,兴趣篇,interest,56,1,★★,0.9371,False,56,medium,general,,,最值问题二|general,5、6年级及以前高思导引拓展篇及以下难度 或 七年级及以上校内课本难度,low,auto,L1,False,"用0，1，2，""，9这10个数字各一次组成5个两位数a、b、c、d、e.请问： a一b十c一d十e最大可能是多少？",C:\Users\admin\Desktop\试卷分析project\参考教材\奥数\竞赛数学导引 六年级.pdf
6,竞赛数学导引 六年级,7,最值问题二,兴趣篇,interest,56,2,★★,0.9922,False,52,medium,general,,,最值问题二|general,5、6年级及以前高思导引拓展篇及以下难度 或 七年级及以上校内课本难度,low,auto,L1,False,将135个人分成若干小组，要求任意两个组的人数都不同，最多可以分成多少组？ 这时，人数最少的那组有多少人？,C:\Users\admin\Desktop\试卷分析project\参考教材\奥数\竞赛数学导引 六年级.pdf
6,竞赛数学导引 六年级,7,最值问题二,兴趣篇,interest,56,3,,0.999,False,50,medium,general,,,最值问题二|general,5、6年级及以前高思导引拓展篇及以下难度 或 七年级及以上校内课本难度,low,auto,L1,False,有11个同学计划组织一场围棋比赛，他们准备分为两组，每组进行单循环比赛，那 么他们最少需要比赛多少场？,C:\Users\admin\Desktop\试卷分析project\参考教材\奥数\竞赛数学导引 六年级.pdf
6,竞赛数学导引 六年级,7,最值问题二,兴趣篇,interest,57,4,,0.9887,False,89,medium,calculation,case_analysis,,最值问题二|calculation|case_analysis,5、6年级及以前高思导引拓展篇及以下难度 或 七年级及以上校内课本难度,low,auto,L2,False,我们知道，很多自然数可以表示成两个不同质数的和，例如8=3十5.有的数有几 种不同的表示方法，例如100=3十97=11十89=17+83.请问：恰好有两种表示方法的最 小数是多少？,C:\Users\admin\Desktop\试卷分析project\参考教材\奥数\竞赛数学导引 六年级.pdf
6,竞赛数学导引 六年级,7,最值问题二,兴趣篇,interest,57,5,,0.9971,False,30,short,general,,,最值问题二|general,5、6年级及以前高思导引拓展篇及以下难度 或 七年级及以上校内课本难度,low,auto,L1,False,一个三位数除以它的各位数字之和，商最大是多少？商最小是多少？,C:\Users\admin\Desktop\试卷分析project\参考教材\奥数\竞赛数学导引 六年级.pdf
6,竞赛数学导引 六年级,7,最值问题二,兴趣篇,interest,57,6,,0.9945,False,55,medium,calculation,,,最值问题二|calculation,5、6年级及以前高思导引拓展篇及以下难度 或 七年级及以上校内课本难度,low,auto,L1,False,（1）在分母是一位数的最简真分数中，两个不相等的分数最小相差多少？ 中，使算式的结果小于1.这个结果 最大是多少？,C:\Users\admin\Desktop\试卷分析project\参考教材\奥数\竞赛数学导引 六年级.pdf
6,竞赛数学导引 六年级,7,最值问题二,兴趣篇,interest,57,7,,0.9819,True,68,medium,geometry,,has_diagram,最值问题二|geometry,5、6年级及以前高思导引拓展篇及以下难度 或 七年级及以上校内课本难度,low,review,L1,False,"如图7-1,等腰直角三角形ABC中，CA=CB=4厘米.在其中作一个矩形 CDEF，矩形CDEF的面积最大可能是多少？ C D 图7-1 图7-2",C:\Users\admin\Desktop\试卷分析project\参考教材\奥数\竞赛数学导引 六年级.pdf
6,竞赛数学导引 六年级,7,最值问题二,兴趣篇,interest,57,8,,0.9903,True,77,medium,geometry,,has_diagram,最值问题二|geometry,5、6年级及以前高思导引拓展篇及以下难度 或 七年级及以上校内课本难度,low,review,L1,False,如图7－2，从一个长方形的两个角上挖去两个小长方形后得到一个八边形.这个八 边形的边长恰好为1、2、3、4、5、6、7、8这8个数，它的面积最大可能是多少？,C:\Users\admin\Desktop\试卷分析project\参考教材\奥数\竞赛数学导引 六年级.pdf
6,竞赛数学导引 六年级,7,最值问题二,兴趣篇,interest,58,9,★,0.9882,False,53,medium,general,,,最值问题二|general,5、6年级及以前高思导引拓展篇及以下难度 或 七年级及以上校内课本难度,low,auto,L1,False,在4×4的方格表中将一些方格染成黑色，使得任意两个黑格都没有公共顶点.请 问：最多可以将多少个方格染成黑色？,C:\Users\admin\Desktop\试卷分析project\参考教材\奥数\竞赛数学导引 六年级.pdf
6,竞赛数学导引 六年级,7,最值问题二,兴趣篇,interest,58,10,,0.9946,True,116,long,general,,has_diagram,最值问题二|组合问题|general,5、6年级及以前高思导引拓展篇及以下难度 或 七年级及以上校内课本难度,low,review,L2,False,古希腊有一位久负盛名的学者，名叫海伦.他精通数学、物理，聪慧过人.有一天， 一位将军向他请教一个问题：如图7-3，将军从甲地骑马出发，要到河边让马饮水，然后再回 到乙地的马棚，为了使走的路线最短，应该让马在什么 甲地 地方饮水？ 乙地 图7-3,C:\Users\admin\Desktop\试卷分析project\参考教材\奥数\竞赛数学导引 六年级.pdf
6,竞赛数学导引 六年级,7,最值问题二,拓展篇,extension,58,1,★★,0.9922,True,62,medium,geometry,,has_diagram,最值问题二|geometry,5、6年级及以前高思导引拓展篇及以下难度 或 七年级及以上校内课本难度,mid,review,L3,False,如图7-4所示，用一根长80厘米的铁丝焊接成一个棱长都是 整数厘米的长方体框架.请问：这个长方体的体积最大可能是多少？ 图7-4,C:\Users\admin\Desktop\试卷分析project\参考教材\奥数\竞赛数学导引 六年级.pdf
6,竞赛数学导引 六年级,7,最值问题二,拓展篇,extension,58,2,,0.9896,False,48,medium,general,,,最值问题二|general,5、6年级及以前高思导引拓展篇及以下难度 或 七年级及以上校内课本难度,mid,auto,L3,False,把14表示成几个自然数（可以重复)的和，并使得这些数的乘积尽可能大.问：这个 乘积最大可能是多少？,C:\Users\admin\Desktop\试卷分析project\参考教材\奥数\竞赛数学导引 六年级.pdf
6,竞赛数学导引 六年级,7,最值问题二,拓展篇,extension,58,3,,0.9973,False,33,short,general,,,最值问题二|general,5、6年级及以前高思导引拓展篇及以下难度 或 七年级及以上校内课本难度,mid,auto,L3,False,三个自然数的乘积是100，这三个自然数的和最大是多少？最小是多少？,C:\Users\admin\Desktop\试卷分析project\参考教材\奥数\竞赛数学导引 六年级.pdf
6,竞赛数学导引 六年级,7,最值问题二,拓展篇,extension,58,4,★,0.9875,False,34,short,general,,,最值问题二|general,5、6年级及以前高思导引拓展篇及以下难度 或 七年级及以上校内课本难度,mid,auto,L3,False,由1、2、3、4、8、9组成两个三位数，这两个三位数的差最小是多少？,C:\Users\admin\Desktop\试卷分析project\参考教材\奥数\竞赛数学导引 六年级.pdf
6,竞赛数学导引 六年级,7,最值问题二,拓展篇,extension,59,5,,0.8849,False,62,medium,general,,,最值问题二|general,5、6年级及以前高思导引拓展篇及以下难度 或 七年级及以上校内课本难度,mid,auto,L3,False,"从1，2，""，9中选出8个数填人下面算式中的方框中，使得结果尽可能大，并求 出这个结果. □÷□×(□+□）一(□×□+□一□)",C:\Users\admin\Desktop\试卷分析project\参考教材\奥数\竞赛数学导引 六年级.pdf
6,竞赛数学导引 六年级,7,最值问题二,拓展篇,extension,59,6,,0.9984,False,38,short,general,,,最值问题二|general,5、6年级及以前高思导引拓展篇及以下难度 或 七年级及以上校内课本难度,mid,auto,L3,False,有13个不同的自然数，它们的和是100.其中偶数最多有多少个？最少有多少个？,C:\Users\admin\Desktop\试卷分析project\参考教材\奥数\竞赛数学导引 六年级.pdf
6,竞赛数学导引 六年级,7,最值问题二,拓展篇,extension,59,7,,0.9981,False,70,medium,geometry,,,最值问题二|geometry,5、6年级及以前高思导引拓展篇及以下难度 或 七年级及以上校内课本难度,mid,auto,L3,False,将6、7、8、9、10这5个数按任意次序写在一圆周上，将每相邻两数相乘，再把所 得的5个乘积相加.请问：所得和数的最小值是多少？最大值是多少？,C:\Users\admin\Desktop\试卷分析project\参考教材\奥数\竞赛数学导引 六年级.pdf
6,竞赛数学导引 六年级,7,最值问题二,拓展篇,extension,59,8,,0.997,False,46,medium,general,,,最值问题二|general,5、6年级及以前高思导引拓展篇及以下难度 或 七年级及以上校内课本难度,mid,auto,L3,False,有5袋糖块，其中任意3袋的总块数都超过60.请问：这5袋糖块总共最少有多 少块？ 大可能是多少？,C:\Users\admin\Desktop\试卷分析project\参考教材\奥数\竞赛数学导引 六年级.pdf
6,竞赛数学导引 六年级,7,最值问题二,拓展篇,extension,59,10,,0.9831,False,59,medium,number_theory,,,最值问题二|number_theory,5、6年级及以前高思导引拓展篇及以下难度 或 七年级及以上校内课本难度,mid,auto,L3,False,用1、2、3、4、5、6、7、8、9各一次组成3个三位数，使得它们都是9的倍数，并 且要求乘积最大，请写出这个乘法算式，,C:\Users\admin\Desktop\试卷分析project\参考教材\奥数\竞赛数学导引 六年级.pdf
6,竞赛数学导引 六年级,7,最值问题二,拓展篇,extension,59,11,,0.9957,False,28,short,number_theory,,,最值问题二|number_theory,5、6年级及以前高思导引拓展篇及以下难度 或 七年级及以上校内课本难度,mid,auto,L3,False,所有不能表示为两个合数之和的自然数中，最大的一个是多少？,C:\Users\admin\Desktop\试卷分析project\参考教材\奥数\竞赛数学导引 六年级.pdf
6,竞赛数学导引 六年级,7,最值问题二,拓展篇,extension,59,12,★,0.9917,False,81,medium,general,,,最值问题二|general,5、6年级及以前高思导引拓展篇及以下难度 或 七年级及以上校内课本难度,mid,auto,L3,False,把1至99依次写成一排，形成一个多位数：12349899.从中划去99个数字，剩 下的数字组成一个首位不是0的多位数.请问：剩下的数最大可能是多少？最小可能是多少？,C:\Users\admin\Desktop\试卷分析project\参考教材\奥数\竞赛数学导引 六年级.pdf
6,竞赛数学导引 六年级,7,最值问题二,拓展篇,extension,60,13,,0.9935,True,69,medium,general,,has_diagram,最值问题二|general,5、6年级及以前高思导引拓展篇及以下难度 或 七年级及以上校内课本难度,mid,review,L3,False,邮递员送信件的街道如图7-5所示，每一小段街道长1千米 如果邮递员从邮局出发，必须走遍所有的街道，那么邮递员最少需要走多 少千米？ 邮局 图7-5,C:\Users\admin\Desktop\试卷分析project\参考教材\奥数\竞赛数学导引 六年级.pdf
6,竞赛数学导引 六年级,7,最值问题二,拓展篇,extension,60,14,,0.9911,True,88,medium,geometry,,has_diagram,最值问题二|组合问题|geometry,5、6年级及以前高思导引拓展篇及以下难度 或 七年级及以上校内课本难度,mid,review,L3,False,如图7-6，有一个长方体形状的柜子.一只蚂蚁要从左下 角的A点出发，沿柜子表面爬到右上角的B点去取食物，蚂蚁爬行路 线的长度最短是多少？一共有几条最短路线？请在图中画出来， 图7-6,C:\Users\admin\Desktop\试卷分析project\参考教材\奥数\竞赛数学导引 六年级.pdf
6,竞赛数学导引 六年级,7,最值问题二,超越篇,challenge,60,1,★,0.9682,False,95,long,calculation,,,最值问题二|calculation,高思导引超越篇难度,high,auto,L4,False,"一台计算器大部分按键失灵，只有数字“7""和“0”以及加法键“十”尚能使用，因此可 以输人77、707这样只含数字7和0的数，并且能进行加法运算.为了显示出222222，最少要 按“7”键多少次？",C:\Users\admin\Desktop\试卷分析project\参考教材\奥数\竞赛数学导引 六年级.pdf
6,竞赛数学导引 六年级,7,最值问题二,超越篇,challenge,60,2,★,0.995,False,40,short,general,,,最值问题二|general,高思导引超越篇难度,high,auto,L4,False,用1、3、5、7、9这5个数字组成一个三位数ABC和一个两位数DE，再用0、2、,C:\Users\admin\Desktop\试卷分析project\参考教材\奥数\竞赛数学导引 六年级.pdf
6,竞赛数学导引 六年级,7,最值问题二,超越篇,challenge,60,4,,0.9516,False,54,medium,calculation,,,最值问题二|calculation,高思导引超越篇难度,high,auto,L4,False,8这5个数字组成一个三位数FGH和一个两位数IJ.请问：算式ABCXDE-FGHX IJ的计算结果最大是多少？,C:\Users\admin\Desktop\试卷分析project\参考教材\奥数\竞赛数学导引 六年级.pdf
6,竞赛数学导引 六年级,7,最值问题二,超越篇,challenge,60,3,★,0.9965,False,71,medium,calculation,,,最值问题二|calculation,高思导引超越篇难度,high,auto,L4,False,将1、2、3、4、5、6分别填在正方体的6个面上，计算具有公共棱的两个面上的数 的乘积，这样的乘积共有12个，请问：这12个乘积的和最大是多少？,C:\Users\admin\Desktop\试卷分析project\参考教材\奥数\竞赛数学导引 六年级.pdf
6,竞赛数学导引 六年级,7,最值问题二,超越篇,challenge,61,4,,0.9959,False,68,medium,general,,,最值问题二|general,高思导引超越篇难度,high,auto,L4,False,用1、2、3、4、5、6、7、8、9这9个数字各一次，组成一个被减数、减数、差都是三 位数的正确的减法算式，那么这个算式中的差最大是多少？,C:\Users\admin\Desktop\试卷分析project\参考教材\奥数\竞赛数学导引 六年级.pdf
6,竞赛数学导引 六年级,7,最值问题二,超越篇,challenge,61,5,★,0.9841,False,68,medium,number_theory,,,最值问题二|number_theory,高思导引超越篇难度,high,auto,L4,False,有的偶数可以写成两个奇合数之和，例如24=9十15，100=25十75.请问：在所有 不能表示为两个奇合数之和的偶数中，最大的一个是多少？,C:\Users\admin\Desktop\试卷分析project\参考教材\奥数\竞赛数学导引 六年级.pdf
6,竞赛数学导引 六年级,7,最值问题二,超越篇,challenge,61,6,,0.9878,True,143,very_long,geometry,,has_diagram,最值问题二|geometry,高思导引超越篇难度,high,review,L4,False,如图7-7，有一个圆锥形沙堆的底面直径BC为2厘米，母线 AC的长度为6厘米.请问： （1）如果一只蚂蚁想从B点去C点，最短路线应该怎么走？请设计 出一条最短路线(蚂蚁只能在圆锥表面走)； (2）如果一只蚂蚁需要由B点出发到达线段AC上（可以到其上的 任意一点），那么最短路线应该怎么走？ 图7-7,C:\Users\admin\Desktop\试卷分析project\参考教材\奥数\竞赛数学导引 六年级.pdf
6,竞赛数学导引 六年级,7,最值问题二,超越篇,challenge,61,7,,0.9932,True,64,medium,geometry,,has_diagram,最值问题二|geometry,高思导引超越篇难度,high,review,L4,False,如图7-8，一个边长为10的正方形四个角剪去四个正方 形，剩下部分可以拼成一个无盖长方体，那么所得的长方体容积最大 是多少？ 图7-8,C:\Users\admin\Desktop\试卷分析project\参考教材\奥数\竞赛数学导引 六年级.pdf
6,竞赛数学导引 六年级,7,最值问题二,超越篇,challenge,61,8,,0.9925,False,90,long,pattern,recursive_or_sequence,,最值问题二|组合问题|pattern|recursive_or_sequence,高思导引超越篇难度,high,auto,L4,False,一个5×5的方格表中，每个小方格内填有一个数，并且表中的每一行、每一列的 数都构成等差数列.已知任取n个方格，只要知道了这些方格中的数，就可以把方格表补填完 整，那么n的最小值是多少？,C:\Users\admin\Desktop\试卷分析project\参考教材\奥数\竞赛数学导引 六年级.pdf
6,竞赛数学导引 六年级,8,不定方程,兴趣篇,interest,62,1,★,0.8823,False,55,medium,general,,,不定方程|general,5、6年级及以前高思导引拓展篇及以下难度 或 七年级及以上校内课本难度,low,auto,L1,False,求下列方程的正整数解， (1)c+2y=5; （2）2x+3y=8； (3)3x+2y=1； (4) 4x+5y =30.,C:\Users\admin\Desktop\试卷分析project\参考教材\奥数\竞赛数学导引 六年级.pdf
6,竞赛数学导引 六年级,8,不定方程,兴趣篇,interest,62,2,★,0.9975,False,52,medium,general,,,不定方程|general,5、6年级及以前高思导引拓展篇及以下难度 或 七年级及以上校内课本难度,low,auto,L1,False,小高有若干张8分的邮票，墨莫有若干张15分的邮票，两人的邮票总面值是99分， 那么小高的8分邮票有多少张？,C:\Users\admin\Desktop\试卷分析project\参考教材\奥数\竞赛数学导引 六年级.pdf
6,竞赛数学导引 六年级,8,不定方程,兴趣篇,interest,62,3,★,0.9942,False,60,medium,general,,,不定方程|general,5、6年级及以前高思导引拓展篇及以下难度 或 七年级及以上校内课本难度,low,auto,L1,False,有两种不同规格的油桶若干个，大油桶能装8千克油，小油桶能装5千克油，44千克 油恰好装满这些油桶.问：大、小油桶各多少个？,C:\Users\admin\Desktop\试卷分析project\参考教材\奥数\竞赛数学导引 六年级.pdf
6,竞赛数学导引 六年级,8,不定方程,兴趣篇,interest,63,4,★★,0.9949,False,61,medium,general,,,不定方程|general,5、6年级及以前高思导引拓展篇及以下难度 或 七年级及以上校内课本难度,low,auto,L1,False,有150个乒乓球分装在大、小两种盒子里，大盒每盒装12个，小盒每盒装7个.问： 需要大、小盒子各多少个才能恰好把这些球装完？,C:\Users\admin\Desktop\试卷分析project\参考教材\奥数\竞赛数学导引 六年级.pdf
6,竞赛数学导引 六年级,8,不定方程,兴趣篇,interest,63,5,,0.9969,False,136,very_long,general,,,不定方程|general,5、6年级及以前高思导引拓展篇及以下难度 或 七年级及以上校内课本难度,low,auto,L3,False,小花狗和波斯猫是一对好朋友，它们在早晚见面时总要叫上几声表示问候.若是早 晨见面，小花狗叫2声，波斯猫叫1声；若是晚上见面，小花狗叫2声，波斯猫叫3声.细心的小 娟对它们的叫声统计了15天，发现它们并不是每天早晚都见面，在这15天内它们共叫了61 声.问：波斯猫至少叫了多少声？,C:\Users\admin\Desktop\试卷分析project\参考教材\奥数\竞赛数学导引 六年级.pdf
6,竞赛数学导引 六年级,8,不定方程,兴趣篇,interest,63,6,,0.9842,False,96,long,general,,,不定方程|general,5、6年级及以前高思导引拓展篇及以下难度 或 七年级及以上校内课本难度,low,auto,L2,False,"某单位的职工到郊外植树，其中有男职工，也有女职工,并且有的职工各带一个 孩子参加.男职工每人种13棵树，女职工每人种10棵树，每个孩子种6棵树，他们一共种了 216棵树.请问：其中有多少名男职工？",C:\Users\admin\Desktop\试卷分析project\参考教材\奥数\竞赛数学导引 六年级.pdf
6,竞赛数学导引 六年级,8,不定方程,兴趣篇,interest,63,7,★★,0.9946,False,96,long,general,,,不定方程|general,5、6年级及以前高思导引拓展篇及以下难度 或 七年级及以上校内课本难度,low,auto,L2,False,新学期开始了，几个老师带着一些学生去搬全班的100本教科书.已知老师和学生 共14人，每个老师能搬12本，每个男生能搬8本，每个女生能搬5本，恰好一次搬完.问：搬书 的老师、男生、女生各有多少人？,C:\Users\admin\Desktop\试卷分析project\参考教材\奥数\竞赛数学导引 六年级.pdf
6,竞赛数学导引 六年级,8,不定方程,兴趣篇,interest,63,8,,0.9992,False,115,long,general,,,不定方程|general,5、6年级及以前高思导引拓展篇及以下难度 或 七年级及以上校内课本难度,low,auto,L2,False,新发行的一套珍贵的纪念邮票共三种不同的面值：20分、40分和50分，其中面值 20分的邮票售价5元，面值40分的邮票售价8元，面值50分的邮票售价9元.小明花了156 元买回了总面值为8.3元的邮票，那么三种面值的邮票分别买了多少张？,C:\Users\admin\Desktop\试卷分析project\参考教材\奥数\竞赛数学导引 六年级.pdf
6,竞赛数学导引 六年级,8,不定方程,兴趣篇,interest,63,9,,0.9993,False,65,medium,geometry,,,不定方程|geometry,5、6年级及以前高思导引拓展篇及以下难度 或 七年级及以上校内课本难度,low,auto,L1,False,小萌在邮局寄了三种信，平信每封8分，航空信每封1角，挂号信每封2角，她共用 了1元2角2分，那么小萌寄的这三种信的总和最少是多少封？,C:\Users\admin\Desktop\试卷分析project\参考教材\奥数\竞赛数学导引 六年级.pdf
6,竞赛数学导引 六年级,8,不定方程,兴趣篇,interest,64,10,,0.9898,False,75,medium,general,,,不定方程|general,5、6年级及以前高思导引拓展篇及以下难度 或 七年级及以上校内课本难度,low,auto,L1,False,快餐店有三种汉堡，鱼肉汉堡每个7元，鸡肉汉堡每个9元，牛肉汉堡每个14元. 小明去快餐店买汉堡.他付款100元，找回8元.请问：小明买了多少个鸡肉汉堡？,C:\Users\admin\Desktop\试卷分析project\参考教材\奥数\竞赛数学导引 六年级.pdf
6,竞赛数学导引 六年级,8,不定方程,拓展篇,extension,64,1,★★,0.995,False,170,very_long,geometry,,,不定方程|geometry,5、6年级及以前高思导引拓展篇及以下难度 或 七年级及以上校内课本难度,mid,auto,L4,False,甲级铅笔7角一支，乙级铅笔3角一支，张明用5元钱买这两种铅笔，钱恰好花完 请问：张明共买了多少支铅笔？ 能拆开）.采购员要恰好买500个鸡蛋，请问：他一共要买多少盒？ 在一场战役中，苏军司令部从两个集团军抽调了相同数量的师参与战斗，一共有27.1万人. 如果这两个集团军都是由步兵师和航空兵师组成，那么苏军参与战斗的有多少个步兵师，多 少个航空兵师？,C:\Users\admin\Desktop\试卷分析project\参考教材\奥数\竞赛数学导引 六年级.pdf
6,竞赛数学导引 六年级,8,不定方程,拓展篇,extension,64,4,,0.9946,False,129,very_long,general,,,不定方程|general,5、6年级及以前高思导引拓展篇及以下难度 或 七年级及以上校内课本难度,mid,auto,L4,False,甲、乙两个小队的同学去植树.甲小队有一人植树12棵，其余每人都植树13棵；乙 小队有一人植树8棵，其余每人都植树10棵.已知两小队植树棵数相等，且每小队植树的棵 数都是四百多棵.问：甲、乙两小队共有多少人？ 管，加工损耗忽略不计.问：剩余部分的管子最少是多少厘米？,C:\Users\admin\Desktop\试卷分析project\参考教材\奥数\竞赛数学导引 六年级.pdf
6,竞赛数学导引 六年级,8,不定方程,拓展篇,extension,65,6,,0.999,False,101,long,general,,,不定方程|general,5、6年级及以前高思导引拓展篇及以下难度 或 七年级及以上校内课本难度,mid,auto,L4,False,某次数学比赛，用两种不同的方式判分.一种是答对1题给5分，不答给2分，答错 不给分；另一种是先给40分，答对1题给3分，不答不给分，答错扣1分.某考生两种判分方法 均得71分.请问：这次比赛共考了多少道题？,C:\Users\admin\Desktop\试卷分析project\参考教材\奥数\竞赛数学导引 六年级.pdf
6,竞赛数学导引 六年级,8,不定方程,拓展篇,extension,65,7,,0.9944,False,84,medium,general,,,不定方程|general,5、6年级及以前高思导引拓展篇及以下难度 或 七年级及以上校内课本难度,mid,auto,L3,False,庙里有若干个大和尚和若干个小和尚共七百多人，已知7个大和尚每天共吃41个 馒头，19个小和尚每天共吃60个馒头，平均每个和尚每天恰好吃4个馒头.请问：庙里共有多 少个和尚？,C:\Users\admin\Desktop\试卷分析project\参考教材\奥数\竞赛数学导引 六年级.pdf
6,竞赛数学导引 六年级,8,不定方程,拓展篇,extension,65,8,,0.9927,False,140,very_long,geometry,,,不定方程|geometry,5、6年级及以前高思导引拓展篇及以下难度 或 七年级及以上校内课本难度,mid,auto,L4,False,我国古代数学家张丘建在《算经》一书中提出了“百鸡问题”：鸡翁一值钱五，鸡母一 值钱三，鸡维三值钱一.百钱买百鸡，问鸡翁、鸡母、鸡雏各几何？这个问题是说：每只公鸡价 值5文钱，每只母鸡价值3文钱，每3只小鸡价值1文钱.要想用100文钱恰好买100只鸡，公 鸡、母鸡和小鸡应该分别买多少只？,C:\Users\admin\Desktop\试卷分析project\参考教材\奥数\竞赛数学导引 六年级.pdf
6,竞赛数学导引 六年级,8,不定方程,拓展篇,extension,65,9,,0.9986,False,57,medium,geometry,,,不定方程|geometry,5、6年级及以前高思导引拓展篇及以下难度 或 七年级及以上校内课本难度,mid,auto,L3,False,小李去文具店买圆珠笔、铅笔和钢笔，每种笔都只能整盒买，不能单买.钢笔4支一 了90支笔.请问：三种笔分别买了多少盒？,C:\Users\admin\Desktop\试卷分析project\参考教材\奥数\竞赛数学导引 六年级.pdf
6,竞赛数学导引 六年级,8,不定方程,拓展篇,extension,65,10,★,0.9925,True,158,very_long,calculation,defined_operation,has_diagram,不定方程|calculation|defined_operation,5、6年级及以前高思导引拓展篇及以下难度 或 七年级及以上校内课本难度,mid,review,L4,False,在新年联欢会上，某班组织了一场飞镖比赛.如图8-1，飞镖 的靶子分为三块区域，分别对应17分、11分和4分.每人可以扔若干次飞 镖，脱靶不得分，投中靶子就可以得到相应的分数.试问：如果比赛规定恰 好投中100分才能获奖，要想获奖至少需要投中几个飞镖？如果规定恰好 投中120分才能获奖，要想获奖至少需要投中几个飞镖？ 图8-1,C:\Users\admin\Desktop\试卷分析project\参考教材\奥数\竞赛数学导引 六年级.pdf
6,竞赛数学导引 六年级,8,不定方程,拓展篇,extension,65,11,★,0.9925,False,50,medium,geometry,,,不定方程|geometry,5、6年级及以前高思导引拓展篇及以下难度 或 七年级及以上校内课本难度,mid,auto,L3,False,有纸币60张，其中1分、1角、1元和10元各有若干张.请你判断：这些纸币的总 面值能否恰好是100元？,C:\Users\admin\Desktop\试卷分析project\参考教材\奥数\竞赛数学导引 六年级.pdf
6,竞赛数学导引 六年级,8,不定方程,拓展篇,extension,66,12,,0.9956,False,81,medium,general,,,不定方程|general,5、6年级及以前高思导引拓展篇及以下难度 或 七年级及以上校内课本难度,mid,auto,L3,False,卡莉娅到商店买糖，巧克力糖13元一包，奶糖17元一包，水果糖7.8元一包，酥 糖10.4元一包，最后她共花了360元，且每种糖都买了.请问：卡莉娅共买了多少包奶糖？,C:\Users\admin\Desktop\试卷分析project\参考教材\奥数\竞赛数学导引 六年级.pdf
6,竞赛数学导引 六年级,8,不定方程,拓展篇,extension,66,13,★,0.994,False,67,medium,general,,,不定方程|general,5、6年级及以前高思导引拓展篇及以下难度 或 七年级及以上校内课本难度,mid,auto,L3,False,卡莉娅、小高去超市买水果.卡莉娅买了2千克橘子、3千克苹果和4千克梨，共花 师，老师买了6千克橘子和3千克苹果，那么老师应该花了多少钱？,C:\Users\admin\Desktop\试卷分析project\参考教材\奥数\竞赛数学导引 六年级.pdf
6,竞赛数学导引 六年级,8,不定方程,拓展篇,extension,66,14,,0.9865,False,99,long,general,,,不定方程|general,5、6年级及以前高思导引拓展篇及以下难度 或 七年级及以上校内课本难度,mid,auto,L4,False,红、蓝两种笔的单价都是整数元，并且红笔比蓝笔贵.小明买红笔、蓝笔各一支，共 用了23元.小强打算用109元来买这两种笔（也允许只买其中一种），可是他无论怎么买，都 不能把109元恰好用完.求红笔的单价，,C:\Users\admin\Desktop\试卷分析project\参考教材\奥数\竞赛数学导引 六年级.pdf
6,竞赛数学导引 六年级,8,不定方程,超越篇,challenge,66,1,★,0.9409,False,25,short,general,,,不定方程|general,高思导引超越篇难度,high,auto,L4,False,求不定方程35x十64y=1625的所有自然数解，,C:\Users\admin\Desktop\试卷分析project\参考教材\奥数\竞赛数学导引 六年级.pdf
6,竞赛数学导引 六年级,8,不定方程,超越篇,challenge,66,2,★,0.9956,False,233,very_long,application,,,不定方程|application,高思导引超越篇难度,high,auto,L4,False,一个水果批发市场运进苹果、梨和桃子各若干筐，共1355斤.其中苹果每筐60斤， 每斤定价1.5元；梨每筐55斤，每斤定价1.5元；桃子每筐45斤，每斤定价1.8元.批发市场是 以定价的70%购人这些水果的，如果全部售完，将获得638.1元的利润，请问：批发市场运进三 种水果各多少筐？ 数量的2倍.这天除了某张桌子坐满外，其他两人桌每桌都只坐1人，三人桌每桌都只坐2 人，四人桌每桌都只坐3人，且恰好平均每11人占用17个座位.请问：图书馆两人桌、三人 桌、四人桌分别有多少张？,C:\Users\admin\Desktop\试卷分析project\参考教材\奥数\竞赛数学导引 六年级.pdf
6,竞赛数学导引 六年级,8,不定方程,超越篇,challenge,67,4,,0.9978,False,137,very_long,general,,,不定方程|general,高思导引超越篇难度,high,auto,L4,False,采购员用一张万元支票去购物，买了若干个单价590元的A种商品和若干个单价 670元的B种商品，其中B种商品多于A种商品，最后找回了几张100元钞票和不到10张10 元钞票.如果把A、B两种商品的数量调换，找回的100元和10元的钞票张数正好也调换，那 么这两种商品分别买了多少个？,C:\Users\admin\Desktop\试卷分析project\参考教材\奥数\竞赛数学导引 六年级.pdf
6,竞赛数学导引 六年级,8,不定方程,超越篇,challenge,67,5,★,0.9955,False,108,long,general,,,不定方程|general,高思导引超越篇难度,high,auto,L4,False,有甲、乙、丙、丁四种货物，若购买甲1件、乙5件、丙1件、丁3件共需195元；若购 买甲2件、乙1件、丙4件、丁2件共需183元；若购买甲2件、乙6件、丙6件、丁5件共需375 元.现在购买甲、乙、丙、丁各一件共需多少元？,C:\Users\admin\Desktop\试卷分析project\参考教材\奥数\竞赛数学导引 六年级.pdf
6,竞赛数学导引 六年级,8,不定方程,超越篇,challenge,67,6,,0.9781,False,91,long,general,,,不定方程|general,高思导引超越篇难度,high,auto,L4,False,国庆节，公司发给唐师傅一张1000元的礼券，但只允许购买A、B、C、D、E五种 商品，并且必须正好把礼券用完.已知这五种商品每盒的价格和重量如下表. 商品 A B C D E 单价（元） 重量（千克）,C:\Users\admin\Desktop\试卷分析project\参考教材\奥数\竞赛数学导引 六年级.pdf
6,竞赛数学导引 六年级,8,不定方程,超越篇,challenge,67,1,,0.9991,False,40,short,general,,,不定方程|general,高思导引超越篇难度,high,auto,L4,False,5 如果唐师傅最多只能带走20千克商品，且一定要购买D商品，共有多少种不同的买法？,C:\Users\admin\Desktop\试卷分析project\参考教材\奥数\竞赛数学导引 六年级.pdf
6,竞赛数学导引 六年级,8,不定方程,超越篇,challenge,67,7,,0.9702,False,58,medium,general,,,不定方程|general,高思导引超越篇难度,high,auto,L4,False,禁现有一架天平和很多个13克和17克的砝码，用这些砝码，不能称出的最大整数 克重量是多少？（砝码只能放在天平的同一边）,C:\Users\admin\Desktop\试卷分析project\参考教材\奥数\竞赛数学导引 六年级.pdf
6,竞赛数学导引 六年级,8,不定方程,超越篇,challenge,67,8,,0.8996,False,54,medium,general,,,不定方程|general,高思导引超越篇难度,high,auto,L4,False,现有1.7升和4升的两个空桶和一个大桶里的100升汽油，用这两个空桶要倒出 1升汽油，至少需要倒多少次？ .53,C:\Users\admin\Desktop\试卷分析project\参考教材\奥数\竞赛数学导引 六年级.pdf
6,竞赛数学导引 六年级,9,立体几何,兴趣篇,interest,68,1,★★,0.9889,False,84,medium,geometry,,,立体几何|geometry,5、6年级及以前高思导引拓展篇及以下难度 或 七年级及以上校内课本难度,low,auto,L1,False,一个长方体的长、宽、高分别为3厘米、2厘米、1厘米.若它的棱长总和等于另一个 正方体的棱长总和，则长方体与正方体的表面积之比是多少？长方体体积比正方体体积少多 少立方厘米？,C:\Users\admin\Desktop\试卷分析project\参考教材\奥数\竞赛数学导引 六年级.pdf
6,竞赛数学导引 六年级,9,立体几何,兴趣篇,interest,68,2,★★,0.994,True,95,long,geometry,,has_diagram,立体几何|geometry,5、6年级及以前高思导引拓展篇及以下难度 或 七年级及以上校内课本难度,low,review,L2,False,如图9-1所示，将长为13厘米，宽为9厘米的长方形硬纸板的四角去掉边长为2 厘米的正方形，然后沿虚线折叠成长方体容器.这个容器的体积是多少立方厘米？如果四角 去掉边长为3厘米的正方形呢？ 图9-1,C:\Users\admin\Desktop\试卷分析project\参考教材\奥数\竞赛数学导引 六年级.pdf
6,竞赛数学导引 六年级,9,立体几何,兴趣篇,interest,69,3,,0.9918,True,47,medium,geometry,,has_diagram,立体几何|geometry,5、6年级及以前高思导引拓展篇及以下难度 或 七年级及以上校内课本难度,low,review,L1,False,用棱长是1厘米的小立方体拼成如图9－2所示的立体图形，这 个图形的表面积是多少平方厘米？ 图9-2,C:\Users\admin\Desktop\试卷分析project\参考教材\奥数\竞赛数学导引 六年级.pdf
6,竞赛数学导引 六年级,9,立体几何,兴趣篇,interest,69,4,★★,0.9764,True,38,short,geometry,,has_diagram,立体几何|geometry,5、6年级及以前高思导引拓展篇及以下难度 或 七年级及以上校内课本难度,low,review,L1,False,（1）如图9-3所示，将一个棱长为6的正方体从某个角切掉一个长、宽、高分别为,C:\Users\admin\Desktop\试卷分析project\参考教材\奥数\竞赛数学导引 六年级.pdf
6,竞赛数学导引 六年级,9,立体几何,兴趣篇,interest,69,4,,0.9948,True,88,medium,application,,has_diagram,立体几何|application,5、6年级及以前高思导引拓展篇及以下难度 或 七年级及以上校内课本难度,low,review,L1,False,5的长方体，剩余部分的表面积是多少？ （2）如图9-4所示，将一个棱长为5的正方体，从左上方切去一个长、宽、高分别为5、4、3 的长方体，它的表面积减少了百分之几？ 图9-3 图9-4,C:\Users\admin\Desktop\试卷分析project\参考教材\奥数\竞赛数学导引 六年级.pdf
6,竞赛数学导引 六年级,9,立体几何,兴趣篇,interest,69,5,,0.9937,True,121,very_long,geometry,,has_diagram,立体几何|geometry,5、6年级及以前高思导引拓展篇及以下难度 或 七年级及以上校内课本难度,low,review,L3,False,如图9-5所示，有一个棱长为2厘米的正方体.从正方体的上 面正中向下挖一个棱长为1厘米的正方体小洞；接着在小洞的底面正中再 向下挖一个棱长为 厘米的小洞；第三个小洞的挖法与前两个相同，棱长 为一厘米.最后得到的立体图形的表面积是多少平方厘米？ 图9-5,C:\Users\admin\Desktop\试卷分析project\参考教材\奥数\竞赛数学导引 六年级.pdf
6,竞赛数学导引 六年级,9,立体几何,兴趣篇,interest,69,6,★,0.9911,True,186,very_long,geometry,,has_diagram,立体几何|geometry,5、6年级及以前高思导引拓展篇及以下难度 或 七年级及以上校内课本难度,low,review,L3,False,（1）如图9-6，将4块棱长为1的正方体木块排成一排，拼成一个长方体.那么拼 合后这个长方体的表面积，比原来4个正方体的表面积之和少了多少？ (2）一个正方体形状的木块，棱长为1，如图9-7所示，将其切成两个长方体.这两部分 的表面积总和是多少？如果在此基础上再切4刀（如图9－8所示），将其切成大大小小共18 块长方体.这18块长方体表面积总和又是多少？ 图9-6 图9-7 图9-8,C:\Users\admin\Desktop\试卷分析project\参考教材\奥数\竞赛数学导引 六年级.pdf
6,竞赛数学导引 六年级,9,立体几何,兴趣篇,interest,70,7,,0.9955,True,62,medium,geometry,,has_diagram,立体几何|geometry,5、6年级及以前高思导引拓展篇及以下难度 或 七年级及以上校内课本难度,low,review,L1,False,如图9-9所示，有一个圆柱和一个圆锥，它们的高和 底面直径都标在图上，单位是厘米.请问：圆锥体积与圆柱体积 的比是多少？ 图9-9,C:\Users\admin\Desktop\试卷分析project\参考教材\奥数\竞赛数学导引 六年级.pdf
6,竞赛数学导引 六年级,9,立体几何,兴趣篇,interest,70,8,,0.9904,True,131,very_long,geometry,,has_diagram,立体几何|geometry,5、6年级及以前高思导引拓展篇及以下难度 或 七年级及以上校内课本难度,low,review,L3,False,如图9-10所示，一块三层蛋糕，由三个高都为1分米，底面 半径分别为1.5分米、1分米和0.5分米的圆柱体组成.请问： (1）这个蛋糕的表面积是多少平方分米？（π取3.14) （2）如果沿经过中轴线AB的平面切一刀，将该蛋糕分成完全相同 的两部分，那表面积之和又是多少？,C:\Users\admin\Desktop\试卷分析project\参考教材\奥数\竞赛数学导引 六年级.pdf
6,竞赛数学导引 六年级,9,立体几何,兴趣篇,interest,70,1,,0.966,False,137,very_long,calculation,,,立体几何|calculation,5、6年级及以前高思导引拓展篇及以下难度 或 七年级及以上校内课本难度,low,auto,L3,False,5 图9-10 9有大、中、小三个立方体水池，它们的内部棱长分别是6米、3米、2米.三个池子都 装了半池水.现将两堆碎石分别沉没在中、小水池的水里，两个水池的水面分别升高了6厘米 和4厘米.如果将这两堆碎石都沉没在大水池的水里，大水池的水面会升高多少厘米？（结果 精确到小数点后两位）,C:\Users\admin\Desktop\试卷分析project\参考教材\奥数\竞赛数学导引 六年级.pdf
6,竞赛数学导引 六年级,9,立体几何,兴趣篇,interest,70,10,,0.992,False,95,long,geometry,,,立体几何|几何问题|geometry,5、6年级及以前高思导引拓展篇及以下难度 或 七年级及以上校内课本难度,low,auto,L2,False,有一个高24厘米，底面半径为10厘米的圆柱形容器，里面装了一半水.现有一根 长30厘米，底面半径为2厘米的圆柱体木棒.将木棒竖直放入容器中，使棒的底面与容器的 底面接触.这时水面升高了多少厘米？,C:\Users\admin\Desktop\试卷分析project\参考教材\奥数\竞赛数学导引 六年级.pdf
6,竞赛数学导引 六年级,9,立体几何,拓展篇,extension,70,1,★★,0.9848,True,75,medium,geometry,,has_diagram,立体几何|geometry,5、6年级及以前高思导引拓展篇及以下难度 或 七年级及以上校内课本难度,mid,review,L3,False,如图9-11，将三个表面积分别为54平方厘米、96平方厘米和150平方厘米的铁质 正方体熔铸成一个大正方体（不计损耗）.求这个大正方体的体积. 图9-11,C:\Users\admin\Desktop\试卷分析project\参考教材\奥数\竞赛数学导引 六年级.pdf
6,竞赛数学导引 六年级,9,立体几何,拓展篇,extension,71,2,,0.998,False,79,medium,geometry,,,立体几何|geometry,5、6年级及以前高思导引拓展篇及以下难度 或 七年级及以上校内课本难度,mid,auto,L3,False,一个长方体，如果长增加2厘米，则体积增加40立方厘米；如果宽增加3厘米，则体 积增加90立方厘米；如果高增加4厘米，则体积增加96立方厘米.求这个长方体的表面积,C:\Users\admin\Desktop\试卷分析project\参考教材\奥数\竞赛数学导引 六年级.pdf
6,竞赛数学导引 六年级,9,立体几何,拓展篇,extension,71,3,★,0.9868,True,57,medium,geometry,,has_diagram,立体几何|geometry,5、6年级及以前高思导引拓展篇及以下难度 或 七年级及以上校内课本难度,mid,review,L3,False,如图9-12所示，有30个棱长为1米的正方体堆成一个四 层的立体图形.请问：这个立体图形的表面积等于多少？ 图9-12,C:\Users\admin\Desktop\试卷分析project\参考教材\奥数\竞赛数学导引 六年级.pdf
6,竞赛数学导引 六年级,9,立体几何,拓展篇,extension,71,4,★,0.99,True,116,long,geometry,,has_diagram,立体几何|geometry,5、6年级及以前高思导引拓展篇及以下难度 或 七年级及以上校内课本难度,mid,review,L4,False,如图9-13所示，将一个棱长为10的正方体从顶点A切掉一个棱长为4的正方 体，得到如图9-14所示的立体图形.这个立体图形的表面积是多少？如果再从顶点B切掉 一个棱长为6的正方体，那么剩下的立体图形的表面积又是多少？ 图9-13 图9-14,C:\Users\admin\Desktop\试卷分析project\参考教材\奥数\竞赛数学导引 六年级.pdf
6,竞赛数学导引 六年级,9,立体几何,拓展篇,extension,71,5,★★,0.989,True,75,medium,geometry,,has_diagram,立体几何|geometry,5、6年级及以前高思导引拓展篇及以下难度 或 七年级及以上校内课本难度,mid,review,L3,False,一个正方体被切成24个大小形状一模一样的小长方体（如图9- 15所示)，这些小长方体的表面积之和为162平方厘米.请问：原正方体的体 积是多少？ 图9-15,C:\Users\admin\Desktop\试卷分析project\参考教材\奥数\竞赛数学导引 六年级.pdf
6,竞赛数学导引 六年级,9,立体几何,拓展篇,extension,71,6,,0.9433,False,103,long,geometry,,,立体几何|geometry,5、6年级及以前高思导引拓展篇及以下难度 或 七年级及以上校内课本难度,mid,auto,L4,False,图9-16是一个棱长为4厘米的正方体，分别在前、后、左、右、 上、下各面的中心位置挖去一个棱长1厘米的小正方体，做成一种玩具.该 玩具的表面积是多少平方厘米？如果把这些洞都打穿，表面积又变成了 日 多少？ 图9-16,C:\Users\admin\Desktop\试卷分析project\参考教材\奥数\竞赛数学导引 六年级.pdf
6,竞赛数学导引 六年级,9,立体几何,拓展篇,extension,71,7,,0.9939,False,76,medium,geometry,,,立体几何|geometry,5、6年级及以前高思导引拓展篇及以下难度 或 七年级及以上校内课本难度,mid,auto,L3,False,一个无盖木盒从外面量时，其长、宽、高分别为10厘米、8厘米、5厘米.已知木板厚 1厘米，那么做一个木盒需要这样的木板多少平方厘米？这个木盒的容积又是多少？,C:\Users\admin\Desktop\试卷分析project\参考教材\奥数\竞赛数学导引 六年级.pdf
6,竞赛数学导引 六年级,9,立体几何,拓展篇,extension,72,8,★★,0.9759,False,36,short,geometry,,,立体几何|geometry,5、6年级及以前高思导引拓展篇及以下难度 或 七年级及以上校内课本难度,mid,auto,L3,False,在边长为2的正方体中，放人一个最大的圆柱，问：该圆柱的体积是多少？（π取,C:\Users\admin\Desktop\试卷分析project\参考教材\奥数\竞赛数学导引 六年级.pdf
6,竞赛数学导引 六年级,9,立体几何,拓展篇,extension,72,9,★★,0.9667,True,59,medium,geometry,,has_diagram,立体几何|geometry,5、6年级及以前高思导引拓展篇及以下难度 或 七年级及以上校内课本难度,mid,review,L3,False,如图9-17，已知圆柱的底面直径、圆柱的高、圆锥的高都是6米，求该立体图形的 体积.（π取3.14) 图9-17 图9-18,C:\Users\admin\Desktop\试卷分析project\参考教材\奥数\竞赛数学导引 六年级.pdf
6,竞赛数学导引 六年级,9,立体几何,拓展篇,extension,72,10,★★,0.9679,True,93,long,geometry,,has_diagram,立体几何|geometry,5、6年级及以前高思导引拓展篇及以下难度 或 七年级及以上校内课本难度,mid,review,L4,False,有一根长为20厘米，直径为6厘米的圆钢，在它的两端各钻一个4厘米深，底面 直径也为6厘米的圆锥形的孔，做成一个零件（如图9－18所示).请问：这个零件的体积为多 少立方厘米？（π取3.14）,C:\Users\admin\Desktop\试卷分析project\参考教材\奥数\竞赛数学导引 六年级.pdf
6,竞赛数学导引 六年级,9,立体几何,拓展篇,extension,72,11,,0.9862,False,80,medium,geometry,,,立体几何|geometry,5、6年级及以前高思导引拓展篇及以下难度 或 七年级及以上校内课本难度,mid,auto,L3,False,现有一块长、宽、高分别为10厘米、8厘米、6厘米的长方体木块，把它切成体积尽 可能大且底面在长方体表面上的圆柱体木块，请问：这个圆柱体木块的体积为多少？（π取3),C:\Users\admin\Desktop\试卷分析project\参考教材\奥数\竞赛数学导引 六年级.pdf
6,竞赛数学导引 六年级,9,立体几何,拓展篇,extension,72,12,★,0.9898,False,94,long,geometry,,,立体几何|geometry,5、6年级及以前高思导引拓展篇及以下难度 或 七年级及以上校内课本难度,mid,auto,L4,False,张大爷去年用长2米、宽1米的长方形苇席围成了一个容积最大的圆柱体粮囤. 今年他改用长3米、宽2米的长方形苇席来围，也同样围成容积最大的圆柱体粮囤.请问：今 年粮囤的容积是去年粮囤容积的多少倍？,C:\Users\admin\Desktop\试卷分析project\参考教材\奥数\竞赛数学导引 六年级.pdf
6,竞赛数学导引 六年级,9,立体几何,拓展篇,extension,72,13,,0.9972,False,22,short,geometry,,,立体几何|geometry,5、6年级及以前高思导引拓展篇及以下难度 或 七年级及以上校内课本难度,mid,auto,L3,False,左边正方形的边长为4，右边正方形对角线长度为,C:\Users\admin\Desktop\试卷分析project\参考教材\奥数\竞赛数学导引 六年级.pdf
6,竞赛数学导引 六年级,9,立体几何,拓展篇,extension,72,6,,0.9947,False,42,short,geometry,geometry_transform,,立体几何|geometry|geometry_transform,5、6年级及以前高思导引拓展篇及以下难度 或 七年级及以上校内课本难度,mid,auto,L3,False,如果按照图9-19中所示的方式旋转，那么得到的两个旋转 体的体积之比是多少？ 图9-19,C:\Users\admin\Desktop\试卷分析project\参考教材\奥数\竞赛数学导引 六年级.pdf
6,竞赛数学导引 六年级,9,立体几何,拓展篇,extension,73,14,★,0.9924,True,153,very_long,geometry,,has_diagram,立体几何|几何问题|geometry,5、6年级及以前高思导引拓展篇及以下难度 或 七年级及以上校内课本难度,mid,review,L4,False,如图9-20所示，一个底面长30分米，宽10分米，高12分米的长方体水池，存有 四分之三池水.请问： （1）将一个高11分米，体积330立方分米的圆柱放人池中，水面的高度变为多少分米？ （2）如果再放人一个同样的圆柱，水面高度又变成了多少分米？ （3）如果再放人一个同样的圆柱，水面高度又变成了多少分米？ 图9-20,C:\Users\admin\Desktop\试卷分析project\参考教材\奥数\竞赛数学导引 六年级.pdf
6,竞赛数学导引 六年级,9,立体几何,超越篇,challenge,73,1,★,0.9881,True,111,long,geometry,,has_diagram,立体几何|geometry,高思导引超越篇难度,high,review,L4,False,有一个棱长为20的大立方体，在它的每个角上按如图9－21 所示的方式各做一个小立方体，于是得到8个小立方体.在这些立方体 中，上面4个的棱长为12，下面4个的棱长为13.请问：所有这8个小立 方体公共部分的体积是多少？ 图9-21,C:\Users\admin\Desktop\试卷分析project\参考教材\奥数\竞赛数学导引 六年级.pdf
6,竞赛数学导引 六年级,9,立体几何,超越篇,challenge,73,2,★,0.9919,True,124,very_long,geometry,,has_diagram,立体几何|geometry,高思导引超越篇难度,high,review,L4,False,地上有一堆小立方体，从上面看时如图9－22所示，从前面看时如图9－23所示， 从左边看时如图9－24所示.请问：这一堆立方体一共有几个？如果每个小立方体的棱长为1 厘米，那么这堆立方体所堆成的立体图形表面积为多少平方厘米？ 图9-22 图9-23 图9-24,C:\Users\admin\Desktop\试卷分析project\参考教材\奥数\竞赛数学导引 六年级.pdf
6,竞赛数学导引 六年级,9,立体几何,超越篇,challenge,73,3,,0.9892,False,106,long,geometry,,,立体几何|geometry,高思导引超越篇难度,high,auto,L4,False,（1）已知一个圆锥的底面直径为6厘米，高为4厘米.求它的体积和表面积；（答案 用表示） （2）用一个半径为25厘米，圆心角为345.6°的扇形围成一个圆锥.这个圆锥的体积是多 少？如果圆心角是216呢？（答案用π表示）,C:\Users\admin\Desktop\试卷分析project\参考教材\奥数\竞赛数学导引 六年级.pdf
6,竞赛数学导引 六年级,9,立体几何,超越篇,challenge,74,4,★,0.9923,True,139,very_long,geometry,,has_diagram,立体几何|geometry,高思导引超越篇难度,high,review,L4,False,将图9-25、图9-26中的平面图形分别折叠成一个四棱锥和三棱柱，这两个立体 图形的体积分别是多少？（图9－25正中央是一个面积为18平方厘米的正方形，每边上分别 有一个腰长为5厘米的等腰三角形；图9－26中的图形由三个长方形和两个直角三角形 组成.） 18平方 厘米 图9-25 图9-26,C:\Users\admin\Desktop\试卷分析project\参考教材\奥数\竞赛数学导引 六年级.pdf
6,竞赛数学导引 六年级,9,立体几何,超越篇,challenge,74,5,,0.9702,True,116,long,geometry,,has_diagram,立体几何|geometry,高思导引超越篇难度,high,review,L4,False,一个透明的封闭盛水容器，由一个圆柱体和一个圆锥体组成，如图9-27圆柱体的 底面直径和高都是12厘米.其内有一些水，正放时水面离容器 顶11厘米，倒放时，水面离顶部5厘米.请问：这个容器的容积 一 是多少立方厘米？（π取3.14） 图9-27,C:\Users\admin\Desktop\试卷分析project\参考教材\奥数\竞赛数学导引 六年级.pdf
6,竞赛数学导引 六年级,9,立体几何,超越篇,challenge,74,6,,0.9962,False,120,very_long,geometry,,,立体几何|geometry,高思导引超越篇难度,high,auto,L4,False,有一个长方体水池，底面为边长60厘米的正方形.里面插着一根长1米的木桩，木 桩的底面是一个边长15厘米的正方形.木桩有一部分浸在水中，一部分露出水面.现在将木 桩提起来24厘米（仍有部分浸在水里），那么露出水面的木桩浸湿部分面积为多少平方厘米？,C:\Users\admin\Desktop\试卷分析project\参考教材\奥数\竞赛数学导引 六年级.pdf
6,竞赛数学导引 六年级,9,立体几何,超越篇,challenge,74,7,★,0.9796,False,96,long,geometry,,,立体几何|geometry,高思导引超越篇难度,high,auto,L4,False,图9-28是一个有底无盖的容器的平面展开图，其中① 是边长为18厘米的正方形，②、③、④、5是同样大的等腰直角三 角形，6、、⑧、9是同样大的等边三角形.那么，这个容器的容 积是多少毫升？ 图9-28,C:\Users\admin\Desktop\试卷分析project\参考教材\奥数\竞赛数学导引 六年级.pdf
6,竞赛数学导引 六年级,9,立体几何,超越篇,challenge,74,8,,0.9937,False,88,medium,geometry,,,立体几何|几何问题|geometry,高思导引超越篇难度,high,auto,L4,False,有一个三棱柱和一个正方体，三棱柱的底面是一个等边三角形，边长恰好等于正 方体的面对角线长度，三棱柱的高恰好等于正方体的体对角线长度，如果正方体的棱长为6， 那么三棱柱的体积为多少？,C:\Users\admin\Desktop\试卷分析project\参考教材\奥数\竞赛数学导引 六年级.pdf
6,竞赛数学导引 六年级,10,几何综合一,兴趣篇,interest,75,1,,0.9694,True,74,medium,geometry,,has_diagram,几何综合一|geometry,5、6年级及以前高思导引拓展篇及以下难度 或 七年级及以上校内课本难度,low,review,L1,False,图10-1中八条边的长度正好分别是1、2、3、4、5、6、7、8厘米.已知α=2厘米，、 6=4厘米，c=5厘米，求图形的面积. g 图10-1 图10-2,C:\Users\admin\Desktop\试卷分析project\参考教材\奥数\竞赛数学导引 六年级.pdf
6,竞赛数学导引 六年级,10,几何综合一,兴趣篇,interest,75,2,,0.9252,True,26,short,geometry,,has_diagram,几何综合一|geometry,5、6年级及以前高思导引拓展篇及以下难度 或 七年级及以上校内课本难度,low,review,L1,False,如图10-2所示，1+2+3+4+5十6等于多少度？,C:\Users\admin\Desktop\试卷分析project\参考教材\奥数\竞赛数学导引 六年级.pdf
6,竞赛数学导引 六年级,10,几何综合一,兴趣篇,interest,76,3,,0.9859,True,71,medium,geometry,,has_diagram,几何综合一|geometry,5、6年级及以前高思导引拓展篇及以下难度 或 七年级及以上校内课本难度,low,review,L1,False,如图10-3，平行四边形ABCD的周长为75厘米.以 BC为底时高是14厘米，以CD为底时高是16厘米.求平行四 边形ABCD的面积. E 图10-3,C:\Users\admin\Desktop\试卷分析project\参考教材\奥数\竞赛数学导引 六年级.pdf
6,竞赛数学导引 六年级,10,几何综合一,兴趣篇,interest,76,4,,0.9866,True,92,long,geometry,,has_diagram,几何综合一|geometry,5、6年级及以前高思导引拓展篇及以下难度 或 七年级及以上校内课本难度,low,review,L2,False,如图10-4，一个边长为1米的正方形被分成4个小长方形，它们的面积分别是 平方米、 平方米、 平方米和： 平方米.已知图中的阴影部分是正方形，那么它的面积是多 少平方米？ 红 绿 图10-4 图10-5,C:\Users\admin\Desktop\试卷分析project\参考教材\奥数\竞赛数学导引 六年级.pdf
6,竞赛数学导引 六年级,10,几何综合一,兴趣篇,interest,76,5,,0.9949,True,98,long,geometry,,has_diagram,几何综合一|geometry,5、6年级及以前高思导引拓展篇及以下难度 或 七年级及以上校内课本难度,low,review,L2,False,如图10-5，红、黄、绿三块大小一样的正方形纸片，放在一个正方体盒内，它们之间 相互重叠.已知露在外面的部分中，红色的面积是20，黄色的面积是14，绿色的面积是10.那 么，正方体盒子的底面积是多少？,C:\Users\admin\Desktop\试卷分析project\参考教材\奥数\竞赛数学导引 六年级.pdf
6,竞赛数学导引 六年级,10,几何综合一,兴趣篇,interest,76,6,,0.9747,True,57,medium,geometry,,has_diagram,几何综合一|geometry,5、6年级及以前高思导引拓展篇及以下难度 或 七年级及以上校内课本难度,low,review,L1,False,"如图10-6,三角形ABC中，DE与BC平行，且AD：DB=5：2，求AE：EC及 DE:BC. 图10-6 图10-7",C:\Users\admin\Desktop\试卷分析project\参考教材\奥数\竞赛数学导引 六年级.pdf
6,竞赛数学导引 六年级,10,几何综合一,兴趣篇,interest,76,7,,0.9794,True,52,medium,geometry,,has_diagram,几何综合一|geometry,5、6年级及以前高思导引拓展篇及以下难度 或 七年级及以上校内课本难度,low,review,L1,False,如图10-7，已知三角形ABC的面积为1平方厘米，D、E分别是AB、AC边的中 点.求三角形OBC的面积.,C:\Users\admin\Desktop\试卷分析project\参考教材\奥数\竞赛数学导引 六年级.pdf
6,竞赛数学导引 六年级,10,几何综合一,兴趣篇,interest,77,8,,0.9943,True,62,medium,geometry,,has_diagram,几何综合一|geometry,5、6年级及以前高思导引拓展篇及以下难度 或 七年级及以上校内课本难度,low,review,L1,False,在图10-8的正方形中，A、B、C分别是ED、EG、GF的中 点.请问：三角形CDO的面积是三角形ABO面积的几倍？ 图10-8,C:\Users\admin\Desktop\试卷分析project\参考教材\奥数\竞赛数学导引 六年级.pdf
6,竞赛数学导引 六年级,10,几何综合一,兴趣篇,interest,77,9,★,0.9927,True,77,medium,geometry,,has_diagram,几何综合一|geometry,5、6年级及以前高思导引拓展篇及以下难度 或 七年级及以上校内课本难度,low,review,L1,False,如图10-9，四边形ABCD是平行四边形，面积为72平方厘米，E、F分别为边 AB、BC的中点，请问：阴影部分的面积为多少平方厘米？ D 图10-9 图10-10,C:\Users\admin\Desktop\试卷分析project\参考教材\奥数\竞赛数学导引 六年级.pdf
6,竞赛数学导引 六年级,10,几何综合一,兴趣篇,interest,77,10,,0.997,True,57,medium,geometry,,has_diagram,几何综合一|几何问题|geometry,5、6年级及以前高思导引拓展篇及以下难度 或 七年级及以上校内课本难度,low,review,L1,False,如图10-10，在三角形ABC中，CE=2AE，F是AD的中点，三角形ABC的面 积是1，那么阴影部分的面积是多少？,C:\Users\admin\Desktop\试卷分析project\参考教材\奥数\竞赛数学导引 六年级.pdf
6,竞赛数学导引 六年级,10,几何综合一,拓展篇,extension,77,1,★,0.9922,True,89,medium,geometry,,has_diagram,几何综合一|geometry,5、6年级及以前高思导引拓展篇及以下难度 或 七年级及以上校内课本难度,mid,review,L3,False,如图10-11，A、B是两个大小完全一样的长方形，已知这两个长方形的长比宽长 8厘米，图10-11中的字母表示相应部分的长度.问：A、B中阴影部分的周长哪个长？长 多少？ 图10-11,C:\Users\admin\Desktop\试卷分析project\参考教材\奥数\竞赛数学导引 六年级.pdf
6,竞赛数学导引 六年级,10,几何综合一,拓展篇,extension,78,2,,0.9218,True,55,medium,geometry,,has_diagram,几何综合一|geometry,5、6年级及以前高思导引拓展篇及以下难度 或 七年级及以上校内课本难度,mid,review,L3,False,如图10-12，三角形ABC中，AD=CD，B=51°，DCB=73°，求CDB和 ZA 图10-12 图10-13,C:\Users\admin\Desktop\试卷分析project\参考教材\奥数\竞赛数学导引 六年级.pdf
6,竞赛数学导引 六年级,10,几何综合一,拓展篇,extension,78,3,★,0.9898,True,100,long,geometry,,has_diagram,几何综合一|geometry,5、6年级及以前高思导引拓展篇及以下难度 或 七年级及以上校内课本难度,mid,review,L4,False,如图10-13，ABCDE是正五边形，CDF是正三角形，那么BFE等于多少度？ 斜边上去与斜边相重合，如图10-14所示.问：图中的阴影部分（即折叠的部分）的面积是多 少平方厘米？ 图10-14 图10-15,C:\Users\admin\Desktop\试卷分析project\参考教材\奥数\竞赛数学导引 六年级.pdf
6,竞赛数学导引 六年级,10,几何综合一,拓展篇,extension,78,5,★,0.9935,True,55,medium,geometry,,has_diagram,几何综合一|geometry,5、6年级及以前高思导引拓展篇及以下难度 或 七年级及以上校内课本难度,mid,review,L3,False,在图10-15中大长方形被分为四个小长方形，面积分别为12、24、36、48.请问： 图中阴影部分的面积是多少？,C:\Users\admin\Desktop\试卷分析project\参考教材\奥数\竞赛数学导引 六年级.pdf
6,竞赛数学导引 六年级,10,几何综合一,拓展篇,extension,78,6,,0.9872,True,70,medium,geometry,,has_diagram,几何综合一|geometry,5、6年级及以前高思导引拓展篇及以下难度 或 七年级及以上校内课本难度,mid,review,L3,False,三个面积都是12的正方形放在一个长方形的盒子里面，如图10－16，盒中空白部 分的面积已经标出，求图中大长方形的面积. 图10-16 图10-17,C:\Users\admin\Desktop\试卷分析project\参考教材\奥数\竞赛数学导引 六年级.pdf
6,竞赛数学导引 六年级,10,几何综合一,拓展篇,extension,78,7,,0.9947,True,78,medium,geometry,,has_diagram,几何综合一|geometry,5、6年级及以前高思导引拓展篇及以下难度 或 七年级及以上校内课本难度,mid,review,L3,False,如图10-17，三角形ABC的面积为1.D、E分别为AB、AC的中点.F、G是BC 边上的三等分点.请问：三角形DEF的面积是多少？三角形DOE的面积是多少？,C:\Users\admin\Desktop\试卷分析project\参考教材\奥数\竞赛数学导引 六年级.pdf
6,竞赛数学导引 六年级,10,几何综合一,拓展篇,extension,79,8,,0.913,True,91,long,geometry,,has_diagram,几何综合一|geometry,5、6年级及以前高思导引拓展篇及以下难度 或 七年级及以上校内课本难度,mid,review,L4,False,"如图10-18，在三角形ABC中，IF和BC平行， GD和AB平行，HE和AC平行.已知AG：GF：FC=4：3： 2,那么AH：HI：IB和BD：DE：EC分别是多少? D E 图10-18",C:\Users\admin\Desktop\试卷分析project\参考教材\奥数\竞赛数学导引 六年级.pdf
6,竞赛数学导引 六年级,10,几何综合一,拓展篇,extension,79,9,,0.9956,True,70,medium,geometry,,has_diagram,几何综合一|geometry,5、6年级及以前高思导引拓展篇及以下难度 或 七年级及以上校内课本难度,mid,review,L3,False,如图10-19，梯形ABCD的上底AD长10厘米，下底BC长15厘米.如果EF与 上、下底平行，那么EF的长度为多少？ 图10-19 图10-20,C:\Users\admin\Desktop\试卷分析project\参考教材\奥数\竞赛数学导引 六年级.pdf
6,竞赛数学导引 六年级,10,几何综合一,拓展篇,extension,79,10,,0.972,True,31,short,geometry,,has_diagram,几何综合一|geometry,5、6年级及以前高思导引拓展篇及以下难度 或 七年级及以上校内课本难度,mid,review,L3,False,如图10-20，正六边形的面积为6，那么阴影部分的面积是多少？,C:\Users\admin\Desktop\试卷分析project\参考教材\奥数\竞赛数学导引 六年级.pdf
6,竞赛数学导引 六年级,10,几何综合一,拓展篇,extension,79,11,★,0.9952,True,88,medium,geometry,,has_diagram,几何综合一|geometry,5、6年级及以前高思导引拓展篇及以下难度 或 七年级及以上校内课本难度,mid,review,L3,False,两盏4米高的路灯相距10米，有一个身高1.5米的同学行走在这两盏路灯之间， 那么他的两个影子总长度是多少米？ 面积为3和4，那么阴影直角三角形的面积是多少？ 图10-21 图10-22,C:\Users\admin\Desktop\试卷分析project\参考教材\奥数\竞赛数学导引 六年级.pdf
6,竞赛数学导引 六年级,10,几何综合一,拓展篇,extension,79,13,,0.9955,True,59,medium,geometry,,has_diagram,几何综合一|geometry,5、6年级及以前高思导引拓展篇及以下难度 或 七年级及以上校内课本难度,mid,review,L3,False,如图10-22，在三角形ABC中，AE=ED，D点是BC的四等分点，请问：阴影部 分的面积占三角形ABC面积的几分之几？,C:\Users\admin\Desktop\试卷分析project\参考教材\奥数\竞赛数学导引 六年级.pdf
6,竞赛数学导引 六年级,10,几何综合一,拓展篇,extension,80,14,★,0.992,True,75,medium,geometry,,has_diagram,几何综合一|几何问题|geometry,5、6年级及以前高思导引拓展篇及以下难度 或 七年级及以上校内课本难度,mid,review,L3,False,如图10-23，在三角形ABC中，三角形AEO的面积是1， 三角形ABO的面积是2，三角形BOD的面积是3，那么四边形DCEO 的面积是多少？ 图10-23,C:\Users\admin\Desktop\试卷分析project\参考教材\奥数\竞赛数学导引 六年级.pdf
6,竞赛数学导引 六年级,10,几何综合一,超越篇,challenge,80,1,,0.9928,True,84,medium,geometry,,has_diagram,几何综合一|geometry,高思导引超越篇难度,high,review,L4,False,如图10-24，长方形的面积是60平方厘米，其内3条长度相 等且两两夹角为120°的线段将长方形分成了两个梯形和一个三角形 请问：一个梯形的面积是多少平方厘米？ 图10-24,C:\Users\admin\Desktop\试卷分析project\参考教材\奥数\竞赛数学导引 六年级.pdf
6,竞赛数学导引 六年级,10,几何综合一,超越篇,challenge,80,2,★,0.9836,True,110,long,geometry,,has_diagram,几何综合一|geometry,高思导引超越篇难度,high,review,L4,False,如图10-25，P是三角形ABC内一点，DE平行于 AB，FG平行于BC，HI平行于CA，四边形AIPD的面积是 12，四边形PGCH的面积是15，四边形BEPF的面积是20.请 问：三角形ABC的面积是多少？ E H 图10-25,C:\Users\admin\Desktop\试卷分析project\参考教材\奥数\竞赛数学导引 六年级.pdf
6,竞赛数学导引 六年级,10,几何综合一,超越篇,challenge,80,3,,0.9951,True,82,medium,geometry,,has_diagram,几何综合一|geometry,高思导引超越篇难度,high,review,L4,False,如图10-26所示，正方形ABCD的面积为1.E、F分别是BC和DC的中点，DE 与BF交于M点，DE与AF交于N点，那么阴影三角形MFN的面积为多少？ E 图10-26,C:\Users\admin\Desktop\试卷分析project\参考教材\奥数\竞赛数学导引 六年级.pdf
6,竞赛数学导引 六年级,10,几何综合一,超越篇,challenge,81,4,,0.9918,True,55,medium,geometry,,has_diagram,几何综合一|geometry,高思导引超越篇难度,high,review,L4,False,如图10-27，三角形ABC的面积为1，D、E、F分别是 三条边上的三等分点，求阴影三角形的面积. D 图10-27,C:\Users\admin\Desktop\试卷分析project\参考教材\奥数\竞赛数学导引 六年级.pdf
6,竞赛数学导引 六年级,10,几何综合一,超越篇,challenge,81,5,,0.9935,True,80,medium,geometry,,has_diagram,几何综合一|geometry,高思导引超越篇难度,high,review,L4,False,如图10-28，小高测出家里瓷砖的长为24厘米，宽为10厘米，而且还测出了边上 的中间线段均为4厘米，那么中间菱形的面积是多少平方厘米？ G 图10-28 图10-29,C:\Users\admin\Desktop\试卷分析project\参考教材\奥数\竞赛数学导引 六年级.pdf
6,竞赛数学导引 六年级,10,几何综合一,超越篇,challenge,81,6,,0.9926,True,91,long,geometry,,has_diagram,几何综合一|geometry,高思导引超越篇难度,high,review,L4,False,如图10-29，ED垂直于等腰梯形ABCD的上底AD，并交BC于G，AE平行于 BD，DCB=45°，且三角形ABD和三角形EDC的面积分别为75、45，那么三角形AED的 面积是多少？,C:\Users\admin\Desktop\试卷分析project\参考教材\奥数\竞赛数学导引 六年级.pdf
6,竞赛数学导引 六年级,10,几何综合一,超越篇,challenge,81,7,,0.9931,False,104,long,geometry,,,几何综合一|geometry,高思导引超越篇难度,high,auto,L4,False,在长方形ABCD中，E、F、G、H分别是边AB、BC、CD、DA上的点，将长方形 的四个角分别沿着HE、EF、FG、GH对折后，A点与B点重合，C点与D点重合.已知 EH=3，EF=4，求线段AD与AB的长度比.,C:\Users\admin\Desktop\试卷分析project\参考教材\奥数\竞赛数学导引 六年级.pdf
6,竞赛数学导引 六年级,10,几何综合一,超越篇,challenge,81,8,,0.9882,True,83,medium,geometry,,has_diagram,几何综合一|几何问题|geometry,高思导引超越篇难度,high,review,L4,False,如图10-30，在长方形ABCD中，AE：ED=AF：AB=BG：GC.已知△EFC 的面积为20，△FGD的面积为16，那么长方形ABCD的面积是多少？ G 图10-30,C:\Users\admin\Desktop\试卷分析project\参考教材\奥数\竞赛数学导引 六年级.pdf
6,竞赛数学导引 六年级,11,几何综合二,兴趣篇,interest,82,1,,0.9927,True,77,medium,geometry,,has_diagram,几何综合二|geometry,5、6年级及以前高思导引拓展篇及以下难度 或 七年级及以上校内课本难度,low,review,L1,False,图11-1中有半径分别为5厘米、4厘米、3厘米的三个圆，A部分（即两小圆重叠 部分）的面积与阴影部分的面积相比，哪个大？大多少？ 10厘米 图11-1 图11-2,C:\Users\admin\Desktop\试卷分析project\参考教材\奥数\竞赛数学导引 六年级.pdf
6,竞赛数学导引 六年级,11,几何综合二,兴趣篇,interest,82,2,,0.9813,True,60,medium,geometry,,has_diagram,几何综合二|geometry,5、6年级及以前高思导引拓展篇及以下难度 或 七年级及以上校内课本难度,low,review,L1,False,如图11-2，在两个同心圆上有一条两端点都在大圆上的线段与小圆相切，其长度 为10厘米.求阴影部分的面积.（π取3.14),C:\Users\admin\Desktop\试卷分析project\参考教材\奥数\竞赛数学导引 六年级.pdf
6,竞赛数学导引 六年级,11,几何综合二,兴趣篇,interest,83,3,,0.9888,True,46,medium,geometry,,has_diagram,几何综合二|geometry,5、6年级及以前高思导引拓展篇及以下难度 或 七年级及以上校内课本难度,low,review,L1,False,如图11-3，图中最大的长方形面积是27，最小的长方形 面积是5，求阴影部分的面积. 图11-3,C:\Users\admin\Desktop\试卷分析project\参考教材\奥数\竞赛数学导引 六年级.pdf
6,竞赛数学导引 六年级,11,几何综合二,兴趣篇,interest,83,4,,0.9906,True,98,long,geometry,,has_diagram,几何综合二|geometry,5、6年级及以前高思导引拓展篇及以下难度 或 七年级及以上校内课本难度,low,review,L2,False,"如图11-4,大正方形中有三个小正方形，右上角正方形的面积 为27，左下角正方形的面积为12，中间阴影正方形的2个顶点分别位于右 上角和左下角正方形的中心.请问：中间阴影正方形的面积是多少？ 图11-4",C:\Users\admin\Desktop\试卷分析project\参考教材\奥数\竞赛数学导引 六年级.pdf
6,竞赛数学导引 六年级,11,几何综合二,兴趣篇,interest,83,5,,0.9954,True,73,medium,geometry,,has_diagram,几何综合二|geometry,5、6年级及以前高思导引拓展篇及以下难度 或 七年级及以上校内课本难度,low,review,L1,False,如图11-5，将一个梯形分成四个三角形，其中两个三角形 的面积分别为10与12.已知梯形的上底长度是下底的 .请问：阴影 部分的总面积是多少？ 图11-5,C:\Users\admin\Desktop\试卷分析project\参考教材\奥数\竞赛数学导引 六年级.pdf
6,竞赛数学导引 六年级,11,几何综合二,兴趣篇,interest,83,6,,0.9963,True,95,long,geometry,,has_diagram,几何综合二|geometry,5、6年级及以前高思导引拓展篇及以下难度 或 七年级及以上校内课本难度,low,review,L2,False,图11-6是由一个边长为2厘米的正方形和一个长为5M 厘米的长方形拼成的，线段MN把它们各分成两部分.已知A、B 两块的面积和是C、D两块面积和的1.5倍.请问：长方形的宽是 多少厘米？ 图11-6,C:\Users\admin\Desktop\试卷分析project\参考教材\奥数\竞赛数学导引 六年级.pdf
6,竞赛数学导引 六年级,11,几何综合二,兴趣篇,interest,83,7,,0.9933,True,87,medium,geometry,,has_diagram,几何综合二|geometry,5、6年级及以前高思导引拓展篇及以下难度 或 七年级及以上校内课本难度,low,review,L1,False,图11-7中四边形ABCD为平行四边形，三角形MAB的面积为11平方厘米，三 角形MCD的面积为5平方厘米.请问：平行四边形ABCD的面积是多少平方厘米？ M 图11-7 图11-8,C:\Users\admin\Desktop\试卷分析project\参考教材\奥数\竞赛数学导引 六年级.pdf
6,竞赛数学导引 六年级,11,几何综合二,兴趣篇,interest,83,8,,0.9905,True,84,medium,geometry,,has_diagram,几何综合二|geometry,5、6年级及以前高思导引拓展篇及以下难度 或 七年级及以上校内课本难度,low,review,L1,False,如图11-8所示，平行四边形ABED与平行四边形AFCD的面积都是30平方厘米. 其中AF垂直ED于O，AO、OD、AD分别长3、4、5厘米.求三角形OEF的面积和周长.,C:\Users\admin\Desktop\试卷分析project\参考教材\奥数\竞赛数学导引 六年级.pdf
6,竞赛数学导引 六年级,11,几何综合二,兴趣篇,interest,84,9,,0.9747,True,73,medium,geometry,,has_diagram,几何综合二|geometry,5、6年级及以前高思导引拓展篇及以下难度 或 七年级及以上校内课本难度,low,review,L1,False,"如图11-9，四边形ABCD是直角梯形，AB=4,AD=5,DE=3.求： （1）三角形OBC的面积； (2）梯形ABCD的面积 图11-9 图11-10",C:\Users\admin\Desktop\试卷分析project\参考教材\奥数\竞赛数学导引 六年级.pdf
6,竞赛数学导引 六年级,11,几何综合二,兴趣篇,interest,84,10,,0.9867,True,91,long,geometry,,has_diagram,几何综合二|几何问题|geometry,5、6年级及以前高思导引拓展篇及以下难度 或 七年级及以上校内课本难度,low,review,L2,False,有一些黑、白两种颜色的小正方体积木，把它们摆成如图11－10所示的形状.已 知相邻的积木颜色不同(有公共面的两块积木叫做相邻的积木)，标有A的积木为黑色.请问： 图中共有黑色积木多少块？,C:\Users\admin\Desktop\试卷分析project\参考教材\奥数\竞赛数学导引 六年级.pdf
6,竞赛数学导引 六年级,11,几何综合二,拓展篇,extension,84,1,★★,0.9745,True,71,medium,geometry,,has_diagram,几何综合二|geometry,5、6年级及以前高思导引拓展篇及以下难度 或 七年级及以上校内课本难度,mid,review,L3,False,"如图11-11,正方形ABCD的面积是64平方厘米，E、F分别为所在半圆弧的中 点.求阴影部分的面积.（π取3.14) B 图11 -11 图11-12",C:\Users\admin\Desktop\试卷分析project\参考教材\奥数\竞赛数学导引 六年级.pdf
6,竞赛数学导引 六年级,11,几何综合二,拓展篇,extension,84,2,★,0.9807,True,37,short,geometry,,has_diagram,几何综合二|geometry,5、6年级及以前高思导引拓展篇及以下难度 或 七年级及以上校内课本难度,mid,review,L3,False,图11-12中阴影部分的面积是25平方厘米，求圆环的面积.（π取3.14),C:\Users\admin\Desktop\试卷分析project\参考教材\奥数\竞赛数学导引 六年级.pdf
6,竞赛数学导引 六年级,11,几何综合二,拓展篇,extension,84,3,,0.9946,True,64,medium,geometry,,has_diagram,几何综合二|geometry,5、6年级及以前高思导引拓展篇及以下难度 或 七年级及以上校内课本难度,mid,review,L3,False,如图11-13，在半径为4厘米的圆中有两条互相垂直的线段. 请问：阴影部分面积与空白部分面积哪一个大，大多少平方厘米？ 图11-13,C:\Users\admin\Desktop\试卷分析project\参考教材\奥数\竞赛数学导引 六年级.pdf
6,竞赛数学导引 六年级,11,几何综合二,拓展篇,extension,85,4,,0.9548,True,67,medium,geometry,,has_diagram,几何综合二|geometry,5、6年级及以前高思导引拓展篇及以下难度 或 七年级及以上校内课本难度,mid,review,L3,False,如图11-14，一个六边形的6个内角都是120°，其连续四 边的长依次是1厘米、9厘米、9厘米、5厘米.求这个六边形的周长， 图 11 -14,C:\Users\admin\Desktop\试卷分析project\参考教材\奥数\竞赛数学导引 六年级.pdf
6,竞赛数学导引 六年级,11,几何综合二,拓展篇,extension,85,5,★,0.98,True,83,medium,geometry,,has_diagram,几何综合二|geometry,5、6年级及以前高思导引拓展篇及以下难度 或 七年级及以上校内课本难度,mid,review,L3,False,如图11-15，在长方形ABCD中，AB=30厘米，BC=40厘米，P为BC上一点， PQ垂直于AC，PR垂直于BD.求PQ与PR的长度之和. G 图11-15 图11-16,C:\Users\admin\Desktop\试卷分析project\参考教材\奥数\竞赛数学导引 六年级.pdf
6,竞赛数学导引 六年级,11,几何综合二,拓展篇,extension,85,6,,0.9726,True,56,medium,geometry,,has_diagram,几何综合二|geometry,5、6年级及以前高思导引拓展篇及以下难度 或 七年级及以上校内课本难度,mid,review,L3,False,"如图11-16，八边形的8个内角都是135°，已知AB=EF，BC=20,DE=10， FG=30，求AH的长度.",C:\Users\admin\Desktop\试卷分析project\参考教材\奥数\竞赛数学导引 六年级.pdf
6,竞赛数学导引 六年级,11,几何综合二,拓展篇,extension,85,7,,0.9155,True,93,long,geometry,,has_diagram,几何综合二|geometry,5、6年级及以前高思导引拓展篇及以下难度 或 七年级及以上校内课本难度,mid,review,L4,False,如图11-17，已知CD=5，DE=7，EF=15，FG=6.直线AB将图形分成两部分， 左边部分面积是38，右边部分面积是65.请问：三角形ADG的面积是多少？ H 图11-18 图11-17,C:\Users\admin\Desktop\试卷分析project\参考教材\奥数\竞赛数学导引 六年级.pdf
6,竞赛数学导引 六年级,11,几何综合二,拓展篇,extension,85,8,,0.9941,True,65,medium,geometry,,has_diagram,几何综合二|geometry,5、6年级及以前高思导引拓展篇及以下难度 或 七年级及以上校内课本难度,mid,review,L3,False,如图11-18所示，P为长方形ABCD内的一点.三角形PAB的面积为5，三角形 PBC的面积为13.请问：三角形PBD的面积是多少？,C:\Users\admin\Desktop\试卷分析project\参考教材\奥数\竞赛数学导引 六年级.pdf
6,竞赛数学导引 六年级,11,几何综合二,拓展篇,extension,85,9,,0.9928,True,52,medium,geometry,,has_diagram,几何综合二|geometry,5、6年级及以前高思导引拓展篇及以下难度 或 七年级及以上校内课本难度,mid,review,L3,False,如图11-19，四边形ABCD是一个长方形，AC是对角线.试 比较两块阴影区域S与S的面积大小 图11-19,C:\Users\admin\Desktop\试卷分析project\参考教材\奥数\竞赛数学导引 六年级.pdf
6,竞赛数学导引 六年级,11,几何综合二,拓展篇,extension,86,10,,0.9885,True,127,very_long,calculation,,has_diagram,几何综合二|calculation,5、6年级及以前高思导引拓展篇及以下难度 或 七年级及以上校内课本难度,mid,review,L4,False,如图11-20所示，一块半径为2厘米的圆板，从位置①起始，依次沿线段AB、 BC、CD滚到位置②.如果AB、BC、CD的长都是20厘米，那么圆板经过区域的面积是多少 平方厘米？（π取3.14，答案保留两位小数.） 5厘米 5厘 5厘米 5厘米 图11-20 图11-21,C:\Users\admin\Desktop\试卷分析project\参考教材\奥数\竞赛数学导引 六年级.pdf
6,竞赛数学导引 六年级,11,几何综合二,拓展篇,extension,86,11,,0.9938,True,80,medium,geometry,,has_diagram,几何综合二|geometry,5、6年级及以前高思导引拓展篇及以下难度 或 七年级及以上校内课本难度,mid,review,L3,False,如图11-21，一张边长为18厘米的正方形纸片，从距离四角5厘米处，用剪刀剪 出45°的角度，纸片中间会形成一个小正方形.请问：这个小正方形的面积是多少平方厘米？,C:\Users\admin\Desktop\试卷分析project\参考教材\奥数\竞赛数学导引 六年级.pdf
6,竞赛数学导引 六年级,11,几何综合二,拓展篇,extension,86,12,★,0.9847,True,116,long,geometry,,has_diagram,几何综合二|geometry,5、6年级及以前高思导引拓展篇及以下难度 或 七年级及以上校内课本难度,mid,review,L4,False,如图11-22，有一块长5厘米，宽3厘米的长方形木盘，先 从某个顶点处沿45°方向打出一个小球，球碰到盘壁之后又沿45°方向 弹出，当再次碰到盘壁时，仍沿45°方向弹出，如此继续.请问：当球再次 碰到某个顶点之前它共碰壁几次？ 图11-22,C:\Users\admin\Desktop\试卷分析project\参考教材\奥数\竞赛数学导引 六年级.pdf
6,竞赛数学导引 六年级,11,几何综合二,拓展篇,extension,86,13,,0.9835,True,107,long,geometry,,has_diagram,几何综合二|geometry,5、6年级及以前高思导引拓展篇及以下难度 或 七年级及以上校内课本难度,mid,review,L4,False,图11-23是一个5×5×5的正方体，将其表面全部涂上红色，再分割成1×1×1 的小正方体.取出全部至少有一个面是红色的小正方体，组成表面全部是红色的实心长方体， 求可以组成的长方体的最大体积. 图11-23 图11-24,C:\Users\admin\Desktop\试卷分析project\参考教材\奥数\竞赛数学导引 六年级.pdf
6,竞赛数学导引 六年级,11,几何综合二,拓展篇,extension,86,14,★,0.9865,True,56,medium,geometry,,has_diagram,几何综合二|几何问题|geometry,5、6年级及以前高思导引拓展篇及以下难度 或 七年级及以上校内课本难度,mid,review,L3,False,图11-24是由若干个小正方体组成的.阴影部分是空缺的通道，一直通到对面， 问：这个立体图形由多少个小正方体组成？,C:\Users\admin\Desktop\试卷分析project\参考教材\奥数\竞赛数学导引 六年级.pdf
6,竞赛数学导引 六年级,11,几何综合二,超越篇,challenge,87,1,,0.904,True,78,medium,geometry,,has_diagram,几何综合二|geometry,高思导引超越篇难度,high,review,L4,False,如图11-25，四边形CDEF是正方形.四边形ABCD是等腰梯形，它的上底 AD=4厘米，下底BC=8厘米.求三角形ADE的面积. B C 图11-25 图11-26,C:\Users\admin\Desktop\试卷分析project\参考教材\奥数\竞赛数学导引 六年级.pdf
6,竞赛数学导引 六年级,11,几何综合二,超越篇,challenge,87,2,,0.9948,True,80,medium,geometry,,has_diagram,几何综合二|geometry,高思导引超越篇难度,high,review,L4,False,如图11-26，把长方形ABCD的一个角折起来，使得D点恰好与AB重合于F.已 知F点是AB边上最靠近A的五等分点，且AF=1.请问：三角形EDC的面积等于多少？,C:\Users\admin\Desktop\试卷分析project\参考教材\奥数\竞赛数学导引 六年级.pdf
6,竞赛数学导引 六年级,11,几何综合二,超越篇,challenge,87,3,,0.9881,True,95,long,geometry,,has_diagram,几何综合二|geometry,高思导引超越篇难度,high,review,L4,False,如图11-27，在四边形ABCD中，AB=30，AD=48，BC=14，且/ABD+ BDC=90°，ADB+DBC=90请问：四边形ABCD的面积是多少？ 3厘米 2厘米 图11-27 图11-28,C:\Users\admin\Desktop\试卷分析project\参考教材\奥数\竞赛数学导引 六年级.pdf
6,竞赛数学导引 六年级,11,几何综合二,超越篇,challenge,87,4,,0.987,True,37,short,geometry,,has_diagram,几何综合二|geometry,高思导引超越篇难度,high,review,L4,False,图11-28中外侧的四边形是一个边长为10厘米的正方形，求阴影部分的面积.,C:\Users\admin\Desktop\试卷分析project\参考教材\奥数\竞赛数学导引 六年级.pdf
6,竞赛数学导引 六年级,11,几何综合二,超越篇,challenge,"87,88",5,,0.9881,True,127,very_long,geometry,,has_diagram|cross_page_question,几何综合二|geometry,高思导引超越篇难度,high,review,L4,False,如图11-29，A=B=60°，且AB=24，BD= 16，AC=8，而且三角形CDE的面积等于四边形ABEC的面 积.请问：DE的长度是多少？ 图11-29 8，三角形BDE的面积是4平方厘米.请问：四边形ABCE的面积是多少平方厘米？ 图11-30 图11-31,C:\Users\admin\Desktop\试卷分析project\参考教材\奥数\竞赛数学导引 六年级.pdf
6,竞赛数学导引 六年级,11,几何综合二,超越篇,challenge,88,7,,0.9945,True,103,long,geometry,,has_diagram,几何综合二|geometry,高思导引超越篇难度,high,review,L4,False,如图11-31，有一个三角形台球桌，A、B、C处各有一个球袋，角C是直角，角A等 于30度，从A点向BC的中点打出一个球，该球经过若干次反弹后，恰好落人某个袋中.请 问：最少要反弹多少次？球最后落人哪一个袋中？,C:\Users\admin\Desktop\试卷分析project\参考教材\奥数\竞赛数学导引 六年级.pdf
6,竞赛数学导引 六年级,11,几何综合二,超越篇,challenge,88,8,,0.9373,True,72,medium,geometry,,has_diagram,几何综合二|几何问题|geometry,高思导引超越篇难度,high,review,L4,False,如图11-32，正方形PQRS有三个顶点分别在三角形ABC的三条边上，且BQ= QC.请求出正方形PQRS的面积. 7厘 厘米 6厘 厘米 Q C 图11-32,C:\Users\admin\Desktop\试卷分析project\参考教材\奥数\竞赛数学导引 六年级.pdf
6,竞赛数学导引 六年级,12,计数综合三,兴趣篇,interest,89,1,★★,0.9982,False,52,medium,counting,defined_operation,,计数综合三|counting|defined_operation,5、6年级及以前高思导引拓展篇及以下难度 或 七年级及以上校内课本难度,low,auto,L2,False,一个楼梯共有10级台阶，规定每步可以迈一级台阶或二级台阶.走完这10级台 阶，一共可以有多少种不同的走法？,C:\Users\admin\Desktop\试卷分析project\参考教材\奥数\竞赛数学导引 六年级.pdf
6,竞赛数学导引 六年级,12,计数综合三,兴趣篇,interest,89,2,★★,0.9946,False,40,short,counting,,,计数综合三|counting,5、6年级及以前高思导引拓展篇及以下难度 或 七年级及以上校内课本难度,low,auto,L1,False,卡莉娅买了10块巧克力，她每天最少吃一块，最多吃3块，直到吃完，共有多少种 吃法？,C:\Users\admin\Desktop\试卷分析project\参考教材\奥数\竞赛数学导引 六年级.pdf
6,竞赛数学导引 六年级,12,计数综合三,兴趣篇,interest,89,3,,0.9854,False,31,short,geometry,,,计数综合三|geometry,5、6年级及以前高思导引拓展篇及以下难度 或 七年级及以上校内课本难度,low,auto,L1,False,用1×2的小方格覆盖7×2的长方形，共有多少种不同的覆盖方法？,C:\Users\admin\Desktop\试卷分析project\参考教材\奥数\竞赛数学导引 六年级.pdf
6,竞赛数学导引 六年级,12,计数综合三,兴趣篇,interest,"89,90",4,,0.9974,False,91,long,counting,,cross_page_question,计数综合三|counting,5、6年级及以前高思导引拓展篇及以下难度 或 七年级及以上校内课本难度,low,review,L2,False,如果在一个平面上画出4条直线，最多可以把平面分成几个部分？如果画20条直 线，最多可以分成几个部分？ 甲发球，经过6次传球后球仍然回到了甲的手中.请问：整个传球过程共有多少种不同的 可能？,C:\Users\admin\Desktop\试卷分析project\参考教材\奥数\竞赛数学导引 六年级.pdf
6,竞赛数学导引 六年级,12,计数综合三,兴趣篇,interest,90,6,,0.9569,True,80,medium,counting,,has_diagram,计数综合三|counting,5、6年级及以前高思导引拓展篇及以下难度 或 七年级及以上校内课本难度,low,review,L1,False,如图12-1，用红、黄、蓝三种颜色给一个五边形的各个顶点染 A 色，同一条边的两端点不能同色，且顶点A必须染红色，请问：有多少种不 （E B 同的染色方式？ D C 图12-1,C:\Users\admin\Desktop\试卷分析project\参考教材\奥数\竞赛数学导引 六年级.pdf
6,竞赛数学导引 六年级,12,计数综合三,兴趣篇,interest,90,7,,0.9934,False,76,medium,counting,,,计数综合三|counting,5、6年级及以前高思导引拓展篇及以下难度 或 七年级及以上校内课本难度,low,auto,L1,False,一个三位数，有相邻两个数字的和为16，那么这样的三位数共有多少个？ 、8.一个各位数字互不相等的五位数不含数字0，且数字和为18，这样的五位数共有多 少个？,C:\Users\admin\Desktop\试卷分析project\参考教材\奥数\竞赛数学导引 六年级.pdf
6,竞赛数学导引 六年级,12,计数综合三,兴趣篇,interest,90,9,,0.999,False,39,short,counting,,,计数综合三|counting,5、6年级及以前高思导引拓展篇及以下难度 或 七年级及以上校内课本难度,low,auto,L1,False,一个十位数只含有数字1或2，且不含两个连续的数字1，一共有多少个这样的十 位数？,C:\Users\admin\Desktop\试卷分析project\参考教材\奥数\竞赛数学导引 六年级.pdf
6,竞赛数学导引 六年级,12,计数综合三,兴趣篇,interest,90,10,,0.9981,False,48,medium,counting,,,计数综合三|计数问题|counting,5、6年级及以前高思导引拓展篇及以下难度 或 七年级及以上校内课本难度,low,auto,L1,False,一个六位数由1、2、3、4、5组成，而且任意相邻两个数位的数字之差都是1，这 样的六位数有多少个？,C:\Users\admin\Desktop\试卷分析project\参考教材\奥数\竞赛数学导引 六年级.pdf
6,竞赛数学导引 六年级,12,计数综合三,拓展篇,extension,90,1,★★,0.9932,False,53,medium,counting,defined_operation,,计数综合三|counting|defined_operation,5、6年级及以前高思导引拓展篇及以下难度 或 七年级及以上校内课本难度,mid,auto,L3,False,老师给小高布置了12篇作文，规定他每天至少写1篇.如果小高每天最多能写3 篇，那么共有多少种写完作文的方法？,C:\Users\admin\Desktop\试卷分析project\参考教材\奥数\竞赛数学导引 六年级.pdf
6,竞赛数学导引 六年级,12,计数综合三,拓展篇,extension,90,2,,0.9931,False,36,short,geometry,,,计数综合三|geometry,5、6年级及以前高思导引拓展篇及以下难度 或 七年级及以上校内课本难度,mid,auto,L3,False,用10个1×3的长方形纸片覆盖一个10×3的方格表，共有多少种覆盖方法？,C:\Users\admin\Desktop\试卷分析project\参考教材\奥数\竞赛数学导引 六年级.pdf
6,竞赛数学导引 六年级,12,计数综合三,拓展篇,extension,91,3,★,0.9851,False,36,short,counting,,,计数综合三|counting,5、6年级及以前高思导引拓展篇及以下难度 或 七年级及以上校内课本难度,mid,auto,L3,False,现有14块糖，如果墨莫每天吃奇数块糖，直到吃完，那么墨莫共有多少种吃法？,C:\Users\admin\Desktop\试卷分析project\参考教材\奥数\竞赛数学导引 六年级.pdf
6,竞赛数学导引 六年级,12,计数综合三,拓展篇,extension,91,4,★,0.9913,False,65,medium,counting,,,计数综合三|counting,5、6年级及以前高思导引拓展篇及以下难度 或 七年级及以上校内课本难度,mid,auto,L3,False,平面上有六条直线，这六条直线把平面分成了16个区域.现在往该平面上添加第 七条直线，请问：添加该直线后，平面上最多会增加多少个区域？,C:\Users\admin\Desktop\试卷分析project\参考教材\奥数\竞赛数学导引 六年级.pdf
6,竞赛数学导引 六年级,12,计数综合三,拓展篇,extension,91,5,,0.9986,False,50,medium,geometry,,,计数综合三|geometry,5、6年级及以前高思导引拓展篇及以下难度 或 七年级及以上校内课本难度,mid,auto,L3,False,如果在一个平面上画出8条直线，最多可以把平面分成几个部分？如果画8个圆， 最多可以把平面分成几个部分？,C:\Users\admin\Desktop\试卷分析project\参考教材\奥数\竞赛数学导引 六年级.pdf
6,竞赛数学导引 六年级,12,计数综合三,拓展篇,extension,91,6,★,0.9942,False,102,long,counting,,,计数综合三|counting,5、6年级及以前高思导引拓展篇及以下难度 或 七年级及以上校内课本难度,mid,auto,L4,False,四个人分别穿着红、黄、绿、蓝四种颜色的球衣练习传球，每人都可以把球传给另外 三个人中的任意一个.先由红衣人发球，并作为第1次传球，经过8次传球后球仍然回到红衣 人手中.请问：整个传球过程共有多少种不同的可能？,C:\Users\admin\Desktop\试卷分析project\参考教材\奥数\竞赛数学导引 六年级.pdf
6,竞赛数学导引 六年级,12,计数综合三,拓展篇,extension,91,7,★,0.9873,True,67,medium,geometry,,has_diagram,计数综合三|geometry,5、6年级及以前高思导引拓展篇及以下难度 或 七年级及以上校内课本难度,mid,review,L3,False,如图12-2所示，一个圆环被分成8部分，现将每一部分染上 红、黄、蓝三种颜色之一，要求相邻两部分颜色不同，共有多少种染色方法？ 图12-2,C:\Users\admin\Desktop\试卷分析project\参考教材\奥数\竞赛数学导引 六年级.pdf
6,竞赛数学导引 六年级,12,计数综合三,拓展篇,extension,91,8,★,0.9816,False,58,medium,geometry,,,计数综合三|geometry,5、6年级及以前高思导引拓展篇及以下难度 或 七年级及以上校内课本难度,mid,auto,L3,False,圆周上有10个点A1，A2，，Ao，以这些点为端点连结5条线段，要求任两条线 段之间都没有公共点，共有多少种连结方式？,C:\Users\admin\Desktop\试卷分析project\参考教材\奥数\竞赛数学导引 六年级.pdf
6,竞赛数学导引 六年级,12,计数综合三,拓展篇,extension,91,9,,0.9985,False,27,short,counting,,,计数综合三|counting,5、6年级及以前高思导引拓展篇及以下难度 或 七年级及以上校内课本难度,mid,auto,L3,False,由1、3、4组成的各位数字之和为9的多位数共有多少个？,C:\Users\admin\Desktop\试卷分析project\参考教材\奥数\竞赛数学导引 六年级.pdf
6,竞赛数学导引 六年级,12,计数综合三,拓展篇,extension,91,10,,0.9926,False,63,medium,counting,,,计数综合三|counting,5、6年级及以前高思导引拓展篇及以下难度 或 七年级及以上校内课本难度,mid,auto,L3,False,在有些多位数的各位数字中，奇数的个数比偶数的个数多，例如1370、36712等， 请问：在1至10000中有多少个这样的多位数？,C:\Users\admin\Desktop\试卷分析project\参考教材\奥数\竞赛数学导引 六年级.pdf
6,竞赛数学导引 六年级,12,计数综合三,拓展篇,extension,91,11,★,0.9927,False,65,medium,counting,,,计数综合三|counting,5、6年级及以前高思导引拓展篇及以下难度 或 七年级及以上校内课本难度,mid,auto,L3,False,有些自然数存在相邻的两位数字顺次为7和5，例如1975、75675等，但432579 不算在内.请问：具有这种性质的六位数有多少个？,C:\Users\admin\Desktop\试卷分析project\参考教材\奥数\竞赛数学导引 六年级.pdf
6,竞赛数学导引 六年级,12,计数综合三,拓展篇,extension,92,12,,0.9987,False,79,medium,counting,,,计数综合三|counting,5、6年级及以前高思导引拓展篇及以下难度 或 七年级及以上校内课本难度,mid,auto,L3,False,用1至9这9个数字组成一个没有重复数字的九位数，满足以下要求：每一位上 的数字要么大于它前面的所有数字，要么小于它前面的所有数字.请问：这样的九位数共有多 少个？,C:\Users\admin\Desktop\试卷分析project\参考教材\奥数\竞赛数学导引 六年级.pdf
6,竞赛数学导引 六年级,12,计数综合三,拓展篇,extension,92,13,★,0.9904,False,42,short,counting,,,计数综合三|counting,5、6年级及以前高思导引拓展篇及以下难度 或 七年级及以上校内课本难度,mid,auto,L3,False,一个七位数，每一位都是1、2或者3，而且没有连续的两个1，这样的七位数一共 有多少个？,C:\Users\admin\Desktop\试卷分析project\参考教材\奥数\竞赛数学导引 六年级.pdf
6,竞赛数学导引 六年级,12,计数综合三,拓展篇,extension,92,14,,0.9968,False,96,long,counting,,,计数综合三|计数问题|counting,5、6年级及以前高思导引拓展篇及以下难度 或 七年级及以上校内课本难度,mid,auto,L4,False,满足下面性质的四位数称为“好数”：它的个位比十位大，十位比百位大，百位比 千位大，并且任意相邻两位数字的差都不超过3.例如1346、2579是好数，但1567就不是好 数.请问：一共有多少个好数？,C:\Users\admin\Desktop\试卷分析project\参考教材\奥数\竞赛数学导引 六年级.pdf
6,竞赛数学导引 六年级,12,计数综合三,超越篇,challenge,92,1,,0.9983,False,50,medium,counting,,,计数综合三|counting,高思导引超越篇难度,high,auto,L4,False,一个九位数，它只由数字1、2和3组成，而且它的任意连续两位数都不等于12、 那么这样的九位数有多少个？,C:\Users\admin\Desktop\试卷分析project\参考教材\奥数\竞赛数学导引 六年级.pdf
6,竞赛数学导引 六年级,12,计数综合三,超越篇,challenge,92,2,,0.9969,False,77,medium,geometry,,,计数综合三|geometry,高思导引超越篇难度,high,auto,L4,False,（1）如果在一个平面上画出8个三角形，最多可以把平面分成多少个部分？ （2）如果在一个平面上画出3个四边形、2个圆、1条直线，最多可以把平面分成多少个部 分？,C:\Users\admin\Desktop\试卷分析project\参考教材\奥数\竞赛数学导引 六年级.pdf
6,竞赛数学导引 六年级,12,计数综合三,超越篇,challenge,92,3,,0.9953,True,45,medium,geometry,,has_diagram,计数综合三|geometry,高思导引超越篇难度,high,review,L4,False,如图12-3所示，阴影部分是一个圆环，4条直线最多可以 把这个阴影分成多少个部分？ 图12-3,C:\Users\admin\Desktop\试卷分析project\参考教材\奥数\竞赛数学导引 六年级.pdf
6,竞赛数学导引 六年级,12,计数综合三,超越篇,challenge,93,4,★,0.9874,True,37,short,counting,,has_diagram,计数综合三|counting,高思导引超越篇难度,high,review,L4,False,用15个1×2的小纸片覆盖图12-4，共有多少种不同的 覆盖方法？ 图12-4,C:\Users\admin\Desktop\试卷分析project\参考教材\奥数\竞赛数学导引 六年级.pdf
6,竞赛数学导引 六年级,12,计数综合三,超越篇,challenge,93,5,,0.9973,False,66,medium,counting,,,计数综合三|counting,高思导引超越篇难度,high,auto,L4,False,对一个自然数作如下操作：如果是偶数则除以2，如果是奇数则加1，如此进行下 去直到得数为1操作停止.问：经过9次操作变为1的数有多少个？,C:\Users\admin\Desktop\试卷分析project\参考教材\奥数\竞赛数学导引 六年级.pdf
6,竞赛数学导引 六年级,12,计数综合三,超越篇,challenge,93,6,,0.995,True,79,medium,geometry,geometry_transform,has_diagram,计数综合三|geometry|geometry_transform,高思导引超越篇难度,high,review,L4,False,如图12-5所示，用4种不同的颜色将图12-5中的圆圈 分别涂色，要求有线段连结的两个相邻的圆圈必须涂不同的颜色，共 有多少种涂法？（不允许旋转、翻转） 图12-5,C:\Users\admin\Desktop\试卷分析project\参考教材\奥数\竞赛数学导引 六年级.pdf
6,竞赛数学导引 六年级,12,计数综合三,超越篇,challenge,93,7,,0.9721,False,60,medium,geometry,,,计数综合三|geometry,高思导引超越篇难度,high,auto,L4,False,"婪圆周上有15个点A，A2，""，Ais，以这些点为顶点连出5个三角形，要求任意两 个三角形没有公共点，共有多少种连结方式？",C:\Users\admin\Desktop\试卷分析project\参考教材\奥数\竞赛数学导引 六年级.pdf
6,竞赛数学导引 六年级,12,计数综合三,超越篇,challenge,93,8,,0.9909,False,215,very_long,counting,,,计数综合三|计数问题|counting,高思导引超越篇难度,high,auto,L4,False,"有一年级到六年级的同学各一人，排成一列领取糖果.如果一个高年级的同学站 在一个低年级的同学前面，那么这个低年级的同学就会产生一次“怨言”（一个人可以有多次 “怨言”）.在一种排列顺序里，我们把所有“怨言”的总数叫“怨言数”.例如：六位同学按下面的 顺序排列：一年级、四年级、三年级、二年级、六年级、五年级，那么这六位同学产生的“怨言”次 数依次为0、0、1、2、0、1，这种排列的“怨言数""就是4.请问：有多少种“怨言数”为7的排列 顺序？",C:\Users\admin\Desktop\试卷分析project\参考教材\奥数\竞赛数学导引 六年级.pdf
6,竞赛数学导引 六年级,13,计数综合四,兴趣篇,interest,94,1,★★,0.9864,True,53,medium,counting,,has_diagram,计数综合四|counting,5、6年级及以前高思导引拓展篇及以下难度 或 七年级及以上校内课本难度,low,review,L1,False,"在8×8的方格表中，取出一个如图13-1所示的由3个小方格组成的 “L""形，共有多少种不同的取法？ 图13-1",C:\Users\admin\Desktop\试卷分析project\参考教材\奥数\竞赛数学导引 六年级.pdf
6,竞赛数学导引 六年级,13,计数综合四,兴趣篇,interest,94,2,★★,0.9907,False,47,medium,counting,,,计数综合四|counting,5、6年级及以前高思导引拓展篇及以下难度 或 七年级及以上校内课本难度,low,auto,L1,False,小高妈妈每天让小高吃1个鸡蛋或者1个鸭蛋，那么小高吃完家里的4个鸡蛋和4 个鸭蛋共有多少种吃法？,C:\Users\admin\Desktop\试卷分析project\参考教材\奥数\竞赛数学导引 六年级.pdf
6,竞赛数学导引 六年级,13,计数综合四,兴趣篇,interest,94,3,★★,0.9915,False,38,short,counting,,,计数综合四|counting,5、6年级及以前高思导引拓展篇及以下难度 或 七年级及以上校内课本难度,low,auto,L1,False,5枚相同样式的高思奖章颁发给3名学生，每个学生至少一枚，则有多少种颁奖 方式？,C:\Users\admin\Desktop\试卷分析project\参考教材\奥数\竞赛数学导引 六年级.pdf
6,竞赛数学导引 六年级,13,计数综合四,兴趣篇,interest,"94,95",4,★★,0.9867,False,66,medium,counting,,cross_page_question,计数综合四|counting,5、6年级及以前高思导引拓展篇及以下难度 或 七年级及以上校内课本难度,low,review,L1,False,常昊与古力两人进行围棋“棋圣”冠军争霸赛，比赛没有平局，谁先胜4局即获得比 赛的胜利.请问：比赛过程一共有多少种不同的方式？ 同的放法？,C:\Users\admin\Desktop\试卷分析project\参考教材\奥数\竞赛数学导引 六年级.pdf
6,竞赛数学导引 六年级,13,计数综合四,兴趣篇,interest,95,6,,0.9953,False,55,medium,counting,,,计数综合四|counting,5、6年级及以前高思导引拓展篇及以下难度 或 七年级及以上校内课本难度,low,auto,L1,False,一部电视连续剧共8集，电视台要在周一到周四这4天内按顺序播完，其中可以有 若干天不播，共有多少种安排播出的方法？,C:\Users\admin\Desktop\试卷分析project\参考教材\奥数\竞赛数学导引 六年级.pdf
6,竞赛数学导引 六年级,13,计数综合四,兴趣篇,interest,95,7,,0.9908,False,91,long,counting,,,计数综合四|counting,5、6年级及以前高思导引拓展篇及以下难度 或 七年级及以上校内课本难度,low,auto,L2,False,某班40名学生参加了一项关于“超市是否应该提供免费塑料袋”的调查，每人均在 “应该提供”、“不应该提供”和“无所谓”三个选项中做出了选择.请问：三个选项的统计数字共 有多少种不同的可能？,C:\Users\admin\Desktop\试卷分析project\参考教材\奥数\竞赛数学导引 六年级.pdf
6,竞赛数学导引 六年级,13,计数综合四,兴趣篇,interest,95,8,,0.9975,False,32,short,counting,,,计数综合四|counting,5、6年级及以前高思导引拓展篇及以下难度 或 七年级及以上校内课本难度,low,auto,L1,False,数字和为9，而且不含数字0的三位数共有多少个？四位数共有多少个？,C:\Users\admin\Desktop\试卷分析project\参考教材\奥数\竞赛数学导引 六年级.pdf
6,竞赛数学导引 六年级,13,计数综合四,兴趣篇,interest,95,9,★,0.9921,False,67,medium,geometry,,,计数综合四|geometry,5、6年级及以前高思导引拓展篇及以下难度 或 七年级及以上校内课本难度,low,auto,L1,False,有一批规格相同的均匀圆棒，每根划分成相同的5节，每节用红、黄、蓝3种颜色中 的一种来涂，相邻两节不能同色，那么可以染成多少种不同的圆棒？,C:\Users\admin\Desktop\试卷分析project\参考教材\奥数\竞赛数学导引 六年级.pdf
6,竞赛数学导引 六年级,13,计数综合四,兴趣篇,interest,95,10,,0.9822,False,80,medium,counting,case_analysis|geometry_transform,,计数综合四|计数问题|counting|case_analysis|geometry_transform,5、6年级及以前高思导引拓展篇及以下难度 或 七年级及以上校内课本难度,low,auto,L3,False,给一个正四面体的4个面染色，每个面只允许用一种颜色，且4个面的颜色互不 相同.现有5种颜色可选，共有多少种不同的染色方式？（旋转后是一样的染色情况算是同一 种方式）,C:\Users\admin\Desktop\试卷分析project\参考教材\奥数\竞赛数学导引 六年级.pdf
6,竞赛数学导引 六年级,13,计数综合四,拓展篇,extension,95,1,★★,0.9636,True,51,medium,counting,,has_diagram,计数综合四|counting,5、6年级及以前高思导引拓展篇及以下难度 或 七年级及以上校内课本难度,mid,review,L3,False,"在8×8的方格棋盘中，一共可以数出多少个如图13-2所示的由4个单位小正方 形组成的“L""型？ 图13-2",C:\Users\admin\Desktop\试卷分析project\参考教材\奥数\竞赛数学导引 六年级.pdf
6,竞赛数学导引 六年级,13,计数综合四,拓展篇,extension,96,2,★★,0.9897,True,59,medium,calculation,,has_diagram,计数综合四|calculation,5、6年级及以前高思导引拓展篇及以下难度 或 七年级及以上校内课本难度,mid,review,L3,False,如图13-3，从A点走到B点，每次只能 向右或向下走一步，有多少种不同的走法？你的计 算结果是怎样的一个组合数？ 图13-3,C:\Users\admin\Desktop\试卷分析project\参考教材\奥数\竞赛数学导引 六年级.pdf
6,竞赛数学导引 六年级,13,计数综合四,拓展篇,extension,96,3,,0.9944,True,108,long,counting,,has_diagram,计数综合四|counting,5、6年级及以前高思导引拓展篇及以下难度 或 七年级及以上校内课本难度,mid,review,L4,False,一次射击比赛中，7个泥制的靶子挂成3列（如图13-4).一 位射手按下列规则去击碎靶子：先挑选一列，然后击碎这列中尚未被击 碎的靶子中最下面的一个.若每次都遵循这一原则，则击碎全部7个靶 子共有多少种不同的顺序？ 图13-4,C:\Users\admin\Desktop\试卷分析project\参考教材\奥数\竞赛数学导引 六年级.pdf
6,竞赛数学导引 六年级,13,计数综合四,拓展篇,extension,96,4,,0.9975,False,125,very_long,counting,,,计数综合四|counting,5、6年级及以前高思导引拓展篇及以下难度 或 七年级及以上校内课本难度,mid,auto,L4,False,（1）一只青蛙沿着一条直线跳跃4次后回到起点.如果它每一次跳跃的长度都是1 分米，那么这只青蛙共有多少种可能的跳法？ （2）如果这只青蛙在一个方格边长为1分米的方格纸上沿格线跳跃4次后回到起点，每 次跳跃的长度仍是1分米，那么这只青蛙共有多少种可能的跳法？,C:\Users\admin\Desktop\试卷分析project\参考教材\奥数\竞赛数学导引 六年级.pdf
6,竞赛数学导引 六年级,13,计数综合四,拓展篇,extension,96,5,★,0.9916,True,141,very_long,geometry,,has_diagram,计数综合四|geometry,5、6年级及以前高思导引拓展篇及以下难度 或 七年级及以上校内课本难度,mid,review,L4,False,如图13-5所示，有两条平行线，如果每条直线上有3个点，连出3条线段，从图中 最多可以数出7个三角形；如图13－6所示，如果每条直线上有4个点，连出4条线段，从图中 最多可以数出16个三角形.如果每条直线上有10个点，连出10条线段，从图中最多可以数 出多少个三角形？ 图13-5 图13-6,C:\Users\admin\Desktop\试卷分析project\参考教材\奥数\竞赛数学导引 六年级.pdf
6,竞赛数学导引 六年级,13,计数综合四,拓展篇,extension,96,6,★,0.9917,False,60,medium,counting,,,计数综合四|counting,5、6年级及以前高思导引拓展篇及以下难度 或 七年级及以上校内课本难度,mid,auto,L3,False,把20个苹果分给3个小朋友，每个小朋友至少分1个，共有多少种分苹果的方法？ 如果可以有小朋友没有分到苹果，共有多少种分法？,C:\Users\admin\Desktop\试卷分析project\参考教材\奥数\竞赛数学导引 六年级.pdf
6,竞赛数学导引 六年级,13,计数综合四,拓展篇,extension,"96,97",7,,0.9984,False,80,medium,counting,case_analysis,cross_page_question,计数综合四|counting|case_analysis,5、6年级及以前高思导引拓展篇及以下难度 或 七年级及以上校内课本难度,mid,review,L3,False,小高有10块大白兔奶糖，他从今天起，每天至少吃一块，直到吃完.请问一共有多 少种不同的吃法？ 行路安全，任意相邻的两盏灯不能同时被熄灭，请问：一共有多少种熄灯方案？,C:\Users\admin\Desktop\试卷分析project\参考教材\奥数\竞赛数学导引 六年级.pdf
6,竞赛数学导引 六年级,13,计数综合四,拓展篇,extension,97,9,,0.9966,False,119,long,counting,case_analysis,,计数综合四|counting|case_analysis,5、6年级及以前高思导引拓展篇及以下难度 或 七年级及以上校内课本难度,mid,auto,L4,False,美国众议院435名议员对“拒绝缴纳联合国会费”的提案进行投票，每名议员都可 以选择投赞同票、反对票和弃权票中的某一种，并且只要赞成票多于总票数的一半，提案就会 被通过，否则不能通过.表决结果是拒绝缴纳.试问共有多少种可能的三种票数的统计情况？,C:\Users\admin\Desktop\试卷分析project\参考教材\奥数\竞赛数学导引 六年级.pdf
6,竞赛数学导引 六年级,13,计数综合四,拓展篇,extension,97,10,,0.9911,False,38,short,counting,,,计数综合四|counting,5、6年级及以前高思导引拓展篇及以下难度 或 七年级及以上校内课本难度,mid,auto,L3,False,有10个小朋友排成一列，要从中选出3个互不相邻的小朋友，有多少种不同的选法？,C:\Users\admin\Desktop\试卷分析project\参考教材\奥数\竞赛数学导引 六年级.pdf
6,竞赛数学导引 六年级,13,计数综合四,拓展篇,extension,97,11,★,0.9895,False,58,medium,counting,case_analysis,,计数综合四|counting|case_analysis,5、6年级及以前高思导引拓展篇及以下难度 或 七年级及以上校内课本难度,mid,auto,L3,False,一次自助餐共有10种菜，每个人都有4个盘子可以选菜，每个盘子只能放1种 菜，但可以重复选菜，请问：共有多少种选菜方案？,C:\Users\admin\Desktop\试卷分析project\参考教材\奥数\竞赛数学导引 六年级.pdf
6,竞赛数学导引 六年级,13,计数综合四,拓展篇,extension,97,12,★,0.9933,False,49,medium,counting,,,计数综合四|counting,5、6年级及以前高思导引拓展篇及以下难度 或 七年级及以上校内课本难度,mid,auto,L3,False,3个男生和7个女生站成一排，要求每2个男生之间至少有2个女生，共有多少种 排列方法？如果站成一圈呢？,C:\Users\admin\Desktop\试卷分析project\参考教材\奥数\竞赛数学导引 六年级.pdf
6,竞赛数学导引 六年级,13,计数综合四,拓展篇,extension,97,13,,0.9953,False,69,medium,geometry,geometry_transform,,计数综合四|geometry|geometry_transform,5、6年级及以前高思导引拓展篇及以下难度 或 七年级及以上校内课本难度,mid,auto,L3,False,一个长方体的各边长都是整数，并且它的体积是2310，那么这样的长方体有多 少个？（如果两个长方体经过旋转可以重合，则认为它们是同一个长方体）,C:\Users\admin\Desktop\试卷分析project\参考教材\奥数\竞赛数学导引 六年级.pdf
6,竞赛数学导引 六年级,13,计数综合四,拓展篇,extension,97,14,,0.9991,False,87,medium,counting,,,计数综合四|计数问题|counting,5、6年级及以前高思导引拓展篇及以下难度 或 七年级及以上校内课本难度,mid,auto,L3,False,用4种颜色为一个正方体的6个面染色，要求每个面只能用1种颜色，且相邻面 的颜色必须不相同.如果将正方体经过翻转后颜色相同，就认为是同一种染色方法，那么共有 多少种不同的染色方法？,C:\Users\admin\Desktop\试卷分析project\参考教材\奥数\竞赛数学导引 六年级.pdf
6,竞赛数学导引 六年级,13,计数综合四,超越篇,challenge,98,1,,0.9973,False,109,long,geometry,,,计数综合四|geometry,高思导引超越篇难度,high,auto,L4,False,某工厂生产一批玩具，玩具的一条圆环上均匀安装着13个小球，其中3个是红 球，10个是白球.如果2个圆环通过翻转后可以叠放在一起，使得红球对红球、白球对白球，这 样的两个圆环就认为是相同的.那么一共可以生产多少种不同的圆环？,C:\Users\admin\Desktop\试卷分析project\参考教材\奥数\竞赛数学导引 六年级.pdf
6,竞赛数学导引 六年级,13,计数综合四,超越篇,challenge,98,2,,0.9961,False,141,very_long,counting,,,计数综合四|counting,高思导引超越篇难度,high,auto,L4,False,对于由1至6组成的无重复数字的六位数，如果它的首位数字不是1，那么可以进 行如下的1次操作：记首位数字为k，则将数字k与第k位上的数字对换.例如，245136可以 进行两次操作：245136→425136→125436.直到它的首位数字是1为止.请问：可以进行5次 操作的六位数有多少个？,C:\Users\admin\Desktop\试卷分析project\参考教材\奥数\竞赛数学导引 六年级.pdf
6,竞赛数学导引 六年级,13,计数综合四,超越篇,challenge,98,3,★,0.9917,False,79,medium,counting,,,计数综合四|counting,高思导引超越篇难度,high,auto,L4,False,大小形状相同的红、黄、蓝三种颜色的珠子依次有2枚、2枚、3枚，现在要将它们 穿成一串，要求相同颜色的珠子不能相邻，共有多少种不同实质的穿法？如果要穿成一个 圈呢？,C:\Users\admin\Desktop\试卷分析project\参考教材\奥数\竞赛数学导引 六年级.pdf
6,竞赛数学导引 六年级,13,计数综合四,超越篇,challenge,98,4,,0.9926,True,138,very_long,geometry,,has_diagram,计数综合四|geometry,高思导引超越篇难度,high,review,L4,False,有8个队参加比赛，采用如图13-7所示 的淘汰制方式.问：在比赛前抽签时，可以得到多少种 实质不同的比赛安排表？ 图13-7 已知任意3条线段都没有交于一点，请问： （1）八边形内共连结了多少条线段？ (2）这些线段在八边形内共有多少个交点？ （3）所形成的图形中最多可以数出多少个三角形？,C:\Users\admin\Desktop\试卷分析project\参考教材\奥数\竞赛数学导引 六年级.pdf
6,竞赛数学导引 六年级,13,计数综合四,超越篇,challenge,99,6,,0.9967,False,97,long,counting,growth_consumption,,计数综合四|counting|growth_consumption,高思导引超越篇难度,high,auto,L4,False,动物园的门票5元1张，每人限购1张.现在有10个小朋友排队购票，其中5个小 朋友只有5元的钞票，另外5个小朋友只有10元的钞票，售票员没有准备零钱.请问：有多少 种排队方法，使售票员总能找得开零钱？,C:\Users\admin\Desktop\试卷分析project\参考教材\奥数\竞赛数学导引 六年级.pdf
6,竞赛数学导引 六年级,13,计数综合四,超越篇,challenge,99,7,,0.9932,False,237,very_long,counting,case_analysis|geometry_transform,,计数综合四|计数问题|counting|case_analysis|geometry_transform,高思导引超越篇难度,high,auto,L4,False,婪经理将要打印的信件交给秘书，每次给一封，且放在所有信件的最上面，秘书一有 空就从最上面拿一封信来打.有一天共有7封信要打印，经理按1号信，2号信，，7号信 透露上午工作的其他情况.问： （1）如果上午秘书已经把5封信打完了，那么上午打印信的顺序有多少种可能？ （2）如果上午秘书还没有把信打完，那么下午打印信的顺序有多少种可能？ 法有多少种？ (2）8名女生，20名男生站成一圈，要求每2名女生之间至少有2名男生，有多少种不同 的站法？（经过旋转后相同的算作同一种排法，答案用阶乘表示）,C:\Users\admin\Desktop\试卷分析project\参考教材\奥数\竞赛数学导引 六年级.pdf
6,竞赛数学导引 六年级,14,行程问题六,兴趣篇,interest,100,1,★★,0.9924,False,170,very_long,application,travel_chain,,行程问题六|application|travel_chain,5、6年级及以前高思导引拓展篇及以下难度 或 七年级及以上校内课本难度,low,auto,L3,False,姐弟俩正要从公园门口沿马路向东去博物馆，而他们回家则要从公园门口沿马路 向西行.他们商量是先回家取车，再骑到博物馆，还是直接从公园门口走到博物馆.姐姐算了 一下：如果从公园到博物馆距离超过2千米，则回家取车比较省时间；如果公园和博物馆的距 离不足2千米，那么直接走过去省时间.已知骑车与步行的速度比为4：1，那么公园门口到他 们家的距离是多少千米？,C:\Users\admin\Desktop\试卷分析project\参考教材\奥数\竞赛数学导引 六年级.pdf
6,竞赛数学导引 六年级,14,行程问题六,兴趣篇,interest,100,2,,0.9976,False,92,long,application,travel_chain,,行程问题六|application|travel_chain,5、6年级及以前高思导引拓展篇及以下难度 或 七年级及以上校内课本难度,low,auto,L2,False,萱萱去姥姥家，途中要经过上坡、平路和下坡各一段，路程比为1：2：1.已知萱萱 在三种路段上行走的速度比为3：4：6，且在平路上行走的时间是25分钟.那么萱萱去姥姥家 路上一共花了多长时间？,C:\Users\admin\Desktop\试卷分析project\参考教材\奥数\竞赛数学导引 六年级.pdf
6,竞赛数学导引 六年级,14,行程问题六,兴趣篇,interest,101,3,★,0.9904,False,117,long,application,travel_chain,,行程问题六|application|travel_chain,5、6年级及以前高思导引拓展篇及以下难度 或 七年级及以上校内课本难度,low,auto,L2,False,一辆客车和一辆货车分别从甲、乙两地出发相向而行.如果两车都在6：00出发，那 么会在11：00相遇，如果客车和货车分别于7：00和8：00出发，那么会在12：40相遇.现在客 车和货车分别于10：00和8：00出发，它们将在什么时候相遇？,C:\Users\admin\Desktop\试卷分析project\参考教材\奥数\竞赛数学导引 六年级.pdf
6,竞赛数学导引 六年级,14,行程问题六,兴趣篇,interest,101,4,,0.994,False,103,long,application,,,行程问题六|application,5、6年级及以前高思导引拓展篇及以下难度 或 七年级及以上校内课本难度,low,auto,L2,False,两条公路成十字交叉，甲从十字路口南1200米处向北直行，乙从十字路口处向东 直行.甲、乙同时出发10分钟后，两人与十字路口的距离相等；出发100分钟后，两人与十字 路口的距离再次相等，此时他们距十字路口多少米？,C:\Users\admin\Desktop\试卷分析project\参考教材\奥数\竞赛数学导引 六年级.pdf
6,竞赛数学导引 六年级,14,行程问题六,兴趣篇,interest,101,5,,0.9424,True,200,very_long,application,travel_chain,has_diagram,行程问题六|application|travel_chain,5、6年级及以前高思导引拓展篇及以下难度 或 七年级及以上校内课本难度,low,review,L3,False,A、B、C、O四个小镇之间的道路分布如图14-1所示，其中A、O两镇相距20千 米，B、O两镇相距30千米.某天甲、乙两人同时从B镇出 发，甲到达O镇后再向A镇走，到达A镇后又立刻返回， 而乙到达O镇后直接向C行进.丙从C镇与甲、乙两人同 Q 时出发，在距离O镇15千米处与乙相遇.当丙到达0镇后 C 又向A镇前行，在与O镇相距6千米的地方与甲相遇.已 知甲、乙的速度比为8：9，求O、C两镇之间的距离， B 图 14 -1,C:\Users\admin\Desktop\试卷分析project\参考教材\奥数\竞赛数学导引 六年级.pdf
6,竞赛数学导引 六年级,14,行程问题六,兴趣篇,interest,101,6,,0.9745,False,49,medium,application,travel_chain,,行程问题六|application|travel_chain,5、6年级及以前高思导引拓展篇及以下难度 或 七年级及以上校内课本难度,low,auto,L2,False,甲、乙两人同时从山脚开始爬山，到达山顶后就立即下山，他们两人下山的速度都 腰.求从山脚到山顶的距离。,C:\Users\admin\Desktop\试卷分析project\参考教材\奥数\竞赛数学导引 六年级.pdf
6,竞赛数学导引 六年级,14,行程问题六,兴趣篇,interest,101,7,,0.9986,False,93,long,application,,,行程问题六|application,5、6年级及以前高思导引拓展篇及以下难度 或 七年级及以上校内课本难度,low,auto,L2,False,自动扶梯由下向上匀速运动，每两秒向上移动1级台阶.卡莉娅沿扶梯向上行走， 每秒走两级台阶.已知自动扶梯的可见部分共120级，卡莉娅沿扶梯向上走，从底部走到顶部 的过程中，她共走了多少级台阶？,C:\Users\admin\Desktop\试卷分析project\参考教材\奥数\竞赛数学导引 六年级.pdf
6,竞赛数学导引 六年级,14,行程问题六,兴趣篇,interest,102,8,,0.9938,False,161,very_long,application,travel_chain,,行程问题六|application|travel_chain,5、6年级及以前高思导引拓展篇及以下难度 或 七年级及以上校内课本难度,low,auto,L3,False,从甲市到乙市有一条公路，它分成三段：在第一段上，汽车速度是每小时40千米； 在第二段上，汽车速度是每小时90千米；在第三段上，汽车速度是每小时50千米.已知第一 段公路的长恰好是第三段的2倍.现有两辆汽车分别从甲、乙两市同时出发，相向而行，1小时 20分钟后，在第二段公路上从甲到乙方向的一处相遇.请问：甲、乙两市相距多少千米？,C:\Users\admin\Desktop\试卷分析project\参考教材\奥数\竞赛数学导引 六年级.pdf
6,竞赛数学导引 六年级,14,行程问题六,兴趣篇,interest,102,9,,0.9982,False,145,very_long,application,,,行程问题六|application,5、6年级及以前高思导引拓展篇及以下难度 或 七年级及以上校内课本难度,low,auto,L3,False,一支轻骑摩托小分队奉命把一份重要文件送到距驻地很远的指挥部.每辆摩托车 装满油最多能行150千米，且途中没有加油站.由于一辆摩托车无法完成任务，队长决定派两 辆摩托车执行任务，其中一辆摩托车负责把文件送到指挥部，另一辆则在中途供给油料后安 全返回驻地.请问：指挥部距小分队驻地最远可能是多少千米？,C:\Users\admin\Desktop\试卷分析project\参考教材\奥数\竞赛数学导引 六年级.pdf
6,竞赛数学导引 六年级,14,行程问题六,兴趣篇,interest,102,10,,0.9954,False,191,very_long,application,travel_chain,,行程问题六|application|travel_chain,5、6年级及以前高思导引拓展篇及以下难度 或 七年级及以上校内课本难度,low,auto,L3,False,甲、乙两班学生到离校24千米的飞机场参观，已知只有一辆汽车，一次只能乘坐 一个班的学生.为了尽快到达飞机场，两个班商定，由甲班先坐车，乙班先步行，同时出发，甲 班学生在途中某地下车后步行去飞机场，汽车则立即返回接在途中步行的乙班学生.如果甲、 乙两班学生步行速度相同，都为5千米/时，汽车的速度为35千米/时.请问：汽车应在距飞机 场多少千米处返回接乙班学生，才能使两班学生同时到达飞机场？,C:\Users\admin\Desktop\试卷分析project\参考教材\奥数\竞赛数学导引 六年级.pdf
6,竞赛数学导引 六年级,14,行程问题六,拓展篇,extension,"102,103",1,,0.9814,False,215,very_long,application,travel_chain,cross_page_question,行程问题六|application|travel_chain,5、6年级及以前高思导引拓展篇及以下难度 或 七年级及以上校内课本难度,mid,review,L4,False,一辆轿车和一辆巴士都从A地到B地，巴士速度是轿车速度的.日 .巴士要在两地 的中点停10分钟，轿车中途不停车.轿车比巴士在A地晚出发11分钟，早7分钟到达B地， 如果巴士是10点出发的，那么轿车超过巴士时是10点多少分？ 车行完全程需15小时.两车在中途相遇后，货车又行了90千米，这时客车行完了全程的 80%，求甲、乙两地的距离。 地方追上.如果乙把速度提高一倍，而甲的速度不变，那么将在距离B地2千米处追上.请问： A、B两地相距多少干米？,C:\Users\admin\Desktop\试卷分析project\参考教材\奥数\竞赛数学导引 六年级.pdf
6,竞赛数学导引 六年级,14,行程问题六,拓展篇,extension,103,4,★★,0.9899,False,92,long,application,travel_chain,,行程问题六|application|travel_chain,5、6年级及以前高思导引拓展篇及以下难度 或 七年级及以上校内课本难度,mid,auto,L4,False,有甲、乙、丙三辆汽车，各以一定的速度从某地出发同向而行.乙比丙晚出发10分 钟，出发后40分钟追上丙；甲比乙晚出发20分钟，出发后1小时40分钟追上丙.请问：甲出发 多少分钟后才能追上乙？,C:\Users\admin\Desktop\试卷分析project\参考教材\奥数\竞赛数学导引 六年级.pdf
6,竞赛数学导引 六年级,14,行程问题六,拓展篇,extension,103,5,,0.9844,False,89,medium,application,travel_chain,,行程问题六|application|travel_chain,5、6年级及以前高思导引拓展篇及以下难度 或 七年级及以上校内课本难度,mid,auto,L3,False,甲、乙两人同时从山脚开始爬山，到达山顶后就立即下山.他们两人下山的速度都 是各自上山速度的2倍.甲与乙在离山顶400米处相遇，当甲回到山脚时，乙刚好下到半山 腰，求山脚到山顶的距离。,C:\Users\admin\Desktop\试卷分析project\参考教材\奥数\竞赛数学导引 六年级.pdf
6,竞赛数学导引 六年级,14,行程问题六,拓展篇,extension,103,6,,0.9934,False,123,very_long,application,travel_chain,,行程问题六|application|travel_chain,5、6年级及以前高思导引拓展篇及以下难度 或 七年级及以上校内课本难度,mid,auto,L4,False,甲、乙两车分别从A、B两地同时出发相向而行，甲车速度为32千米/时，乙车速度 为48千米/时.它们分别到达B地和A地后，甲车速度提高四分之一，乙车速度减少六分之 一.如果它们第一次相遇与第二次相遇地点相距74千米，那么乙车比甲车早多少小时返回出 发点？,C:\Users\admin\Desktop\试卷分析project\参考教材\奥数\竞赛数学导引 六年级.pdf
6,竞赛数学导引 六年级,14,行程问题六,拓展篇,extension,103,7,,0.9841,False,89,medium,application,travel_chain,,行程问题六|application|travel_chain,5、6年级及以前高思导引拓展篇及以下难度 或 七年级及以上校内课本难度,mid,auto,L3,False,甲、乙两人从A、B两地同时出发相向而行，相遇时乙比甲多行了100米，如果甲出 发后在距离AB中点220米处把速度提高到原来的3倍，则相遇时甲比乙多行了100米，求 A、B两地的距离.,C:\Users\admin\Desktop\试卷分析project\参考教材\奥数\竞赛数学导引 六年级.pdf
6,竞赛数学导引 六年级,14,行程问题六,拓展篇,extension,104,8,★,0.9549,True,292,very_long,application,travel_chain,has_diagram,行程问题六|application|travel_chain,5、6年级及以前高思导引拓展篇及以下难度 或 七年级及以上校内课本难度,mid,review,L4,False,如图14-2，A、B两地相距54千米，D是AB的中点.甲、乙、丙三人骑车分别同时 E 上 总是经过D之后往甲、乙两人将要相遇的地方骑，结果三 人在距离D点5400米的E点相遇，E在B、D之间.如果 乙的速度提高到原来的3倍，那么丙必须提前52分钟出 发三人才能相遇，否则甲、乙相遇的时候，丙还差6600米 C 才到D.请问：甲的速度是每小时多少个米？ 图14-2 隔4分钟遇到迎面开来的一辆电车.小张和小王分别骑车从甲、乙两地同时出发，相向而行， 小张每隔5分钟遇到迎面开来的一辆电车，小王每隔6分钟遇到一辆迎面开来的电车.如果 电车行驶全程需要56分钟，那么小王与小张在途中相遇时，他们已经出发了多少分钟？,C:\Users\admin\Desktop\试卷分析project\参考教材\奥数\竞赛数学导引 六年级.pdf
6,竞赛数学导引 六年级,14,行程问题六,拓展篇,extension,104,10,★,0.9928,False,160,very_long,application,travel_chain,,行程问题六|application|travel_chain,5、6年级及以前高思导引拓展篇及以下难度 或 七年级及以上校内课本难度,mid,auto,L4,False,米老鼠从A到B，唐老鸭从B到A，米老鼠与唐老鸭的速度比为6：5，M是A、B 的中点.在A、M之间有一C点，距离M点26千米，此处有一个魔鬼，谁经过他都要减速 25%；B、M之间有一D点，距离M点4千米，此处有一个仙人，谁经过他都会加速25%；现在 米老鼠和唐老鸭同时出发，且同时到达各自的目的地，请问：A、B两地相距多少千米？,C:\Users\admin\Desktop\试卷分析project\参考教材\奥数\竞赛数学导引 六年级.pdf
6,竞赛数学导引 六年级,14,行程问题六,拓展篇,extension,104,11,,0.9983,False,79,medium,application,travel_chain,,行程问题六|application|travel_chain,5、6年级及以前高思导引拓展篇及以下难度 或 七年级及以上校内课本难度,mid,auto,L3,False,自动扶梯由下向上匀速运动，甲从顶部向下走到底部，共走了150级；乙从底部向 上走到顶部，共走了75级.如果甲的速度是乙的速度的3倍，那么扶梯可见部分共有多少级？,C:\Users\admin\Desktop\试卷分析project\参考教材\奥数\竞赛数学导引 六年级.pdf
6,竞赛数学导引 六年级,14,行程问题六,拓展篇,extension,104,12,,0.9987,False,67,medium,application,,,行程问题六|application,5、6年级及以前高思导引拓展篇及以下难度 或 七年级及以上校内课本难度,mid,auto,L3,False,四辆汽车分别停在一个十字路口的四条岔路上，它们与路口的距离都是18千米， 公路行驶，那么最少要经过多少分钟，它们才能设法相聚在同一地点？,C:\Users\admin\Desktop\试卷分析project\参考教材\奥数\竞赛数学导引 六年级.pdf
6,竞赛数学导引 六年级,14,行程问题六,拓展篇,extension,105,13,★,0.9929,False,95,long,application,,,行程问题六|application,5、6年级及以前高思导引拓展篇及以下难度 或 七年级及以上校内课本难度,mid,auto,L4,False,某种小型飞机加满油最多能飞行1500千米，但不够从A地飞到B地.如果从A 地派3架这样的飞机，通过实现空中供油，可以使其中一架飞机飞到B地，另两架安全返回A 地，那么A、B两地最远相距多少千米？,C:\Users\admin\Desktop\试卷分析project\参考教材\奥数\竞赛数学导引 六年级.pdf
6,竞赛数学导引 六年级,14,行程问题六,拓展篇,extension,105,14,,0.9974,False,123,very_long,application,travel_chain,,行程问题六|application|travel_chain,5、6年级及以前高思导引拓展篇及以下难度 或 七年级及以上校内课本难度,mid,auto,L4,False,现有两支球队同时从某地到9千米外的体育馆进行比赛，但只有一辆汽车接送，且 每次只能乘坐一支球队.已知队员步行速度均为6千米/时；汽车满载的速度为27千米/时，空载 的速度为36千米/时.请问：比赛最早会在两队出发后多少分钟开始？（两队均到场即可开始）,C:\Users\admin\Desktop\试卷分析project\参考教材\奥数\竞赛数学导引 六年级.pdf
6,竞赛数学导引 六年级,14,行程问题六,超越篇,challenge,105,1,★,0.9623,True,155,very_long,application,travel_chain,has_diagram,行程问题六|application|travel_chain,高思导引超越篇难度,high,review,L4,False,如图14-3所示，A、B、C、D四个球按顺时针方向均匀 分布在周长48米的圆周上，分别以1米/秒、2米/秒、3米/秒、 4米/秒的速度做顺时针运动.当有两个球碰到一起的时候，两个球 相互交换速度，但运行方向不变；当三个球碰到一起的时候，中间球 (D 的速度不变，其他两个球相互交换速度.请问：从四个球同时出发开 图14-3,C:\Users\admin\Desktop\试卷分析project\参考教材\奥数\竞赛数学导引 六年级.pdf
6,竞赛数学导引 六年级,14,行程问题六,超越篇,challenge,105,2,★,0.9945,False,116,long,application,travel_chain,,行程问题六|application|travel_chain,高思导引超越篇难度,high,auto,L4,False,A、B、C三地依次分布在由西向东的同一条道路上，甲、乙、丙分别从A、B、C同 时出发，甲、乙向东，丙向西.乙、丙在距离B地18千米处相遇，甲、丙在B地相遇，而当甲在C 地追上乙时，丙已经走过B地32千米.试问：A、C间的路程是多少千米？,C:\Users\admin\Desktop\试卷分析project\参考教材\奥数\竞赛数学导引 六年级.pdf
6,竞赛数学导引 六年级,14,行程问题六,超越篇,challenge,105,3,,0.9825,False,139,very_long,application,travel_chain,,行程问题六|application|travel_chain,高思导引超越篇难度,high,auto,L4,False,甲、乙、丙同时从山脚开始爬山，到达山顶后立即下山，不断往返运动.已知山坡长 360米，甲、乙、丙的速度比为6：5：4，并且甲、乙、丙的下山速度都是各自上山速度的1.5 倍.经过一段时间后，甲到达山顶时，看见乙正在下山，此时乙距离山脚不到180米（乙不在山 脚).求此时丙离山顶的距离。,C:\Users\admin\Desktop\试卷分析project\参考教材\奥数\竞赛数学导引 六年级.pdf
6,竞赛数学导引 六年级,14,行程问题六,超越篇,challenge,106,4,,0.9928,False,130,very_long,application,travel_chain,,行程问题六|application|travel_chain,高思导引超越篇难度,high,auto,L4,False,甲、乙、丙三人从A地出发向B地前进，A、B两地之间的距离为18.6千米.已知 甲步行速度为3千米/时，骑车速度为15千米/时，乙步行速度为6千米/时，骑车速度为15千 安排使得甲、乙、丙在最短时间内同时到达B地，那么至少需要多少分钟？（骑车可以带人，但 只能带一人）,C:\Users\admin\Desktop\试卷分析project\参考教材\奥数\竞赛数学导引 六年级.pdf
6,竞赛数学导引 六年级,14,行程问题六,超越篇,challenge,106,5,,0.9975,False,142,very_long,application,travel_chain,,行程问题六|application|travel_chain,高思导引超越篇难度,high,auto,L4,False,商场里有一架自动扶梯，阿呆和阿瓜都从1楼乘扶梯到2楼.阿呆乘扶梯的同时还 向前往上行走，阿瓜乘扶梯的同时还向后往下行走.两人到达2楼的时候阿呆一共向上迈了 18级台阶，阿瓜一共向下迈了10级台阶，已知阿呆往上走速度和阿瓜往下走速度的比为 12：5，请问：从1楼到2楼的扶梯一共有多少级台阶？,C:\Users\admin\Desktop\试卷分析project\参考教材\奥数\竞赛数学导引 六年级.pdf
6,竞赛数学导引 六年级,14,行程问题六,超越篇,challenge,106,6,,0.9934,False,185,very_long,application,travel_chain,,行程问题六|application|travel_chain,高思导引超越篇难度,high,auto,L4,False,A、B两地相距125千米，甲、乙两人骑自行车分别从A、B两地同时出发，相向而 行.丙骑摩托车以每小时63千米的速度，与甲同时从A地出发，在甲、乙两人间来回穿梭（与 乙相遇立即返回，与甲相遇也立即返回）.若甲骑车速度为每小时9千米，且当丙第二次回到 甲处时（甲、丙同时出发的那一次为丙第零次回到甲处），甲、乙两人相距45千米.问：当甲、乙 两人相距20千米时，甲与丙相距多少千米？,C:\Users\admin\Desktop\试卷分析project\参考教材\奥数\竞赛数学导引 六年级.pdf
6,竞赛数学导引 六年级,14,行程问题六,超越篇,challenge,106,7,,0.9972,False,74,medium,application,travel_chain,,行程问题六|application|travel_chain,高思导引超越篇难度,high,auto,L4,False,甲、乙、丙、丁四车同时在一条路上行驶：甲车12点追上丙车，14点与丁相遇，16 点与乙相遇；乙车17点与丙相遇，18点追上丁.问：丙和丁几点几分相遇？,C:\Users\admin\Desktop\试卷分析project\参考教材\奥数\竞赛数学导引 六年级.pdf
6,竞赛数学导引 六年级,14,行程问题六,超越篇,challenge,106,8,,0.9854,False,176,very_long,application,travel_chain,,行程问题六|application|travel_chain,高思导引超越篇难度,high,auto,L4,False,3月25日正午12点，甲、乙两艘轮船分别从A、B两港同时出发，相向而行.航行 中的每天正午12点，这两艘轮船都会放出一只信鸽，以相同的速度飞向B港报信.已知甲船3 点，乙船到达了A港，此时乙船放出了它在整个航程中的最后一只信鸽，而该信鸽恰好与甲船 同时到达B港.已知除了“阿呆”与“阿瓜”之外，还有一对信鸽也是同时到达B港，请求出这对 信鸽到达B港的准确时间，,C:\Users\admin\Desktop\试卷分析project\参考教材\奥数\竞赛数学导引 六年级.pdf
6,竞赛数学导引 六年级,15,数论综合一,兴趣篇,interest,107,1,★★,0.9929,False,85,medium,number_theory,,,数论综合一|number_theory,5、6年级及以前高思导引拓展篇及以下难度 或 七年级及以上校内课本难度,low,auto,L1,False,如果某整数同时具备如下三条性质： ①这个数与1的差是质数； ②这个数除以2所得的商也是质数； ③这个数除以9所得的余数是5. 那么我们称这个整数为“幸运数”.求出所有的两位幸运数,C:\Users\admin\Desktop\试卷分析project\参考教材\奥数\竞赛数学导引 六年级.pdf
6,竞赛数学导引 六年级,15,数论综合一,兴趣篇,interest,107,2,★★,0.9827,False,68,medium,number_theory,,,数论综合一|number_theory,5、6年级及以前高思导引拓展篇及以下难度 或 七年级及以上校内课本难度,low,auto,L1,False,一个五位数8口25口，方格中的数未知.请问： （1）如果该数能被72整除，这个五位数是多少？ （2）如果该数能被55整除，这个五位数是多少？,C:\Users\admin\Desktop\试卷分析project\参考教材\奥数\竞赛数学导引 六年级.pdf
6,竞赛数学导引 六年级,15,数论综合一,兴趣篇,interest,107,3,★★,0.9854,False,39,short,number_theory,,,数论综合一|number_theory,5、6年级及以前高思导引拓展篇及以下难度 或 七年级及以上校内课本难度,low,auto,L1,False,在小于5000的自然数中，能被11整除，并且所有数字之和为13的数共有多少个？,C:\Users\admin\Desktop\试卷分析project\参考教材\奥数\竞赛数学导引 六年级.pdf
6,竞赛数学导引 六年级,15,数论综合一,兴趣篇,interest,108,4,,0.9958,False,123,very_long,number_theory,,,数论综合一|number_theory,5、6年级及以前高思导引拓展篇及以下难度 或 七年级及以上校内课本难度,low,auto,L3,False,一个各位数字均不为0的三位数能被8整除，将其百位数字、十位数字和个位数字 分别划去后可以得到三个两位数（例如，按此方法由247将得到47、27、24).已知这些两位数 中一个是5的倍数，另一个是6的倍数，还有一个是7的倍数.请问：原来的三位数是多少？,C:\Users\admin\Desktop\试卷分析project\参考教材\奥数\竞赛数学导引 六年级.pdf
6,竞赛数学导引 六年级,15,数论综合一,兴趣篇,interest,108,6,,0.9958,False,48,medium,general,,,数论综合一|general,5、6年级及以前高思导引拓展篇及以下难度 或 七年级及以上校内课本难度,low,auto,L1,False,一个自然数N共有9个约数，而N一1恰有8个约数.满足条件的自然数中，最小 的和第二小的分别是多少？,C:\Users\admin\Desktop\试卷分析project\参考教材\奥数\竞赛数学导引 六年级.pdf
6,竞赛数学导引 六年级,15,数论综合一,兴趣篇,interest,108,7,,0.9954,False,34,short,general,,,数论综合一|general,5、6年级及以前高思导引拓展篇及以下难度 或 七年级及以上校内课本难度,low,auto,L1,False,一个自然数，它最大的约数和次大的约数之和是111，这个自然数是多少？,C:\Users\admin\Desktop\试卷分析project\参考教材\奥数\竞赛数学导引 六年级.pdf
6,竞赛数学导引 六年级,15,数论综合一,兴趣篇,interest,108,8,,0.968,False,58,medium,calculation,,,数论综合一|calculation,5、6年级及以前高思导引拓展篇及以下难度 或 七年级及以上校内课本难度,low,auto,L1,False,"有一个算式6×5×4×3×2×1.小明在上式中把一些“×""换成“÷”，计算结果还 是自然数，那么这个自然数最小是多少？",C:\Users\admin\Desktop\试卷分析project\参考教材\奥数\竞赛数学导引 六年级.pdf
6,竞赛数学导引 六年级,15,数论综合一,兴趣篇,interest,108,9,,0.9959,False,36,short,number_theory,,,数论综合一|number_theory,5、6年级及以前高思导引拓展篇及以下难度 或 七年级及以上校内课本难度,low,auto,L1,False,一个两位数分别除以7、8、9，所得余数的和为20.问：这个两位数是多少？,C:\Users\admin\Desktop\试卷分析project\参考教材\奥数\竞赛数学导引 六年级.pdf
6,竞赛数学导引 六年级,15,数论综合一,兴趣篇,interest,108,10,,0.9949,False,198,very_long,number_theory,,,数论综合一|数论问题|number_theory,5、6年级及以前高思导引拓展篇及以下难度 或 七年级及以上校内课本难度,low,auto,L3,False,信息在战争中是非常重要的，它常以密文的方式传送.对方能获取密文却很难知 道破译密文的密码，这样就达到保密的作用.有一天我军截获了敌军的一串密文： A378B421C，字母表示还没有被破译出来的数字.如果知道密码满足如下条件： ①密文由三个三位数连在一起组成，每个三位数的三个数字互不相同； ②三个三位数除以12所得到的余数是三个互不相同的质数； ③三个字母表示的数字互不相同且不全是奇数. 你能破解此密文吗？,C:\Users\admin\Desktop\试卷分析project\参考教材\奥数\竞赛数学导引 六年级.pdf
6,竞赛数学导引 六年级,15,数论综合一,拓展篇,extension,109,1,,0.9827,False,47,medium,number_theory,,,数论综合一|number_theory,5、6年级及以前高思导引拓展篇及以下难度 或 七年级及以上校内课本难度,mid,auto,L3,False,已知3a7×b0c是495的倍数，其中a、b、c分别代表不同的数字.请问：三位数abc是 多少？,C:\Users\admin\Desktop\试卷分析project\参考教材\奥数\竞赛数学导引 六年级.pdf
6,竞赛数学导引 六年级,15,数论综合一,拓展篇,extension,109,2,★★,0.9947,False,34,short,general,,,数论综合一|general,5、6年级及以前高思导引拓展篇及以下难度 或 七年级及以上校内课本难度,mid,auto,L3,False,11个连续两位数乘积的末4位都是0，那么这11个数的总和最小是多少？,C:\Users\admin\Desktop\试卷分析project\参考教材\奥数\竞赛数学导引 六年级.pdf
6,竞赛数学导引 六年级,15,数论综合一,拓展篇,extension,109,3,★,0.9631,False,63,medium,calculation,,,数论综合一|calculation,5、6年级及以前高思导引拓展篇及以下难度 或 七年级及以上校内课本难度,mid,auto,L3,False,有一个算式9×8×7×6×5×4×3×2×1.小明在上式中把一些“×”换成“÷” 计算结果还是自然数，那么这个自然数最小是多少？,C:\Users\admin\Desktop\试卷分析project\参考教材\奥数\竞赛数学导引 六年级.pdf
6,竞赛数学导引 六年级,15,数论综合一,拓展篇,extension,109,4,★,0.9879,False,68,medium,number_theory,,,数论综合一|number_theory,5、6年级及以前高思导引拓展篇及以下难度 或 七年级及以上校内课本难度,mid,auto,L3,False,由1、2、3、4各一个组成四位数abcd，使得a、ab、abc、abcd这四个自然数都不是3 的倍数，那么abcd最大是多少，最小是多少？,C:\Users\admin\Desktop\试卷分析project\参考教材\奥数\竞赛数学导引 六年级.pdf
6,竞赛数学导引 六年级,15,数论综合一,拓展篇,extension,109,5,,0.9976,False,35,short,number_theory,,,数论综合一|number_theory,5、6年级及以前高思导引拓展篇及以下难度 或 七年级及以上校内课本难度,mid,auto,L3,False,在小于100的正整数中，能被2或3整除，且不能被6整除的数共有多少个？,C:\Users\admin\Desktop\试卷分析project\参考教材\奥数\竞赛数学导引 六年级.pdf
6,竞赛数学导引 六年级,15,数论综合一,拓展篇,extension,109,6,★,0.9891,False,198,very_long,number_theory,,,数论综合一|number_theory,5、6年级及以前高思导引拓展篇及以下难度 或 七年级及以上校内课本难度,mid,auto,L4,False,有15位同学，每位同学都有个编号，他们的编号是1号到15号.1号同学写了一个 自然数，2号说：“这个数能被2整除”，3号接着说：“这个数能被3整除”依此下去，每位 同学都说，这个数能被他的编号数整除.1号一一作了验证：只有两个同学（他们的编号是连 续的)说得不对，其余同学都对.问： （1）说的不对的两位同学他们的编号是哪两个连续的自然数？ （2）如果1号同学写的自然数是一个五位数，那么这个自然数为多少？,C:\Users\admin\Desktop\试卷分析project\参考教材\奥数\竞赛数学导引 六年级.pdf
6,竞赛数学导引 六年级,15,数论综合一,拓展篇,extension,110,7,,0.9955,False,196,very_long,number_theory,,,数论综合一|number_theory,5、6年级及以前高思导引拓展篇及以下难度 或 七年级及以上校内课本难度,mid,auto,L4,False,有2008盏灯，分别对应编号为1至2008的2008个开关.现在有编号为1至2008 的2008个人来按动这些开关.已知第1个人按的开关的编号是1的倍数（也就是说他把所有 开关都按了一遍），第2个人按的开关的编号是2的倍数，第3个人按的开关的编号是3的倍 数…依此做下去，第2008个人按的开关的编号是2008的倍数.如果刚开始的时候，灯全是 亮着的，那么这2008个人按完后，还有多少盏灯是亮着的？,C:\Users\admin\Desktop\试卷分析project\参考教材\奥数\竞赛数学导引 六年级.pdf
6,竞赛数学导引 六年级,15,数论综合一,拓展篇,extension,110,8,,0.9901,False,74,medium,general,,,数论综合一|general,5、6年级及以前高思导引拓展篇及以下难度 或 七年级及以上校内课本难度,mid,auto,L3,False,狐狸和黄鼠狼进行跳跃比赛，狐狸每次跳4 米，黄鼠狼每次跳2 米，它们每秒 钟都只跳一次.在比赛道路上，从起点开始每隔12一 个掉进陷阱时，另一个跳了多少米？,C:\Users\admin\Desktop\试卷分析project\参考教材\奥数\竞赛数学导引 六年级.pdf
6,竞赛数学导引 六年级,15,数论综合一,拓展篇,extension,110,9,,0.9987,False,41,short,number_theory,,,数论综合一|number_theory,5、6年级及以前高思导引拓展篇及以下难度 或 七年级及以上校内课本难度,mid,auto,L3,False,一个偶数恰有6个约数不是3的倍数，恰有8个约数不是5的倍数.请问：这个偶 数是多少？,C:\Users\admin\Desktop\试卷分析project\参考教材\奥数\竞赛数学导引 六年级.pdf
6,竞赛数学导引 六年级,15,数论综合一,拓展篇,extension,110,10,★,0.9716,False,31,short,number_theory,,,数论综合一|number_theory,5、6年级及以前高思导引拓展篇及以下难度 或 七年级及以上校内课本难度,mid,auto,L3,False,一个合数，其最大的两个约数之和为1164.求所有满足要求的合数,C:\Users\admin\Desktop\试卷分析project\参考教材\奥数\竞赛数学导引 六年级.pdf
6,竞赛数学导引 六年级,15,数论综合一,拓展篇,extension,110,11,,0.9882,False,85,medium,number_theory,case_analysis,,数论综合一|number_theory|case_analysis,5、6年级及以前高思导引拓展篇及以下难度 或 七年级及以上校内课本难度,mid,auto,L3,False,已知a与6是两个正整数，且a>6.请问： （1）如果它们的最小公倍数是36，那么这两个正整数有多少种情况？ （2）如果它们的最小公倍数是120，那么这两个正整数有多少种情况？,C:\Users\admin\Desktop\试卷分析project\参考教材\奥数\竞赛数学导引 六年级.pdf
6,竞赛数学导引 六年级,15,数论综合一,拓展篇,extension,110,12,★,0.9733,False,65,medium,number_theory,,,数论综合一|number_theory,5、6年级及以前高思导引拓展篇及以下难度 或 七年级及以上校内课本难度,mid,auto,L3,False,已知a与b的最大公约数是14，α与c的最小公倍数是350，6与c的最小公倍数 也是350.满足上述条件的正整数a、b、c共有多少组？,C:\Users\admin\Desktop\试卷分析project\参考教材\奥数\竞赛数学导引 六年级.pdf
6,竞赛数学导引 六年级,15,数论综合一,拓展篇,extension,111,13,,0.9985,False,50,medium,number_theory,,,数论综合一|number_theory,5、6年级及以前高思导引拓展篇及以下难度 或 七年级及以上校内课本难度,mid,auto,L3,False,已知两个连续的两位数除以5的余数之和是5，除以6的余数之和是5，除以7的 余数之和是1.求这两个两位数,C:\Users\admin\Desktop\试卷分析project\参考教材\奥数\竞赛数学导引 六年级.pdf
6,竞赛数学导引 六年级,15,数论综合一,拓展篇,extension,111,14,,0.9941,True,153,very_long,geometry,,has_diagram,数论综合一|数论问题|geometry,5、6年级及以前高思导引拓展篇及以下难度 或 七年级及以上校内课本难度,mid,review,L4,False,如图15-1，在一个圆圈上有几十个孔（不到100个).小明 像玩跳棋那样从A孔出发沿着逆时针方向，每隔几个孔跳一步，希望 一圈以后能跳回到A孔.他先试着每隔2个孔跳一步，结果只能跳到 B孔.他又试着每隔4个孔跳一步，也只能跳到B孔.最后他每隔6个 孔跳一步，正好回到A孔.问：这个圆圈上共有多少个孔？ Q A 图15-1,C:\Users\admin\Desktop\试卷分析project\参考教材\奥数\竞赛数学导引 六年级.pdf
6,竞赛数学导引 六年级,15,数论综合一,超越篇,challenge,111,1,★,0.9934,False,61,medium,number_theory,,,数论综合一|number_theory,高思导引超越篇难度,high,auto,L4,False,有6个互不相同且不为0的自然数，其中任意5个数的和都是7的倍数，任意4个 数的和都是6的倍数.请问：这6个数的和最小是多少？,C:\Users\admin\Desktop\试卷分析project\参考教材\奥数\竞赛数学导引 六年级.pdf
6,竞赛数学导引 六年级,15,数论综合一,超越篇,challenge,111,2,★,0.9571,False,87,medium,number_theory,,,数论综合一|number_theory,高思导引超越篇难度,high,auto,L4,False,"设N=301×302××2005×2006，请问： （1）N的末尾一共会出现多少个连续的数字“0""？ （2）用N不断除以12，直到结果不能被12整除为止，一共可以除以多少次12？",C:\Users\admin\Desktop\试卷分析project\参考教材\奥数\竞赛数学导引 六年级.pdf
6,竞赛数学导引 六年级,15,数论综合一,超越篇,challenge,111,3,,0.9962,False,98,long,calculation,,,数论综合一|calculation,高思导引超越篇难度,high,auto,L4,False,老师告诉贝贝和晶晶一个小于5000的四位数.这个四位数是5的倍数.贝贝计算 出它与5！的最小公倍数，晶晶计算出它与10！的最大公约数，结果发现贝贝的计算结果恰 好是晶晶的5倍.请问：这个四位数是多少？,C:\Users\admin\Desktop\试卷分析project\参考教材\奥数\竞赛数学导引 六年级.pdf
6,竞赛数学导引 六年级,15,数论综合一,超越篇,challenge,112,4,,0.9968,False,59,medium,number_theory,,,数论综合一|number_theory,高思导引超越篇难度,high,auto,L4,False,一个正整数，它分别加上75和48以后都不是120的倍数，但这两个和的乘积却能 被120整除.请问：这个正整数最小是多少？,C:\Users\admin\Desktop\试卷分析project\参考教材\奥数\竞赛数学导引 六年级.pdf
6,竞赛数学导引 六年级,15,数论综合一,超越篇,challenge,112,5,,0.9662,False,72,medium,number_theory,,,数论综合一|number_theory,高思导引超越篇难度,high,auto,L4,False,a、b、c是三个非零自然数.α和b的最小公倍数是300，c和a、c和b的最大公约 数都是20，且a>b>c.请问：满足条件的a、b、c共有多少组？,C:\Users\admin\Desktop\试卷分析project\参考教材\奥数\竞赛数学导引 六年级.pdf
6,竞赛数学导引 六年级,15,数论综合一,超越篇,challenge,112,6,,0.9935,False,53,medium,number_theory,,,数论综合一|number_theory,高思导引超越篇难度,high,auto,L4,False,有一类三位数，它们除以2、3、4、5、6所得到的余数互不相同（可以含0).这样的 三位数中最小的三个是多少？,C:\Users\admin\Desktop\试卷分析project\参考教材\奥数\竞赛数学导引 六年级.pdf
6,竞赛数学导引 六年级,15,数论综合一,超越篇,challenge,112,7,,0.9969,False,52,medium,number_theory,,,数论综合一|number_theory,高思导引超越篇难度,high,auto,L4,False,有一个自然数除以15、17、19所得到的商与余数之和都相等，并且商和余数都大 于1，那么这个自然数是多少？,C:\Users\admin\Desktop\试卷分析project\参考教材\奥数\竞赛数学导引 六年级.pdf
6,竞赛数学导引 六年级,15,数论综合一,超越篇,challenge,112,8,,0.9981,False,48,medium,number_theory,,,数论综合一|数论问题|number_theory,高思导引超越篇难度,high,auto,L4,False,有4个互不相同的三位数，它们的首位数字相同，并且它们的和能被它们之中的3 个数整除.请写出这4个数,C:\Users\admin\Desktop\试卷分析project\参考教材\奥数\竞赛数学导引 六年级.pdf
6,竞赛数学导引 六年级,16,数字谜综合二,兴趣篇,interest,113,2,★,0.9663,False,37,short,general,,,数字谜综合二|general,5、6年级及以前高思导引拓展篇及以下难度 或 七年级及以上校内课本难度,low,auto,L1,False,在算式 =1中，a、6、c分别代表三个不同的自然数，这三个数的 和可能是多少？,C:\Users\admin\Desktop\试卷分析project\参考教材\奥数\竞赛数学导引 六年级.pdf
6,竞赛数学导引 六年级,16,数字谜综合二,兴趣篇,interest,113,3,★★,0.9914,True,114,long,geometry,,has_diagram,数字谜综合二|geometry,5、6年级及以前高思导引拓展篇及以下难度 或 七年级及以上校内课本难度,low,review,L2,False,如图16-1，将图中每一行左右相邻的两数相加，再除以12，将所得的余数写在它 们下一行相应的圆圈内.逐行依次进行上面的操作，最后得到最底端的一个数.请问：对于第 一行中不同的自然数，最底端的数一共有多少种取值，分别是什么？ 图16-1,C:\Users\admin\Desktop\试卷分析project\参考教材\奥数\竞赛数学导引 六年级.pdf
6,竞赛数学导引 六年级,16,数字谜综合二,兴趣篇,interest,114,4,★,0.9924,True,105,long,number_theory,,has_diagram,数字谜综合二|number_theory,5、6年级及以前高思导引拓展篇及以下难度 或 七年级及以上校内课本难度,low,review,L2,False,将最小的10个合数填到图16-2的10个空格中，要求满足以下条件： ①填入的数能被它所在列的最上面给出的数整除； 23456 ②第三行中每个数都比它上面那一格中的数大； 请问：第三行中5个数的和最小等于多少？ 图16-2,C:\Users\admin\Desktop\试卷分析project\参考教材\奥数\竞赛数学导引 六年级.pdf
6,竞赛数学导引 六年级,16,数字谜综合二,兴趣篇,interest,114,5,★,0.9867,True,110,long,general,,has_diagram,数字谜综合二|general,5、6年级及以前高思导引拓展篇及以下难度 或 七年级及以上校内课本难度,low,review,L2,False,如图16-3，在第一行填人适当的数，使得满足下面两个条件： ①第一行的五个数是连续的自然数(其中一个数已填好)； ②第一行的每相邻两数的最大公约数填人第二行对应的方格中，得 图16-3 到的第二行的数恰好是1、2、3、4各一个.,C:\Users\admin\Desktop\试卷分析project\参考教材\奥数\竞赛数学导引 六年级.pdf
6,竞赛数学导引 六年级,16,数字谜综合二,兴趣篇,interest,114,6,,0.9868,True,52,medium,geometry,,has_diagram,数字谜综合二|geometry,5、6年级及以前高思导引拓展篇及以下难度 或 七年级及以上校内课本难度,low,review,L1,False,请将数字1至9分别填入图16-4中的各个圆圈中， 使得图中每条线段两个端点中所填的数的差（大减小)均为3或,C:\Users\admin\Desktop\试卷分析project\参考教材\奥数\竞赛数学导引 六年级.pdf
6,竞赛数学导引 六年级,16,数字谜综合二,兴趣篇,interest,114,4,,0.9434,True,22,short,general,,has_diagram,数字谜综合二|general,5、6年级及以前高思导引拓展篇及以下难度 或 七年级及以上校内课本难度,low,review,L1,False,请给出一种填法，并求出填法的种数. 图16-4,C:\Users\admin\Desktop\试卷分析project\参考教材\奥数\竞赛数学导引 六年级.pdf
6,竞赛数学导引 六年级,16,数字谜综合二,兴趣篇,interest,114,0,,0.9975,False,60,medium,general,,,数字谜综合二|general,5、6年级及以前高思导引拓展篇及以下难度 或 七年级及以上校内课本难度,low,auto,L1,False,3 在上面4个算式的方框内，分别填上加、减、乘、除4个运算符号，使4个算式的得数之和 尽可能大.请问：这个最大的和等于多少？,C:\Users\admin\Desktop\试卷分析project\参考教材\奥数\竞赛数学导引 六年级.pdf
6,竞赛数学导引 六年级,16,数字谜综合二,兴趣篇,interest,114,8,★★,0.9945,True,130,very_long,general,,has_diagram,数字谜综合二|general,5、6年级及以前高思导引拓展篇及以下难度 或 七年级及以上校内课本难度,low,review,L3,False,请用0、1、2、3、4、5、6、7、8、9这10个数字各一次，组成5个自然数，使得它们 依次是某个自然数的1、2、3、4、5倍.求出这5个数 的那个数字在第二行中出现的次数.请问：第二行中的5个数字各是多少？ FIVE 01234 +FOUR NINE 图16-5 图16-6,C:\Users\admin\Desktop\试卷分析project\参考教材\奥数\竞赛数学导引 六年级.pdf
6,竞赛数学导引 六年级,16,数字谜综合二,兴趣篇,interest,114,10,,0.9924,True,61,medium,number_theory,,has_diagram,数字谜综合二|数字谜问题|number_theory,5、6年级及以前高思导引拓展篇及以下难度 或 七年级及以上校内课本难度,low,review,L1,False,图16-6中相同字母表示相同数字，不同字母表示不同数字.且FIVE是5的倍 数，FOUR是4的倍数，求NINE的所有可能值.,C:\Users\admin\Desktop\试卷分析project\参考教材\奥数\竞赛数学导引 六年级.pdf
6,竞赛数学导引 六年级,16,数字谜综合二,拓展篇,extension,115,1,★,0.9777,False,68,medium,general,,,数字谜综合二|general,5、6年级及以前高思导引拓展篇及以下难度 或 七年级及以上校内课本难度,mid,auto,L3,False,自然数12和60是一对很有趣的数，它们的积12×60=720，恰好是12+60=72 的10倍，满足上述条件的数对还有哪些，请再举出3对，,C:\Users\admin\Desktop\试卷分析project\参考教材\奥数\竞赛数学导引 六年级.pdf
6,竞赛数学导引 六年级,16,数字谜综合二,拓展篇,extension,115,2,,0.9864,False,23,short,general,,,数字谜综合二|general,5、6年级及以前高思导引拓展篇及以下难度 或 七年级及以上校内课本难度,mid,auto,L3,False,将表示成两个自然数的倒数之和，给出所有的答案.,C:\Users\admin\Desktop\试卷分析project\参考教材\奥数\竞赛数学导引 六年级.pdf
6,竞赛数学导引 六年级,16,数字谜综合二,拓展篇,extension,115,4,,0.9787,False,29,short,general,,,数字谜综合二|general,5、6年级及以前高思导引拓展篇及以下难度 或 七年级及以上校内课本难度,mid,auto,L3,False,将一写成三个自然数(可以相同)的倒数之和，共有多少种方法？,C:\Users\admin\Desktop\试卷分析project\参考教材\奥数\竞赛数学导引 六年级.pdf
6,竞赛数学导引 六年级,16,数字谜综合二,拓展篇,extension,115,5,★,0.9922,False,92,long,general,,,数字谜综合二|general,5、6年级及以前高思导引拓展篇及以下难度 或 七年级及以上校内课本难度,mid,auto,L4,False,ABCD表示一个四位数，EFG表示一个三位数，A、B、C、D、E、F、G分别代表1 至9中不同的数字.已知ABCD+EFG=1993.请问：乘积ABCD×EFG的最大值与最小值 相差多少？,C:\Users\admin\Desktop\试卷分析project\参考教材\奥数\竞赛数学导引 六年级.pdf
6,竞赛数学导引 六年级,16,数字谜综合二,拓展篇,extension,115,6,,0.9652,False,96,long,general,,,数字谜综合二|general,5、6年级及以前高思导引拓展篇及以下难度 或 七年级及以上校内课本难度,mid,auto,L4,False,从1至9中选出8个数字填人算式“口口口口+口口口口=13579”的方框中，每 个数字恰好填一次，使等式成立.请问： (1）没有被选出的数字是多少？ （2）两个四位数中较大的数最小是多少？最大是多少？,C:\Users\admin\Desktop\试卷分析project\参考教材\奥数\竞赛数学导引 六年级.pdf
6,竞赛数学导引 六年级,16,数字谜综合二,拓展篇,extension,115,7,,0.9704,False,64,medium,general,,,数字谜综合二|general,5、6年级及以前高思导引拓展篇及以下难度 或 七年级及以上校内课本难度,mid,auto,L3,False,在两个算式：ABBC=D×DDE，CBBA=D×FFG中，相同的字母代表相同的数 字，不同的字母代表不同的数字，求B十D十F的值.,C:\Users\admin\Desktop\试卷分析project\参考教材\奥数\竞赛数学导引 六年级.pdf
6,竞赛数学导引 六年级,16,数字谜综合二,拓展篇,extension,116,8,,0.9904,True,141,very_long,number_theory,,has_diagram,数字谜综合二|number_theory,5、6年级及以前高思导引拓展篇及以下难度 或 七年级及以上校内课本难度,mid,review,L4,False,如图16-7，已知第一行的数恰好是3到9各一个.将第 一行每相邻两数的最小公倍数填到它们下方的格子，得到第二行 的6个数.对于第二行每相邻两个数也将最小公倍数填到下方相 16863363660 应的格子，这样填出第三行的五个数.如果第三行的五个数如图所 示，请你填出第一行的7个数. 图16-7,C:\Users\admin\Desktop\试卷分析project\参考教材\奥数\竞赛数学导引 六年级.pdf
6,竞赛数学导引 六年级,16,数字谜综合二,拓展篇,extension,116,9,,0.9843,True,112,long,calculation,,has_diagram,数字谜综合二|calculation,5、6年级及以前高思导引拓展篇及以下难度 或 七年级及以上校内课本难度,mid,review,L4,False,小明按照下列算式： 乙组的数口甲组的数○1= 对甲、乙两组数逐个进行计算，其中方框是乘号或除号，圆圈是加号或减号.他将计算结 果填人图16－8的表中.有人发现表中14个数中有两个数是错的，请你改正.请问：改正后的 两个数的和是多少？,C:\Users\admin\Desktop\试卷分析project\参考教材\奥数\竞赛数学导引 六年级.pdf
6,竞赛数学导引 六年级,16,数字谜综合二,拓展篇,extension,116,0,,0.9056,False,6,short,general,,short_question_text,数字谜综合二|general,5、6年级及以前高思导引拓展篇及以下难度 或 七年级及以上校内课本难度,mid,unsafe,L3,False,625 9-4,C:\Users\admin\Desktop\试卷分析project\参考教材\奥数\竞赛数学导引 六年级.pdf
6,竞赛数学导引 六年级,16,数字谜综合二,拓展篇,extension,116,1,,0.9982,True,6,short,general,,has_diagram|short_question_text,数字谜综合二|general,5、6年级及以前高思导引拓展篇及以下难度 或 七年级及以上校内课本难度,mid,unsafe,L3,False,5 图16-8,C:\Users\admin\Desktop\试卷分析project\参考教材\奥数\竞赛数学导引 六年级.pdf
6,竞赛数学导引 六年级,16,数字谜综合二,拓展篇,extension,116,10,★,0.988,True,92,long,general,,has_diagram,数字谜综合二|general,5、6年级及以前高思导引拓展篇及以下难度 或 七年级及以上校内课本难度,mid,review,L4,False,如图16-9，请在这个3×6方格表的每个空格中填人一个整数，使得对于第一行 中的每个数，它在第二行中出现的次数恰好等于该列第三行所填的数，而它在第三行中出现 示第三行中有3个0) 图16-9,C:\Users\admin\Desktop\试卷分析project\参考教材\奥数\竞赛数学导引 六年级.pdf
6,竞赛数学导引 六年级,16,数字谜综合二,拓展篇,extension,116,11,,0.9914,True,116,long,geometry,,has_diagram,数字谜综合二|geometry,5、6年级及以前高思导引拓展篇及以下难度 或 七年级及以上校内课本难度,mid,review,L4,False,将1至7这7个自然数填人图16-10中的8个方格内，要求其中有 一个数字用两次，其余数字各用一次，并使图中右下角的4个方格中的每格内所 填的数均等于它上方和左方相邻方格内两个数的平均数.请给出一种填法，并 求出共有多少种填法. 图16-10,C:\Users\admin\Desktop\试卷分析project\参考教材\奥数\竞赛数学导引 六年级.pdf
6,竞赛数学导引 六年级,16,数字谜综合二,拓展篇,extension,116,12,,0.9759,True,133,very_long,general,,has_diagram,数字谜综合二|general,5、6年级及以前高思导引拓展篇及以下难度 或 七年级及以上校内课本难度,mid,review,L4,False,"在图16-11所示的3×3方格表中，“北、京、高、思、学、校、欢、迎、你”北京高 这9个汉字分别表示1至9中的不同数字，并满足： 思学校 ①每一个“田""字形内4个数之和都相等； 欢迎你 ②北²=迎²十你²； 图16-11 ③学>校 请问：“北京高思学校欢迎你""所代表的九位数是多少？",C:\Users\admin\Desktop\试卷分析project\参考教材\奥数\竞赛数学导引 六年级.pdf
6,竞赛数学导引 六年级,16,数字谜综合二,拓展篇,extension,117,13,,0.9892,True,65,medium,geometry,,has_diagram,数字谜综合二|geometry,5、6年级及以前高思导引拓展篇及以下难度 或 七年级及以上校内课本难度,mid,review,L3,False,将1至9填人图16-12的圆圈内，使图中所有三角形（共7个)的3个顶点上数字 之和都相等.求出它的一种填法. 图16-12 图16-13,C:\Users\admin\Desktop\试卷分析project\参考教材\奥数\竞赛数学导引 六年级.pdf
6,竞赛数学导引 六年级,16,数字谜综合二,拓展篇,extension,117,14,★,0.9953,True,83,medium,geometry,,has_diagram,数字谜综合二|geometry,5、6年级及以前高思导引拓展篇及以下难度 或 七年级及以上校内课本难度,mid,review,L3,False,图16-13中有大、中、小3个正方形，组成了8个三角形.现在先把1、2、3、4分 别填在大正方形的4个顶点上，再把1、2、3、4分别填在中正方形的4个顶点上，最后把1、,C:\Users\admin\Desktop\试卷分析project\参考教材\奥数\竞赛数学导引 六年级.pdf
6,竞赛数学导引 六年级,16,数字谜综合二,拓展篇,extension,117,2,,0.9939,False,110,long,geometry,,,数字谜综合二|数字谜问题|geometry,5、6年级及以前高思导引拓展篇及以下难度 或 七年级及以上校内课本难度,mid,auto,L4,False,4分别填在小正方形的4个顶点上.请问： （1）能否使8个三角形顶点上数字之和都相等？如果能，请给出填数方法；如果不能，请 说明理由； （2）能否使8个三角形顶点上数字之和各不相同？如果能，请给出填数方法；如果不能， 请说明理由.,C:\Users\admin\Desktop\试卷分析project\参考教材\奥数\竞赛数学导引 六年级.pdf
6,竞赛数学导引 六年级,16,数字谜综合二,超越篇,challenge,117,2,,0.8413,True,70,medium,general,,has_diagram,数字谜综合二|general,高思导引超越篇难度,high,review,L4,False,在图16-14的竖式中填人0至9各一次，使竖式成立.请问：竖式结果的四位数最 小可能是多少，最大可能是多少？ □□口 +口口口 □□□□ 图16-14,C:\Users\admin\Desktop\试卷分析project\参考教材\奥数\竞赛数学导引 六年级.pdf
6,竞赛数学导引 六年级,16,数字谜综合二,超越篇,challenge,118,3,,0.9785,True,28,short,general,,has_diagram,数字谜综合二|general,高思导引超越篇难度,high,review,L4,False,在图16-15所示的除法竖式中，只知道一个数字“3”，且,C:\Users\admin\Desktop\试卷分析project\参考教材\奥数\竞赛数学导引 六年级.pdf
6,竞赛数学导引 六年级,16,数字谜综合二,超越篇,challenge,118,0,,0.8401,True,45,medium,calculation,,has_diagram,数字谜综合二|calculation,高思导引超越篇难度,high,review,L4,False,口3口 商是一个循环小数.问被除数是多少？ 口口口口 □□□ □□口 □□口 口口 口口 口口 图16-15,C:\Users\admin\Desktop\试卷分析project\参考教材\奥数\竞赛数学导引 六年级.pdf
6,竞赛数学导引 六年级,16,数字谜综合二,超越篇,challenge,118,4,,0.9859,True,78,medium,geometry,,has_diagram,数字谜综合二|geometry,高思导引超越篇难度,high,review,L4,False,图16-16中有11条直线.请将1至11这11个数分别 填在11个圆圈里，使每一条直线上所有数的和相等.求这个相等 的和以及标有￥的圆圈中所填的数. 图16-16,C:\Users\admin\Desktop\试卷分析project\参考教材\奥数\竞赛数学导引 六年级.pdf
6,竞赛数学导引 六年级,16,数字谜综合二,超越篇,challenge,118,5,,0.9889,True,78,medium,geometry,,has_diagram,数字谜综合二|geometry,高思导引超越篇难度,high,review,L4,False,将1至12这12个自然数填人图16-17的“灯笼”中，使得四个椭圆和两条竖线上 的各数之和均相等.这个和数最大是多少？请给出一种填法. 图16-17 图16-18,C:\Users\admin\Desktop\试卷分析project\参考教材\奥数\竞赛数学导引 六年级.pdf
6,竞赛数学导引 六年级,16,数字谜综合二,超越篇,challenge,118,6,,0.9685,True,83,medium,geometry,,has_diagram,数字谜综合二|geometry,高思导引超越篇难度,high,review,L4,False,在图16-18的五个圆圈内各填人一个正整数（可以填相同的数)，使得图中八个 三角形的顶点数字之和互不相同.满足这个条件的自然数有很多组，求使得所填五个数之和 最小的一组.,C:\Users\admin\Desktop\试卷分析project\参考教材\奥数\竞赛数学导引 六年级.pdf
6,竞赛数学导引 六年级,16,数字谜综合二,超越篇,challenge,119,7,,0.9894,True,134,very_long,geometry,,has_diagram,数字谜综合二|geometry,高思导引超越篇难度,high,review,L4,False,图16-19中共有9条直线，每条直线上有3个圆圈.现将1至9填人图中的圆圈 内，能否找到满足下列要求之一的填法？如果能，请给出具体填法；如果不能，请说明理由， (1）使得每条直线上3个圆圈内所填数之和都相等； (2）使得其中有8条直线上3个圆圈内所填数之和相等. 图16-19,C:\Users\admin\Desktop\试卷分析project\参考教材\奥数\竞赛数学导引 六年级.pdf
6,竞赛数学导引 六年级,16,数字谜综合二,超越篇,challenge,119,8,,0.985,True,185,very_long,calculation,,has_diagram,数字谜综合二|数字谜问题|calculation,高思导引超越篇难度,high,review,L4,False,（1）请将1～15填入图16-20中左边的15个圆圈中，使得除了第一行外每个圆 圈内的数都等于与其肩膀上两个圆圈内的数之差(大数减小数)，其中数字11已填好； （2）能否将1～21这21个自然数分别填人图16-20中右边的各个圆圈里，使得除了第 一行以外，每个圆圈内的数都等于其肩膀上两个圆圈内的数之差(大数减小数)？如果能，请 给出一种填法；如果不能，请说明理由. 图16-20,C:\Users\admin\Desktop\试卷分析project\参考教材\奥数\竞赛数学导引 六年级.pdf
6,竞赛数学导引 六年级,17,应用题综合一,兴趣篇,interest,120,1,★★,0.9908,False,90,long,application,,,应用题综合一|application,5、6年级及以前高思导引拓展篇及以下难度 或 七年级及以上校内课本难度,low,auto,L2,False,一个骗子到商店买了5元的东西，他付给店员50元钱，然后店员把剩下的钱找给 了他；这时他又说自已有零钱，于是给店员5元的零钱，并且要回了开始给出的50元.请问：这 个骗子一共骗了多少钱？,C:\Users\admin\Desktop\试卷分析project\参考教材\奥数\竞赛数学导引 六年级.pdf
6,竞赛数学导引 六年级,17,应用题综合一,兴趣篇,interest,120,2,★★,0.9899,False,79,medium,application,,,应用题综合一|application,5、6年级及以前高思导引拓展篇及以下难度 或 七年级及以上校内课本难度,low,auto,L1,False,某国家的社会风气不大好，有一家商店的物品被偷窃了 ，被员工偷回家了告 下的物品全部被售出，结果这家商店竞然还获利10%.请问这家商店的物品是以进货价的几 倍售出的？,C:\Users\admin\Desktop\试卷分析project\参考教材\奥数\竞赛数学导引 六年级.pdf
6,竞赛数学导引 六年级,17,应用题综合一,兴趣篇,interest,120,3,★★,0.9677,True,82,medium,application,,has_diagram,应用题综合一|application,5、6年级及以前高思导引拓展篇及以下难度 或 七年级及以上校内课本难度,low,review,L1,False,如图17-1，用同样大小的正方形瓷砖铺一个正方形地面，两 条对角线铺黑色的，其他地方铺白色的.如果铺满这块地面共用了81 块黑色瓷砖，那么白色瓷砖用了多少块？ 图17 -1,C:\Users\admin\Desktop\试卷分析project\参考教材\奥数\竞赛数学导引 六年级.pdf
6,竞赛数学导引 六年级,17,应用题综合一,兴趣篇,interest,121,4,,0.9955,False,224,very_long,application,case_analysis|travel_chain,,应用题综合一|application|case_analysis|travel_chain,5、6年级及以前高思导引拓展篇及以下难度 或 七年级及以上校内课本难度,low,auto,L3,False,在水平地面上匀速行驶的拖拉机速度是每秒5米，已知拖拉机前轮直径0.8米，后 轮直径1.25米.设某一时刻两轮上与地面的接触点为A和B，那么经过多少秒后，A和B再 次同时与地面接触？（圆周率取近似值3） 的水，现有大、中、小三种小球.第一次把1个中球沉入水中；第二次 将中球取出，再把3个小球沉人水中；第三次取出所有的小球，再把1个大球沉人水中.最后将 .已知每次从容器中溢出的水量情况是： 第一次是第三次的一半；第三次是第二次的一半.求大、中、小三球的体积比，,C:\Users\admin\Desktop\试卷分析project\参考教材\奥数\竞赛数学导引 六年级.pdf
6,竞赛数学导引 六年级,17,应用题综合一,兴趣篇,interest,121,6,★★,0.9956,False,157,very_long,application,travel_chain,,应用题综合一|application|travel_chain,5、6年级及以前高思导引拓展篇及以下难度 或 七年级及以上校内课本难度,low,auto,L3,False,星期天早晨，墨莫发现闹钟因电池能量耗尽停了.他换上新电池，估计了一下时间， 把闹钟的时间调到8：00.然后墨莫离家前往天文馆.他到达天文馆时，看到天文馆的标准时钟 显示的时间是9：15.一个半小时后，墨莫从天文馆出发以同样的速度回家，到家时看到闹钟显 示的时间是11：20，这时墨莫应该把闹钟调到几点几分时间才是准确的？,C:\Users\admin\Desktop\试卷分析project\参考教材\奥数\竞赛数学导引 六年级.pdf
6,竞赛数学导引 六年级,17,应用题综合一,兴趣篇,interest,121,7,,0.994,False,241,very_long,application,,,应用题综合一|application,5、6年级及以前高思导引拓展篇及以下难度 或 七年级及以上校内课本难度,low,auto,L3,False,某种商品由于实行进口限制，在买卖时会征收高达40%的税.比如甲以100元的 价格卖出该商品，在收到买方100元货款之后，需要付给国家40元的税；乙以100元的价格 买人该商品时，则在付给卖方100元货款后，还需要再付给国家40元的税.现在甲以45万元 的总价买入一批该商品，然后再转手卖给乙.在整个买卖交易过程中，甲还自已出钱支付了 30000元的运费（该费用不征税）.为了让这笔买卖不亏本，甲至少应以多少万元的价格卖给 乙？如果以此价格成交，那么从头到尾国家从甲、乙身上收取了多少万元的税？,C:\Users\admin\Desktop\试卷分析project\参考教材\奥数\竞赛数学导引 六年级.pdf
6,竞赛数学导引 六年级,17,应用题综合一,兴趣篇,interest,121,8,,0.9934,False,113,long,application,travel_chain,,应用题综合一|application|travel_chain,5、6年级及以前高思导引拓展篇及以下难度 或 七年级及以上校内课本难度,low,auto,L2,False,有一只小蚂蚁在一根弹性充分好的橡皮筋上的A点，以每秒1厘米的速度向前爬 行.从小蚂蚁开始爬行的时候算起，橡皮筋在2秒后、4秒后、6秒后、8秒后、10秒后…都均 匀地伸长为原来的2倍.那么在开始爬行9秒后，这只小蚂蚁离A点多少厘米？,C:\Users\admin\Desktop\试卷分析project\参考教材\奥数\竞赛数学导引 六年级.pdf
6,竞赛数学导引 六年级,17,应用题综合一,兴趣篇,interest,122,9,★,0.9938,True,142,very_long,application,travel_chain,has_diagram,应用题综合一|application|travel_chain,5、6年级及以前高思导引拓展篇及以下难度 或 七年级及以上校内课本难度,low,review,L3,False,有一座塔，从地面到塔顶要通过塔内部的螺旋形通道上去，如图 17-2，通道的长度是420米，共转了三圈半.小明从P点以每分钟60米的 速度下塔，小亮从Q点以每分钟40米的速度上塔，如果两人同时出发，那 么刚好形成正上方与正下方的关系共有多少次？分别是出发之后几分钟？ （两人相遇不算） 图17-2,C:\Users\admin\Desktop\试卷分析project\参考教材\奥数\竞赛数学导引 六年级.pdf
6,竞赛数学导引 六年级,17,应用题综合一,兴趣篇,interest,122,10,,0.999,False,107,long,application,,,应用题综合一|application,5、6年级及以前高思导引拓展篇及以下难度 或 七年级及以上校内课本难度,low,auto,L2,False,小高读一本故事书，如果他第一天读25页，以后每天都比前一天多读5页，那么 到最后一天时，还剩下47页；如果他第一天读40页，以后每天都比前一天多读5页，那么到 最后一天时，还剩下37页.请问：这本故事书最少共有多少页？,C:\Users\admin\Desktop\试卷分析project\参考教材\奥数\竞赛数学导引 六年级.pdf
6,竞赛数学导引 六年级,17,应用题综合一,拓展篇,extension,122,1,★★,0.9898,False,163,very_long,application,,,应用题综合一|application,5、6年级及以前高思导引拓展篇及以下难度 或 七年级及以上校内课本难度,mid,auto,L4,False,"甲、乙、丙、丁四个人去餐馆大吃了一顿，因为甲的钱包落在宿舍，所以饭钱就由乙、 丙、丁三个人出.回到宿舍以后，甲找到了钱包，想要把钱还给其他三人，结果乙摆摆手说：“不 用了，我反正还欠你4块钱，正好抵了.""丙说：“你把我那份给丁吧，我正好欠他9块钱.”于是 甲只付钱给丁，给了31元.那么在餐馆付饭钱的时候，乙、丙、丁分别付了多少元？",C:\Users\admin\Desktop\试卷分析project\参考教材\奥数\竞赛数学导引 六年级.pdf
6,竞赛数学导引 六年级,17,应用题综合一,拓展篇,extension,"122,123",2,★★,0.9705,False,258,very_long,application,,cross_page_question,应用题综合一|application,5、6年级及以前高思导引拓展篇及以下难度 或 七年级及以上校内课本难度,mid,review,L4,False,2008年3月1日起，我国实行新的税率标准，费用扣除标准调高为2000元/月.表 17-1是工资、薪金所得项目税率表： 表17-1 级别 全月应纳税所得额 税率(%) 不超过500元部分 超过500元至2000元部分 超过2000元至5000元部分 超过5000元至20000元部分 超过20000元至40000元部分 *** *** 表中“全月应纳税所得额”是指从月工资、薪金收入中减去2000元后的余额，它与相应税 率的乘积就是应交的税款数.则在这种税率实行期间： （1）王先生某个月的工资、薪金收人为4480元，该月份他交纳的税款是多少元？,C:\Users\admin\Desktop\试卷分析project\参考教材\奥数\竞赛数学导引 六年级.pdf
6,竞赛数学导引 六年级,17,应用题综合一,拓展篇,extension,123,3,,0.9961,False,201,very_long,application,,,应用题综合一|application,5、6年级及以前高思导引拓展篇及以下难度 或 七年级及以上校内课本难度,mid,auto,L4,False,有大小一样，张数相同的黑白两种颜色的正方形纸片.小高用白色纸片拼成中间没 有缝隙的长方形，然后用黑色纸片围绕已经拼成的白色长方形继续拼成更大的长方形，之后 又用白色纸片拼下去，，这样重复拼.当小高用黑色纸片拼过5次以后，黑、白纸片正好用 完.请问：黑色纸片至少有多少张？ 分米，那么当后轮 转的圈数比前轮多10圈的时候，这辆车前进了多少米？（圆周率取近似值3.14.） 们卖80元.”请问：两个农妇各有多少个鸡蛋？,C:\Users\admin\Desktop\试卷分析project\参考教材\奥数\竞赛数学导引 六年级.pdf
6,竞赛数学导引 六年级,17,应用题综合一,拓展篇,extension,123,6,★,0.9912,False,122,very_long,application,,,应用题综合一|application,5、6年级及以前高思导引拓展篇及以下难度 或 七年级及以上校内课本难度,mid,auto,L4,False,张先生向商店订购了每件定价100元的某种商品80件.张先生对商店经理说：“如 果你肯减价，那么每减价1元，我就多订购4件.”经理算了一下，若减价1%，由于张先生多订 购，获得的利润反而比原来多52元.那么按张先生的要求，商店最多可以获得多少元利润？,C:\Users\admin\Desktop\试卷分析project\参考教材\奥数\竞赛数学导引 六年级.pdf
6,竞赛数学导引 六年级,17,应用题综合一,拓展篇,extension,123,7,,0.9963,False,186,very_long,application,,,应用题综合一|application,5、6年级及以前高思导引拓展篇及以下难度 或 七年级及以上校内课本难度,mid,auto,L4,False,比赛用的足球是由黑、白两色皮子缝制的，其中黑色皮子为正五边形，白色皮子为 正六边形，并且黑色正五边形与白色正六边形的边长相等.缝制的方法是：每块黑色皮子的5 条边分别与5块白色皮子的边缝在一起；每块白色皮子的6条边中，有3条边与黑色皮子的 边缝在一起，另3条边则与其他白色皮子的边缝在一起：如果一个足球表面上共有12块黑色 正五边形皮子，那么，这个足球应有白色正六边形皮子多少块？,C:\Users\admin\Desktop\试卷分析project\参考教材\奥数\竞赛数学导引 六年级.pdf
6,竞赛数学导引 六年级,17,应用题综合一,拓展篇,extension,124,8,,0.9945,True,138,very_long,application,travel_chain,has_diagram,应用题综合一|application|travel_chain,5、6年级及以前高思导引拓展篇及以下难度 或 七年级及以上校内课本难度,mid,review,L4,False,如图17-3所示，相距15厘米的两条平行线a和6之间，有直角三角形A和长方 形B.直角三角形A沿着直线a以每秒1厘米的速度向右运动，长方形B沿着直线6以每秒2 厘米的速度向左运动.请问：A与B有重叠部分的时间持续多久？其中重叠部分的面积保持 不变的时间有多长？ 单位：厘米 B 图17-3,C:\Users\admin\Desktop\试卷分析project\参考教材\奥数\竞赛数学导引 六年级.pdf
6,竞赛数学导引 六年级,17,应用题综合一,拓展篇,extension,124,9,,0.9962,True,155,very_long,application,,has_diagram,应用题综合一|application,5、6年级及以前高思导引拓展篇及以下难度 或 七年级及以上校内课本难度,mid,review,L4,False,如图17-4所示，A、B两点把一个周长为1米的圆周等分 成两部分.蓝精灵从B点出发在这个圆周上沿逆时针方向作跳跃运 动，它每跳一步的步长是 米，如果它跳到A点，就会经过特别通道 AB滑向B点，并从B点继续起跳，当它经过一次特别通道，圆的半径 就扩大一倍.已知蓝精灵跳了1000次，那么跳完后圆周长等于多 少米？ B 图17-4,C:\Users\admin\Desktop\试卷分析project\参考教材\奥数\竞赛数学导引 六年级.pdf
6,竞赛数学导引 六年级,17,应用题综合一,拓展篇,extension,124,10,,0.9981,False,129,very_long,application,,,应用题综合一|application,5、6年级及以前高思导引拓展篇及以下难度 或 七年级及以上校内课本难度,mid,auto,L4,False,汽车轮胎如果放在前轮可以行驶50000千米，如果放在后轮可以行驶30000千 米.现有一辆汽车，允许在恰当的时候将前轮和后轮互换，那么最多可以行驶多少千米而不需 要购买新的轮胎？如果在行驶过程中只允许前、后轮对调一次，那么应当在行驶多少千米的 时候将前、后轮对调？,C:\Users\admin\Desktop\试卷分析project\参考教材\奥数\竞赛数学导引 六年级.pdf
6,竞赛数学导引 六年级,17,应用题综合一,拓展篇,extension,124,11,,0.9971,False,162,very_long,application,case_analysis|travel_chain,,应用题综合一|application|case_analysis|travel_chain,5、6年级及以前高思导引拓展篇及以下难度 或 七年级及以上校内课本难度,mid,auto,L4,False,从甲地到乙地有两种方法：①立即步行前往；②等待公共汽车坐车前往.表17- 2中列出了从甲地到乙地所用的最短时间随两地之间距离的变化情况，已知步行速度、汽车 速度以及等待公车的时间都是固定的.请问：当两地相距24千米的时候，从甲地到达乙地的 最短时间是多少分钟？ 表17-2 甲、乙距离 最短时间 3千米 20分钟 6千米 30分钟 9千米 36分钟,C:\Users\admin\Desktop\试卷分析project\参考教材\奥数\竞赛数学导引 六年级.pdf
6,竞赛数学导引 六年级,17,应用题综合一,拓展篇,extension,125,12,,0.979,False,325,very_long,application,travel_chain,,应用题综合一|application|travel_chain,5、6年级及以前高思导引拓展篇及以下难度 或 七年级及以上校内课本难度,mid,auto,L4,False,在A、B之间有一段笔直的公路，在其两个三等分点处各有一棵树.早上9：30时 有一辆汽车从A出发，以固定的速度沿公路行驶，于当天早上10：00到达B.一辆摩托车在当 天早上9：25从B出发，以变化的速度开往A地.摩托车手记得他和汽车在某棵树处相遇，但 记不清是哪棵树了，他只知道以摩托车的最快速度从B到A恰好要15分钟.如果摩托车手能 够根据上述信息推断出自已是在哪棵树处遇到汽车的，那么摩托车最晚什么时间之前到达 A地? 车由第11站顺次发出，每隔5分钟发出一列，都驶向第1站，速度都是每小时60千米.早晨8 时，由第1站发出一列客车，向第11站驶去，时速是100千米.在到达终点站前，货车与客车都 不停靠任何一站.问：在哪两个相邻站之间，客车能与3列货车先后相遇？,C:\Users\admin\Desktop\试卷分析project\参考教材\奥数\竞赛数学导引 六年级.pdf
6,竞赛数学导引 六年级,17,应用题综合一,拓展篇,extension,125,14,,0.9925,True,179,very_long,application,travel_chain,has_diagram,应用题综合一|application|travel_chain,5、6年级及以前高思导引拓展篇及以下难度 或 七年级及以上校内课本难度,mid,review,L4,False,如图17-5所示，在一个大圆周上均匀分布着200 个小球，沿顺时针方向依次编号为1，2，3，“，200.每个小球均 以各自编号的速度沿顺时针方向绕圆周运动（单位是米/秒)，当 在某一个时刻有若干小球相遇在一起时，这些小球就会合并成一 个小球，并以原来这些小球速度的平均值继续沿顺时针方向运 动.经过充分长的时间之后，圆周上最终剩下几个球在运动？速 度等于多少？ 图17-5,C:\Users\admin\Desktop\试卷分析project\参考教材\奥数\竞赛数学导引 六年级.pdf
6,竞赛数学导引 六年级,17,应用题综合一,超越篇,challenge,125,1,,0.9896,False,176,very_long,application,travel_chain,,应用题综合一|application|travel_chain,高思导引超越篇难度,high,auto,L4,False,小军驾驶的轿车被警察拦了下来，原因是在高速路上超速驾驶，仪器记录上显示小 军的平均速度达到了110千米/时.为了免于处罚，小军辩解道：“刚才我花了两个半小时通过 这段高速路，我敢保证在每一个小时的时间间隔内，我开的距离都不超过100千米，因此我开 录，发现小军所说属实，虽然总感觉有些不对劲，却又不知如何反驳小军，于是就放过了他.请 ：问：小军的辩解错在哪里？,C:\Users\admin\Desktop\试卷分析project\参考教材\奥数\竞赛数学导引 六年级.pdf
6,竞赛数学导引 六年级,17,应用题综合一,超越篇,challenge,126,2,,0.9981,False,188,very_long,application,,,应用题综合一|application,高思导引超越篇难度,high,auto,L4,False,甲、乙、丙三个人一起买一件古董，他们三个人出钱的比是2：2：1.第一次三个人 只付了总钱数的50%，乙比丙多付了2750元，但是这些钱中包含乙替甲垫付的550元.几天 之后甲又单独向丙借了2000元，向乙借了500元.几天之后这三人发现古董的价格提高了 20%，并且由于甲缺钱，三个人的出钱的比改成了1：2：2.请问：三个人还要分别各付多少 元，才能使得他们在付完古董的钱后互不相欠？,C:\Users\admin\Desktop\试卷分析project\参考教材\奥数\竞赛数学导引 六年级.pdf
6,竞赛数学导引 六年级,17,应用题综合一,超越篇,challenge,126,3,,0.9983,False,178,very_long,application,,,应用题综合一|application,高思导引超越篇难度,high,auto,L4,False,A、B、C三种零件共153个，每人加工1个A零件都需3分钟，加工1个B零件都 需5分钟，加工1个C零件都需7分钟.现在有甲、乙、丙三名工人同时开始加工这三种零件， 甲加工的第一个零件是A，乙加工的第一个零件是B，丙加工的第一个零件是C.如果加工完 第一个零件后，他们都改去加工另一种零件，并且不再改变所加工零件的种类，结果恰好同时 完成.求A、B、C三种零件的个数,C:\Users\admin\Desktop\试卷分析project\参考教材\奥数\竞赛数学导引 六年级.pdf
6,竞赛数学导引 六年级,17,应用题综合一,超越篇,challenge,126,4,,0.9938,False,403,very_long,application,,,应用题综合一|application,高思导引超越篇难度,high,auto,L4,False,有一个菜贩很不老实，他有一架动过手脚的天平，这架天平的两臂不等长.普通天 平平衡的条件是左右两边的物品重量相等，但做过手脚的天平平衡时两边重量不相等，而是 成一个固定的比例 当菜贩向农民们购买货物时，他把货物放在天平臂较短的一侧，这样称起来较轻，他可以 少付一些钱；当他销售货物时，就把货物放在天平臂较长的一侧，这样称起来较重，他可以收 人较多的钱.用上述手法，第一次他向农民购买6袋番茄1袋花生，称出总重量为25千克.第 二次他向农民购买9袋番茄3袋花生，称出总重量是50千克. 终于恶有恶报，他的秘密被聪明的阿凡提知道了，阿凡提让农民存了24袋番茄和7袋花 生，然后一起去卖给菜贩.阿凡提执意把货物放在天平臂较长的一侧，由于农民也在场，菜贩 不敢说出天平的秘密，只好按阿凡提的办法称，称得总重量是180千克， 菜贩收了这批菜之后，从此不敢再用假天平骗人了. 你能求出菜贩在上面三次交易中亏了多少千克番茄，亏了多少千克花生吗？,C:\Users\admin\Desktop\试卷分析project\参考教材\奥数\竞赛数学导引 六年级.pdf
6,竞赛数学导引 六年级,17,应用题综合一,超越篇,challenge,127,5,,0.9982,False,100,long,application,work_rate,,应用题综合一|application|work_rate,高思导引超越篇难度,high,auto,L4,False,某项工程打算请甲、乙、丙三队来承包.如果由甲、乙两队承包，2.4天可以完成，需 果由甲、丙两队承包，2 天可以完成，需支付工程款16000元.现在进行合理分工，要求在一 个星期内完工，至少要花费多少工程款？,C:\Users\admin\Desktop\试卷分析project\参考教材\奥数\竞赛数学导引 六年级.pdf
6,竞赛数学导引 六年级,17,应用题综合一,超越篇,challenge,127,6,,0.9926,False,204,very_long,application,,,应用题综合一|application,高思导引超越篇难度,high,auto,L4,False,三轮挎斗摩托车有前、左后和右后三个车轮.如果把轮胎放在前轮可以行驶 45000千米，如果把轮胎放在左后轮可以行驶20000千米，如果把轮胎放在右后轮可以行驶 36000千米.现有一辆刚刚换上新车胎的三轮挎斗摩托车，可以在恰当的时候将两个轮胎对 换.请问： （1）这辆三轮摩托车最多可以行驶几千米而不需要购买新的轮胎？ （2）在这期间最少需要对换几次轮胎？请说明理由； （3）请详细叙述在行驶多少千米之后如何对调这些轮胎，,C:\Users\admin\Desktop\试卷分析project\参考教材\奥数\竞赛数学导引 六年级.pdf
6,竞赛数学导引 六年级,17,应用题综合一,超越篇,challenge,127,7,,0.9983,False,37,short,application,,,应用题综合一|application,高思导引超越篇难度,high,auto,L4,False,甲容器有60%的酒精溶液10升，乙容器有40%的酒精溶液30升.现在我们以,C:\Users\admin\Desktop\试卷分析project\参考教材\奥数\竞赛数学导引 六年级.pdf
6,竞赛数学导引 六年级,17,应用题综合一,超越篇,challenge,127,0,,0.9982,False,77,medium,application,travel_chain,,应用题综合一|application|travel_chain,高思导引超越篇难度,high,auto,L4,False,3升/分的速度向甲容器加浓度为20%的酒精溶液，同时以0.5升/分的速度向乙容器加浓 度为60%的酒精溶液.请问：多少分钟后甲、乙容器内酒精溶液的浓度相同？,C:\Users\admin\Desktop\试卷分析project\参考教材\奥数\竞赛数学导引 六年级.pdf
6,竞赛数学导引 六年级,17,应用题综合一,超越篇,challenge,127,8,,0.9762,True,153,very_long,application,travel_chain,has_diagram,应用题综合一|application|travel_chain,高思导引超越篇难度,high,review,L4,False,如图17-6所示，三角形ABC是一个以A为直角顶点的直角三角形，其中AB长 20米，AC长15米.甲从A点出发以2米/秒的速度不停地在A、B之间往返，乙从C点出发 以1米/秒的速度不停地在A、C之间往返.在某些时刻，甲到达D点，乙到达E点，四边形 DECB恰好成为一个梯形.求梯形DECB面积的最小值. 图 17-6,C:\Users\admin\Desktop\试卷分析project\参考教材\奥数\竞赛数学导引 六年级.pdf
6,竞赛数学导引 六年级,18,应用题综合二,兴趣篇,interest,128,1,★★,0.9892,True,114,long,application,,has_diagram,应用题综合二|application,5、6年级及以前高思导引拓展篇及以下难度 或 七年级及以上校内课本难度,low,review,L2,False,"有一批砖，每块砖的长和宽都是自然数，且长比宽长12厘米.如图18-1，若把这批 砖横着铺，则可铺897厘米长；如图18-2,若竖横相间铺，则可铺657厘米长.请问：如图18- 3这样铺，可铺多少厘米长？ 图18-1 图18-2 图18-3",C:\Users\admin\Desktop\试卷分析project\参考教材\奥数\竞赛数学导引 六年级.pdf
6,竞赛数学导引 六年级,18,应用题综合二,兴趣篇,interest,128,2,★★,0.974,False,90,long,application,,,应用题综合二|application,5、6年级及以前高思导引拓展篇及以下难度 或 七年级及以上校内课本难度,low,auto,L2,False,一种商品的定价为整数元，100元最多能买3件，甲、乙两人各带了若干张百元钞 票，甲带的钱最多能买7件这种商品，乙带的钱最多能买14件，两人的钱凌在一起就能多买1 件.求这件商品的定价，,C:\Users\admin\Desktop\试卷分析project\参考教材\奥数\竞赛数学导引 六年级.pdf
6,竞赛数学导引 六年级,18,应用题综合二,兴趣篇,interest,128,3,,0.9984,False,89,medium,application,,,应用题综合二|application,5、6年级及以前高思导引拓展篇及以下难度 或 七年级及以上校内课本难度,low,auto,L1,False,小明要写152页字，小强要写150页字.从暑假第一天起，小明一天写3页，天天 写；小强第一天写4页，但是隔一天写一次.请问：第多少天写完字后，小强没写的页数是小明 没写的页数的2倍？,C:\Users\admin\Desktop\试卷分析project\参考教材\奥数\竞赛数学导引 六年级.pdf
6,竞赛数学导引 六年级,18,应用题综合二,兴趣篇,interest,129,4,,0.9982,False,65,medium,application,,,应用题综合二|application,5、6年级及以前高思导引拓展篇及以下难度 或 七年级及以上校内课本难度,low,auto,L1,False,现有甲、乙、丙三种糖水各200克，浓度依次为42%、36%、30%，现在要配制浓度 是34%的糖水420克，至少要取甲种糖水多少克？,C:\Users\admin\Desktop\试卷分析project\参考教材\奥数\竞赛数学导引 六年级.pdf
6,竞赛数学导引 六年级,18,应用题综合二,兴趣篇,interest,129,195,,0.9968,False,93,long,application,,,应用题综合二|application,5、6年级及以前高思导引拓展篇及以下难度 或 七年级及以上校内课本难度,low,auto,L2,False,5吨，或D种原料192吨，或E种原料180吨.现知用A种原料及另外一种（指B、C、D、 E中的一种)原料共19吨生产此种产品10吨.试分析所用另外一种原料是哪一种，这两种原 料各用了多少吨？,C:\Users\admin\Desktop\试卷分析project\参考教材\奥数\竞赛数学导引 六年级.pdf
6,竞赛数学导引 六年级,18,应用题综合二,兴趣篇,interest,129,6,,0.9914,False,250,very_long,calculation,,,应用题综合二|calculation,5、6年级及以前高思导引拓展篇及以下难度 或 七年级及以上校内课本难度,low,auto,L3,False,"某城出租车的计价方式为：起步价是3千米8元，之后每增加2千米（不足2千米 按2千米计算)增加3元.现从甲地到乙地乘出租车共支出车费44元；如果从甲地到乙地先 步行900米，然后再乘出租车只要41元.那么从甲、乙两地的中点乘出租车到乙地需支付多 少钱？ 们吃的先后顺序.A说：“我吃了剩下巧克力数量的三分之二.”B说：“我吃了剩下巧克力数量 的一半.""C说：“我吃了剩下巧克力数量的一半.”D说：“我吃光了剩下的巧克力.”E说：“我 们每人吃的数量互不相同.""已知每人吃的数量都是正整数，请问：E吃了多少块巧克力？",C:\Users\admin\Desktop\试卷分析project\参考教材\奥数\竞赛数学导引 六年级.pdf
6,竞赛数学导引 六年级,18,应用题综合二,兴趣篇,interest,129,8,★,0.9964,False,91,long,application,,,应用题综合二|application,5、6年级及以前高思导引拓展篇及以下难度 或 七年级及以上校内课本难度,low,auto,L2,False,已知A、B、C、D、E、F六人分别看了5、5、6、8、8、10场演出.每场演出票价不 变，成人票的票价是儿童票的2倍，且均为整数元.已知这六人买演出票共支出了1026元，求 成人票的单价,C:\Users\admin\Desktop\试卷分析project\参考教材\奥数\竞赛数学导引 六年级.pdf
6,竞赛数学导引 六年级,18,应用题综合二,兴趣篇,interest,129,9,,0.9977,False,70,medium,application,,,应用题综合二|application,5、6年级及以前高思导引拓展篇及以下难度 或 七年级及以上校内课本难度,low,auto,L1,False,甲、乙两厂生产同一规格的上衣和裤子，甲厂每月用16天生产上衣，14天生产裤 共生产720套衣服.现两厂合并后，100天最多可以生产多少套衣服？,C:\Users\admin\Desktop\试卷分析project\参考教材\奥数\竞赛数学导引 六年级.pdf
6,竞赛数学导引 六年级,18,应用题综合二,兴趣篇,interest,130,10,★,0.9905,True,147,very_long,application,travel_chain,has_diagram,应用题综合二|application|travel_chain,5、6年级及以前高思导引拓展篇及以下难度 或 七年级及以上校内课本难度,low,review,L3,False,如图18-4，圆形湖泊周长1200米，除了A点和B 点之外，每隔100米就有一只蜜蜂，一共十只蜜蜂.它们按照 顺时针的方向飞行，各个蜜蜂的速度均标在了图上，单位是 “米/秒”.小偷从A点出发沿湖顺时针逃到位于B点的家中. 只要被沿途的蜜蜂碰到，小偷就会被一下.请问：小偷最少 会被几只蜜蜂到？ B 图18-4,C:\Users\admin\Desktop\试卷分析project\参考教材\奥数\竞赛数学导引 六年级.pdf
6,竞赛数学导引 六年级,18,应用题综合二,拓展篇,extension,130,1,★★,0.9923,False,165,very_long,application,,,应用题综合二|application,5、6年级及以前高思导引拓展篇及以下难度 或 七年级及以上校内课本难度,mid,auto,L4,False,有8个盒子，各盒内分别装有奶糖9、17、24、28、30、31、33、44块.甲先取走了一盒， 其余各盒被乙、丙、丁三人所取走.已知乙、丙取到的糖的块数相同且为丁的2倍.问：甲取走 的一盒中有多少块奶糖？ 个“变形金刚”或3个“灰太狼”.小高身上有90元，却不够同时购买两个“灰太狼”和一个“变 形金刚”请问：“变形金刚”的单价是多少元？,C:\Users\admin\Desktop\试卷分析project\参考教材\奥数\竞赛数学导引 六年级.pdf
6,竞赛数学导引 六年级,18,应用题综合二,拓展篇,extension,130,3,★,0.9883,False,71,medium,application,,,应用题综合二|application,5、6年级及以前高思导引拓展篇及以下难度 或 七年级及以上校内课本难度,mid,auto,L3,False,商店进了一批同样规格的袜子甩卖，为了避免找零，按40%的利润先定价，实际上 子需要12元，已知每双袜子的成本和利润都是整数分，求每双袜子的成本，,C:\Users\admin\Desktop\试卷分析project\参考教材\奥数\竞赛数学导引 六年级.pdf
6,竞赛数学导引 六年级,18,应用题综合二,拓展篇,extension,130,4,,0.9986,False,86,medium,application,,,应用题综合二|application,5、6年级及以前高思导引拓展篇及以下难度 或 七年级及以上校内课本难度,mid,auto,L3,False,老师出了100道题让小光、小明、小亮三人做.已知三人各做对了60道题，且每道 题都有人做对.如果把三人都做对的称为简单题，只有一人做对的称为难题，请问：难题比简 单题多多少道？,C:\Users\admin\Desktop\试卷分析project\参考教材\奥数\竞赛数学导引 六年级.pdf
6,竞赛数学导引 六年级,18,应用题综合二,拓展篇,extension,131,5,,0.993,False,161,very_long,application,,,应用题综合二|application,5、6年级及以前高思导引拓展篇及以下难度 或 七年级及以上校内课本难度,mid,auto,L4,False,有4种颜色的卡片每种各3张，每张卡片上写有一个正整数，相同颜色的卡片上写 有相同的数，不同颜色的卡片上写有不同的数.把这些卡片发给6个人，每人得到2张不同色的 卡片，将上面的数相加，得到了6个和：88、121、129、143、154、187.但是，其中有一个人算错 了.请从小到大依次写出四种颜色卡片上所写的数，请写出所有可能，,C:\Users\admin\Desktop\试卷分析project\参考教材\奥数\竞赛数学导引 六年级.pdf
6,竞赛数学导引 六年级,18,应用题综合二,拓展篇,extension,131,6,,0.999,False,86,medium,application,,,应用题综合二|application,5、6年级及以前高思导引拓展篇及以下难度 或 七年级及以上校内课本难度,mid,auto,L3,False,生产某种产品100吨，需用A原料250吨，或B原料300吨，或C原料225吨，或D 种原料都用了至少1吨，且某种原料占了原料总量的一半，那么另两种原料是什么？分别用 了多少吨？,C:\Users\admin\Desktop\试卷分析project\参考教材\奥数\竞赛数学导引 六年级.pdf
6,竞赛数学导引 六年级,18,应用题综合二,拓展篇,extension,131,7,,0.9903,False,129,very_long,application,,,应用题综合二|application,5、6年级及以前高思导引拓展篇及以下难度 或 七年级及以上校内课本难度,mid,auto,L4,False,北京九章书店对顾客实行一项优惠措施：每次买书200元至499.99元者（包含200 元)优惠5%.每次买书500元以上者（包含500元）优惠10%.某顾客到书店买了三次书.如果 第一次与第二次合并一起买，比分开买便宜13.5元；如果三次合并一起买比三次分开买便宜,C:\Users\admin\Desktop\试卷分析project\参考教材\奥数\竞赛数学导引 六年级.pdf
6,竞赛数学导引 六年级,18,应用题综合二,拓展篇,extension,131,39,,0.9997,False,20,short,application,,,应用题综合二|application,5、6年级及以前高思导引拓展篇及以下难度 或 七年级及以上校内课本难度,mid,auto,L3,False,4元.已经知道第一次的书价是第三次书价的,C:\Users\admin\Desktop\试卷分析project\参考教材\奥数\竞赛数学导引 六年级.pdf
6,竞赛数学导引 六年级,18,应用题综合二,拓展篇,extension,131,8,★,0.9922,False,170,very_long,application,travel_chain,,应用题综合二|application|travel_chain,5、6年级及以前高思导引拓展篇及以下难度 或 七年级及以上校内课本难度,mid,auto,L4,False,甲、乙两人同时从A地出发，以相同的速度向B地前进.甲每行5分钟休息2分 钟，乙每行210米休息3分钟.甲出发后50分钟到达B地，乙到达B地比甲迟了10分钟.已 知两人最后一次的休息地点相距70米，求两人的速度， 一辆车，每隔7.5分钟由乙站向甲站开出一辆车，都经过1小时到达对方车站.问：最早在什 么时刻，乙站车辆数是甲站的3倍？总共持续多长时间？,C:\Users\admin\Desktop\试卷分析project\参考教材\奥数\竞赛数学导引 六年级.pdf
6,竞赛数学导引 六年级,18,应用题综合二,拓展篇,extension,131,10,,0.9973,False,150,very_long,application,,,应用题综合二|application,5、6年级及以前高思导引拓展篇及以下难度 或 七年级及以上校内课本难度,mid,auto,L4,False,货运公司要用若干辆最大载重2.1吨的汽车一次性搬运总重18.6吨的货物.为 方便搬运，公司把这18.6吨货物包装成若干箱，每箱重量相同.由于包装规格所限，每箱的重 量不能超过320千克，且包装好后，货物只能整箱搬运，不得拆箱.请问：要保证一次搬运所有 货物，至少需要多少辆汽车？此时每箱货物重量为多少千克？,C:\Users\admin\Desktop\试卷分析project\参考教材\奥数\竞赛数学导引 六年级.pdf
6,竞赛数学导引 六年级,18,应用题综合二,拓展篇,extension,132,11,★,0.9957,False,147,very_long,application,work_rate,,应用题综合二|application|work_rate,5、6年级及以前高思导引拓展篇及以下难度 或 七年级及以上校内课本难度,mid,auto,L4,False,某车间有30名工人，计划要加工A、B两种零件.这些工人按技术水平分成甲、乙、丙 三类人员，其中甲类人员有6人，乙类有16人，丙类有8人.各类人员每人每天加工两种零件的个 数如表18-1所示.如果要求加工A、B两种零件各3000个，那么最少要用几天？ 表18-1 效率 人员 甲 乙 丙 零件 A 50个 30个 12个 B,C:\Users\admin\Desktop\试卷分析project\参考教材\奥数\竞赛数学导引 六年级.pdf
6,竞赛数学导引 六年级,18,应用题综合二,拓展篇,extension,132,80,,0.9886,False,7,short,application,,short_question_text,应用题综合二|application,5、6年级及以前高思导引拓展篇及以下难度 或 七年级及以上校内课本难度,mid,unsafe,L3,False,个 60个30个,C:\Users\admin\Desktop\试卷分析project\参考教材\奥数\竞赛数学导引 六年级.pdf
6,竞赛数学导引 六年级,18,应用题综合二,拓展篇,extension,132,12,★,0.9974,False,135,very_long,application,,,应用题综合二|application,5、6年级及以前高思导引拓展篇及以下难度 或 七年级及以上校内课本难度,mid,auto,L4,False,有三个一样大的桶，一个装有浓度为60%的酒精100升，一个装有水100升，还有 一个桶是空的.现在要配置浓度为36%的酒精，只有5升和3升的空桶各一个可以作为量具， 并且桶上无其他刻度.如果倒溶液的时候最多只允许往每个量具里倒4次，那么最多能配置 出浓度为36%的酒精多少升？,C:\Users\admin\Desktop\试卷分析project\参考教材\奥数\竞赛数学导引 六年级.pdf
6,竞赛数学导引 六年级,18,应用题综合二,拓展篇,extension,132,13,★,0.9958,False,170,very_long,application,travel_chain,,应用题综合二|application|travel_chain,5、6年级及以前高思导引拓展篇及以下难度 或 七年级及以上校内课本难度,mid,auto,L4,False,一条环形道路，周长为2千米.甲、乙、丙三人从同一地点同时出发，每人环行2 周.现有自行车两辆，乙和丙骑自行车出发，甲步行出发，中途乙和丙下车步行，把自行车留给 其他人骑.已知甲步行的速度都是每小时5千米，乙和丙步行的速度都是每小时4千米，三人 骑车的速度都是每小时20千米.请你设计一种走法，使三个人两辆车同时到达终点，环行2 周最少要用多少分钟？,C:\Users\admin\Desktop\试卷分析project\参考教材\奥数\竞赛数学导引 六年级.pdf
6,竞赛数学导引 六年级,18,应用题综合二,拓展篇,extension,132,14,,0.998,False,108,long,application,,,应用题综合二|application,5、6年级及以前高思导引拓展篇及以下难度 或 七年级及以上校内课本难度,mid,auto,L4,False,幼儿园分大、中、小三个班，小班人数最少，大班比小班多6人，中班共27人.把 人分得19个，则苹果不够；若大班比中班每人多1个，中班比小班每人多一个，则苹果刚好分 完.那么按第二种分法，大班每人分得几个苹果？小班有多少人？,C:\Users\admin\Desktop\试卷分析project\参考教材\奥数\竞赛数学导引 六年级.pdf
6,竞赛数学导引 六年级,18,应用题综合二,超越篇,challenge,133,1,★,0.9894,True,156,very_long,application,travel_chain,has_diagram,应用题综合二|application|travel_chain,高思导引超越篇难度,high,review,L4,False,如图18-5所示，在直角三角形ABC中，AC长3厘 米，CB长4厘米，AB长5厘米.有一只小虫从C点出发，沿CB 以1厘米/秒的速度向B爬行；同时，另一只小虫从B点出发， 沿BA以1厘米/秒的速度向A爬行.请问经过多少秒后，两只 小虫所在的位置D、E与B组成的三角形DBE是等腰三角 形？（请写出所有答案） C D B 图18-5,C:\Users\admin\Desktop\试卷分析project\参考教材\奥数\竞赛数学导引 六年级.pdf
6,竞赛数学导引 六年级,18,应用题综合二,超越篇,challenge,133,2,★,0.9923,False,141,very_long,application,,,应用题综合二|application,高思导引超越篇难度,high,auto,L4,False,七个人围坐在圆桌周围，在每个人面前都有一个牛奶杯.第一个人把自己的牛奶都 平均分到其余的杯子中去，接着第二个人照样做一遍，然后第三个人到第七个人也同样做一 遍.最后发现每个杯子中的牛奶都和最开始时一样多.如果所有杯子的牛奶共有7升，那么第 一个人到第七个人的杯子里开始时分别有牛奶多少升？,C:\Users\admin\Desktop\试卷分析project\参考教材\奥数\竞赛数学导引 六年级.pdf
6,竞赛数学导引 六年级,18,应用题综合二,超越篇,challenge,133,3,,0.9645,False,107,long,application,,,应用题综合二|application,高思导引超越篇难度,high,auto,L4,False,甲、乙两人切蛋糕，两人轮流切，每人切走了五块.已知： 次，但不全对应切蛋糕顺序； 5555 和一 次，也是不全对应切蛋糕顺序； ③切的最大的两块都是原来蛋糕的 ，另外还有一块大小是原来蛋糕的 求切的第八块蛋糕与原来蛋糕的大小之比,C:\Users\admin\Desktop\试卷分析project\参考教材\奥数\竞赛数学导引 六年级.pdf
6,竞赛数学导引 六年级,18,应用题综合二,超越篇,challenge,133,4,,0.9988,False,112,long,application,work_rate,,应用题综合二|application|work_rate,高思导引超越篇难度,high,auto,L4,False,师徒两人共同组装50台机器，每台机器组装必须经过A、B两道工序.对于每台 机器，师傅操作A工序需要15分钟，操作B工序需要5分钟；徒弟操作A工序需要45分钟， 成，但必须A先B后.试问：如果两人合作至少要花多少分钟才能完成工作？,C:\Users\admin\Desktop\试卷分析project\参考教材\奥数\竞赛数学导引 六年级.pdf
6,竞赛数学导引 六年级,18,应用题综合二,超越篇,challenge,134,5,,0.9878,True,132,very_long,application,travel_chain,has_diagram,应用题综合二|application|travel_chain,高思导引超越篇难度,high,review,L4,False,甲、乙两人在如图18-6的跑道上练习跑步，两人 从A点同时出发，甲在A、E之间做折返跑（转身时间不 计），乙则沿着正方形跑道ABCD顺时针跑步.已知AB= BE=100米，且两人跑步的速度都在每秒3米到每秒8米之 B 人第二次相遇，那么两人第二次相遇处距离A多远？ 图18-6,C:\Users\admin\Desktop\试卷分析project\参考教材\奥数\竞赛数学导引 六年级.pdf
6,竞赛数学导引 六年级,18,应用题综合二,超越篇,challenge,134,6,,0.9957,False,167,very_long,application,,,应用题综合二|application,高思导引超越篇难度,high,auto,L4,False,某电器商场开展促销活动，每次消费超过1500元不足3000元者（含1500元）优 惠5%，超过3000元者（含3000元）优惠10%.甲、乙、丙三个人各买了一件电器，如果甲、乙一 起结算，比分开结算便宜130元；如果甲、丙一起结算，比分开结算便宜260元；如果三人一起 结算，比三人分开结算便宜405元.请问：三人购买的电器价格分别是多少？,C:\Users\admin\Desktop\试卷分析project\参考教材\奥数\竞赛数学导引 六年级.pdf
6,竞赛数学导引 六年级,18,应用题综合二,超越篇,challenge,134,7,,0.9954,False,294,very_long,application,defined_operation|case_analysis,,应用题综合二|application|defined_operation|case_analysis,高思导引超越篇难度,high,auto,L4,False,某商场进行酬宾，规定现金消费每满50元返回10元礼券，多出不足50元部分不 计（比如消费99元只能返回1张10元礼券），用礼券产生的消费不参与返券.妈妈看中了3件 商品，分别是100多元、200多元、300多元，且都是10的倍数，更巧的是，有两件商品的价格 之和正好是整百.为了充分利用返券，妈妈打算先买其中的两件，然后兑换成返券，这样买第 三件商品的时候，就可以用上返券了，当然，如果返券不够买第三件，自己还得再掏一些钱.她 合计了一下，这样安排的话，共有三种可能的消费结果：第一种恰好花640元，礼券也用完了； 另外两种情况都要花670元，但最后又返回40元礼券.问：三种商品的价格分别是多少元？,C:\Users\admin\Desktop\试卷分析project\参考教材\奥数\竞赛数学导引 六年级.pdf
6,竞赛数学导引 六年级,18,应用题综合二,超越篇,challenge,134,8,,0.9847,False,160,very_long,application,,,应用题综合二|application,高思导引超越篇难度,high,auto,L4,False,学校运来125个桃和若干个梨，分别平分给每位老师，最后剩下一些梨和桃不够 分.这时又运来了26个水果（桃梨若干），和之前剩下的水果凑在一起，再平分给老师，每个老 师多分得3个水果（每位老师的桃数相同，梨数相同）.最后又运来40个水果（桃梨若干)，但 是发现所剩的桃和梨竟不够每位老师同时多拿一个，那么第一次分后剩下了多少个梨？,C:\Users\admin\Desktop\试卷分析project\参考教材\奥数\竞赛数学导引 六年级.pdf
6,竞赛数学导引 六年级,19,进位制与取整符号,兴趣篇,interest,135,1,★,0.8817,False,80,medium,general,,,进位制与取整符号|general,5、6年级及以前高思导引拓展篇及以下难度 或 七年级及以上校内课本难度,low,auto,L1,False,请在下列算式的每个空格中填人0或1，使等号成立， (1）20=□×2+□×2+□×2²+□×2+□； (2）83=□× 2+□× 2+□×2+□×2+□× 2²+□× 2+,C:\Users\admin\Desktop\试卷分析project\参考教材\奥数\竞赛数学导引 六年级.pdf
6,竞赛数学导引 六年级,19,进位制与取整符号,兴趣篇,interest,135,2,★★,0.9409,False,48,medium,general,,,进位制与取整符号|general,5、6年级及以前高思导引拓展篇及以下难度 或 七年级及以上校内课本难度,low,auto,L1,False,将下面的数转化为十进制的数：（1111)2，（1010010)2，（4301)，（B08）16，,C:\Users\admin\Desktop\试卷分析project\参考教材\奥数\竞赛数学导引 六年级.pdf
6,竞赛数学导引 六年级,19,进位制与取整符号,兴趣篇,interest,135,3,★★,0.9915,False,25,short,general,,,进位制与取整符号|general,5、6年级及以前高思导引拓展篇及以下难度 或 七年级及以上校内课本难度,low,auto,L1,False,请将十进制数90转化成二进制、七进制和十六进制的数,C:\Users\admin\Desktop\试卷分析project\参考教材\奥数\竞赛数学导引 六年级.pdf
6,竞赛数学导引 六年级,19,进位制与取整符号,兴趣篇,interest,135,4,★★,0.9631,False,37,short,general,,,进位制与取整符号|general,5、6年级及以前高思导引拓展篇及以下难度 或 七年级及以上校内课本难度,low,auto,L1,False,请将七进制数（403），化成五进制的数；将五进制数（403）化成七进制的数,C:\Users\admin\Desktop\试卷分析project\参考教材\奥数\竞赛数学导引 六年级.pdf
6,竞赛数学导引 六年级,19,进位制与取整符号,兴趣篇,interest,136,5,★★,0.9373,False,88,medium,general,,,进位制与取整符号|general,5、6年级及以前高思导引拓展篇及以下难度 或 七年级及以上校内课本难度,low,auto,L1,False,（1）在二进制下进行加法：(101010)十（1010010)； (2）在七进制下进行加法：(1203)十（64251)； (3）在九进制下进行加法：(178)。十（8803)g，,C:\Users\admin\Desktop\试卷分析project\参考教材\奥数\竞赛数学导引 六年级.pdf
6,竞赛数学导引 六年级,19,进位制与取整符号,兴趣篇,interest,136,6,★★,0.9627,False,49,medium,general,,,进位制与取整符号|general,5、6年级及以前高思导引拓展篇及以下难度 或 七年级及以上校内课本难度,low,auto,L1,False,记号(25)表示k进制的数，如果(52)：是(25)的2倍，那么（123)在十进制表示 的数是多少？,C:\Users\admin\Desktop\试卷分析project\参考教材\奥数\竞赛数学导引 六年级.pdf
6,竞赛数学导引 六年级,19,进位制与取整符号,兴趣篇,interest,136,7,,0.9989,False,71,medium,general,,,进位制与取整符号|general,5、6年级及以前高思导引拓展篇及以下难度 或 七年级及以上校内课本难度,low,auto,L1,False,一个自然数的四进制表达式是一个三位数，它的三进制表达式也是一个三位数，而 且这两个三位数的数码顺序恰好相反.请问：这个自然数的十进制表示是多少？,C:\Users\admin\Desktop\试卷分析project\参考教材\奥数\竞赛数学导引 六年级.pdf
6,竞赛数学导引 六年级,19,进位制与取整符号,兴趣篇,interest,136,9,,0.9387,False,13,short,calculation,,,进位制与取整符号|calculation,5、6年级及以前高思导引拓展篇及以下难度 或 七年级及以上校内课本难度,low,auto,L1,False,计算： 16×15 16×16,C:\Users\admin\Desktop\试卷分析project\参考教材\奥数\竞赛数学导引 六年级.pdf
6,竞赛数学导引 六年级,19,进位制与取整符号,兴趣篇,interest,136,10,,0.9431,False,19,short,general,,,进位制与取整符号|数论问题|general,5、6年级及以前高思导引拓展篇及以下难度 或 七年级及以上校内课本难度,low,auto,L1,False,求方程2[x]一9{x}=0的解的个数,C:\Users\admin\Desktop\试卷分析project\参考教材\奥数\竞赛数学导引 六年级.pdf
6,竞赛数学导引 六年级,19,进位制与取整符号,拓展篇,extension,136,1,★,0.832,False,67,medium,general,,,进位制与取整符号|general,5、6年级及以前高思导引拓展篇及以下难度 或 七年级及以上校内课本难度,mid,auto,L3,False,请在下列算式的每个空格中填人0、1或2，使等号成立， □+×□+×□+×□+×□=88() +×□+×+×□+×□+s×□+×=666(),C:\Users\admin\Desktop\试卷分析project\参考教材\奥数\竞赛数学导引 六年级.pdf
6,竞赛数学导引 六年级,19,进位制与取整符号,拓展篇,extension,136,2,★★,0.9748,False,79,medium,general,,,进位制与取整符号|general,5、6年级及以前高思导引拓展篇及以下难度 或 七年级及以上校内课本难度,mid,auto,L3,False,（1）请将下面的数转化为十进制的数：(2011)、(7C1)16； (2）请将十进制数101转化为二进制的数，641转化为三进制的数，1949转化为十六进制 的数,C:\Users\admin\Desktop\试卷分析project\参考教材\奥数\竞赛数学导引 六年级.pdf
6,竞赛数学导引 六年级,19,进位制与取整符号,拓展篇,extension,137,3,★★,0.9449,False,41,short,general,,,进位制与取整符号|general,5、6年级及以前高思导引拓展篇及以下难度 或 七年级及以上校内课本难度,mid,auto,L3,False,请将三进制数(12021)。化成九进制的数，将八进制数(742)。化成二进制的数.,C:\Users\admin\Desktop\试卷分析project\参考教材\奥数\竞赛数学导引 六年级.pdf
6,竞赛数学导引 六年级,19,进位制与取整符号,拓展篇,extension,137,4,★,0.9238,False,65,medium,calculation,,,进位制与取整符号|calculation,5、6年级及以前高思导引拓展篇及以下难度 或 七年级及以上校内课本难度,mid,auto,L3,False,（1）在七进制下计算：(326)十（402)、(326)×（402)； (2）在十六进制下计算：(35E6)6十（78910)16.,C:\Users\admin\Desktop\试卷分析project\参考教材\奥数\竞赛数学导引 六年级.pdf
6,竞赛数学导引 六年级,19,进位制与取整符号,拓展篇,extension,137,5,★,0.9233,False,61,medium,general,,,进位制与取整符号|general,5、6年级及以前高思导引拓展篇及以下难度 或 七年级及以上校内课本难度,mid,auto,L3,False,"算式（4567)十（768)m=（5446)是几进制数的加法?(534),×(25)，=(16214)，是 几进制数的乘法？",C:\Users\admin\Desktop\试卷分析project\参考教材\奥数\竞赛数学导引 六年级.pdf
6,竞赛数学导引 六年级,19,进位制与取整符号,拓展篇,extension,137,6,★★,0.9573,False,90,long,counting,,,进位制与取整符号|counting,5、6年级及以前高思导引拓展篇及以下难度 或 七年级及以上校内课本难度,mid,auto,L4,False,用a、b、c、d、e分别代表五进制中5个互不相同的数字，如果（ade)s、（adc)s、 (aab)，是由小到大排列的连续正整数，那么（cde)，所表示的整数写成十进制的表示是多少？,C:\Users\admin\Desktop\试卷分析project\参考教材\奥数\竞赛数学导引 六年级.pdf
6,竞赛数学导引 六年级,19,进位制与取整符号,拓展篇,extension,137,7,★,0.9319,False,43,short,general,,,进位制与取整符号|general,5、6年级及以前高思导引拓展篇及以下难度 或 七年级及以上校内课本难度,mid,auto,L3,False,自然数x=（abc）o化为二进制后是一个7位数(labcabc）2.请问：x等于多少？,C:\Users\admin\Desktop\试卷分析project\参考教材\奥数\竞赛数学导引 六年级.pdf
6,竞赛数学导引 六年级,19,进位制与取整符号,拓展篇,extension,137,8,,0.9987,False,71,medium,general,,,进位制与取整符号|general,5、6年级及以前高思导引拓展篇及以下难度 或 七年级及以上校内课本难度,mid,auto,L3,False,一个自然数的七进制表达式是一个三位数，它的九进制表达式也是一个三位数，而 且这两个三位数的数码顺序恰好相反.请问：这个自然数的十进制表示是多少？,C:\Users\admin\Desktop\试卷分析project\参考教材\奥数\竞赛数学导引 六年级.pdf
6,竞赛数学导引 六年级,19,进位制与取整符号,拓展篇,extension,137,9,,0.9952,False,105,long,general,,,进位制与取整符号|general,5、6年级及以前高思导引拓展篇及以下难度 或 七年级及以上校内课本难度,mid,auto,L4,False,某出版社在印刷一本数学科普书的时候，发现他们印刷的页码每一页都只含数字 0至5，即从第一页开始这本书的页码依次为1，2，3，4，5，10，11，12，13，14，15，20，， 那么这本书的第365页的页码是多少？,C:\Users\admin\Desktop\试卷分析project\参考教材\奥数\竞赛数学导引 六年级.pdf
6,竞赛数学导引 六年级,19,进位制与取整符号,拓展篇,extension,137,10,,0.9279,False,52,medium,general,,,进位制与取整符号|general,5、6年级及以前高思导引拓展篇及以下难度 或 七年级及以上校内课本难度,mid,auto,L3,False,如果[x]=3，[y]=0，[x]=1.求： （1）x一y的所有可能值； (2）[x十y一z]的所有可能值.,C:\Users\admin\Desktop\试卷分析project\参考教材\奥数\竞赛数学导引 六年级.pdf
6,竞赛数学导引 六年级,19,进位制与取整符号,拓展篇,extension,137,11,★★,0.902,False,65,medium,calculation,,,进位制与取整符号|calculation,5、6年级及以前高思导引拓展篇及以下难度 或 七年级及以上校内课本难度,mid,auto,L3,False,计算(结果用π表示)： （1){{π}+π}+{[π]+π}+[{π}+π]+[[π]+π]； (2)[10-2π]+[π]×{π}.,C:\Users\admin\Desktop\试卷分析project\参考教材\奥数\竞赛数学导引 六年级.pdf
6,竞赛数学导引 六年级,19,进位制与取整符号,拓展篇,extension,138,12,,0.9088,False,12,short,calculation,,,进位制与取整符号|calculation,5、6年级及以前高思导引拓展篇及以下难度 或 七年级及以上校内课本难度,mid,auto,L3,False,计算： 23×11 23×2,C:\Users\admin\Desktop\试卷分析project\参考教材\奥数\竞赛数学导引 六年级.pdf
6,竞赛数学导引 六年级,19,进位制与取整符号,拓展篇,extension,138,13,,0.8628,False,35,short,general,,,进位制与取整符号|general,5、6年级及以前高思导引拓展篇及以下难度 或 七年级及以上校内课本难度,mid,auto,L3,False,解方程：(1）x+2{x}=3[x]；(2）3x+5[x]-49=0.,C:\Users\admin\Desktop\试卷分析project\参考教材\奥数\竞赛数学导引 六年级.pdf
6,竞赛数学导引 六年级,19,进位制与取整符号,拓展篇,extension,138,14,,0.89,False,26,short,general,,,进位制与取整符号|数论问题|general,5、6年级及以前高思导引拓展篇及以下难度 或 七年级及以上校内课本难度,mid,auto,L3,False,"解方程：[]+[]+[][]=110,其中x是整数.",C:\Users\admin\Desktop\试卷分析project\参考教材\奥数\竞赛数学导引 六年级.pdf
6,竞赛数学导引 六年级,19,进位制与取整符号,超越篇,challenge,138,1,,0.9584,False,46,medium,general,,,进位制与取整符号|general,高思导引超越篇难度,high,auto,L4,False,已知a、6是自然数，a进制数(47)。和6进制数(74)。相等，请问：a十b的最小值是 多少？,C:\Users\admin\Desktop\试卷分析project\参考教材\奥数\竞赛数学导引 六年级.pdf
6,竞赛数学导引 六年级,19,进位制与取整符号,超越篇,challenge,138,2,,0.9953,False,87,medium,general,,,进位制与取整符号|general,高思导引超越篇难度,high,auto,L4,False,现有一个百位为3的三位数（十进制），把它分别化成九进制的数和八进制的数后， 仍然是三位数.且首位数字分别为4和5.请问：这样的三位数中最大的是多少？最小的是多 少？一共有多少个？,C:\Users\admin\Desktop\试卷分析project\参考教材\奥数\竞赛数学导引 六年级.pdf
6,竞赛数学导引 六年级,19,进位制与取整符号,超越篇,challenge,"138,139",3,,0.9262,False,136,very_long,counting,recursive_or_sequence,cross_page_question,进位制与取整符号|counting|recursive_or_sequence,高思导引超越篇难度,high,review,L4,False,在十进制的表示中，三个依次增大的两位数恰构成公差为6的等差数列；而在五进 制的表示中，这三个数的数字和是依次减少的.请问：符合这样要求的等差数列有多少个？ 以只选择1个筹码)可以得到多少个不同的和？将这些和加起来，总和为多少？将这些和从 小到大排列起来，第45个是多少？ ]+]+,C:\Users\admin\Desktop\试卷分析project\参考教材\奥数\竞赛数学导引 六年级.pdf
6,竞赛数学导引 六年级,19,进位制与取整符号,超越篇,challenge,139,6,,0.8281,False,17,short,calculation,,,进位制与取整符号|calculation,高思导引超越篇难度,high,auto,L4,False,计算：[]+[]+[2]+…+[],C:\Users\admin\Desktop\试卷分析project\参考教材\奥数\竞赛数学导引 六年级.pdf
6,竞赛数学导引 六年级,19,进位制与取整符号,超越篇,challenge,139,7,,0.9945,False,38,short,general,,,进位制与取整符号|general,高思导引超越篇难度,high,auto,L4,False,一副双色牌中，红、黑两种颜色各有12张牌，每种颜色的牌上分别写着1、2、4、,C:\Users\admin\Desktop\试卷分析project\参考教材\奥数\竞赛数学导引 六年级.pdf
6,竞赛数学导引 六年级,19,进位制与取整符号,超越篇,challenge,139,8,,0.9472,False,187,very_long,calculation,,,进位制与取整符号|数论问题|calculation,高思导引超越篇难度,high,auto,L4,False,、2048这12个数.小梁从中任意抽取一些牌，计算抽出的牌面上所有数的和. (1）若算出的和为2008，则小梁最多可能抽取了多少张牌？ (2）若算出的和为183，则小梁共有多少种抽取牌的方法？ (3）如果小梁有3种抽牌的方法使得和为某个正整数n，求n的值. 2008² 中共出现了多少个互不相同 的数？ (2)在[2]，[207]，[20°]。，[2008]中共出现了多少个互不相同的数？,C:\Users\admin\Desktop\试卷分析project\参考教材\奥数\竞赛数学导引 六年级.pdf
6,竞赛数学导引 六年级,20,数论综合二,兴趣篇,interest,140,1,★★,0.9886,False,69,medium,number_theory,,,数论综合二|number_theory,5、6年级及以前高思导引拓展篇及以下难度 或 七年级及以上校内课本难度,low,auto,L1,False,有4个不同的正整数，它们中任意2个数的和都是2的倍数，任意3个数的和都是 3的倍数.要使这4个数的和尽可能小，请问：这4个数应该分别是多少？,C:\Users\admin\Desktop\试卷分析project\参考教材\奥数\竞赛数学导引 六年级.pdf
6,竞赛数学导引 六年级,20,数论综合二,兴趣篇,interest,140,2,,0.9488,False,59,medium,general,,,数论综合二|general,5、6年级及以前高思导引拓展篇及以下难度 或 七年级及以上校内课本难度,low,auto,L1,False,已知算式（1+2+3十十n)十2007的结果可表示为n(n>1)个连续自然数的 和.请问：共有多少个满足要求的自然数n？,C:\Users\admin\Desktop\试卷分析project\参考教材\奥数\竞赛数学导引 六年级.pdf
6,竞赛数学导引 六年级,20,数论综合二,兴趣篇,interest,140,3,,0.9987,False,76,medium,number_theory,case_analysis,,数论综合二|number_theory|case_analysis,5、6年级及以前高思导引拓展篇及以下难度 或 七年级及以上校内课本难度,low,auto,L2,False,有些自然数能够写成一个质数与一个合数之和的形式，并且在不计加数顺序的情 况下，这样的表示方法至少有4种.请问：所有满足上述条件的自然数中最小的一个是多少？,C:\Users\admin\Desktop\试卷分析project\参考教材\奥数\竞赛数学导引 六年级.pdf
6,竞赛数学导引 六年级,20,数论综合二,兴趣篇,interest,140,4,★★,0.9901,False,40,short,general,,,数论综合二|general,5、6年级及以前高思导引拓展篇及以下难度 或 七年级及以上校内课本难度,low,auto,L1,False,甲、乙两个自然数的乘积比甲数的平方小2008.请问：满足上述条件的自然数有几组？,C:\Users\admin\Desktop\试卷分析project\参考教材\奥数\竞赛数学导引 六年级.pdf
6,竞赛数学导引 六年级,20,数论综合二,兴趣篇,interest,141,5,,0.9979,False,32,short,general,,,数论综合二|general,5、6年级及以前高思导引拓展篇及以下难度 或 七年级及以上校内课本难度,low,auto,L1,False,两个不同两位数的乘积为完全平方数，请问：它们的和最大可能是多少？,C:\Users\admin\Desktop\试卷分析project\参考教材\奥数\竞赛数学导引 六年级.pdf
6,竞赛数学导引 六年级,20,数论综合二,兴趣篇,interest,141,6,,0.9945,False,36,short,general,,,数论综合二|general,5、6年级及以前高思导引拓展篇及以下难度 或 七年级及以上校内课本难度,low,auto,L1,False,n个自然数，它们的和乘以它们的平均数后得到2008.请问：n最小是多少？,C:\Users\admin\Desktop\试卷分析project\参考教材\奥数\竞赛数学导引 六年级.pdf
6,竞赛数学导引 六年级,20,数论综合二,兴趣篇,interest,141,7,,0.7637,False,52,medium,general,,,数论综合二|general,5、6年级及以前高思导引拓展篇及以下难度 或 七年级及以上校内课本难度,low,auto,L1,False,一个正整数若能表示为两个正整数的平方差，则称这个数为“智慧数”，比如16= ，√800集中目回是晶，√9一,C:\Users\admin\Desktop\试卷分析project\参考教材\奥数\竞赛数学导引 六年级.pdf
6,竞赛数学导引 六年级,20,数论综合二,兴趣篇,interest,141,8,★,0.9804,False,57,medium,number_theory,,,数论综合二|number_theory,5、6年级及以前高思导引拓展篇及以下难度 或 七年级及以上校内课本难度,low,auto,L1,False,"将100！一5分别除以2，3，4，""，100，可以得到99个余数（余数有可能为0).请问： 这99个余数的和是多少？",C:\Users\admin\Desktop\试卷分析project\参考教材\奥数\竞赛数学导引 六年级.pdf
6,竞赛数学导引 六年级,20,数论综合二,兴趣篇,interest,141,9,,0.996,False,109,long,general,,,数论综合二|general,5、6年级及以前高思导引拓展篇及以下难度 或 七年级及以上校内课本难度,low,auto,L2,False,卡莉娅、小高和墨莫三人经常去电影院，卡莉娅每隔2天去一次，小高每隔4天去 一次，墨莫每隔6天去一次.今天他们三人都去电影院，将来会有连续三天都有人去电影院， 如果今天是第1天，那么最早出现的具有上述性质的连续三天是哪三天？,C:\Users\admin\Desktop\试卷分析project\参考教材\奥数\竞赛数学导引 六年级.pdf
6,竞赛数学导引 六年级,20,数论综合二,兴趣篇,interest,141,10,,0.9974,False,49,medium,number_theory,,,数论综合二|数论问题|number_theory,5、6年级及以前高思导引拓展篇及以下难度 或 七年级及以上校内课本难度,low,auto,L1,False,有三个连续的自然数，它们的平方从小到大依次是10、9、8的倍数.请问：这三个 数中最小的一个是多少？,C:\Users\admin\Desktop\试卷分析project\参考教材\奥数\竞赛数学导引 六年级.pdf
6,竞赛数学导引 六年级,20,数论综合二,拓展篇,extension,141,1,★★,0.9922,False,51,medium,general,,,数论综合二|general,5、6年级及以前高思导引拓展篇及以下难度 或 七年级及以上校内课本难度,mid,auto,L3,False,有一个正整数，它加上100后是一个完全平方数，加上168后也是一个完全平方 数.请问：这个正整数是多少？,C:\Users\admin\Desktop\试卷分析project\参考教材\奥数\竞赛数学导引 六年级.pdf
6,竞赛数学导引 六年级,20,数论综合二,拓展篇,extension,142,2,★,0.959,False,93,long,general,,,数论综合二|general,5、6年级及以前高思导引拓展篇及以下难度 或 七年级及以上校内课本难度,mid,auto,L4,False,如果三个正整数a、b、c满足a²+b²=c²，则称这三个数构成一个勾股数组（a，b， c).与5有关的勾股数组有两组：（3，4，5）和(5，12，13），请问：与13有关的勾股数组有哪些？,C:\Users\admin\Desktop\试卷分析project\参考教材\奥数\竞赛数学导引 六年级.pdf
6,竞赛数学导引 六年级,20,数论综合二,拓展篇,extension,142,3,,0.9979,False,81,medium,number_theory,,,数论综合二|number_theory,5、6年级及以前高思导引拓展篇及以下难度 或 七年级及以上校内课本难度,mid,auto,L3,False,小高往一个水池里扔石子.第一次扔1颗石子，第二次扔2颗石子，第三次扔3颗 石子，第四次扔4颗石子他准备扔到水池的石子总数是106的倍数.请问：小高最少需要 扔多少次？,C:\Users\admin\Desktop\试卷分析project\参考教材\奥数\竞赛数学导引 六年级.pdf
6,竞赛数学导引 六年级,20,数论综合二,拓展篇,extension,142,4,,0.9991,False,68,medium,general,,,数论综合二|general,5、6年级及以前高思导引拓展篇及以下难度 或 七年级及以上校内课本难度,mid,auto,L3,False,已知两个自然数的最大公约数是6，两数之和为1998.请问：满足上述条件的数一 共有多少组？ 出了这个数.同学们，你们知道这个数可能是多少吗？,C:\Users\admin\Desktop\试卷分析project\参考教材\奥数\竞赛数学导引 六年级.pdf
6,竞赛数学导引 六年级,20,数论综合二,拓展篇,extension,142,6,,0.9939,False,49,medium,general,,,数论综合二|general,5、6年级及以前高思导引拓展篇及以下难度 或 七年级及以上校内课本难度,mid,auto,L3,False,"在一个正整数的所有约数中，个位数字为0，1，2，""，9的数都出现过，请问：这样 的正整数最小是多少？",C:\Users\admin\Desktop\试卷分析project\参考教材\奥数\竞赛数学导引 六年级.pdf
6,竞赛数学导引 六年级,20,数论综合二,拓展篇,extension,142,7,,0.9859,False,66,medium,general,,,数论综合二|general,5、6年级及以前高思导引拓展篇及以下难度 或 七年级及以上校内课本难度,mid,auto,L3,False,甲、乙两个三位数的乘积是一个五位数，这个五位数的后四位数是3456.如果甲的 数字和是8，乙的数字和是14，那么甲、乙两数之差是多少？,C:\Users\admin\Desktop\试卷分析project\参考教材\奥数\竞赛数学导引 六年级.pdf
6,竞赛数学导引 六年级,20,数论综合二,拓展篇,extension,142,8,,0.9739,False,24,short,general,,,数论综合二|general,5、6年级及以前高思导引拓展篇及以下难度 或 七年级及以上校内课本难度,mid,auto,L3,False,求最小的正整数n，使得2006+7n是完全平方数,C:\Users\admin\Desktop\试卷分析project\参考教材\奥数\竞赛数学导引 六年级.pdf
6,竞赛数学导引 六年级,20,数论综合二,拓展篇,extension,143,9,★★,0.9921,False,29,short,pattern,recursive_or_sequence,,数论综合二|pattern|recursive_or_sequence,5、6年级及以前高思导引拓展篇及以下难度 或 七年级及以上校内课本难度,mid,auto,L3,False,请写出由不同的两位数组成的最长的等比数列 的最大一个是多少？,C:\Users\admin\Desktop\试卷分析project\参考教材\奥数\竞赛数学导引 六年级.pdf
6,竞赛数学导引 六年级,20,数论综合二,拓展篇,extension,143,11,,0.9753,False,154,very_long,general,,,数论综合二|general,5、6年级及以前高思导引拓展篇及以下难度 或 七年级及以上校内课本难度,mid,auto,L4,False,有些数既能表示成5个连续自然数的和，又能表示成6个连续自然数的和，还能 表示成7个连续自然数的和.例如：105就满足上述要求，105=19十20十21十22十23；105= 15+16+17+18+19+20；105=12+13+14+15+16+17+18.请问:在1至1000中— 共有多少个满足上述要求的数？,C:\Users\admin\Desktop\试卷分析project\参考教材\奥数\竞赛数学导引 六年级.pdf
6,竞赛数学导引 六年级,20,数论综合二,拓展篇,extension,143,12,,0.9789,False,129,very_long,geometry,recursive_or_sequence|case_analysis,,数论综合二|geometry|recursive_or_sequence|case_analysis,5、6年级及以前高思导引拓展篇及以下难度 或 七年级及以上校内课本难度,mid,auto,L4,False,一个特殊的圆形钟表只有一根指针，指针每秒转动的角度为连续自然数数列.现 在设定指针第一秒转动的角度为a度（a为小于360的整数），则其第二秒转动a十1度，第三秒 转动a十2度··如果指针在第一圈内恰好能指回出发位置，那么α一共有几种设定方法？最 小可以被设成多少？,C:\Users\admin\Desktop\试卷分析project\参考教材\奥数\竞赛数学导引 六年级.pdf
6,竞赛数学导引 六年级,20,数论综合二,拓展篇,extension,143,13,,0.9963,False,129,very_long,number_theory,,,数论综合二|number_theory,5、6年级及以前高思导引拓展篇及以下难度 或 七年级及以上校内课本难度,mid,auto,L4,False,某住宅区有12家住户，他们的门牌号分别是1，2，3，，12.他们的电话号码依 次是12个连续的六位自然数，并且每家的电话号码都能被这家的门牌号码整除.已知这些电 话的首位数字都小于6，并且门牌号码是9的这一家的电话号码能被13整除.请问：这一家的 电话号码是多少？,C:\Users\admin\Desktop\试卷分析project\参考教材\奥数\竞赛数学导引 六年级.pdf
6,竞赛数学导引 六年级,20,数论综合二,拓展篇,extension,143,14,,0.9813,False,74,medium,pattern,recursive_or_sequence,,数论综合二|数论问题|pattern|recursive_or_sequence,5、6年级及以前高思导引拓展篇及以下难度 或 七年级及以上校内课本难度,mid,auto,L3,False,在等差数列1，8，15，22，29，36，43，中，如果前n个数乘积的末尾0的个数 比前n十1个数乘积的末尾0的个数少3个，那么n最小是多少？ .129,C:\Users\admin\Desktop\试卷分析project\参考教材\奥数\竞赛数学导引 六年级.pdf
6,竞赛数学导引 六年级,20,数论综合二,超越篇,challenge,144,2,,0.9892,False,60,medium,number_theory,,,数论综合二|number_theory,高思导引超越篇难度,high,auto,L4,False,有些自然数可以表示成两个合数相乘再加一个合数的形式，例如：33=4×6十9. 请问：不能表示成这种形式的自然数最大是多少？,C:\Users\admin\Desktop\试卷分析project\参考教材\奥数\竞赛数学导引 六年级.pdf
6,竞赛数学导引 六年级,20,数论综合二,超越篇,challenge,144,3,★,0.9906,False,249,very_long,geometry,,,数论综合二|geometry,高思导引超越篇难度,high,auto,L4,False,在给定的圆周上有100个点.任取一点标上1；按顺时针方向从标有1的点往后数 2个点，标上2；从标有2的点再往后数3个点，标上3▪以此类推，直至在圆周上标出100 个点上标出的数最小是多少？ 分别将它告诉小安.小安告诉小强和小花，他将分别把这两个数的和与乘积写在不同的纸上. 小安写好后，将其中一张纸藏起来，把另一张纸亮出来给小强和小花看（这张纸上写着2008）. 小安请小强和小花互猜对方所选的数，小强首先宣称他无法确定小花所选的数，小花听完小 强的话后，也说她无法确定小强所选的数.请问：小花所选的数是什么？,C:\Users\admin\Desktop\试卷分析project\参考教材\奥数\竞赛数学导引 六年级.pdf
6,竞赛数学导引 六年级,20,数论综合二,超越篇,challenge,145,5,,0.9993,False,46,medium,pattern,recursive_or_sequence,,数论综合二|pattern|recursive_or_sequence,高思导引超越篇难度,high,auto,L4,False,已知三个互不相等的正整数成等差数列，且三个数的乘积是完全平方数，那么这三 个数的和最小是多少？,C:\Users\admin\Desktop\试卷分析project\参考教材\奥数\竞赛数学导引 六年级.pdf
6,竞赛数学导引 六年级,20,数论综合二,超越篇,challenge,145,6,,0.9865,False,57,medium,general,,,数论综合二|general,高思导引超越篇难度,high,auto,L4,False,是否存在一个完全平方数，它的每一位上的数字全都相同（至少是两位数)？如果 存在，请写出一个；如果不存在，请说明理由，,C:\Users\admin\Desktop\试卷分析project\参考教材\奥数\竞赛数学导引 六年级.pdf
6,竞赛数学导引 六年级,20,数论综合二,超越篇,challenge,145,7,,0.9917,False,96,long,general,,,数论综合二|general,高思导引超越篇难度,high,auto,L4,False,有一根均匀木棍，先用红色刻度线将它分成㎡等份，再用蓝色刻度线将它分成n 等份，m>n.然后按所有刻度线将该木棍锯成小段，一共可以得到170根长短不一的小棍， 其中最长的小棍恰有100根.求m和n.,C:\Users\admin\Desktop\试卷分析project\参考教材\奥数\竞赛数学导引 六年级.pdf
6,竞赛数学导引 六年级,20,数论综合二,超越篇,challenge,145,8,,0.9934,False,60,medium,general,,,数论综合二|数论问题|general,高思导引超越篇难度,high,auto,L4,False,是否存在这样的自然数：在这个数后面重写一遍这个数，新组成的数是一个完全 平方数？如果存在，请举例；如果不存在，请说明理由，,C:\Users\admin\Desktop\试卷分析project\参考教材\奥数\竞赛数学导引 六年级.pdf
6,竞赛数学导引 六年级,21,数论综合三,兴趣篇,interest,146,1,★,0.9773,False,72,medium,general,,,数论综合三|general,5、6年级及以前高思导引拓展篇及以下难度 或 七年级及以上校内课本难度,low,auto,L1,False,（1）求所有满足条件的三位数：在它左边写上40后所得的五位数是完全平方数， （2）求满足条件的最小自然数：在它左边写上80后所得的数是完全平方数，,C:\Users\admin\Desktop\试卷分析project\参考教材\奥数\竞赛数学导引 六年级.pdf
6,竞赛数学导引 六年级,21,数论综合三,兴趣篇,interest,146,2,★★,0.9209,False,39,short,general,,,数论综合三|general,5、6年级及以前高思导引拓展篇及以下难度 或 七年级及以上校内课本难度,low,auto,L1,False,已知n!+3是一个完全平方数，试确定自然数n的值.（n！=1×2×3×…×n),C:\Users\admin\Desktop\试卷分析project\参考教材\奥数\竞赛数学导引 六年级.pdf
6,竞赛数学导引 六年级,21,数论综合三,兴趣篇,interest,146,3,★,0.9901,False,60,medium,general,,,数论综合三|general,5、6年级及以前高思导引拓展篇及以下难度 或 七年级及以上校内课本难度,low,auto,L1,False,一个完全平方数是四位数，且它的各位数字均小于7.如果把组成它的每个数字都 加上3，便得到另外一个完全平方数.求原来的四位数,C:\Users\admin\Desktop\试卷分析project\参考教材\奥数\竞赛数学导引 六年级.pdf
6,竞赛数学导引 六年级,21,数论综合三,兴趣篇,interest,"146,147",4,,0.9862,False,85,medium,number_theory,,cross_page_question,数论综合三|number_theory,5、6年级及以前高思导引拓展篇及以下难度 或 七年级及以上校内课本难度,low,review,L1,False,请写出所有各位数字互不相同的三位奇数，使得它能被它的每一个数位上的数字 整除. 变成了201)，结果这个三位数恰好能被原来的两位数整除.请问：所有满足条件的两位数之和 是多少？,C:\Users\admin\Desktop\试卷分析project\参考教材\奥数\竞赛数学导引 六年级.pdf
6,竞赛数学导引 六年级,21,数论综合三,兴趣篇,interest,147,6,★,0.988,False,65,medium,general,,,数论综合三|general,5、6年级及以前高思导引拓展篇及以下难度 或 七年级及以上校内课本难度,low,auto,L1,False,用2、3、4、5、6、7六个数字组成两个三位数，要使这两个三位数与540的最大公 约数尽可能的大，请问：这两个三位数应该分别是多少？,C:\Users\admin\Desktop\试卷分析project\参考教材\奥数\竞赛数学导引 六年级.pdf
6,竞赛数学导引 六年级,21,数论综合三,兴趣篇,interest,147,7,,0.9987,False,34,short,general,,,数论综合三|general,5、6年级及以前高思导引拓展篇及以下难度 或 七年级及以上校内课本难度,low,auto,L1,False,一个自然数，它与99的乘积的各位数字都是偶数.求满足要求的最小自然数,C:\Users\admin\Desktop\试卷分析project\参考教材\奥数\竞赛数学导引 六年级.pdf
6,竞赛数学导引 六年级,21,数论综合三,兴趣篇,interest,147,8,,0.9981,False,124,very_long,calculation,,,数论综合三|calculation,5、6年级及以前高思导引拓展篇及以下难度 或 七年级及以上校内课本难度,low,auto,L3,False,有3个自然数，其中每一个数都不能被另外两个数整除，而且其中任意两个数的乘 积都能被第三个数整除.请问：满足上述条件的3个自然数之和最小是多少？ 已的分数乘以3，输的小朋友保持分数不变.最后小明获胜，他比小华多的分数是99的倍数， 那么他们至少玩了多少局？,C:\Users\admin\Desktop\试卷分析project\参考教材\奥数\竞赛数学导引 六年级.pdf
6,竞赛数学导引 六年级,21,数论综合三,兴趣篇,interest,147,10,,0.9766,False,81,medium,number_theory,,,数论综合三|数论问题|number_theory,5、6年级及以前高思导引拓展篇及以下难度 或 七年级及以上校内课本难度,low,auto,L1,False,对于一个自然数N，如果具有这样的性质就称为“破坏数”：把它添加到任何一个 自然数的右端，形成的新数都不能被N十1整除.那么在1至9这9个自然数中有多少个“破 坏数”？,C:\Users\admin\Desktop\试卷分析project\参考教材\奥数\竞赛数学导引 六年级.pdf
6,竞赛数学导引 六年级,21,数论综合三,拓展篇,extension,147,1,,0.9893,False,93,long,general,,,数论综合三|general,5、6年级及以前高思导引拓展篇及以下难度 或 七年级及以上校内课本难度,mid,auto,L4,False,（1）求满足条件的最小自然数，使得它的平方的前两位是20； （2）求满足条件的最小自然数，使得它的平方的后两位是04； （3）求满足条件的最小自然数，使得它的平方的前两位是20，后两位是04,C:\Users\admin\Desktop\试卷分析project\参考教材\奥数\竞赛数学导引 六年级.pdf
6,竞赛数学导引 六年级,21,数论综合三,拓展篇,extension,148,2,,0.8081,False,42,short,general,,,数论综合三|general,5、6年级及以前高思导引拓展篇及以下难度 或 七年级及以上校内课本难度,mid,auto,L3,False,已知n!十4等于两个相邻自然数的乘积，试确定自然数n的值.（n！=1×2×3×× n),C:\Users\admin\Desktop\试卷分析project\参考教材\奥数\竞赛数学导引 六年级.pdf
6,竞赛数学导引 六年级,21,数论综合三,拓展篇,extension,148,3,,0.9987,False,43,short,general,case_analysis,,数论综合三|general|case_analysis,5、6年级及以前高思导引拓展篇及以下难度 或 七年级及以上校内课本难度,mid,auto,L3,False,找出三个小于20的自然数，它们的最大公约数是1，但是两两均不互质.请写出所 有可能的情况,C:\Users\admin\Desktop\试卷分析project\参考教材\奥数\竞赛数学导引 六年级.pdf
6,竞赛数学导引 六年级,21,数论综合三,拓展篇,extension,148,4,,0.9919,False,56,medium,number_theory,case_analysis,,数论综合三|number_theory|case_analysis,5、6年级及以前高思导引拓展篇及以下难度 或 七年级及以上校内课本难度,mid,auto,L3,False,三个两位奇数，它们的最大公约数是1，但是两两均不互质，且三个数的最小公倍 数共有18个约数.求所有满足要求的情况，,C:\Users\admin\Desktop\试卷分析project\参考教材\奥数\竞赛数学导引 六年级.pdf
6,竞赛数学导引 六年级,21,数论综合三,拓展篇,extension,148,5,★,0.9389,False,27,short,general,,,数论综合三|general,5、6年级及以前高思导引拓展篇及以下难度 或 七年级及以上校内课本难度,mid,auto,L3,False,1×4×7×10×*×2008的末尾有多少个连续的零？,C:\Users\admin\Desktop\试卷分析project\参考教材\奥数\竞赛数学导引 六年级.pdf
6,竞赛数学导引 六年级,21,数论综合三,拓展篇,extension,148,6,,0.9984,False,68,medium,number_theory,,,数论综合三|number_theory,5、6年级及以前高思导引拓展篇及以下难度 或 七年级及以上校内课本难度,mid,auto,L3,False,一个四位数除以它后两位数字组成的两位数，余数恰好是它前两位数字组成的两 位数.如果它后两位数字组成的两位数是质数，那么原来的四位数是多少？,C:\Users\admin\Desktop\试卷分析project\参考教材\奥数\竞赛数学导引 六年级.pdf
6,竞赛数学导引 六年级,21,数论综合三,拓展篇,extension,148,7,,0.9534,False,50,medium,general,,,数论综合三|general,5、6年级及以前高思导引拓展篇及以下难度 或 七年级及以上校内课本难度,mid,auto,L3,False,由数字a、6、c各一个可以组成六个不同的三位数，其中五个三位数的和是2075， 那么a十6十c是多少？,C:\Users\admin\Desktop\试卷分析project\参考教材\奥数\竞赛数学导引 六年级.pdf
6,竞赛数学导引 六年级,21,数论综合三,拓展篇,extension,148,8,,0.9953,False,143,very_long,number_theory,,,数论综合三|number_theory,5、6年级及以前高思导引拓展篇及以下难度 或 七年级及以上校内课本难度,mid,auto,L4,False,任意一些末两位数是25的数相乘，它们的乘积末两位数仍是25，我们就称25是“变 不掉的两位数尾巴”.显然000是“变不掉的三位数尾巴”，请写出所有的“变不掉的三位数尾 巴” 每相邻两个数的和都可以整除它们的乘积.请你在4与3之间插入三个非零自然数，使得其 中每相邻两个数的和都可以整除它们的乘积,C:\Users\admin\Desktop\试卷分析project\参考教材\奥数\竞赛数学导引 六年级.pdf
6,竞赛数学导引 六年级,21,数论综合三,拓展篇,extension,148,10,,0.9791,False,66,medium,general,,,数论综合三|general,5、6年级及以前高思导引拓展篇及以下难度 或 七年级及以上校内课本难度,mid,auto,L3,False,已知M、N是互为反序的两个三位数，且M>N.请问： （1）如果M和N的最大公约数是7，求M； (2）如果M和N的最大公约数是21，求M.,C:\Users\admin\Desktop\试卷分析project\参考教材\奥数\竞赛数学导引 六年级.pdf
6,竞赛数学导引 六年级,21,数论综合三,拓展篇,extension,149,11,,0.9968,False,55,medium,general,,,数论综合三|general,5、6年级及以前高思导引拓展篇及以下难度 或 七年级及以上校内课本难度,mid,auto,L3,False,用1、2、3、4、5、6这六个数字组成两个三位数A和B，那么A、B、540这三个 数的最大公约数最大可能是多少？,C:\Users\admin\Desktop\试卷分析project\参考教材\奥数\竞赛数学导引 六年级.pdf
6,竞赛数学导引 六年级,21,数论综合三,拓展篇,extension,149,12,★,0.9921,False,61,medium,general,,,数论综合三|general,5、6年级及以前高思导引拓展篇及以下难度 或 七年级及以上校内课本难度,mid,auto,L3,False,请将1、2、3、4、5、6、7、8、9、10、11按合适的顺序写成一行，使得这一行数中 的任何一个都是它前面所有数之和的约数,C:\Users\admin\Desktop\试卷分析project\参考教材\奥数\竞赛数学导引 六年级.pdf
6,竞赛数学导引 六年级,21,数论综合三,拓展篇,extension,149,13,,0.9531,False,63,medium,general,,,数论综合三|general,5、6年级及以前高思导引拓展篇及以下难度 或 七年级及以上校内课本难度,mid,auto,L3,False,"请证明：(1）11，111，1111，11111，不是完全平方数. (2）69，669，6669，66669，""不是完全平方数，",C:\Users\admin\Desktop\试卷分析project\参考教材\奥数\竞赛数学导引 六年级.pdf
6,竞赛数学导引 六年级,21,数论综合三,拓展篇,extension,149,14,★,0.9853,False,130,very_long,number_theory,,,数论综合三|数论问题|number_theory,5、6年级及以前高思导引拓展篇及以下难度 或 七年级及以上校内课本难度,mid,auto,L4,False,一根红色的长线，将它对折，再对折……经过m次对折后将所得到的线束从中间 剪断，得到一些红色的短线；一根白色的长线，经过n次对折后将所得到的线束从中间剪断， 得到一些白色的短线.已知红色短线比白色短线多，而且它们的数量之和是100的倍数.请 问：红色短线至少有多少条？,C:\Users\admin\Desktop\试卷分析project\参考教材\奥数\竞赛数学导引 六年级.pdf
6,竞赛数学导引 六年级,21,数论综合三,超越篇,challenge,149,1,★,0.9533,False,22,short,number_theory,,,数论综合三|number_theory,高思导引超越篇难度,high,auto,L4,False,求出所有正整数n，使得25十n能整除25×n,C:\Users\admin\Desktop\试卷分析project\参考教材\奥数\竞赛数学导引 六年级.pdf
6,竞赛数学导引 六年级,21,数论综合三,超越篇,challenge,149,2,,0.9556,False,44,short,general,,,数论综合三|general,高思导引超越篇难度,high,auto,L4,False,婪一个自然数至少有4个约数，并且该数等于其最小的4个约数的平方之和，请找 出这样的自然数，,C:\Users\admin\Desktop\试卷分析project\参考教材\奥数\竞赛数学导引 六年级.pdf
6,竞赛数学导引 六年级,21,数论综合三,超越篇,challenge,149,3,,0.9992,False,63,medium,general,,,数论综合三|general,高思导引超越篇难度,high,auto,L4,False,一个四位数的各位数字互不相同，将其千位与个位数字调换后形成新的四位数，新 四位数与原数的最大公约数是63，则原四位数可能是多少？,C:\Users\admin\Desktop\试卷分析project\参考教材\奥数\竞赛数学导引 六年级.pdf
6,竞赛数学导引 六年级,21,数论综合三,超越篇,challenge,150,4,,0.9976,False,88,medium,general,,,数论综合三|general,高思导引超越篇难度,high,auto,L4,False,一个不超过200的自然数，如果用四进制表示，那么它的数字和是5；如果用六进 制表示，那么它的数字和是8；如果用八进制表示，那么它的数字和是9.如果用十进制表示， 那么这个数是多少？,C:\Users\admin\Desktop\试卷分析project\参考教材\奥数\竞赛数学导引 六年级.pdf
6,竞赛数学导引 六年级,21,数论综合三,超越篇,challenge,150,5,,0.9986,False,74,medium,number_theory,,,数论综合三|number_theory,高思导引超越篇难度,high,auto,L4,False,把一个两位质数写在另一个不同的两位质数右边，得到一个四位数，这个四位数 能被这两个质数之和的一半整除.请问：这样的两个质数乘积最大是多少？最小是多少？,C:\Users\admin\Desktop\试卷分析project\参考教材\奥数\竞赛数学导引 六年级.pdf
6,竞赛数学导引 六年级,21,数论综合三,超越篇,challenge,150,6,★,0.9932,False,79,medium,number_theory,,,数论综合三|number_theory,高思导引超越篇难度,high,auto,L4,False,用1、2、3、4、5各一个可以组成120个五位数，你能否从这120个数里面找出11 个数来，使得它们除以11的余数互不相同？如果五个数字是1、3、4、6、8呢？,C:\Users\admin\Desktop\试卷分析project\参考教材\奥数\竞赛数学导引 六年级.pdf
6,竞赛数学导引 六年级,21,数论综合三,超越篇,challenge,150,7,★,0.9941,False,72,medium,number_theory,,,数论综合三|number_theory,高思导引超越篇难度,high,auto,L4,False,用1、2、3、4、5、6这6个数字各一次组成两个三位数A和B.请问：A、B、630 这三个数的最大公约数最大可能是多少？最小公倍数最小可能是多少？,C:\Users\admin\Desktop\试卷分析project\参考教材\奥数\竞赛数学导引 六年级.pdf
6,竞赛数学导引 六年级,21,数论综合三,超越篇,challenge,150,8,,0.9934,False,73,medium,number_theory,,,数论综合三|数论问题|number_theory,高思导引超越篇难度,high,auto,L4,False,我们将具有如下性质的自然数K称为“高思数”：如果一个整数M能被K整除， 则把M的各位数字按相反顺序重写时所得的数也能被K整除.请求出所有的“高思数”,C:\Users\admin\Desktop\试卷分析project\参考教材\奥数\竞赛数学导引 六年级.pdf
6,竞赛数学导引 六年级,22,构造论证二,兴趣篇,interest,151,1,★,0.9731,True,90,long,logic,,has_diagram,构造论证二|logic,5、6年级及以前高思导引拓展篇及以下难度 或 七年级及以上校内课本难度,low,review,L2,False,如图22-1所示，在6×6的警戒方格内，每个哨所可以监视 横、竖、斜方向的全部单位方格.现在已经建了两个哨所.请你挑选一 个方格，再建立一个哨所，使得所有的方格都被监视到. ※ 图22-1,C:\Users\admin\Desktop\试卷分析project\参考教材\奥数\竞赛数学导引 六年级.pdf
6,竞赛数学导引 六年级,22,构造论证二,兴趣篇,interest,151,2,,0.9874,True,129,very_long,logic,,has_diagram,构造论证二|logic,5、6年级及以前高思导引拓展篇及以下难度 或 七年级及以上校内课本难度,low,review,L3,False,（1）把1，2，3，，8，9按合适的顺序填在图22-2第二行的空格中，使得每一列 上、下两数之和都是平方数. （2）能否将1，2，3，，10，11按合适的顺序填在图22-3第二行的空格中，使得每一 列上、下两数之和都是平方数. 123456789 图22-2 图22-3,C:\Users\admin\Desktop\试卷分析project\参考教材\奥数\竞赛数学导引 六年级.pdf
6,竞赛数学导引 六年级,22,构造论证二,兴趣篇,interest,152,3,,0.9946,False,168,very_long,logic,,,构造论证二|logic,5、6年级及以前高思导引拓展篇及以下难度 或 七年级及以上校内课本难度,low,auto,L3,False,今有长度为1，2，3，“，198，199的金属杆各一根.请问：能否用上全部的金属 分是1分或者2分，数学得分是1分、2分或者3分，语文得分是1分、2分、3分或者4分.如 果一位同学的三门功课成绩都不低于另一个同学的三门功课成绩，就说这个同学比另一个同 学优秀.测验完成后老师发现这六位同学谁也不比别人优秀，请问：这六位同学三科得分分别 为多少？,C:\Users\admin\Desktop\试卷分析project\参考教材\奥数\竞赛数学导引 六年级.pdf
6,竞赛数学导引 六年级,22,构造论证二,兴趣篇,interest,152,5,,0.9938,True,47,medium,geometry,,has_diagram,构造论证二|geometry,5、6年级及以前高思导引拓展篇及以下难度 或 七年级及以上校内课本难度,low,review,L1,False,把图22-4中的圆圈任意涂上红色或蓝色.问：能否使得 每一条直线上的红圈个数都是奇数？ 图22-4,C:\Users\admin\Desktop\试卷分析project\参考教材\奥数\竞赛数学导引 六年级.pdf
6,竞赛数学导引 六年级,22,构造论证二,兴趣篇,interest,152,6,★,0.9857,False,96,long,logic,,,构造论证二|logic,5、6年级及以前高思导引拓展篇及以下难度 或 七年级及以上校内课本难度,low,auto,L2,False,"（1）能否在4×4的方格表的各个小方格内分别填入数1，2，""，15，16，使得从每 行中都可以选择若干个数，这些数的和等于该行中其余各数之和？ 可以选择若干个数，这些数的和等于该行中其余各数之和？",C:\Users\admin\Desktop\试卷分析project\参考教材\奥数\竞赛数学导引 六年级.pdf
6,竞赛数学导引 六年级,22,构造论证二,兴趣篇,interest,152,7,★,0.9781,True,111,long,geometry,,has_diagram,构造论证二|geometry,5、6年级及以前高思导引拓展篇及以下难度 或 七年级及以上校内课本难度,low,review,L2,False,图22-5是把一张6×6的方格纸去掉两个角所得的图形. （1）请把所有的格子涂上红、蓝两色之一，使得每个1×2小长方 形（不论横竖）的2个方格中都恰有1个红格和1个蓝格； （2）能否用1×2的小长方形恰好拼满这张表格？ 图22-5,C:\Users\admin\Desktop\试卷分析project\参考教材\奥数\竞赛数学导引 六年级.pdf
6,竞赛数学导引 六年级,22,构造论证二,兴趣篇,interest,152,8,,0.9976,False,100,long,logic,,,构造论证二|logic,5、6年级及以前高思导引拓展篇及以下难度 或 七年级及以上校内课本难度,low,auto,L2,False,全班25名同学分五排，每排五人坐在教室里，每个座位的前、后、左、右位子称为它 的邻座.在儿童节每一位同学都买了一份礼物送给他的一个邻座，能否可以让大家适当地送 出礼物，使得每一位同学都刚好收到一份礼物呢？,C:\Users\admin\Desktop\试卷分析project\参考教材\奥数\竞赛数学导引 六年级.pdf
6,竞赛数学导引 六年级,22,构造论证二,兴趣篇,interest,153,9,,0.9932,True,77,medium,logic,,has_diagram,构造论证二|logic,5、6年级及以前高思导引拓展篇及以下难度 或 七年级及以上校内课本难度,low,review,L1,False,将一个4×4的方格表分为如图22-6的5块区域，在其中填人 16个互不相同的正整数，使得每一块区域中所填数的和都相等.这16个 数的总和最小是多少？ 图22-6,C:\Users\admin\Desktop\试卷分析project\参考教材\奥数\竞赛数学导引 六年级.pdf
6,竞赛数学导引 六年级,22,构造论证二,兴趣篇,interest,153,10,,0.9983,False,57,medium,logic,,,构造论证二|组合问题|logic,5、6年级及以前高思导引拓展篇及以下难度 或 七年级及以上校内课本难度,low,auto,L1,False,能否将1，2，3，，9，10排成一行，使得任意相邻三个数之和都不大于16？能 否使得任意相邻三个数之和都不大于15？,C:\Users\admin\Desktop\试卷分析project\参考教材\奥数\竞赛数学导引 六年级.pdf
6,竞赛数学导引 六年级,22,构造论证二,拓展篇,extension,153,1,,0.9961,False,35,short,logic,,,构造论证二|logic,5、6年级及以前高思导引拓展篇及以下难度 或 七年级及以上校内课本难度,mid,auto,L3,False,有7个不为0的自然数，它们的和正好等于它们的积.请写出一组满足要求的数,C:\Users\admin\Desktop\试卷分析project\参考教材\奥数\竞赛数学导引 六年级.pdf
6,竞赛数学导引 六年级,22,构造论证二,拓展篇,extension,153,2,,0.9942,True,73,medium,geometry,,has_diagram,构造论证二|geometry,5、6年级及以前高思导引拓展篇及以下难度 或 七年级及以上校内课本难度,mid,review,L3,False,如图22-7，平面上有5个点，它们之间可以连10条线段.请问：至少要去掉多少条 线段，才能使得其中没有以这5个点为顶点的三角形？ 图22-7 图22-8,C:\Users\admin\Desktop\试卷分析project\参考教材\奥数\竞赛数学导引 六年级.pdf
6,竞赛数学导引 六年级,22,构造论证二,拓展篇,extension,153,3,,0.9954,True,58,medium,logic,,has_diagram,构造论证二|logic,5、6年级及以前高思导引拓展篇及以下难度 或 七年级及以上校内课本难度,mid,review,L3,False,以图22-8的9个点为顶点，可以连成6个正方形.请问：最少去掉其中的几个顶 点，可以使得没有以剩余的点为顶点的正方形？,C:\Users\admin\Desktop\试卷分析project\参考教材\奥数\竞赛数学导引 六年级.pdf
6,竞赛数学导引 六年级,22,构造论证二,拓展篇,extension,153,4,,0.9949,True,133,very_long,geometry,,has_diagram,构造论证二|geometry,5、6年级及以前高思导引拓展篇及以下难度 或 七年级及以上校内课本难度,mid,review,L4,False,如图22-9，一个幸运转盘分成内圆和外环两部分，并且被五 条半径平均分割开.其中内圆是固定的，外环可以转动，但转动后必须使 得分割线重新组成半径.请把0至9这10个数字分别填入图中的10个 区域，使得不管外环怎么转动，总有大圆的一个扇形的两部分所填数字 的和为9. 图22-9,C:\Users\admin\Desktop\试卷分析project\参考教材\奥数\竞赛数学导引 六年级.pdf
6,竞赛数学导引 六年级,22,构造论证二,拓展篇,extension,154,5,,0.9859,True,164,very_long,logic,,has_diagram,构造论证二|logic,5、6年级及以前高思导引拓展篇及以下难度 或 七年级及以上校内课本难度,mid,review,L4,False,平面上6条直线，它们的交点称为“结点”，每条直线上“结点”的个数称为这条直线 的“标志数”.图22-10中的3条直线的“标志数”都等于2，只有一种取值；图22-11中的3条 直线的“标志数”却有两种取值.现在请你用直尺画出6条直线，使得它们中间任何3条直线 都不共点，且相应的6个“标志数”至少取3个不同的数值 图22-10 图22-11,C:\Users\admin\Desktop\试卷分析project\参考教材\奥数\竞赛数学导引 六年级.pdf
6,竞赛数学导引 六年级,22,构造论证二,拓展篇,extension,154,6,★,0.9748,False,129,very_long,geometry,,,构造论证二|geometry,5、6年级及以前高思导引拓展篇及以下难度 或 七年级及以上校内课本难度,mid,auto,L4,False,（1）能否将1至8这8个数放在一条直线上，使得任意三个相邻数的和都不小 于13？ （2）能否将1至8这8个数放在一个圆圈上，使得任意三个相邻数的和都不小于13？ 第1页开始印第一个故事，每一个故事总是从新的一页开始印，那么故事从奇数页起头的最 多有几篇？最少有几篇？,C:\Users\admin\Desktop\试卷分析project\参考教材\奥数\竞赛数学导引 六年级.pdf
6,竞赛数学导引 六年级,22,构造论证二,拓展篇,extension,"154,155",8,★,0.987,True,272,very_long,geometry,case_analysis,has_diagram|cross_page_question,构造论证二|geometry|case_analysis,5、6年级及以前高思导引拓展篇及以下难度 或 七年级及以上校内课本难度,mid,review,L4,False,在4×4的方格表中至少应该去掉多少个格子，才能使得剩下的图形中不存在如图 22-12所示的“L型”？ 图22-12 行一次操作是指：把3个数进行如下变化，或者减1，或者加2.请问：能否经过若干次操作后 得到6、7、8？能否经过若干次操作后得到8、8、8？ 改变），也可以由一堆中取一半石子放人另外任一堆石子中.请问： （1）如果开始时，3堆石子的数目分别是34、55、82，按上述操作，能否把3堆石子都拿光？ （2）如果开始时，3堆石子的数目分别是80、60、50，按上述操作，能否把3堆石子都拿光？ 如果可以，请设计一种取石子的方案；如果不可以，请说明理由，,C:\Users\admin\Desktop\试卷分析project\参考教材\奥数\竞赛数学导引 六年级.pdf
6,竞赛数学导引 六年级,22,构造论证二,拓展篇,extension,155,11,,0.9808,False,79,medium,logic,,,构造论证二|logic,5、6年级及以前高思导引拓展篇及以下难度 或 七年级及以上校内课本难度,mid,auto,L3,False,"（1）能否将1、2、3、4、5、6、7、8、9分成三组，使得每组三个数的和都相等？ （2）能否将1、2、3、4、""、11、12分成四组，使得每组三个数的和相等？",C:\Users\admin\Desktop\试卷分析project\参考教材\奥数\竞赛数学导引 六年级.pdf
6,竞赛数学导引 六年级,22,构造论证二,拓展篇,extension,155,12,,0.9953,False,61,medium,number_theory,,,构造论证二|number_theory,5、6年级及以前高思导引拓展篇及以下难度 或 七年级及以上校内课本难度,mid,auto,L3,False,（1）能否将1至15排成一行，使得任意相邻两数之和都为平方数？ （2）能否将1至15排成一行，使得任意相邻两数之和都为质数？,C:\Users\admin\Desktop\试卷分析project\参考教材\奥数\竞赛数学导引 六年级.pdf
6,竞赛数学导引 六年级,22,构造论证二,拓展篇,extension,155,13,,0.973,True,103,long,logic,,has_diagram,构造论证二|logic,5、6年级及以前高思导引拓展篇及以下难度 或 七年级及以上校内课本难度,mid,review,L4,False,"（1）能否用16个如图22-13所示的“T型”拼成一个8×8的棋盘？ （2）能否用8个如图22-13所示的“T型”和8个如图22-14所示的“L型""拼成一个8× 8的棋盘？ 8×8的棋盘？ 图22-13 图22-14",C:\Users\admin\Desktop\试卷分析project\参考教材\奥数\竞赛数学导引 六年级.pdf
6,竞赛数学导引 六年级,22,构造论证二,拓展篇,extension,155,14,★,0.8782,True,55,medium,geometry,,has_diagram,构造论证二|组合问题|geometry,5、6年级及以前高思导引拓展篇及以下难度 或 七年级及以上校内课本难度,mid,review,L3,False,（1）能否用9个如图22-15所示的1×4的长方形拼成一个6×6的棋盘？ 999-6（） 图22-15 图22-16,C:\Users\admin\Desktop\试卷分析project\参考教材\奥数\竞赛数学导引 六年级.pdf
6,竞赛数学导引 六年级,22,构造论证二,超越篇,challenge,156,1,,0.9725,False,68,medium,logic,,,构造论证二|logic,高思导引超越篇难度,high,auto,L4,False,能否可以用77个3×3×1的长方体小木块装满一个7×9×11的长方体匣子（匣 内不留任何空隙）？若能，请给出具体装法；若不能，请说明理由，,C:\Users\admin\Desktop\试卷分析project\参考教材\奥数\竞赛数学导引 六年级.pdf
6,竞赛数学导引 六年级,22,构造论证二,超越篇,challenge,156,2,,0.9222,False,101,long,logic,,,构造论证二|logic,高思导引超越篇难度,high,auto,L4,False,黑板上写着两个数1和2，按下列规则增写新数，若黑板有两个数a和6，则增写 α×b十a十6这个数，比如：可增写5（因为1×2+1+2=5）；可增写11（因为1×5+1+5= 理由. (1)143; (2)144.,C:\Users\admin\Desktop\试卷分析project\参考教材\奥数\竞赛数学导引 六年级.pdf
6,竞赛数学导引 六年级,22,构造论证二,超越篇,challenge,156,3,,0.9839,False,55,medium,logic,,,构造论证二|logic,高思导引超越篇难度,high,auto,L4,False,将平面上每一点都染成红、黄两种颜色之一.证明：无论怎样染色，都一定存在长为 1的线段，它的两个端点是同样颜色的，,C:\Users\admin\Desktop\试卷分析project\参考教材\奥数\竞赛数学导引 六年级.pdf
6,竞赛数学导引 六年级,22,构造论证二,超越篇,challenge,156,4,,0.9942,True,115,long,geometry,,has_diagram,构造论证二|geometry,高思导引超越篇难度,high,review,L4,False,在6×6的方格表中至少需要放多少个棋子，才能保证每 行、每列以及每一条与对角线平行的直线上都有棋子？（角上单独一 个格子也可以组成一条与对角线平行的直线，图22－17中阴影部分 的三个格子组成的直线也是与对角线平行的直线.） 图22-17,C:\Users\admin\Desktop\试卷分析project\参考教材\奥数\竞赛数学导引 六年级.pdf
6,竞赛数学导引 六年级,22,构造论证二,超越篇,challenge,157,5,,0.9917,True,147,very_long,logic,,has_diagram,构造论证二|logic,高思导引超越篇难度,high,review,L4,False,"（1）能否从图22-18中的A格出发，每次走到相邻的小格子，最后走到B格，并且 每个格子都刚好到一次？ B 图22-18 图22-19 (2）中国象棋的马是走“日""字型路线.如图22-19，如果马在A点，那么它能跳到B、C、 D、E四点之一.如果马开始在A点，它能否跳3步后回到A点；能否跳9步后回到A点？",C:\Users\admin\Desktop\试卷分析project\参考教材\奥数\竞赛数学导引 六年级.pdf
6,竞赛数学导引 六年级,22,构造论证二,超越篇,challenge,157,6,★,0.955,True,83,medium,geometry,,has_diagram,构造论证二|geometry,高思导引超越篇难度,high,review,L4,False,如图22-20，用若干个1×6和1×7的小长方形既不重叠，也不留孔隙地拼成一个 11×12的大长方形，请问：最少要用小长方形共多少个？ 1×6 1×7 11×12 图22-20,C:\Users\admin\Desktop\试卷分析project\参考教材\奥数\竞赛数学导引 六年级.pdf
6,竞赛数学导引 六年级,22,构造论证二,超越篇,challenge,157,7,,0.9951,False,100,long,logic,,,构造论证二|logic,高思导引超越篇难度,high,auto,L4,False,六位音乐家在一个音乐节上相聚，在安排的每场音乐会上，有某些音乐家演奏，而 另外几位音乐家就作为观众欣赏演出.要使每位音乐家都能够作为观众观看其他任何一位音 乐家的表演，这样的音乐会至少要安排几场？为什么？,C:\Users\admin\Desktop\试卷分析project\参考教材\奥数\竞赛数学导引 六年级.pdf
6,竞赛数学导引 六年级,22,构造论证二,超越篇,challenge,157,8,,0.9835,False,40,short,logic,,,构造论证二|组合问题|logic,高思导引超越篇难度,high,auto,L4,False,把11×11的方格纸分成若干张3×3、2×2或1×1的小纸片，最少能分成多少 张？,C:\Users\admin\Desktop\试卷分析project\参考教材\奥数\竞赛数学导引 六年级.pdf
6,竞赛数学导引 六年级,23,概率初步,兴趣篇,interest,158,1,★,0.9761,False,109,long,calculation,,,概率初步|calculation,5、6年级及以前高思导引拓展篇及以下难度 或 七年级及以上校内课本难度,low,auto,L2,False,"在多家商店中调查某商品的价格，所得的数据如下（单位：元). 2521 23 25 27 29 25 28 30 29 262425.27262224252628 请填出表23－1,并根据此表画出扇形统计图. 表23-1 价格范围 商店数 所占百分数",C:\Users\admin\Desktop\试卷分析project\参考教材\奥数\竞赛数学导引 六年级.pdf
6,竞赛数学导引 六年级,23,概率初步,兴趣篇,interest,158,20,,0.9938,False,6,short,general,,short_question_text,概率初步|general,5、6年级及以前高思导引拓展篇及以下难度 或 七年级及以上校内课本难度,low,unsafe,L1,False,5~22.5,C:\Users\admin\Desktop\试卷分析project\参考教材\奥数\竞赛数学导引 六年级.pdf
6,竞赛数学导引 六年级,23,概率初步,兴趣篇,interest,158,22,,0.949,False,6,short,general,,short_question_text,概率初步|general,5、6年级及以前高思导引拓展篇及以下难度 或 七年级及以上校内课本难度,low,unsafe,L1,False,5 ~24.5,C:\Users\admin\Desktop\试卷分析project\参考教材\奥数\竞赛数学导引 六年级.pdf
6,竞赛数学导引 六年级,23,概率初步,兴趣篇,interest,158,24,,0.9605,False,6,short,general,,short_question_text,概率初步|general,5、6年级及以前高思导引拓展篇及以下难度 或 七年级及以上校内课本难度,low,unsafe,L1,False,5 ~26.5,C:\Users\admin\Desktop\试卷分析project\参考教材\奥数\竞赛数学导引 六年级.pdf
6,竞赛数学导引 六年级,23,概率初步,兴趣篇,interest,158,26,,0.9954,False,6,short,general,,short_question_text,概率初步|general,5、6年级及以前高思导引拓展篇及以下难度 或 七年级及以上校内课本难度,low,unsafe,L1,False,5~28.5,C:\Users\admin\Desktop\试卷分析project\参考教材\奥数\竞赛数学导引 六年级.pdf
6,竞赛数学导引 六年级,23,概率初步,兴趣篇,interest,158,28,,0.9961,False,8,short,general,,short_question_text,概率初步|general,5、6年级及以前高思导引拓展篇及以下难度 或 七年级及以上校内课本难度,low,unsafe,L1,False,5~30.5 合计,C:\Users\admin\Desktop\试卷分析project\参考教材\奥数\竞赛数学导引 六年级.pdf
6,竞赛数学导引 六年级,23,概率初步,兴趣篇,interest,159,2,★,0.9962,False,101,long,general,,,概率初步|general,5、6年级及以前高思导引拓展篇及以下难度 或 七年级及以上校内课本难度,low,auto,L2,False,在一只口袋里装着2个红球，3个黄球和4个黑球.从口袋中任取一个球，请问： （1）这个球是红球的概率有多少？ （2）这个球是黄球或者是黑球的概率有多少？ （3）这个球是绿球的概率有多少？不是绿球的概率又有多少？,C:\Users\admin\Desktop\试卷分析project\参考教材\奥数\竞赛数学导引 六年级.pdf
6,竞赛数学导引 六年级,23,概率初步,兴趣篇,interest,159,3,★,0.998,False,35,short,general,,,概率初步|general,5、6年级及以前高思导引拓展篇及以下难度 或 七年级及以上校内课本难度,low,auto,L1,False,6个同学在一起，墨莫的年龄不是最小的.那么墨莫年龄最大的可能性是多少？,C:\Users\admin\Desktop\试卷分析project\参考教材\奥数\竞赛数学导引 六年级.pdf
6,竞赛数学导引 六年级,23,概率初步,兴趣篇,interest,159,4,★★,0.9898,False,67,medium,general,,,概率初步|general,5、6年级及以前高思导引拓展篇及以下难度 或 七年级及以上校内课本难度,low,auto,L1,False,一只普通的骰子有6个面，分别写有1、2、3、4、5、6.掷出这枚骰子，它的任何一 第十次投掷后，朝上的面上的点数恰好是奇数的概率是多少？,C:\Users\admin\Desktop\试卷分析project\参考教材\奥数\竞赛数学导引 六年级.pdf
6,竞赛数学导引 六年级,23,概率初步,兴趣篇,interest,159,5,★★,0.9921,False,68,medium,general,,,概率初步|general,5、6年级及以前高思导引拓展篇及以下难度 或 七年级及以上校内课本难度,low,auto,L1,False,小高与墨莫做游戏：由小高抛出3枚硬币，如果抛出的结果中，有2枚或2枚以上 的硬币正面朝上，小高就获胜；否则墨莫获胜.请问：这个游戏公平吗？,C:\Users\admin\Desktop\试卷分析project\参考教材\奥数\竞赛数学导引 六年级.pdf
6,竞赛数学导引 六年级,23,概率初步,兴趣篇,interest,159,6,★★,0.9976,False,58,medium,general,,,概率初步|general,5、6年级及以前高思导引拓展篇及以下难度 或 七年级及以上校内课本难度,low,auto,L1,False,有黑桃、红桃、方块、草花这4种花色的扑克牌各2张，从这8张牌中任意取出2 张.请问：这2张扑克牌花色相同的概率是多少？,C:\Users\admin\Desktop\试卷分析project\参考教材\奥数\竞赛数学导引 六年级.pdf
6,竞赛数学导引 六年级,23,概率初步,兴趣篇,interest,159,7,,0.9976,False,81,medium,number_theory,,,概率初步|number_theory,5、6年级及以前高思导引拓展篇及以下难度 或 七年级及以上校内课本难度,low,auto,L1,False,萱萱从1、2、3、4、5这5个自然数中任选一个数，墨莫从2、3、4、5、6、7这6个 自然数中任选一个数.选出的两个数中，恰好有一个数是另一个数的倍数的概率是多少？,C:\Users\admin\Desktop\试卷分析project\参考教材\奥数\竞赛数学导引 六年级.pdf
6,竞赛数学导引 六年级,23,概率初步,兴趣篇,interest,159,8,,0.9982,False,68,medium,general,,,概率初步|general,5、6年级及以前高思导引拓展篇及以下难度 或 七年级及以上校内课本难度,low,auto,L1,False,一只口袋里装有5个黑球和3个白球，另一只口袋里装有4个黑球和4个白球.从 两只口袋里各取出一个球.请问：取出的两个球颜色相同的概率是多少？,C:\Users\admin\Desktop\试卷分析project\参考教材\奥数\竞赛数学导引 六年级.pdf
6,竞赛数学导引 六年级,23,概率初步,兴趣篇,interest,160,9,,0.9975,False,98,long,general,,,概率初步|general,5、6年级及以前高思导引拓展篇及以下难度 或 七年级及以上校内课本难度,low,auto,L2,False,在一次军事演习中，进攻方决定对目标进行两次炮击.第一炮命中的概率是0.6， 第二炮命中的概率是0.8.请问：两炮都击中目标的概率是多少？恰好有一炮击中目标的概率 是多少？两炮都未击中目标的概率是多少？,C:\Users\admin\Desktop\试卷分析project\参考教材\奥数\竞赛数学导引 六年级.pdf
6,竞赛数学导引 六年级,23,概率初步,兴趣篇,interest,160,10,,0.9953,False,107,long,general,,,概率初步|计数问题|general,5、6年级及以前高思导引拓展篇及以下难度 或 七年级及以上校内课本难度,low,auto,L2,False,张先生每天早晨上班时有 的概率碰上堵车.在不堵车的时候，张先生按时到达 单位的概率为0.9，迟到的概率为0.1；而堵车的时候，张先生上班迟到的概率高达0.8，按时 到达的概率只有0.2.请问：张先生上班迟到的概率是多少？,C:\Users\admin\Desktop\试卷分析project\参考教材\奥数\竞赛数学导引 六年级.pdf
6,竞赛数学导引 六年级,23,概率初步,拓展篇,extension,160,1,★,0.9831,False,32,short,general,,,概率初步|general,5、6年级及以前高思导引拓展篇及以下难度 或 七年级及以上校内课本难度,mid,auto,L3,False,下面是育才小学六年级二班48名同学的身高测量记录（单位：厘米).,C:\Users\admin\Desktop\试卷分析project\参考教材\奥数\竞赛数学导引 六年级.pdf
6,竞赛数学导引 六年级,23,概率初步,拓展篇,extension,160,143,,0.9276,False,36,short,general,,,概率初步|general,5、6年级及以前高思导引拓展篇及以下难度 或 七年级及以上校内课本难度,mid,auto,L3,False,8 149.8 142.0 146.9 145.4 145.4 138.8 153.1,C:\Users\admin\Desktop\试卷分析project\参考教材\奥数\竞赛数学导引 六年级.pdf
6,竞赛数学导引 六年级,23,概率初步,拓展篇,extension,160,154,,0.9458,False,36,short,general,,,概率初步|general,5、6年级及以前高思导引拓展篇及以下难度 或 七年级及以上校内课本难度,mid,auto,L3,False,6 140.0 146.8 142.6 147.4 141.6133.4 144.7,C:\Users\admin\Desktop\试卷分析project\参考教材\奥数\竞赛数学导引 六年级.pdf
6,竞赛数学导引 六年级,23,概率初步,拓展篇,extension,160,143,,0.9826,False,36,short,general,,,概率初步|general,5、6年级及以前高思导引拓展篇及以下难度 或 七年级及以上校内课本难度,mid,auto,L3,False,6137.6149.1144.9148.1 145.9146.8 140.9,C:\Users\admin\Desktop\试卷分析project\参考教材\奥数\竞赛数学导引 六年级.pdf
6,竞赛数学导引 六年级,23,概率初步,拓展篇,extension,160,147,,0.936,False,36,short,general,,,概率初步|general,5、6年级及以前高思导引拓展篇及以下难度 或 七年级及以上校内课本难度,mid,auto,L3,False,3 149.0 150.8 137.2 133.0 145.0 149.6 142.2,C:\Users\admin\Desktop\试卷分析project\参考教材\奥数\竞赛数学导引 六年级.pdf
6,竞赛数学导引 六年级,23,概率初步,拓展篇,extension,160,144,,0.9453,False,36,short,general,,,概率初步|general,5、6年级及以前高思导引拓展篇及以下难度 或 七年级及以上校内课本难度,mid,auto,L3,False,2 140.9 140.6 149.6 141.1 143.2 149.4 138.2,C:\Users\admin\Desktop\试卷分析project\参考教材\奥数\竞赛数学导引 六年级.pdf
6,竞赛数学导引 六年级,23,概率初步,拓展篇,extension,160,148,,0.9867,False,135,very_long,calculation,,,概率初步|calculation,5、6年级及以前高思导引拓展篇及以下难度 或 七年级及以上校内课本难度,mid,auto,L4,False,0 149.6 146.8 141.4 148.9 153.1 136.1 146.4 请根据上面数据，填出表23-2，并根据此表画出扇形统计图. 表23-2 身高 人数 所占百分数 132~135 135~138 138~141 141~144 144~147 147~150 150~153 153~156,C:\Users\admin\Desktop\试卷分析project\参考教材\奥数\竞赛数学导引 六年级.pdf
6,竞赛数学导引 六年级,23,概率初步,拓展篇,extension,161,2,★,0.9837,False,152,very_long,number_theory,,,概率初步|number_theory,5、6年级及以前高思导引拓展篇及以下难度 或 七年级及以上校内课本难度,mid,auto,L4,False,"口袋里装着100张卡片，分别写着1，2，3，""，100.从中任意抽出一张.请问： (1）抽出的卡片上的数正好是37的概率是多少？ (2）抽出的卡片上的数是偶数的概率是多少？ (3）抽出的卡片上的数是质数的概率是多少？ （4）抽出的卡片上的数正好是101的概率是多少？ （5）抽出的卡片上的数小于200的概率是多少？",C:\Users\admin\Desktop\试卷分析project\参考教材\奥数\竞赛数学导引 六年级.pdf
6,竞赛数学导引 六年级,23,概率初步,拓展篇,extension,161,3,★★,0.9972,False,142,very_long,general,,,概率初步|general,5、6年级及以前高思导引拓展篇及以下难度 或 七年级及以上校内课本难度,mid,auto,L4,False,从小明家门口的车站到学校，有101路和641路两种公交车可乘，它们都是每隔10 分钟开来一辆.小明到达车站后，只要看到101路或641路，马上就上车，据有人观测发现：总 是101路车过去以后4分钟就来641路车，而641路车过去以后6分钟才来101路车.请问： 小明乘坐哪路车的可能性更大？,C:\Users\admin\Desktop\试卷分析project\参考教材\奥数\竞赛数学导引 六年级.pdf
6,竞赛数学导引 六年级,23,概率初步,拓展篇,extension,161,4,★★,0.9951,False,67,medium,counting,,,概率初步|counting,5、6年级及以前高思导引拓展篇及以下难度 或 七年级及以上校内课本难度,mid,auto,L3,False,在标准英文字典中，由2个不同字母组成的单词一共有55个.如果从26个字母中 任取2个不同的排列起来，那么恰好能排成一个单词的概率是多少？,C:\Users\admin\Desktop\试卷分析project\参考教材\奥数\竞赛数学导引 六年级.pdf
6,竞赛数学导引 六年级,23,概率初步,拓展篇,extension,161,5,★★,0.9948,False,111,long,general,,,概率初步|general,5、6年级及以前高思导引拓展篇及以下难度 或 七年级及以上校内课本难度,mid,auto,L4,False,妈妈去家乐福购物，正好碰上了橘子、香蕉、葡萄和榴莲大降价.于是她决定从这4 种水果中任选一种买回家.爸爸下班时路过集贸市场，发现有苹果、橘子、香蕉、葡萄和梨出 售.他也决定任选一种买回家.请问：他们买了不同的水果的概率是多少？,C:\Users\admin\Desktop\试卷分析project\参考教材\奥数\竞赛数学导引 六年级.pdf
6,竞赛数学导引 六年级,23,概率初步,拓展篇,extension,161,6,★★,0.9813,False,32,short,general,,,概率初步|general,5、6年级及以前高思导引拓展篇及以下难度 或 七年级及以上校内课本难度,mid,auto,L3,False,大头掷出了2枚般子，掷出的2个数字之和恰好等于10的概率是多少？,C:\Users\admin\Desktop\试卷分析project\参考教材\奥数\竞赛数学导引 六年级.pdf
6,竞赛数学导引 六年级,23,概率初步,拓展篇,extension,161,7,,0.998,False,50,medium,general,,,概率初步|general,5、6年级及以前高思导引拓展篇及以下难度 或 七年级及以上校内课本难度,mid,auto,L3,False,墨莫一次掷出了8枚硬币，结果恰有4枚硬币正面朝上的概率是多少？有超过4 枚的硬币正面朝上的概率是多少？,C:\Users\admin\Desktop\试卷分析project\参考教材\奥数\竞赛数学导引 六年级.pdf
6,竞赛数学导引 六年级,23,概率初步,拓展篇,extension,162,8,★,0.9911,False,59,medium,geometry,,,概率初步|geometry,5、6年级及以前高思导引拓展篇及以下难度 或 七年级及以上校内课本难度,mid,auto,L3,False,盒子里装着20支圆珠笔，其中有5支红色的，7支蓝色的和8支黑色的.从中随意 抽出4支，每种颜色的笔都被抽出的概率是多少？,C:\Users\admin\Desktop\试卷分析project\参考教材\奥数\竞赛数学导引 六年级.pdf
6,竞赛数学导引 六年级,23,概率初步,拓展篇,extension,162,9,,0.9961,True,89,medium,general,,has_diagram,概率初步|general,5、6年级及以前高思导引拓展篇及以下难度 或 七年级及以上校内课本难度,mid,review,L3,False,如图23-1，格线表示了允许小球滑落的通道 每一个小球在交点处有一半的可能向左滑落，有一半的可 能向右滑落.从A点放一个小球让其落下.请问：小球最终 落到B点的概率是多少？ B 图23-1,C:\Users\admin\Desktop\试卷分析project\参考教材\奥数\竞赛数学导引 六年级.pdf
6,竞赛数学导引 六年级,23,概率初步,拓展篇,extension,162,10,★,0.9929,False,84,medium,general,,,概率初步|general,5、6年级及以前高思导引拓展篇及以下难度 或 七年级及以上校内课本难度,mid,auto,L3,False,6名小朋友在操场上做游戏.他们被老师分成3组，每组2个人.请问：赵倩和孙莉 恰好分到了同一组的概率是多少？ 为1%.请问：从中抽查5件，发现次品的概率比5%大还是比5%小？,C:\Users\admin\Desktop\试卷分析project\参考教材\奥数\竞赛数学导引 六年级.pdf
6,竞赛数学导引 六年级,23,概率初步,拓展篇,extension,162,12,,0.9816,False,151,very_long,number_theory,,,概率初步|number_theory,5、6年级及以前高思导引拓展篇及以下难度 或 七年级及以上校内课本难度,mid,auto,L4,False,用一枚材料不均匀的正方体骰子，掷出1的概率为0.1，掷出2的概率为0.2，掷 （1）如果连续9次掷出1，那么第10次掷出的点数是3的倍数的概率是多少？ (2）连续掷两次般子，第一次掷出3，第二次掷出4的概率是多少？ （3）如果又拿来一枚这样的骰子，并同时掷出这两枚般子，那么这两枚掷出的点数不同 的概率是多少？,C:\Users\admin\Desktop\试卷分析project\参考教材\奥数\竞赛数学导引 六年级.pdf
6,竞赛数学导引 六年级,23,概率初步,拓展篇,extension,163,13,,0.9944,False,181,very_long,general,,,概率初步|general,5、6年级及以前高思导引拓展篇及以下难度 或 七年级及以上校内课本难度,mid,auto,L4,False,（1）口袋里装有3张卡片，一张一面红一面黄，一张一面黄一面蓝，一张一面蓝一 面红.张莉从口袋中随意摸出其中一张，发现朝向自已的一面恰好是红色.请问：此时这张卡 片的另一面是蓝色的概率是多少？ (2）口袋里装有4张卡片，两张两面全黑，一张两面全白，一张一面黑一面白.张莉从口袋 中摸出其中一张，发现朝向自已的一面恰好是黑色.请问：此时这张卡片的另一面还是黑色的 概率是多少？,C:\Users\admin\Desktop\试卷分析project\参考教材\奥数\竞赛数学导引 六年级.pdf
6,竞赛数学导引 六年级,23,概率初步,拓展篇,extension,163,14,,0.9983,False,85,medium,general,,,概率初步|计数问题|general,5、6年级及以前高思导引拓展篇及以下难度 或 七年级及以上校内课本难度,mid,auto,L3,False,甲、乙两人在靶场射击.甲击中目标的概率是0.6，乙击中目标的概率是0.7.两人 朝着同一个目标各射击一次，结果目标被击中了.请问：恰好是甲击中目标而乙没有击中的概 率是多少？,C:\Users\admin\Desktop\试卷分析project\参考教材\奥数\竞赛数学导引 六年级.pdf
6,竞赛数学导引 六年级,23,概率初步,超越篇,challenge,163,1,,0.9959,False,74,medium,general,,,概率初步|general,高思导引超越篇难度,high,auto,L4,False,阿呆与阿瓜比赛下军旗，两人水平相当.两人约定赛7局，先赢4局者胜.现在已 经比了3局，阿呆胜了2局，阿瓜胜了1局.请问：阿呆获得最后胜利的概率有多少？,C:\Users\admin\Desktop\试卷分析project\参考教材\奥数\竞赛数学导引 六年级.pdf
6,竞赛数学导引 六年级,23,概率初步,超越篇,challenge,163,2,,0.9924,False,57,medium,general,,,概率初步|general,高思导引超越篇难度,high,auto,L4,False,六年级三班有40名学生.这40名同学中有2人（含多人)的生日相同的概率，和这 40人生日都不相同的概率比较，哪个大？,C:\Users\admin\Desktop\试卷分析project\参考教材\奥数\竞赛数学导引 六年级.pdf
6,竞赛数学导引 六年级,23,概率初步,超越篇,challenge,163,3,,0.9947,False,103,long,general,,,概率初步|general,高思导引超越篇难度,high,auto,L4,False,甲、乙、丙、丁四人玩扑克，发牌以后每人拿到13张牌（整副牌共52张）.结果甲、乙 两人共拿了11张黑桃.请问：丙、丁两人恰好每人拿到1张黑桃的概率是多少？有一人拿到2 张黑桃，另一人没有拿到黑桃的概率又是多少？,C:\Users\admin\Desktop\试卷分析project\参考教材\奥数\竞赛数学导引 六年级.pdf
6,竞赛数学导引 六年级,23,概率初步,超越篇,challenge,164,4,,0.9854,False,127,very_long,calculation,,,概率初步|calculation,高思导引超越篇难度,high,auto,L4,False,用血清甲胎蛋白法诊断肝癌：如果患者患有肝癌，那么诊断出肝癌的概率为0.95； 如果患者没有患肝癌，那么诊断出不是肝癌的概率为0.9.假设人群中肝癌患病率为0.0004.现 在李强在体检中被诊断为患有肝癌，请问：他实际患有肝癌的概率是多少？（结果保留3位小 数）,C:\Users\admin\Desktop\试卷分析project\参考教材\奥数\竞赛数学导引 六年级.pdf
6,竞赛数学导引 六年级,23,概率初步,超越篇,challenge,164,5,,0.9953,True,118,long,application,travel_chain,has_diagram,概率初步|application|travel_chain,高思导引超越篇难度,high,review,L4,False,如图23-2，这是一张街道图，每一小段路的长 度都是500米.阿瓜从A点出发，任选一条最短路线走向B 点.阿呆从B点出发，任选一条最短路线走向A点.阿瓜每 分钟走18米，阿呆每分钟走24米.两人同时出发，他们在途 中相遇的概率是多少？ 图23-2,C:\Users\admin\Desktop\试卷分析project\参考教材\奥数\竞赛数学导引 六年级.pdf
6,竞赛数学导引 六年级,23,概率初步,超越篇,challenge,164,6,,0.9676,False,79,medium,general,case_analysis,,概率初步|general|case_analysis,高思导引超越篇难度,high,auto,L4,False,假设一般人群中戴眼镜的概率为50%.某男子练射击，在有戴眼镜的情况命中率 为20%，没戴眼镜则命中率为0%.其在连续射击5次后都未命中目标，求其戴了眼镜的 概率.,C:\Users\admin\Desktop\试卷分析project\参考教材\奥数\竞赛数学导引 六年级.pdf
6,竞赛数学导引 六年级,23,概率初步,超越篇,challenge,164,7,★,0.9854,True,66,medium,general,,has_diagram,概率初步|general,高思导引超越篇难度,high,review,L4,False,如图23-3，格线表示了允许小球滑落的通道， 能向右滑落.如果从A点放一个小球让其落下，那么小球 最终落到B点的概率有多大？ B 图23-3,C:\Users\admin\Desktop\试卷分析project\参考教材\奥数\竞赛数学导引 六年级.pdf
6,竞赛数学导引 六年级,23,概率初步,超越篇,challenge,164,8,,0.9972,False,81,medium,general,,,概率初步|计数问题|general,高思导引超越篇难度,high,auto,L4,False,飞机上有100个座位，按顺序从1到100编号.有100个乘客，他们分别拿到了从 被别人坐了，就会在剩下空的座位随便挑一个坐.现在假设1号乘客疯了（其他人没疯），他会,C:\Users\admin\Desktop\试卷分析project\参考教材\奥数\竞赛数学导引 六年级.pdf
